V1,V2,V3,V4,V5,V6,V7,Class
4,19,30,20,21,15.81646699288347,37.07100448945384,5
5,18,41,40,49,30.66646699288347,57.93100448945384,4
6,26,54,27,42,18.81646699288347,61.99100448945384,2
3,9,31,11,42,19.85646699288347,51.381004489453844,7
4,10,62,20,57,17.666466992883468,63.87100448945384,2
2,44,14,24,25,32.00646699288347,73.27100448945384,8
5,19,24,19,18,12.916466992883468,34.331004489453846,5
6,25,14,28,21,16.06646699288347,42.691004489453846,8
3,9,23,10,31,16.81646699288347,41.53100448945384,4
7,33,32,33,25,13.896466992883468,58.58100448945384,3
2,9,14,10,29,23.81646699288347,57.60100448945384,6
5,23,70,30,60,18.63646699288347,74.32100448945384,2
7,26,14,25,21,16.06646699288347,49.54100448945384,8
7,18,14,19,21,15.81646699288347,31.661004489453845,8
4,10,45,16,44,12.81646699288347,44.69100448945384,2
6,26,29,27,44,23.81646699288347,52.701004489453844,9
6,16,39,34,43,25.53646699288347,50.771004489453844,8
2,9,14,10,22,16.81646699288347,52.11100448945384,9
3,9,20,12,38,26.91646699288347,46.451004489453844,6
2,9,14,10,44,38.81646699288347,63.881004489453844,2
3,17,20,10,26,18.44646699288347,43.271004489453844,8
4,16,38,24,32,16.416466992883468,42.371004489453846,5
4,11,54,24,44,22.81646699288347,53.451004489453844,2
8,28,25,22,24,14.81646699288347,46.58100448945384,8
5,28,14,29,20,14.81646699288347,52.25100448945384,8
5,10,41,28,49,27.05646699288347,51.78100448945384,8
5,14,41,17,38,10.646466992883468,39.93100448945384,3
2,24,14,10,18,23.62646699288347,35.911004489453845,8
5,9,43,35,42,32.81646699288347,49.36100448945384,6
8,9,22,27,13,26.60646699288347,54.53100448945384,3
5,11,52,32,52,27.83646699288347,62.81100448945384,6
4,9,32,30,33,27.91646699288347,46.68100448945384,6
3,10,20,10,25,13.896466992883468,53.56100448945384,4
7,17,36,14,33,12.286466992883469,39.231004489453845,2
4,9,26,21,23,18.99646699288347,34.92100448945384,6
7,10,43,33,46,30.17646699288347,51.29100448945384,1
5,23,51,45,63,32.516466992883466,73.27100448945384,8
5,10,43,21,44,18.01646699288347,44.31100448945384,7
4,9,61,22,52,22.236466992883468,59.58100448945384,2
4,9,32,17,33,15.09646699288347,62.06100448945384,7
4,9,35,27,25,27.05646699288347,59.54100448945384,9
8,13,32,10,29,12.286466992883469,40.191004489453846,2
3,33,14,35,30,24.84646699288347,60.81100448945384,1
6,23,36,10,24,25.61646699288347,55.341004489453844,2
4,9,37,26,36,23.81646699288347,62.47100448945384,7
7,11,48,25,43,21.416466992883468,48.23100448945384,1
8,23,44,35,37,20.346466992883467,50.12100448945384,1
5,9,39,11,56,25.84646699288347,60.81100448945384,9
3,9,26,10,37,19.81646699288347,60.591004489453844,4
8,35,25,10,19,34.29646699288347,55.76100448945384,3
4,9,27,24,25,21.85646699288347,36.31100448945384,1
3,33,14,35,25,19.85646699288347,54.08100448945384,1
4,9,27,20,32,19.47646699288347,45.78100448945384,8
4,9,34,37,35,34.88646699288347,56.87100448945384,6
5,9,35,18,39,17.24646699288347,46.85100448945384,4
2,9,14,10,43,37.81646699288347,76.26100448945384,2
4,10,64,27,55,25.70646699288347,70.43100448945384,2
4,9,36,42,35,39.81646699288347,58.49100448945384,7
7,9,48,36,43,34.126466992883465,53.87100448945384,1
5,39,30,30,21,20.62646699288347,54.21100448945384,5
6,24,24,13,36,25.50646699288347,38.53100448945384,1
3,9,28,11,51,31.83646699288347,57.72100448945384,7
2,9,14,10,36,30.81646699288347,53.271004489453844,9
4,29,38,40,29,20.62646699288347,54.21100448945384,5
5,19,44,20,38,12.81646699288347,43.64100448945384,2
5,16,52,19,48,11.42646699288347,54.021004489453844,2
2,9,14,10,52,46.81646699288347,79.67100448945384,2
2,9,14,11,39,33.836466992883466,47.47100448945384,3
3,22,22,10,29,23.076466992883468,52.94100448945384,4
5,25,35,26,23,18.81646699288347,46.85100448945384,5
4,9,40,27,51,28.62646699288347,53.56100448945384,8
5,9,32,10,44,20.81646699288347,59.92100448945384,9
4,9,34,28,25,27.51646699288347,57.591004489453844,9
2,9,14,10,30,24.81646699288347,64.41100448945384,1
3,9,20,12,44,32.89646699288347,46.18100448945384,7
5,9,36,25,35,22.81646699288347,38.871004489453846,7
5,19,24,19,18,12.916466992883468,34.331004489453846,5
2,9,14,10,19,13.81646699288347,44.69100448945384,9
8,17,36,10,29,17.81646699288347,61.05100448945384,2
4,9,31,23,30,20.81646699288347,47.47100448945384,9
5,10,32,18,32,14.88646699288347,32.54100448945384,7
3,15,19,10,23,15.626466992883469,46.58100448945384,8
7,11,45,30,48,26.25646699288347,54.08100448945384,1
4,9,40,27,51,28.62646699288347,53.56100448945384,8
6,18,49,17,43,13.206466992883469,54.021004489453844,2
8,14,36,19,37,12.286466992883469,37.07100448945384,1
2,9,14,10,33,27.81646699288347,44.61100448945384,3
4,9,35,27,25,27.05646699288347,59.54100448945384,9
2,9,14,11,43,37.836466992883466,58.08100448945384,3
8,16,28,10,23,15.876466992883469,50.73100448945384,3
5,9,34,11,47,21.85646699288347,56.26100448945384,1
3,17,14,19,23,17.86646699288347,47.21100448945384,9
2,9,14,10,37,31.81646699288347,44.31100448945384,1
4,10,54,17,51,14.13646699288347,58.78100448945384,3
4,9,58,21,55,18.99646699288347,61.19100448945384,2
7,19,46,10,39,19.47646699288347,62.73100448945384,3
3,11,21,10,27,15.09646699288347,42.371004489453846,4
6,9,14,36,14,33.836466992883466,50.771004489453844,6
3,9,30,11,39,17.86646699288347,42.131004489453844,10
3,9,47,11,58,19.85646699288347,61.161004489453845,2
3,9,36,12,52,24.93646699288347,57.39100448945384,7
6,9,14,22,14,19.85646699288347,40.75100448945384,6
2,9,14,10,33,27.81646699288347,63.271004489453844,7
5,10,45,30,45,26.84646699288347,48.81100448945384,7
3,24,14,26,31,25.84646699288347,47.74100448945384,9
3,9,22,10,39,25.81646699288347,42.371004489453846,7
5,9,22,11,45,31.83646699288347,48.71100448945384,9
6,12,44,31,49,26.78646699288347,52.75100448945384,4
3,9,36,10,58,30.81646699288347,59.92100448945384,2
4,9,31,36,31,33.836466992883466,53.87100448945384,1
5,30,56,35,42,21.416466992883468,66.97100448945385,3
4,9,21,24,18,21.95646699288347,52.94100448945384,6
3,17,14,18,20,14.81646699288347,49.90100448945384,1
5,26,47,27,33,20.81646699288347,60.73100448945384,3
2,21,14,10,22,22.81646699288347,41.53100448945384,4
6,26,39,24,29,17.30646699288347,54.53100448945384,3
4,9,18,10,22,12.81646699288347,27.711004489453842,8
2,9,14,10,25,19.81646699288347,36.57100448945384,10
2,18,14,11,16,16.35646699288347,31.661004489453845,8
6,9,14,27,14,24.84646699288347,42.131004489453844,6
3,28,14,31,27,21.95646699288347,60.73100448945384,1
7,47,23,44,22,11.81646699288347,70.74100448945384,8
4,9,28,19,34,19.21646699288347,47.31100448945384,8
5,9,43,20,49,20.02646699288347,62.18100448945384,8
3,9,28,10,33,13.81646699288347,35.24100448945384,7
5,39,48,40,36,18.81646699288347,63.50100448945384,3
3,9,26,11,48,30.83646699288347,49.98100448945384,7
2,9,14,10,22,16.81646699288347,28.961004489453842,7
4,9,24,25,29,23.97646699288347,35.911004489453845,8
4,9,64,27,51,28.62646699288347,64.21100448945384,3
3,11,53,20,47,17.24646699288347,55.36100448945384,5
2,9,14,10,47,41.81646699288347,66.43100448945384,2
3,9,51,10,68,25.81646699288347,71.08100448945385,3
5,26,48,27,33,21.81646699288347,61.05100448945384,2
5,26,27,10,13,29.21646699288347,53.61100448945384,5
2,9,14,10,31,25.81646699288347,58.87100448945384,7
2,9,14,10,19,13.81646699288347,37.07100448945384,1
6,17,28,18,50,30.81646699288347,48.92100448945384,9
3,34,22,10,29,34.06646699288347,76.37100448945384,8
6,17,25,18,33,16.81646699288347,45.03100448945384,1
4,9,24,20,24,17.86646699288347,33.00100448945384,6
2,30,14,19,20,21.70646699288347,47.31100448945384,8
5,9,32,17,44,22.576466992883468,43.96100448945384,1
2,9,14,10,19,13.81646699288347,45.131004489453844,6
3,23,14,24,25,19.81646699288347,41.481004489453845,1
8,29,22,24,21,13.81646699288347,37.981004489453845,8
4,9,22,10,28,14.81646699288347,36.131004489453844,8
3,34,14,36,24,18.86646699288347,51.53100448945384,1
7,22,53,20,48,12.81646699288347,66.61100448945385,2
5,18,48,19,40,14.81646699288347,50.12100448945384,2
7,11,60,14,68,17.03646699288347,66.97100448945385,1
2,9,14,10,38,32.81646699288347,44.69100448945384,2
4,9,39,30,38,27.81646699288347,71.90100448945384,6
2,9,14,10,47,41.81646699288347,58.49100448945384,2
6,16,38,24,41,15.876466992883469,42.371004489453846,4
2,9,14,10,34,28.81646699288347,58.14100448945384,1
6,25,30,10,19,26.68646699288347,49.55100448945384,2
2,9,14,12,49,43.87646699288347,72.81100448945385,3
2,9,14,10,20,14.81646699288347,42.131004489453844,6
2,9,14,10,52,46.81646699288347,66.78100448945385,2
5,9,38,12,43,14.13646699288347,51.32100448945384,4
4,9,23,20,20,18.01646699288347,41.53100448945384,1
3,9,33,12,39,15.09646699288347,38.00100448945384,10
7,46,36,39,27,19.12646699288347,72.47100448945385,2
6,12,48,10,44,12.056466992883468,51.18100448945384,2
6,21,28,23,39,19.85646699288347,40.14100448945384,9
4,19,30,26,26,14.526466992883469,37.47100448945384,5
7,15,14,18,22,17.03646699288347,26.691004489453842,8
4,9,14,18,13,15.81646699288347,42.121004489453846,10
3,10,42,17,37,15.026466992883469,42.371004489453846,5
5,9,44,34,42,31.83646699288347,49.49100448945384,6
6,19,27,20,45,26.81646699288347,44.60100448945384,1
4,9,53,20,46,19.47646699288347,51.33100448945384,2
6,33,39,10,19,38.42646699288347,78.19100448945385,3
4,9,38,26,49,27.81646699288347,50.47100448945384,4
2,9,14,10,45,39.81646699288347,60.11100448945384,2
4,10,67,22,60,20.346466992883467,65.41100448945384,2
2,9,14,10,21,15.81646699288347,34.841004489453844,7
3,18,14,21,26,20.96646699288347,48.71100448945384,9
2,9,14,10,25,19.81646699288347,38.661004489453845,10
3,9,22,11,32,18.86646699288347,33.54100448945384,10
6,33,45,44,51,20.02646699288347,62.06100448945384,4
6,10,33,21,35,18.256466992883468,35.67100448945384,8
2,9,14,10,48,42.81646699288347,64.21100448945384,2
4,9,26,10,37,19.81646699288347,61.28100448945384,4
4,9,24,29,24,26.84646699288347,47.43100448945384,1
7,11,45,19,45,14.88646699288347,44.31100448945384,1
2,9,14,10,27,21.81646699288347,59.99100448945384,6
4,10,45,20,43,16.87646699288347,43.64100448945384,2
2,9,14,10,20,14.81646699288347,40.28100448945384,7
4,9,24,17,27,15.876466992883469,27.191004489453846,8
3,15,14,18,25,19.986466992883468,43.091004489453844,9
2,9,14,10,26,20.81646699288347,59.87100448945384,10
2,9,14,10,21,15.81646699288347,51.89100448945384,1
3,24,14,25,37,31.81646699288347,46.411004489453845,1
4,9,22,19,21,16.81646699288347,40.621004489453846,6
5,19,63,21,55,14.88646699288347,62.271004489453844,2
2,9,14,12,52,46.86646699288347,60.89100448945384,5
6,22,54,23,44,16.81646699288347,60.80100448945384,3
2,9,14,10,21,15.81646699288347,37.75100448945384,10
5,11,35,21,34,16.81646699288347,40.90100448945384,6
4,9,26,12,31,14.13646699288347,39.371004489453846,4
3,9,27,10,39,20.81646699288347,61.07100448945384,8
4,9,27,19,26,16.81646699288347,40.90100448945384,6
2,9,14,10,20,14.81646699288347,27.231004489453845,7
9,9,20,26,13,24.90646699288347,54.021004489453844,3
4,9,33,12,42,18.01646699288347,55.49100448945384,8
4,9,62,29,49,30.28646699288347,64.30100448945385,3
3,9,27,10,39,20.81646699288347,54.93100448945384,8
2,21,14,16,17,15.026466992883469,38.85100448945384,8
3,10,43,22,34,21.416466992883468,43.271004489453844,5
6,26,52,27,40,18.81646699288347,60.11100448945384,3
4,9,21,32,20,29.81646699288347,49.90100448945384,1
4,9,26,38,24,35.836466992883466,52.80100448945384,6
4,10,66,44,56,42.02646699288347,73.20100448945385,2
3,15,14,17,25,19.85646699288347,32.261004489453846,1
7,11,36,27,42,24.36646699288347,46.06100448945384,1
6,29,22,10,13,29.35646699288347,54.21100448945384,5
6,9,14,32,11,29.90646699288347,45.131004489453844,6
5,9,29,10,45,24.81646699288347,52.30100448945384,9
4,10,68,18,65,15.09646699288347,72.36100448945385,3
5,30,52,31,35,23.81646699288347,67.15100448945384,2
2,9,14,10,36,30.81646699288347,62.69100448945384,2
5,21,68,33,59,21.416466992883468,74.39100448945385,3
3,18,20,10,25,18.63646699288347,51.32100448945384,4
7,35,20,30,19,13.81646699288347,67.43100448945384,8
4,9,25,28,26,25.92646699288347,62.73100448945384,6
2,9,14,10,28,22.81646699288347,52.30100448945384,9
3,24,14,25,29,23.81646699288347,49.15100448945384,1
5,19,48,22,41,14.13646699288347,50.92100448945384,3
4,9,20,17,19,14.81646699288347,31.191004489453846,7
9,9,22,30,13,29.35646699288347,60.26100448945384,3
6,25,24,19,18,16.416466992883468,47.74100448945384,5
2,9,14,10,20,14.81646699288347,42.831004489453846,10
2,9,14,11,43,37.836466992883466,63.87100448945384,3
7,49,40,38,29,23.436466992883467,84.85100448945384,3
6,30,24,31,43,27.81646699288347,47.69100448945384,1
3,29,14,31,38,32.836466992883466,64.38100448945384,1
4,21,35,25,27,15.436466992883469,41.96100448945384,5
2,9,14,10,22,16.81646699288347,31.07100448945384,10
4,9,38,34,38,31.83646699288347,51.07100448945384,6
6,25,24,27,33,17.86646699288347,44.69100448945384,9
3,11,18,10,21,12.286466992883469,38.36100448945384,8
6,9,14,39,13,36.81646699288347,54.26100448945384,6
5,9,27,16,29,14.526466992883469,37.32100448945384,4
2,18,14,11,16,16.35646699288347,31.661004489453845,8
7,11,60,23,68,22.02646699288347,71.91100448945384,1
4,9,23,26,20,23.93646699288347,42.18100448945384,6
5,9,49,38,50,35.88646699288347,61.32100448945384,7
5,27,38,28,25,19.81646699288347,51.32100448945384,5
4,9,14,21,13,18.81646699288347,32.17100448945384,10
6,16,46,10,40,16.416466992883468,52.661004489453845,2
6,9,14,37,12,34.836466992883466,63.87100448945384,6
2,9,14,10,34,28.81646699288347,39.39100448945384,5
4,9,28,28,26,25.84646699288347,38.731004489453845,7
4,9,22,18,19,16.06646699288347,42.371004489453846,7
3,29,14,32,20,15.09646699288347,50.271004489453844,9
2,33,14,17,18,25.53646699288347,50.771004489453844,8
4,18,28,19,20,14.81646699288347,33.00100448945384,5
7,34,14,34,21,15.876466992883469,67.89100448945385,8
2,9,14,10,23,17.81646699288347,53.271004489453844,6
3,20,14,22,20,14.88646699288347,55.71100448945384,1
4,9,32,16,33,14.13646699288347,53.591004489453844,6
3,9,23,10,31,16.81646699288347,41.53100448945384,4
5,26,46,27,32,20.81646699288347,56.76100448945384,3
5,9,34,18,51,27.51646699288347,51.92100448945384,1
4,9,25,11,30,13.896466992883468,36.131004489453844,8
2,9,14,10,35,29.81646699288347,73.36100448945385,6
4,9,28,17,25,15.09646699288347,32.261004489453846,1
6,14,45,29,51,23.46646699288347,53.56100448945384,4
6,24,33,24,40,15.876466992883469,54.73100448945384,9
5,31,63,45,56,22.13646699288347,76.26100448945384,2
3,9,23,10,31,16.81646699288347,45.131004489453844,8
3,9,19,10,23,12.81646699288347,35.911004489453845,8
4,9,35,31,38,29.19646699288347,64.38100448945384,1
2,41,14,21,25,32.00646699288347,67.68100448945384,8
3,9,36,20,31,18.58646699288347,35.67100448945384,5
2,25,14,14,20,21.70646699288347,43.32100448945384,4
3,21,14,24,20,15.09646699288347,45.07100448945384,9
3,9,35,11,54,27.83646699288347,67.66100448945384,7
6,32,40,41,45,17.81646699288347,55.62100448945384,4
5,9,38,22,43,21.236466992883468,53.26100448945384,4
6,35,22,35,44,30.83646699288347,57.94100448945384,9
7,28,21,26,20,10.81646699288347,51.78100448945384,8
5,26,27,10,13,29.21646699288347,52.701004489453844,5
8,17,49,18,42,13.81646699288347,46.97100448945384,1
7,47,35,20,27,36.67646699288347,71.51100448945384,3
5,9,29,23,27,20.85646699288347,30.921004489453843,7
7,16,25,14,24,10.81646699288347,26.721004489453843,8
3,12,16,10,17,11.42646699288347,27.711004489453842,8
6,21,22,19,17,12.81646699288347,37.90100448945384,5
6,9,14,19,13,16.81646699288347,49.49100448945384,6
4,9,64,28,56,27.12646699288347,64.21100448945384,2
7,32,24,28,23,12.81646699288347,47.31100448945384,8
4,9,27,24,30,22.37646699288347,51.92100448945384,1
3,20,14,23,31,25.92646699288347,60.411004489453845,9
5,10,64,60,63,56.81646699288347,81.78100448945384,6
4,20,30,21,21,15.81646699288347,38.381004489453844,5
5,9,34,17,38,16.416466992883468,44.61100448945384,4
4,9,32,33,31,30.81646699288347,48.08100448945384,6
2,9,14,10,31,25.81646699288347,55.71100448945384,1
7,17,18,10,13,16.756466992883468,41.68100448945384,5
3,9,31,11,42,19.85646699288347,51.381004489453844,7
6,30,28,30,58,38.836466992883466,60.73100448945384,1
2,9,14,10,23,17.81646699288347,41.941004489453846,1
3,9,52,35,43,34.06646699288347,60.11100448945384,5
2,9,14,10,41,35.81646699288347,49.55100448945384,2
3,9,36,12,52,24.93646699288347,57.39100448945384,7
3,9,39,11,56,25.84646699288347,60.81100448945384,10
4,9,28,24,34,23.46646699288347,49.28100448945384,4
3,24,21,10,27,24.36646699288347,49.97100448945384,4
3,9,34,11,49,23.84646699288347,57.93100448945384,7
3,10,44,11,56,20.81646699288347,58.08100448945384,3
2,9,14,10,20,14.81646699288347,49.90100448945384,1
5,9,34,13,54,29.02646699288347,52.661004489453845,1
7,30,36,29,28,15.09646699288347,63.46100448945384,3
7,10,49,24,56,23.076466992883468,57.69100448945384,1
5,9,23,10,43,28.81646699288347,50.12100448945384,9
2,9,14,12,51,45.86646699288347,52.701004489453844,5
3,10,18,10,20,10.97646699288347,28.871004489453846,8
5,9,34,10,48,22.81646699288347,58.451004489453844,9
2,9,14,10,43,37.81646699288347,51.33100448945384,2
2,9,14,10,50,44.81646699288347,78.61100448945385,2
4,9,24,10,34,18.81646699288347,47.31100448945384,8
4,9,20,27,20,24.84646699288347,45.131004489453844,6
6,32,20,32,30,18.86646699288347,45.78100448945384,9
3,9,39,10,50,19.81646699288347,55.72100448945384,10
8,9,24,35,13,34.74646699288347,79.61100448945385,3
3,11,20,10,25,14.13646699288347,37.90100448945384,4
5,21,68,34,59,22.236466992883468,75.69100448945385,3
3,24,19,10,23,23.62646699288347,54.93100448945384,4
3,9,22,10,35,21.81646699288347,38.871004489453846,10
2,9,14,10,24,18.81646699288347,61.28100448945384,6
4,9,28,22,27,19.81646699288347,53.79100448945384,7
8,13,65,18,43,29.19646699288347,62.86100448945384,1
5,11,43,33,44,28.91646699288347,53.591004489453844,6
2,9,14,10,38,32.81646699288347,67.99100448945384,9
5,9,30,11,52,30.83646699288347,57.94100448945384,9
4,9,44,47,57,47.37646699288347,69.87100448945384,8
5,9,25,11,42,25.84646699288347,51.29100448945384,1
3,10,42,22,31,22.686466992883467,41.53100448945384,5
3,9,25,10,35,18.81646699288347,46.00100448945384,4
7,9,34,28,13,34.726466992883466,78.49100448945384,3
7,23,14,24,24,18.81646699288347,42.371004489453846,8
2,9,14,10,37,31.81646699288347,57.17100448945384,2
3,10,16,10,17,10.056466992883468,27.711004489453842,8
8,15,27,10,22,15.026466992883469,47.47100448945384,3
4,9,14,34,14,31.83646699288347,58.58100448945384,10
6,42,26,19,19,32.556466992883465,59.17100448945384,5
3,9,42,10,50,16.81646699288347,53.131004489453844,3
6,9,14,35,12,32.836466992883466,50.771004489453844,6
8,9,20,32,13,30.61646699288347,66.97100448945385,3
5,26,61,31,49,19.51646699288347,67.15100448945384,3
4,9,20,18,17,16.06646699288347,28.871004489453846,6
3,15,20,10,26,17.03646699288347,42.691004489453846,8
2,9,14,10,35,29.81646699288347,64.08100448945385,6
4,9,30,10,46,24.81646699288347,70.98100448945384,8
5,9,21,11,45,32.836466992883466,49.90100448945384,1
5,9,35,11,58,31.83646699288347,59.54100448945384,9
5,10,45,17,43,13.896466992883468,49.08100448945384,7
5,23,44,27,36,15.436466992883469,51.79100448945384,2
6,23,20,10,13,23.04646699288347,43.271004489453844,5
7,30,14,31,19,13.81646699288347,58.48100448945384,8
6,9,14,23,14,20.85646699288347,57.591004489453844,6
2,9,14,10,43,37.81646699288347,48.87100448945384,5
3,9,30,10,50,28.81646699288347,57.47100448945384,6
5,11,41,33,38,28.91646699288347,46.54100448945384,7
6,25,20,20,16,14.526466992883469,37.47100448945384,5
3,9,34,12,47,21.95646699288347,45.78100448945384,2
4,9,26,13,31,14.526466992883469,38.36100448945384,4
6,29,23,24,22,13.81646699288347,59.40100448945384,8
7,35,38,17,32,27.46646699288347,58.78100448945384,3
4,9,20,22,19,19.81646699288347,46.18100448945384,7
2,9,14,10,26,20.81646699288347,41.96100448945384,10
5,31,44,39,34,19.21646699288347,56.521004489453844,2
6,28,26,31,49,31.896466992883468,52.75100448945384,9
2,16,14,10,18,16.416466992883468,29.43100448945384,8
2,9,14,10,33,27.81646699288347,53.12100448945384,9
6,17,21,20,27,15.09646699288347,42.691004489453846,9
6,9,14,17,11,15.09646699288347,37.701004489453844,6
5,11,57,43,55,38.836466992883466,69.87100448945384,6
4,9,23,32,20,29.90646699288347,50.271004489453844,9
2,28,14,10,24,29.76646699288347,48.29100448945384,4
7,10,32,19,37,17.81646699288347,43.271004489453844,1
4,25,41,28,31,17.03646699288347,50.43100448945384,5
7,29,34,20,26,20.02646699288347,59.82100448945384,3
4,9,69,22,62,21.236466992883468,71.08100448945385,3
5,9,30,12,33,12.286466992883469,39.371004489453846,4
5,9,42,25,40,22.846466992883467,48.61100448945384,7
4,9,24,10,33,17.81646699288347,46.58100448945384,8
2,9,14,10,21,15.81646699288347,33.871004489453846,7
2,9,14,10,33,27.81646699288347,60.31100448945384,7
2,9,14,11,44,38.836466992883466,54.21100448945384,5
3,26,14,28,25,19.85646699288347,47.79100448945384,1
6,38,49,39,33,22.81646699288347,67.15100448945384,2
4,9,34,37,35,34.88646699288347,56.87100448945384,6
3,9,25,10,35,18.81646699288347,48.29100448945384,4
2,23,14,10,24,25.61646699288347,46.00100448945384,4
8,51,25,45,24,14.81646699288347,76.37100448945384,8
5,10,37,18,37,14.88646699288347,43.87100448945384,6
2,25,14,10,22,26.17646699288347,43.32100448945384,4
3,9,28,11,34,14.88646699288347,35.261004489453846,10
6,18,44,28,49,18.63646699288347,51.32100448945384,4
4,9,33,29,32,26.81646699288347,50.89100448945384,7
3,9,51,26,37,28.43646699288347,51.381004489453844,5
4,9,22,15,25,14.216466992883468,24.961004489453842,8
4,9,22,37,23,34.88646699288347,53.71100448945384,6
7,35,20,29,19,14.81646699288347,50.771004489453844,8
5,9,24,10,39,23.81646699288347,40.14100448945384,9
4,9,14,30,14,27.83646699288347,43.87100448945384,10
5,9,32,12,50,26.91646699288347,54.75100448945384,1
4,9,24,31,22,28.83646699288347,51.29100448945384,9
4,20,30,21,21,15.81646699288347,38.381004489453844,5
8,20,36,10,30,19.896466992883468,61.19100448945384,2
2,9,14,11,43,37.836466992883466,53.131004489453844,3
3,11,18,10,21,12.286466992883469,37.90100448945384,4
3,9,31,10,44,21.81646699288347,50.271004489453844,6
5,25,35,26,23,18.81646699288347,47.74100448945384,5
2,9,14,10,38,32.81646699288347,57.69100448945384,10
6,19,47,10,39,20.02646699288347,59.12100448945384,2
3,9,34,12,48,22.94646699288347,61.28100448945384,7
3,11,39,29,29,27.05646699288347,42.47100448945384,5
2,9,14,10,31,25.81646699288347,58.271004489453844,9
2,9,14,10,20,14.81646699288347,45.07100448945384,9
6,17,23,15,22,10.81646699288347,27.191004489453846,8
5,9,51,17,48,15.09646699288347,59.341004489453844,6
5,26,31,24,21,17.30646699288347,49.08100448945384,5
3,9,29,10,48,27.81646699288347,54.08100448945384,10
2,9,14,10,20,14.81646699288347,38.271004489453844,7
7,21,37,14,34,16.06646699288347,45.25100448945384,3
4,9,25,33,28,31.16646699288347,52.12100448945384,9
5,9,39,11,44,13.896466992883468,53.56100448945384,4
8,18,45,28,30,24.45646699288347,47.43100448945384,1
6,30,21,32,34,21.85646699288347,52.411004489453845,9
3,15,18,10,21,15.026466992883469,38.85100448945384,8
3,33,14,35,22,16.87646699288347,71.91100448945384,1
5,17,54,18,50,10.81646699288347,54.81100448945384,3
7,16,45,10,40,15.876466992883469,54.021004489453844,2
6,30,14,31,24,18.81646699288347,49.90100448945384,8
5,26,31,24,21,17.30646699288347,49.08100448945384,5
4,9,23,33,19,31.00646699288347,45.78100448945384,9
2,9,14,12,45,39.87646699288347,46.85100448945384,5
3,9,41,10,46,13.81646699288347,50.73100448945384,3
2,9,14,10,20,14.81646699288347,48.51100448945384,6
3,15,14,18,24,18.99646699288347,45.03100448945384,1
2,9,14,10,40,34.81646699288347,62.73100448945384,3
4,9,30,21,37,21.416466992883468,51.68100448945384,4
4,10,66,31,51,32.226466992883466,67.15100448945384,2
3,11,38,16,33,13.47646699288347,38.85100448945384,5
6,34,57,35,47,16.81646699288347,66.97100448945385,3
3,9,33,12,49,24.93646699288347,59.911004489453845,7
8,9,46,19,13,41.05646699288347,62.06100448945384,3
5,10,39,32,40,28.91646699288347,45.90100448945384,7
3,10,39,27,31,25.27646699288347,42.47100448945384,5
5,43,38,44,25,19.81646699288347,59.87100448945384,5
5,9,30,12,33,12.286466992883469,38.36100448945384,8
4,9,31,21,28,18.99646699288347,51.591004489453844,9
5,21,23,10,13,22.81646699288347,41.53100448945384,5
3,9,37,11,44,15.876466992883469,43.64100448945384,2
2,9,14,10,33,27.81646699288347,57.31100448945384,2
6,35,26,36,40,22.81646699288347,52.30100448945384,9
3,9,32,10,49,25.81646699288347,58.87100448945384,7
6,28,44,20,38,18.11646699288347,54.451004489453844,2
4,9,27,18,24,16.06646699288347,45.03100448945384,1
6,34,20,34,41,29.83646699288347,55.72100448945384,9
5,9,30,10,35,13.81646699288347,48.92100448945384,9
3,9,52,10,58,14.81646699288347,66.87100448945384,2
4,9,61,20,53,20.02646699288347,59.12100448945384,2
2,9,14,10,38,32.81646699288347,64.32100448945384,7
4,9,34,32,33,29.81646699288347,61.28100448945384,7
5,32,51,34,44,13.896466992883468,58.58100448945384,3
4,9,32,20,40,21.26646699288347,56.68100448945384,8
4,9,26,21,23,18.99646699288347,59.99100448945384,6
6,44,55,45,41,20.81646699288347,72.92100448945385,2
5,19,22,10,13,20.62646699288347,37.07100448945384,5
5,10,50,24,51,20.96646699288347,58.78100448945384,6
2,9,14,10,27,21.81646699288347,64.33100448945385,7
2,9,14,10,34,28.81646699288347,57.30100448945384,6
3,9,27,10,39,20.81646699288347,66.24100448945384,8
4,17,34,29,29,19.51646699288347,41.68100448945384,5
6,36,26,35,33,16.06646699288347,53.71100448945384,9
3,9,34,10,50,24.81646699288347,56.87100448945384,10
2,9,14,12,34,28.91646699288347,47.47100448945384,3
3,16,14,18,31,25.84646699288347,44.31100448945384,1
6,34,23,36,38,23.84646699288347,57.94100448945384,9
4,9,14,38,14,35.836466992883466,51.381004489453844,10
3,9,32,11,56,32.836466992883466,61.841004489453844,10
2,9,14,10,29,23.81646699288347,57.11100448945384,7
5,31,37,32,25,18.81646699288347,51.57100448945384,5
4,9,14,25,15,22.94646699288347,41.96100448945384,10
5,9,32,12,51,27.91646699288347,55.71100448945384,1
3,9,51,10,74,31.81646699288347,78.61100448945385,2
2,9,14,10,19,13.81646699288347,46.451004489453844,6
2,9,14,10,34,28.81646699288347,55.99100448945384,9
3,9,52,10,63,19.81646699288347,64.21100448945384,3
6,38,60,39,48,18.81646699288347,72.36100448945385,3
4,9,32,25,41,25.84646699288347,42.831004489453846,4
6,19,31,10,23,20.02646699288347,41.75100448945384,2
3,10,43,11,51,16.81646699288347,50.631004489453844,3
3,20,14,23,21,16.06646699288347,40.14100448945384,9
2,30,14,12,21,28.43646699288347,49.90100448945384,8
3,10,41,19,37,16.35646699288347,41.481004489453845,5
2,27,14,19,19,18.63646699288347,51.32100448945384,4
3,9,28,10,42,22.81646699288347,49.36100448945384,6
2,14,14,10,17,14.216466992883468,24.961004489453842,8
4,9,22,10,29,15.81646699288347,37.90100448945384,4
5,9,39,30,36,27.91646699288347,43.091004489453844,7
4,9,24,10,32,16.81646699288347,42.371004489453846,8
6,18,14,20,20,14.88646699288347,28.871004489453846,8
3,9,38,10,55,25.81646699288347,57.17100448945384,2
6,15,21,17,37,24.84646699288347,36.07100448945384,1
6,28,20,30,31,19.85646699288347,40.07100448945384,9
4,9,21,28,24,26.25646699288347,46.06100448945384,1
7,11,59,24,65,21.70646699288347,67.53100448945385,1
2,9,14,10,51,45.81646699288347,75.54100448945384,2
2,9,14,10,22,16.81646699288347,28.961004489453842,7
6,18,44,28,49,18.63646699288347,51.32100448945384,4
5,10,42,22,41,18.81646699288347,41.53100448945384,7
5,20,44,44,53,32.89646699288347,63.57100448945384,4
8,21,28,10,19,22.236466992883468,65.20100448945385,2
2,9,14,11,39,33.836466992883466,47.47100448945384,3
3,9,35,11,58,31.83646699288347,69.08100448945385,6
3,11,53,12,74,29.81646699288347,78.19100448945385,3
2,9,14,10,28,22.81646699288347,39.39100448945384,10
5,25,26,10,13,27.81646699288347,50.47100448945384,5
4,9,28,29,33,27.73646699288347,38.661004489453845,4
5,15,45,23,40,15.876466992883469,47.47100448945384,3
3,16,16,10,17,15.09646699288347,27.351004489453842,8
5,9,47,12,54,16.06646699288347,67.89100448945385,8
2,9,14,10,32,26.81646699288347,64.92100448945385,1
4,9,14,37,15,34.88646699288347,61.841004489453844,10
8,24,28,10,19,24.81646699288347,71.49100448945384,2
4,19,32,23,26,13.646466992883468,40.14100448945384,5
5,22,30,23,21,15.81646699288347,37.49100448945384,5
5,9,39,12,46,16.06646699288347,55.85100448945384,9
2,9,14,10,19,13.81646699288347,30.281004489453842,10
6,25,20,27,43,31.83646699288347,55.451004489453844,1
5,26,46,27,32,20.81646699288347,55.451004489453844,3
6,9,14,23,12,20.85646699288347,49.35100448945384,6
3,10,22,10,28,14.88646699288347,44.61100448945384,8
5,9,25,24,44,32.226466992883466,51.53100448945384,1
5,17,59,27,52,18.63646699288347,61.05100448945384,2
5,9,34,17,38,16.416466992883468,50.771004489453844,8
3,16,19,10,23,16.416466992883468,42.371004489453846,4
5,9,20,12,31,19.986466992883468,36.57100448945384,9
3,10,36,28,27,26.60646699288347,39.50100448945384,5
7,9,20,29,13,27.73646699288347,66.30100448945385,3
3,11,19,10,23,13.206466992883469,47.31100448945384,8
6,18,38,26,41,15.876466992883469,43.32100448945384,4
4,9,74,23,68,21.74646699288347,74.01100448945384,3
6,35,30,34,50,28.91646699288347,56.29100448945384,9
5,9,45,28,45,25.84646699288347,47.79100448945384,7
9,9,23,20,13,21.26646699288347,42.85100448945384,3
8,22,28,10,19,23.076466992883468,72.92100448945385,3
5,9,49,43,46,40.87646699288347,59.911004489453845,6
3,9,49,11,62,21.85646699288347,61.08100448945384,2
3,9,18,10,21,11.81646699288347,24.961004489453842,8
2,42,14,10,25,42.92646699288347,59.911004489453845,4
2,9,14,10,50,44.81646699288347,52.22100448945384,5
4,9,14,29,15,26.91646699288347,54.451004489453844,10
4,9,22,22,21,19.81646699288347,32.701004489453844,7
4,19,32,23,26,13.646466992883468,40.14100448945384,5
3,9,20,10,44,32.81646699288347,47.79100448945384,7
5,28,27,29,19,14.81646699288347,38.661004489453845,5
5,9,28,16,46,27.73646699288347,45.28100448945384,1
3,15,14,17,35,29.83646699288347,52.661004489453845,1
4,9,36,22,34,19.85646699288347,57.39100448945384,7
3,9,25,12,49,32.89646699288347,62.73100448945384,6
5,9,33,11,44,19.85646699288347,45.08100448945384,9
6,9,14,18,11,16.06646699288347,39.67100448945384,6
4,9,22,18,24,16.35646699288347,46.97100448945384,1
4,9,31,19,35,18.11646699288347,53.05100448945384,9
3,10,20,10,24,12.916466992883468,36.131004489453844,8
5,9,30,10,46,24.81646699288347,58.24100448945384,1
2,9,14,10,24,18.81646699288347,52.12100448945384,9
4,9,26,26,25,23.81646699288347,50.771004489453844,6
2,9,14,12,46,40.87646699288347,59.341004489453844,3
7,29,36,16,31,22.37646699288347,53.131004489453844,3
3,9,36,20,27,20.62646699288347,35.24100448945384,5
2,9,14,10,27,21.81646699288347,42.091004489453844,9
4,9,36,13,46,19.21646699288347,61.19100448945384,8
6,9,14,21,13,18.81646699288347,45.08100448945384,6
3,9,38,10,44,14.81646699288347,52.841004489453844,7
3,11,20,10,25,14.13646699288347,39.371004489453846,4
4,9,26,28,25,25.81646699288347,47.79100448945384,1
5,9,30,10,46,24.81646699288347,58.24100448945384,1
3,9,27,12,42,23.93646699288347,52.841004489453844,6
3,9,43,22,31,24.09646699288347,42.451004489453844,5
5,23,44,32,34,19.85646699288347,51.57100448945384,3
3,15,14,18,24,18.99646699288347,46.97100448945384,1
5,30,53,31,40,19.81646699288347,64.38100448945384,2
2,9,14,10,27,21.81646699288347,37.701004489453844,6
3,15,19,10,23,15.626466992883469,46.58100448945384,8
3,10,41,11,54,21.81646699288347,58.58100448945384,3
4,9,37,18,36,15.81646699288347,67.92100448945385,7
2,26,14,10,26,29.21646699288347,54.93100448945384,8
2,25,14,18,18,17.24646699288347,46.85100448945384,4
4,9,28,25,34,24.36646699288347,49.97100448945384,4
3,9,45,11,55,18.86646699288347,54.49100448945384,2
5,40,33,35,23,18.63646699288347,60.11100448945384,5
4,18,29,20,23,12.916466992883468,34.331004489453846,5
6,25,20,27,44,32.836466992883466,46.43100448945384,9
2,9,14,10,34,28.81646699288347,59.54100448945384,9
6,37,40,36,30,17.03646699288347,61.55100448945384,3
4,9,20,17,19,14.81646699288347,31.191004489453846,7
4,9,24,23,20,21.15646699288347,41.941004489453846,1
7,11,29,34,45,35.61646699288347,51.07100448945384,1
2,9,14,12,49,43.87646699288347,63.701004489453844,3
6,21,22,16,44,31.58646699288347,44.31100448945384,1
5,9,56,17,54,14.88646699288347,57.591004489453844,6
5,24,24,20,18,14.88646699288347,36.07100448945384,5
3,9,46,12,54,17.03646699288347,55.451004489453844,2
3,9,23,10,31,16.81646699288347,41.53100448945384,4
3,11,20,10,25,14.13646699288347,49.08100448945384,4
2,9,14,10,34,28.81646699288347,49.49100448945384,6
5,20,14,19,21,16.06646699288347,28.871004489453846,8
6,41,14,40,22,17.03646699288347,67.68100448945384,8
4,9,26,17,20,16.416466992883468,48.73100448945384,1
3,9,42,22,31,23.436466992883467,41.53100448945384,5
4,9,24,17,23,14.81646699288347,35.42100448945384,9
2,9,14,11,38,32.836466992883466,42.47100448945384,5
6,21,42,22,36,12.81646699288347,45.25100448945384,3
6,19,38,10,28,21.26646699288347,51.33100448945384,2
2,9,14,10,38,32.81646699288347,69.87100448945384,6
5,9,39,11,59,28.83646699288347,59.451004489453844,1
7,33,24,29,23,12.81646699288347,62.951004489453844,8
4,9,14,16,15,14.13646699288347,33.871004489453846,10
4,21,32,22,22,16.81646699288347,42.451004489453844,5
4,9,63,18,58,16.756466992883468,64.78100448945385,2
3,11,52,27,39,27.02646699288347,52.701004489453844,5
6,23,35,26,51,24.93646699288347,52.30100448945384,9
3,9,28,11,38,18.86646699288347,39.25100448945384,10
5,11,59,40,58,35.81646699288347,69.97100448945385,7
5,23,14,22,21,16.06646699288347,48.23100448945384,8
5,9,41,15,47,16.416466992883468,55.79100448945384,4
6,31,35,24,27,18.44646699288347,51.57100448945384,3
3,9,22,11,30,16.87646699288347,33.871004489453846,7
7,9,20,28,13,26.78646699288347,56.76100448945384,3
3,9,38,12,62,32.89646699288347,72.47100448945385,2
5,28,22,10,13,28.43646699288347,42.47100448945384,5
7,10,48,29,54,27.12646699288347,56.26100448945384,1
3,9,36,12,59,31.896466992883468,70.48100448945384,6
2,9,14,10,21,15.81646699288347,45.55100448945384,9
6,9,14,23,14,20.85646699288347,57.591004489453844,6
3,29,14,31,25,19.85646699288347,51.89100448945384,1
2,31,14,10,24,32.41646699288347,49.90100448945384,4
8,12,49,25,37,24.09646699288347,49.15100448945384,1
2,9,14,11,45,39.83646699288347,46.00100448945384,5
4,23,38,27,30,15.436466992883469,49.08100448945384,5
4,9,22,10,28,14.81646699288347,35.67100448945384,8
2,9,14,10,26,20.81646699288347,44.31100448945384,9
5,9,26,11,47,29.83646699288347,51.57100448945384,1
4,11,69,22,62,19.47646699288347,71.49100448945384,2
4,10,66,31,51,32.226466992883466,67.15100448945384,2
4,10,77,34,61,35.27646699288347,80.42100448945384,2
5,45,60,46,46,20.81646699288347,78.49100448945384,3
5,39,30,30,21,20.62646699288347,54.21100448945384,5
3,9,33,12,51,26.91646699288347,60.11100448945384,10
3,9,26,10,43,25.81646699288347,52.80100448945384,6
4,9,46,14,43,12.286466992883469,45.25100448945384,3
4,9,26,43,25,40.81646699288347,59.17100448945384,7
5,17,59,32,52,23.04646699288347,64.78100448945385,2
2,9,14,10,25,19.81646699288347,36.57100448945384,10
4,9,36,25,32,23.11646699288347,54.73100448945384,9
3,9,35,11,45,18.86646699288347,47.841004489453844,7
2,9,14,10,26,20.81646699288347,44.37100448945384,7
2,9,14,10,36,30.81646699288347,37.011004489453846,5
2,9,14,10,31,25.81646699288347,56.521004489453844,7
3,9,26,10,44,26.81646699288347,49.67100448945384,7
3,9,51,20,43,20.02646699288347,52.22100448945384,5
5,11,39,30,39,25.84646699288347,43.87100448945384,7
5,9,43,35,42,32.81646699288347,49.36100448945384,6
3,9,41,10,46,13.81646699288347,50.73100448945384,3
8,20,34,10,29,19.51646699288347,54.08100448945384,3
6,27,14,29,20,14.88646699288347,51.78100448945384,8
3,11,41,22,34,19.47646699288347,47.87100448945384,5
6,16,44,32,49,23.97646699288347,53.26100448945384,4
3,9,22,10,29,15.81646699288347,41.68100448945384,8
6,22,44,45,49,30.61646699288347,61.28100448945384,4
4,9,38,38,49,38.27646699288347,56.68100448945384,4
2,9,14,10,33,27.81646699288347,61.28100448945384,7
4,9,24,10,33,17.81646699288347,46.58100448945384,8
5,9,25,17,27,15.436466992883469,26.721004489453843,8
5,24,29,24,21,14.88646699288347,44.61100448945384,5
3,22,14,24,39,33.836466992883466,59.451004489453844,1
6,21,42,20,35,14.13646699288347,50.92100448945384,3
5,17,33,28,39,20.02646699288347,43.271004489453844,8
2,46,14,10,26,47.03646699288347,66.24100448945384,8
4,9,25,32,27,30.01646699288347,46.451004489453844,1
2,9,14,10,20,14.81646699288347,41.481004489453845,7
4,9,26,10,37,19.81646699288347,51.32100448945384,4
5,9,31,10,39,16.81646699288347,39.301004489453845,9
4,9,22,10,28,14.81646699288347,37.701004489453844,4
5,30,22,10,13,30.28646699288347,42.21100448945384,5
8,26,24,21,23,13.81646699288347,47.31100448945384,8
3,9,22,10,34,20.81646699288347,38.731004489453845,7
6,30,23,33,46,31.896466992883468,51.29100448945384,9
2,9,14,10,26,20.81646699288347,45.03100448945384,1
2,9,14,12,49,43.87646699288347,67.15100448945384,3
3,9,36,20,27,20.62646699288347,35.24100448945384,5
8,20,25,17,24,11.81646699288347,27.351004489453842,8
2,9,14,10,26,20.81646699288347,37.941004489453846,6
4,9,30,10,46,24.81646699288347,76.37100448945384,8
5,16,53,19,49,11.42646699288347,54.021004489453844,2
3,9,27,10,39,20.81646699288347,53.56100448945384,8
4,9,64,31,55,30.28646699288347,66.97100448945385,3
2,9,14,10,41,35.81646699288347,57.89100448945384,3
3,16,14,19,35,29.90646699288347,53.05100448945384,9
5,11,54,39,54,34.836466992883466,61.29100448945384,6
6,9,14,24,12,21.85646699288347,58.08100448945384,6
3,22,17,10,19,21.15646699288347,37.981004489453845,8
2,9,14,10,22,16.81646699288347,54.67100448945384,6
7,33,41,21,35,21.74646699288347,61.19100448945384,2
3,9,42,11,48,14.88646699288347,49.55100448945384,2
4,11,56,27,45,25.84646699288347,56.381004489453844,3
3,16,19,10,23,16.416466992883468,42.371004489453846,8
2,9,14,10,25,19.81646699288347,59.99100448945384,6
4,18,29,20,23,12.916466992883468,33.43100448945384,5
8,9,40,22,13,36.45646699288347,62.73100448945384,3
2,9,14,10,32,26.81646699288347,45.08100448945384,9
5,10,31,21,35,18.99646699288347,36.131004489453844,8
2,9,14,10,23,17.81646699288347,39.67100448945384,6
2,9,14,10,32,26.81646699288347,60.81100448945384,1
6,19,30,20,48,26.81646699288347,47.47100448945384,9
2,9,14,10,43,37.81646699288347,50.12100448945384,2
6,28,21,22,20,14.81646699288347,35.911004489453845,8
5,11,38,19,39,15.09646699288347,39.301004489453845,6
2,9,14,11,47,41.82646699288347,57.94100448945384,3
5,9,34,16,38,15.626466992883469,46.58100448945384,8
5,18,48,19,40,14.81646699288347,50.12100448945384,2
5,26,46,27,32,20.81646699288347,55.451004489453844,3
4,25,38,26,25,19.81646699288347,51.381004489453844,5
8,9,30,19,13,26.17646699288347,50.92100448945384,3
4,9,21,24,20,21.81646699288347,45.07100448945384,9
5,9,34,17,32,14.88646699288347,37.701004489453844,6
4,9,14,22,15,19.986466992883468,46.18100448945384,10
2,9,14,10,38,32.81646699288347,56.72100448945384,7
4,9,75,34,61,35.10646699288347,78.61100448945385,2
4,31,38,33,30,14.88646699288347,52.12100448945384,5
5,15,41,23,36,15.876466992883469,42.85100448945384,2
2,9,14,10,33,27.81646699288347,54.12100448945384,1
6,9,14,29,13,26.81646699288347,51.07100448945384,6
3,11,35,12,46,19.81646699288347,45.03100448945384,3
2,9,14,10,31,25.81646699288347,61.55100448945384,10
2,9,14,10,30,24.81646699288347,50.271004489453844,6
2,9,14,10,35,29.81646699288347,44.05100448945384,3
7,29,30,10,19,30.17646699288347,61.32100448945384,2
2,21,14,10,22,22.81646699288347,41.53100448945384,4
4,9,22,36,24,33.98646699288347,48.55100448945384,9
6,31,41,10,31,31.58646699288347,57.60100448945384,3
2,37,14,10,25,38.27646699288347,56.68100448945384,4
3,9,31,10,43,20.81646699288347,50.771004489453844,6
2,9,14,10,38,32.81646699288347,64.32100448945384,7
8,26,24,24,23,10.81646699288347,43.83100448945384,8
7,10,38,12,37,8.81646699288347,36.07100448945384,1
2,23,14,10,24,25.61646699288347,46.00100448945384,4
4,9,26,12,31,14.13646699288347,39.371004489453846,4
4,9,20,22,19,19.81646699288347,37.011004489453846,9
2,9,14,10,27,21.81646699288347,55.17100448945384,7
9,9,20,38,13,36.45646699288347,84.85100448945384,3
3,9,24,12,32,17.03646699288347,30.991004489453843,10
5,22,38,37,45,23.93646699288347,52.94100448945384,4
5,19,49,24,41,15.876466992883469,49.701004489453844,2
4,9,25,21,23,18.86646699288347,59.24100448945384,6
4,9,34,31,27,29.65646699288347,51.03100448945384,9
5,42,63,43,49,20.81646699288347,78.67100448945384,3
9,9,35,21,13,31.52646699288347,63.841004489453844,3
3,23,14,25,32,26.84646699288347,54.73100448945384,9
5,24,28,22,20,15.436466992883469,41.96100448945384,5
5,19,48,20,40,14.81646699288347,51.33100448945384,2
2,21,14,16,17,15.026466992883469,36.131004489453844,8
6,20,52,21,44,14.81646699288347,54.49100448945384,2
4,9,22,10,28,14.81646699288347,36.131004489453844,8
4,9,34,29,25,28.43646699288347,52.75100448945384,9
5,9,40,17,39,14.81646699288347,42.131004489453844,6
6,28,45,29,31,20.81646699288347,57.17100448945384,2
6,15,27,12,43,25.27646699288347,41.661004489453845,1
5,16,14,18,19,13.896466992883468,28.271004489453844,8
5,42,50,43,34,22.81646699288347,70.15100448945384,3
3,9,32,11,37,13.896466992883468,40.75100448945384,6
3,11,44,12,54,18.81646699288347,57.60100448945384,3
2,9,14,10,21,15.81646699288347,38.731004489453845,7
3,9,32,10,48,24.81646699288347,59.911004489453845,6
8,19,33,10,25,20.02646699288347,68.38100448945384,3
3,11,22,10,29,16.06646699288347,49.90100448945384,8
5,35,67,45,57,20.54646699288347,79.67100448945384,2
3,9,44,10,65,29.81646699288347,65.48100448945384,3
4,10,69,25,60,23.93646699288347,71.49100448945384,2
3,9,26,10,37,19.81646699288347,55.48100448945384,4
6,9,14,27,14,24.84646699288347,42.131004489453844,6
2,9,14,12,48,42.87646699288347,75.69100448945385,3
2,9,14,10,30,24.81646699288347,51.381004489453844,7
5,13,50,18,46,12.81646699288347,47.951004489453844,2
3,10,43,11,63,28.81646699288347,66.97100448945385,3
2,9,14,10,44,38.81646699288347,54.49100448945384,2
2,9,14,11,39,33.836466992883466,60.80100448945384,3
6,21,47,10,37,22.81646699288347,60.55100448945384,2
2,9,14,10,35,29.81646699288347,63.40100448945384,1
6,28,45,29,31,20.81646699288347,56.26100448945384,3
2,9,14,10,33,27.81646699288347,56.01100448945384,10
7,10,36,21,41,19.47646699288347,41.941004489453846,1
4,9,14,21,15,18.99646699288347,35.67100448945384,10
4,9,21,18,22,16.06646699288347,29.86100448945384,7
5,9,39,34,44,32.556466992883465,62.06100448945384,4
5,17,49,27,42,18.63646699288347,51.79100448945384,2
5,11,44,38,43,33.81646699288347,53.591004489453844,6
5,46,14,46,19,13.896466992883468,66.24100448945384,8
3,9,42,22,31,23.436466992883467,41.53100448945384,5
2,9,14,10,22,16.81646699288347,42.31100448945384,9
4,9,34,33,32,30.83646699288347,45.78100448945384,7
4,9,22,17,21,14.81646699288347,34.841004489453844,7
6,23,36,24,41,13.81646699288347,45.08100448945384,9
3,9,39,10,53,22.81646699288347,56.72100448945384,7
3,23,14,24,35,29.81646699288347,45.08100448945384,9
5,9,34,21,32,18.86646699288347,35.481004489453845,7
3,18,14,21,25,19.986466992883468,43.96100448945384,1
6,9,14,36,12,33.836466992883466,53.08100448945384,6
7,9,31,20,13,27.53646699288347,54.75100448945384,3
3,9,47,11,68,29.83646699288347,71.49100448945384,2
6,34,55,49,63,24.45646699288347,76.37100448945384,8
2,9,14,10,33,27.81646699288347,60.31100448945384,7
5,11,37,32,38,27.91646699288347,44.37100448945384,7
5,20,49,42,59,31.52646699288347,67.68100448945384,8
7,43,34,20,26,32.81646699288347,66.68100448945384,3
4,9,28,23,26,20.85646699288347,59.99100448945384,6
3,16,14,18,31,25.84646699288347,44.31100448945384,1
2,9,14,10,34,28.81646699288347,59.58100448945384,7
3,9,38,11,45,15.876466992883469,51.07100448945384,6
3,9,33,10,56,31.81646699288347,60.81100448945384,10
5,9,38,19,43,18.63646699288347,51.32100448945384,4
4,9,14,20,13,17.81646699288347,38.00100448945384,10
4,9,35,20,34,17.81646699288347,67.66100448945384,7
3,9,30,12,52,30.90646699288347,56.35100448945384,10
4,9,28,12,34,15.09646699288347,42.371004489453846,4
4,9,28,12,34,15.09646699288347,42.371004489453846,4
5,16,45,19,41,11.42646699288347,48.18100448945384,2
3,12,25,10,35,19.21646699288347,61.19100448945384,8
2,24,14,12,19,22.13646699288347,39.371004489453846,4
4,9,26,28,25,25.81646699288347,47.79100448945384,1
6,26,14,28,24,18.86646699288347,37.981004489453845,8
6,9,14,30,13,27.81646699288347,50.89100448945384,6
4,11,52,20,47,16.756466992883468,50.92100448945384,3
3,18,14,19,29,23.81646699288347,46.24100448945384,9
4,9,38,44,49,43.87646699288347,60.591004489453844,4
4,9,31,35,23,33.77646699288347,64.41100448945384,1
6,25,22,16,17,18.58646699288347,39.911004489453845,5
3,15,14,16,36,30.81646699288347,58.451004489453844,9
4,31,38,33,30,14.88646699288347,52.12100448945384,5
3,11,23,10,31,17.03646699288347,51.32100448945384,4
8,14,32,10,29,13.206466992883469,39.93100448945384,3
3,32,14,34,27,21.85646699288347,56.86100448945384,1
2,9,14,10,34,28.81646699288347,49.49100448945384,6
5,9,38,20,38,17.86646699288347,43.72100448945384,6
5,11,38,19,39,15.09646699288347,39.301004489453845,6
5,17,49,28,42,19.47646699288347,54.021004489453844,3
2,9,14,10,19,13.81646699288347,47.951004489453844,6
4,10,56,17,51,15.026466992883469,54.021004489453844,2
3,9,22,10,38,24.81646699288347,45.04100448945384,10
4,9,37,34,34,31.896466992883468,59.44100448945384,7
6,9,14,21,12,18.86646699288347,42.47100448945384,6
5,9,28,11,39,19.85646699288347,45.78100448945384,9
7,11,45,30,48,26.25646699288347,54.08100448945384,1
4,9,28,18,27,15.81646699288347,50.881004489453844,1
8,9,20,32,13,30.61646699288347,66.97100448945385,3
2,9,14,10,37,31.81646699288347,61.64100448945384,9
4,9,35,32,37,30.01646699288347,58.48100448945384,9
4,9,21,20,18,18.01646699288347,42.131004489453844,6
3,9,21,10,26,13.81646699288347,27.231004489453845,7
5,38,59,47,50,19.12646699288347,72.47100448945385,2
5,11,32,22,37,19.47646699288347,37.90100448945384,4
4,9,28,32,21,30.61646699288347,52.411004489453845,1
4,18,34,23,29,13.47646699288347,38.36100448945384,5
4,9,27,18,32,17.81646699288347,43.271004489453844,8
4,9,26,30,24,27.83646699288347,43.87100448945384,6
6,22,22,23,38,24.81646699288347,40.14100448945384,9
6,22,40,23,30,16.81646699288347,47.47100448945384,3
6,26,37,10,22,29.83646699288347,61.99100448945384,2
2,39,14,10,26,40.51646699288347,60.11100448945384,8
7,16,44,10,39,15.876466992883469,54.021004489453844,2
2,9,14,10,27,21.81646699288347,39.25100448945384,10
3,9,29,12,43,22.94646699288347,53.591004489453844,6
6,15,34,22,37,15.026466992883469,38.85100448945384,8
3,11,17,10,19,11.42646699288347,28.961004489453842,8
5,23,38,25,32,12.916466992883468,44.61100448945384,3
7,37,40,20,32,27.12646699288347,68.38100448945384,3
5,9,29,10,41,20.81646699288347,49.28100448945384,9
5,9,29,33,39,33.31646699288347,48.55100448945384,1
6,9,14,28,15,25.92646699288347,42.18100448945384,6
3,9,25,11,40,23.84646699288347,44.67100448945384,10
2,9,14,10,26,20.81646699288347,61.40100448945384,6
4,9,14,26,15,23.93646699288347,56.01100448945384,10
6,26,24,10,13,27.53646699288347,54.90100448945384,5
5,22,30,23,21,15.81646699288347,38.36100448945384,5
3,24,14,25,27,21.81646699288347,37.701004489453844,1
2,26,14,10,26,29.21646699288347,54.53100448945384,4
4,9,36,31,33,28.91646699288347,46.07100448945384,6
4,11,48,17,43,14.216466992883468,45.78100448945384,2
5,21,63,34,54,22.236466992883468,71.08100448945385,3
4,9,57,20,50,19.47646699288347,55.22100448945384,3
6,24,33,24,25,14.88646699288347,44.61100448945384,3
8,16,40,10,34,16.416466992883468,63.841004489453844,3
3,9,52,11,76,32.836466992883466,80.42100448945384,2
7,9,49,19,13,43.95646699288347,63.701004489453844,3
4,16,38,24,32,16.416466992883468,42.371004489453846,5
2,9,14,10,41,35.81646699288347,41.53100448945384,5
6,23,26,18,40,23.97646699288347,41.481004489453845,1
5,11,32,22,37,19.47646699288347,37.90100448945384,4
5,11,46,42,47,37.88646699288347,57.76100448945384,6
3,21,14,23,24,18.86646699288347,48.23100448945384,1
6,25,23,10,13,26.17646699288347,57.82100448945384,5
5,9,31,15,50,28.43646699288347,49.15100448945384,1
5,9,23,11,24,10.056466992883468,27.711004489453842,8
4,9,25,29,26,26.91646699288347,43.271004489453844,1
2,9,14,10,43,37.81646699288347,51.33100448945384,2
4,10,50,13,47,10.646466992883468,47.29100448945384,3
7,11,52,15,56,13.646466992883468,55.71100448945384,1
2,9,14,10,23,17.81646699288347,47.43100448945384,1
3,9,35,10,41,14.81646699288347,40.191004489453846,2
5,16,45,19,41,11.42646699288347,48.18100448945384,2
3,9,28,10,37,17.81646699288347,41.68100448945384,7
5,24,29,24,21,14.88646699288347,44.61100448945384,5
5,25,40,26,29,17.81646699288347,49.55100448945384,2
3,11,39,21,29,20.54646699288347,38.381004489453844,5
5,9,22,10,28,14.81646699288347,46.58100448945384,9
7,16,19,10,13,16.416466992883468,42.371004489453846,5
3,9,32,10,42,18.81646699288347,42.451004489453844,10
2,9,14,10,32,26.81646699288347,38.00100448945384,10
5,9,38,12,43,14.13646699288347,41.661004489453845,1
8,15,27,10,22,15.026466992883469,53.271004489453844,3
4,9,23,33,19,31.00646699288347,45.78100448945384,9
3,9,23,12,34,19.986466992883468,42.18100448945384,6
4,29,44,44,37,23.04646699288347,59.87100448945384,5
5,9,31,10,39,16.81646699288347,39.301004489453845,9
4,10,55,27,45,26.17646699288347,55.451004489453844,3
6,21,53,10,44,22.236466992883468,65.41100448945384,2
2,9,14,10,36,30.81646699288347,51.79100448945384,10
7,23,43,10,36,23.04646699288347,60.72100448945384,2
6,29,35,29,27,14.88646699288347,51.381004489453844,3
3,9,26,10,41,23.81646699288347,50.771004489453844,6
6,45,47,10,33,46.09646699288347,78.49100448945384,3
3,11,36,12,54,26.81646699288347,54.08100448945384,3
2,9,14,10,31,25.81646699288347,52.30100448945384,9
2,9,14,10,22,16.81646699288347,47.43100448945384,9
4,10,60,15,58,11.936466992883469,57.94100448945384,3
2,9,14,10,26,20.81646699288347,62.06100448945384,10
5,23,33,24,23,16.81646699288347,42.371004489453846,5
2,9,14,10,33,27.81646699288347,57.93100448945384,7
2,9,14,10,33,27.81646699288347,51.92100448945384,1
2,9,14,12,42,36.88646699288347,55.04100448945384,3
3,9,27,10,48,29.81646699288347,59.87100448945384,10
4,9,30,30,27,27.91646699288347,48.51100448945384,6
2,9,14,10,35,29.81646699288347,65.27100448945384,6
4,9,39,32,37,29.83646699288347,56.72100448945384,7
4,9,27,16,26,13.81646699288347,52.841004489453844,6
2,29,14,15,20,24.36646699288347,55.79100448945384,4
6,29,24,28,38,22.94646699288347,43.091004489453844,1
8,17,26,10,19,17.81646699288347,51.79100448945384,2
3,10,35,11,41,14.81646699288347,39.93100448945384,3
4,9,57,20,50,19.47646699288347,55.22100448945384,3
4,9,34,34,31,31.896466992883468,52.69100448945384,6
4,9,28,19,31,17.666466992883468,45.28100448945384,1
4,15,34,26,29,18.58646699288347,39.911004489453845,5
5,9,34,10,55,29.81646699288347,57.591004489453844,9
5,9,50,42,50,39.83646699288347,59.99100448945384,6
2,9,14,10,25,19.81646699288347,47.79100448945384,1
6,19,21,22,41,28.91646699288347,41.53100448945384,1
4,9,30,21,25,19.51646699288347,49.67100448945384,9
6,22,48,17,42,15.626466992883469,55.04100448945384,3
7,31,22,28,21,11.81646699288347,54.98100448945384,8
2,9,14,12,39,33.89646699288347,50.36100448945384,3
6,29,23,24,22,13.81646699288347,59.40100448945384,8
2,55,14,44,21,22.236466992883468,80.38100448945384,8
3,9,21,10,27,14.81646699288347,29.511004489453846,10
2,9,14,10,33,27.81646699288347,57.591004489453844,9
5,11,47,27,45,22.846466992883467,54.67100448945384,6
8,20,25,17,24,11.81646699288347,27.351004489453842,8
6,16,36,10,29,17.03646699288347,44.05100448945384,3
5,28,30,29,21,15.81646699288347,41.68100448945384,5
3,11,37,19,33,15.436466992883469,37.49100448945384,5
2,9,14,10,34,28.81646699288347,56.01100448945384,1
3,15,14,18,25,19.986466992883468,43.091004489453844,9
4,9,30,10,46,24.81646699288347,67.89100448945385,8
4,9,25,19,22,17.03646699288347,39.53100448945384,1
4,9,14,21,15,18.99646699288347,33.90100448945384,10
8,11,52,16,43,16.756466992883468,49.90100448945384,1
4,9,14,22,13,19.81646699288347,31.07100448945384,10
3,9,25,12,48,31.896466992883468,59.24100448945384,6
6,9,14,49,12,46.82646699288347,69.87100448945384,6
4,9,54,24,45,23.93646699288347,54.53100448945384,3
8,30,20,27,19,11.81646699288347,47.69100448945384,8
2,9,14,10,37,31.81646699288347,46.76100448945384,7
2,9,14,10,47,41.81646699288347,51.57100448945384,5
7,38,34,26,26,22.576466992883468,67.15100448945384,2
4,9,14,26,15,23.93646699288347,46.85100448945384,10
4,9,30,23,37,23.076466992883468,52.94100448945384,4
2,9,14,11,48,42.82646699288347,59.87100448945384,5
3,9,32,11,44,20.85646699288347,46.00100448945384,7
4,11,56,17,50,14.88646699288347,55.04100448945384,3
4,9,69,32,62,30.61646699288347,76.26100448945384,2
4,9,38,26,49,27.81646699288347,50.47100448945384,4
4,9,31,21,33,19.21646699288347,39.301004489453845,9
5,9,32,10,41,17.81646699288347,50.021004489453844,9
2,9,14,10,38,32.81646699288347,58.58100448945384,10
5,9,25,11,45,28.83646699288347,51.07100448945384,9
2,24,14,12,19,22.13646699288347,39.371004489453846,4
2,9,14,10,40,34.81646699288347,61.99100448945384,2
6,20,42,21,34,14.81646699288347,44.911004489453845,2
2,9,14,10,34,28.81646699288347,69.08100448945385,6
6,21,44,10,34,22.81646699288347,59.58100448945384,2
2,9,14,10,33,27.81646699288347,42.831004489453846,10
5,9,26,10,50,32.81646699288347,55.72100448945384,9
4,9,22,10,28,14.81646699288347,40.801004489453845,4
2,21,14,10,22,22.81646699288347,41.53100448945384,4
6,34,24,10,13,34.74646699288347,60.11100448945384,5
5,9,47,42,44,39.87646699288347,57.04100448945384,7
3,9,36,10,57,29.81646699288347,60.26100448945384,3
8,41,23,39,22,10.81646699288347,57.76100448945384,8
2,9,14,10,31,25.81646699288347,40.621004489453846,1
2,21,14,12,19,19.47646699288347,37.90100448945384,4
4,9,38,35,30,33.77646699288347,60.81100448945384,1
8,26,43,27,43,8.81646699288347,46.06100448945384,1
5,11,43,30,42,25.81646699288347,46.30100448945384,6
5,23,28,22,20,15.09646699288347,43.271004489453844,5
5,25,29,26,21,14.81646699288347,38.271004489453844,5
2,9,14,10,33,27.81646699288347,48.87100448945384,6
5,14,41,17,38,10.646466992883468,39.93100448945384,3
4,9,24,10,34,18.81646699288347,46.85100448945384,4
4,9,30,17,28,14.88646699288347,57.11100448945384,7
5,9,31,17,34,15.876466992883469,40.14100448945384,8
4,9,46,16,45,13.81646699288347,44.911004489453845,2
5,11,50,47,51,42.87646699288347,64.83100448945385,6
2,9,14,10,22,16.81646699288347,42.18100448945384,6
2,9,14,10,33,27.81646699288347,60.73100448945384,1
5,23,25,10,13,25.61646699288347,46.00100448945384,5
2,26,14,23,16,12.81646699288347,37.981004489453845,8
3,9,38,10,50,20.81646699288347,53.61100448945384,10
6,56,39,10,19,58.51646699288347,87.29100448945384,3
2,9,14,10,33,27.81646699288347,51.79100448945384,2
2,9,14,10,34,28.81646699288347,45.25100448945384,3
5,16,45,19,41,11.42646699288347,47.47100448945384,3
4,9,14,17,15,15.09646699288347,46.76100448945384,10
6,27,43,26,67,32.89646699288347,67.99100448945384,9
5,20,56,34,50,21.74646699288347,61.19100448945384,2
2,9,14,10,38,32.81646699288347,60.81100448945384,10
2,9,14,11,35,29.83646699288347,39.50100448945384,5
4,9,22,21,26,19.896466992883468,48.71100448945384,9
7,31,34,28,27,15.026466992883469,60.26100448945384,3
5,9,44,39,41,36.88646699288347,52.80100448945384,6
2,9,14,10,51,45.81646699288347,60.11100448945384,5
4,9,26,12,31,14.13646699288347,37.90100448945384,4
6,30,40,29,53,21.95646699288347,63.46100448945384,1
2,9,14,10,19,13.81646699288347,45.78100448945384,6
4,27,39,31,33,13.646466992883468,47.69100448945384,5
5,9,23,10,44,29.81646699288347,47.43100448945384,9
3,27,19,10,23,26.49646699288347,54.26100448945384,8
6,24,14,24,24,18.86646699288347,44.61100448945384,8
4,11,57,40,47,37.226466992883466,63.50100448945384,3
5,11,35,24,41,21.70646699288347,42.371004489453846,4
4,9,20,28,19,25.81646699288347,47.79100448945384,7
4,9,20,17,21,15.09646699288347,29.941004489453846,7
9,9,30,22,13,27.81646699288347,56.25100448945384,3
4,11,74,24,69,20.46646699288347,74.32100448945384,2
6,18,24,19,48,32.81646699288347,47.21100448945384,9
3,20,24,10,33,22.686466992883467,63.57100448945384,4
2,9,14,11,34,28.83646699288347,37.47100448945384,5
3,9,26,10,37,19.81646699288347,55.48100448945384,4
3,24,14,26,23,17.86646699288347,44.69100448945384,9
4,11,56,22,48,20.02646699288347,54.75100448945384,3
5,11,40,32,39,27.81646699288347,45.131004489453844,6
5,25,55,26,42,19.81646699288347,64.83100448945385,3
2,42,14,18,21,34.06646699288347,70.98100448945384,8
7,10,42,13,48,15.09646699288347,49.15100448945384,1
6,25,37,10,27,26.17646699288347,51.381004489453844,3
5,16,14,17,21,15.81646699288347,29.43100448945384,8
7,28,32,20,25,18.63646699288347,57.17100448945384,2
4,9,26,10,37,19.81646699288347,51.32100448945384,4
4,9,23,37,20,34.88646699288347,52.11100448945384,9
2,9,14,10,26,20.81646699288347,47.47100448945384,10
4,9,55,20,52,18.01646699288347,53.521004489453844,2
3,10,52,27,43,25.70646699288347,53.56100448945384,5
7,11,51,12,51,8.81646699288347,49.90100448945384,1
5,26,51,27,36,21.81646699288347,61.99100448945384,2
6,38,40,39,29,17.81646699288347,55.00100448945384,3
6,20,14,19,22,17.03646699288347,36.621004489453846,8
4,9,24,18,27,16.756466992883468,27.191004489453846,8
2,9,14,12,35,29.90646699288347,39.93100448945384,3
6,26,24,10,13,27.53646699288347,53.56100448945384,5
4,9,25,30,26,27.91646699288347,45.131004489453844,6
8,13,62,29,53,24.81646699288347,63.46100448945384,1
6,34,14,36,19,13.896466992883468,48.55100448945384,8
8,11,51,15,43,15.436466992883469,48.73100448945384,1
6,17,40,26,45,17.81646699288347,46.85100448945384,4
6,21,44,10,34,22.81646699288347,59.58100448945384,2
3,10,53,27,43,26.17646699288347,54.90100448945384,5
4,9,30,20,27,18.01646699288347,44.36100448945384,6
6,25,20,27,43,31.83646699288347,55.451004489453844,1
2,9,14,10,27,21.81646699288347,35.261004489453846,10
5,11,38,30,36,25.84646699288347,45.131004489453844,6
3,11,36,25,27,23.076466992883468,37.701004489453844,5
2,9,14,10,30,24.81646699288347,40.60100448945384,1
9,9,35,26,13,34.21646699288347,72.81100448945385,3
4,9,32,31,41,31.07646699288347,46.07100448945384,4
6,9,14,16,11,14.13646699288347,46.68100448945384,6
2,23,14,10,24,25.61646699288347,48.23100448945384,8
3,28,14,31,24,18.99646699288347,38.871004489453846,9
3,9,35,10,45,18.81646699288347,44.911004489453845,2
3,9,23,10,44,29.81646699288347,53.08100448945384,7
6,28,20,15,16,22.13646699288347,38.661004489453845,5
6,9,14,17,14,14.88646699288347,50.771004489453844,6
2,38,14,14,24,35.126466992883465,64.32100448945384,8
6,18,45,17,39,13.206466992883469,50.36100448945384,3
4,9,24,17,27,15.876466992883469,28.271004489453844,8
2,9,14,10,45,39.81646699288347,64.78100448945385,2
7,31,28,10,19,31.22646699288347,56.521004489453844,2
7,9,47,31,54,30.28646699288347,58.08100448945384,1
3,9,21,12,36,23.93646699288347,40.28100448945384,7
7,29,32,28,25,14.13646699288347,58.49100448945384,2
3,9,20,11,37,25.84646699288347,45.78100448945384,6
5,17,14,19,24,18.86646699288347,32.17100448945384,8
6,28,40,10,29,29.28646699288347,59.92100448945384,2
8,9,39,18,13,34.06646699288347,55.04100448945384,3
8,19,38,10,33,18.58646699288347,57.56100448945384,2
5,10,42,22,41,18.81646699288347,41.53100448945384,7
3,12,16,10,17,11.42646699288347,25.491004489453843,8
4,9,40,39,53,40.01646699288347,61.07100448945384,8
2,9,14,10,26,20.81646699288347,52.18100448945384,9
3,9,28,12,50,30.90646699288347,59.99100448945384,6
7,9,29,20,13,25.84646699288347,52.701004489453844,3
4,9,24,23,21,20.96646699288347,40.14100448945384,9
3,9,23,10,41,26.81646699288347,46.07100448945384,10
3,27,14,28,37,31.81646699288347,69.89100448945385,1
6,25,20,27,44,32.836466992883466,46.43100448945384,9
4,11,65,20,60,16.756466992883468,72.92100448945385,2
3,16,20,10,25,17.03646699288347,53.26100448945384,4
3,9,39,10,46,15.81646699288347,52.411004489453845,7
2,9,14,11,42,36.836466992883466,50.631004489453844,3
5,9,25,24,44,32.226466992883466,51.53100448945384,1
2,9,14,10,23,17.81646699288347,35.42100448945384,9
3,9,25,10,35,18.81646699288347,46.00100448945384,4
7,10,38,12,37,8.81646699288347,36.07100448945384,1
6,9,14,33,15,30.90646699288347,45.78100448945384,6
5,11,43,30,42,25.81646699288347,46.30100448945384,6
7,10,48,16,53,15.626466992883469,52.83100448945384,1
5,32,22,10,13,32.16646699288347,44.31100448945384,5
3,10,37,31,29,29.00646699288347,42.21100448945384,5
3,10,44,28,37,25.84646699288347,50.771004489453844,5
5,9,34,17,38,16.416466992883468,50.771004489453844,8
5,9,23,12,36,21.95646699288347,50.271004489453844,9
4,10,65,36,59,33.31646699288347,68.78100448945385,2
2,9,14,10,33,27.81646699288347,39.301004489453845,10
7,20,40,16,35,14.216466992883468,50.631004489453844,3
7,9,41,24,13,38.226466992883466,70.74100448945384,3
6,26,33,10,19,29.21646699288347,56.76100448945384,3
4,9,65,20,58,19.47646699288347,64.23100448945384,3
3,17,19,10,23,17.24646699288347,46.85100448945384,4
7,9,20,29,13,27.73646699288347,66.30100448945385,3
3,9,49,10,58,17.81646699288347,57.39100448945384,3
2,9,14,11,35,29.83646699288347,47.47100448945384,3
5,40,32,26,22,25.30646699288347,57.82100448945384,5
2,47,14,24,25,34.64646699288347,70.74100448945384,8
4,9,31,29,25,27.46646699288347,52.661004489453845,9
6,23,22,10,13,23.93646699288347,49.08100448945384,5
2,9,14,10,36,30.81646699288347,54.67100448945384,10
6,9,14,39,14,36.836466992883466,59.99100448945384,6
5,9,48,39,48,36.836466992883466,56.521004489453844,7
5,42,63,43,49,20.81646699288347,78.67100448945384,3
3,20,14,22,19,13.896466992883468,37.011004489453846,9
5,10,45,31,44,27.81646699288347,48.51100448945384,7
6,15,37,16,60,31.81646699288347,58.451004489453844,9
6,32,40,41,45,17.81646699288347,55.62100448945384,4
8,18,24,13,23,13.81646699288347,27.711004489453842,8
7,32,45,22,36,21.416466992883468,74.39100448945385,3
5,9,20,11,34,22.846466992883467,43.091004489453844,1
2,9,14,10,19,13.81646699288347,32.54100448945384,7
5,9,45,24,43,21.85646699288347,48.51100448945384,6
4,9,57,30,49,29.00646699288347,61.32100448945384,2
3,9,23,10,31,16.81646699288347,45.131004489453844,8
3,10,34,11,46,20.81646699288347,55.00100448945384,3
4,9,22,10,29,15.81646699288347,38.85100448945384,8
2,9,14,10,36,30.81646699288347,59.58100448945384,2
2,9,14,10,38,32.81646699288347,60.31100448945384,1
5,9,33,17,37,16.416466992883468,42.371004489453846,4
3,34,14,36,26,20.85646699288347,49.28100448945384,9
2,9,14,12,52,46.86646699288347,78.19100448945385,3
3,9,42,10,66,32.81646699288347,69.67100448945385,2
3,31,14,34,22,17.03646699288347,42.31100448945384,9
6,18,40,19,52,20.81646699288347,51.091004489453844,9
2,9,14,12,52,46.86646699288347,55.36100448945384,5
3,11,46,24,39,21.236466992883468,46.85100448945384,5
5,15,44,35,39,27.23646699288347,53.271004489453844,3
7,9,30,26,13,30.44646699288347,62.62100448945384,3
6,18,40,27,45,17.81646699288347,47.31100448945384,4
6,23,52,10,40,25.61646699288347,70.74100448945384,3
5,9,46,38,45,35.81646699288347,53.591004489453844,6
2,9,14,10,45,39.81646699288347,66.97100448945385,3
6,21,21,22,34,21.81646699288347,55.71100448945384,1
3,10,52,39,39,38.27646699288347,58.87100448945384,5
3,9,27,10,41,22.81646699288347,48.61100448945384,7
4,9,35,34,31,32.00646699288347,47.951004489453844,9
4,9,28,25,27,22.81646699288347,37.701004489453844,6
6,15,37,16,60,31.81646699288347,58.451004489453844,9
2,9,14,12,38,32.89646699288347,42.47100448945384,5
5,9,35,10,56,29.81646699288347,55.99100448945384,9
5,11,46,30,46,25.84646699288347,56.35100448945384,6
6,16,24,18,29,13.896466992883468,35.42100448945384,9
4,9,32,24,31,21.81646699288347,59.341004489453844,6
2,26,14,18,18,18.11646699288347,37.981004489453845,8
3,11,36,25,27,23.076466992883468,37.701004489453844,5
4,9,25,26,19,24.57646699288347,46.43100448945384,9
4,10,51,14,49,10.97646699288347,50.29100448945384,2
3,10,52,39,39,38.27646699288347,58.87100448945384,5
5,26,14,28,22,16.87646699288347,53.56100448945384,8
6,26,40,10,26,29.21646699288347,63.881004489453844,2
6,33,24,35,37,21.85646699288347,50.12100448945384,1
5,19,53,21,45,14.88646699288347,53.521004489453844,2
5,9,30,11,37,15.876466992883469,50.271004489453844,1
7,37,14,38,23,17.81646699288347,54.26100448945384,8
2,9,14,12,47,41.87646699288347,49.08100448945384,5
5,9,21,11,45,32.836466992883466,49.90100448945384,1
3,9,21,10,27,14.81646699288347,36.07100448945384,4
5,11,55,31,53,26.84646699288347,65.63100448945384,6
3,12,20,10,25,14.526466992883469,38.36100448945384,4
2,9,14,10,36,30.81646699288347,53.271004489453844,9
2,9,14,10,48,42.81646699288347,63.87100448945384,3
4,9,14,29,14,26.84646699288347,38.661004489453845,10
2,9,14,11,43,37.836466992883466,63.87100448945384,3
2,9,14,10,33,27.81646699288347,51.79100448945384,2
2,21,14,10,22,22.81646699288347,41.53100448945384,4
6,9,14,27,13,24.81646699288347,38.091004489453844,6
3,9,32,12,51,27.91646699288347,62.81100448945384,6
4,19,32,21,24,14.88646699288347,35.67100448945384,5
5,11,31,18,31,13.896466992883468,32.701004489453844,7
7,35,48,29,41,17.03646699288347,72.81100448945385,3
6,43,44,10,30,44.21646699288347,73.20100448945385,2
3,9,36,10,45,17.81646699288347,44.05100448945384,3
4,21,32,22,22,16.81646699288347,41.53100448945384,5
3,9,29,12,49,28.91646699288347,64.83100448945385,6
5,9,21,12,30,18.01646699288347,38.871004489453846,9
5,9,35,12,39,13.206466992883469,47.31100448945384,8
5,21,23,10,13,22.81646699288347,42.451004489453844,5
6,23,41,10,29,25.61646699288347,62.62100448945384,3
4,9,14,26,15,23.93646699288347,51.381004489453844,10
4,9,31,46,28,43.87646699288347,64.88100448945384,6
6,25,43,10,30,27.81646699288347,64.52100448945384,2
4,9,52,26,44,25.27646699288347,52.30100448945384,3
3,9,42,22,31,23.436466992883467,41.53100448945384,5
2,9,14,10,34,28.81646699288347,41.75100448945384,2
2,9,14,10,31,25.81646699288347,61.29100448945384,6
2,9,14,11,47,41.82646699288347,52.12100448945384,5
3,11,48,12,65,25.81646699288347,68.34100448945385,3
5,10,52,43,50,39.83646699288347,61.40100448945384,6
2,9,14,10,20,14.81646699288347,51.07100448945384,1
3,9,39,10,53,22.81646699288347,56.72100448945384,7
2,9,14,10,26,20.81646699288347,59.87100448945384,10
4,10,61,22,55,19.896466992883468,61.771004489453844,3
5,9,26,11,28,10.97646699288347,31.661004489453845,8
8,31,20,27,19,12.81646699288347,58.48100448945384,8
2,31,14,10,21,31.22646699288347,43.631004489453844,4
4,9,36,35,22,35.99646699288347,71.91100448945384,1
6,32,20,32,30,18.86646699288347,45.78100448945384,9
5,9,21,12,45,32.89646699288347,49.35100448945384,9
3,11,44,12,56,20.81646699288347,63.50100448945384,3
3,11,21,10,27,15.09646699288347,42.371004489453846,4
2,9,14,10,47,41.81646699288347,61.32100448945384,2
6,22,21,25,32,19.986466992883468,40.22100448945384,9
7,16,14,17,23,17.81646699288347,27.711004489453842,8
5,9,28,10,48,28.81646699288347,52.411004489453845,9
3,10,19,10,23,12.916466992883468,34.92100448945384,8
3,11,35,12,55,28.81646699288347,54.75100448945384,3
5,9,28,12,47,27.91646699288347,46.24100448945384,9
4,10,67,22,60,20.346466992883467,65.41100448945384,2
3,9,47,11,61,22.846466992883467,63.87100448945384,2
5,26,21,10,13,26.19646699288347,37.32100448945384,5
7,14,17,10,13,13.646466992883468,34.331004489453846,5
8,35,32,10,22,35.32646699288347,79.67100448945384,2
4,21,35,24,27,15.09646699288347,43.271004489453844,5
2,9,14,10,41,35.81646699288347,49.55100448945384,2
7,29,34,20,26,20.02646699288347,59.82100448945384,3
2,9,14,10,31,25.81646699288347,54.75100448945384,1
4,9,39,24,19,31.41646699288347,58.201004489453844,9
5,12,47,32,57,29.76646699288347,61.19100448945384,8
3,9,19,10,23,12.81646699288347,27.191004489453846,8
3,9,25,12,34,18.01646699288347,39.39100448945384,7
4,9,14,35,15,32.89646699288347,49.36100448945384,10
7,9,30,30,30,27.83646699288347,37.32100448945384,1
3,9,46,11,68,30.83646699288347,68.35100448945384,2
2,34,14,14,25,32.00646699288347,67.43100448945384,8
2,9,14,10,19,13.81646699288347,29.941004489453846,7
5,9,25,11,42,25.84646699288347,51.29100448945384,1
3,10,22,10,29,15.876466992883469,46.85100448945384,4
5,9,28,15,33,15.626466992883469,32.261004489453846,1
5,27,32,26,22,17.03646699288347,50.43100448945384,5
3,9,20,11,44,32.836466992883466,53.08100448945384,6
7,26,14,29,21,16.06646699288347,37.981004489453845,8
3,18,14,21,25,19.986466992883468,49.67100448945384,9
4,21,32,22,22,16.81646699288347,41.53100448945384,5
3,9,53,12,68,23.93646699288347,71.49100448945384,2
5,9,35,18,59,34.06646699288347,58.14100448945384,1
6,9,14,25,13,22.81646699288347,52.80100448945384,6
3,16,19,10,23,16.416466992883468,50.771004489453844,8
2,9,14,10,33,27.81646699288347,52.69100448945384,6
7,16,19,10,13,16.416466992883468,41.481004489453845,5
2,23,14,17,18,16.416466992883468,42.371004489453846,4
5,9,27,12,48,29.90646699288347,51.92100448945384,1
5,9,30,12,33,12.286466992883469,37.90100448945384,4
2,9,14,12,48,42.87646699288347,75.69100448945385,3
3,15,14,16,20,14.81646699288347,36.07100448945384,1
7,28,37,22,30,17.03646699288347,61.771004489453844,3
2,23,14,17,18,16.416466992883468,42.371004489453846,4
3,9,20,11,31,19.85646699288347,35.831004489453846,7
4,9,14,29,14,26.84646699288347,45.74100448945384,10
4,9,38,26,49,27.81646699288347,50.47100448945384,4
2,9,14,10,29,23.81646699288347,51.381004489453844,10
5,32,31,32,21,16.87646699288347,52.12100448945384,5
3,9,23,10,31,16.81646699288347,41.53100448945384,4
6,28,63,29,49,20.81646699288347,74.01100448945384,3
4,9,21,18,20,15.81646699288347,34.481004489453845,7
6,9,14,42,14,39.83646699288347,60.75100448945384,6
3,10,35,20,29,18.11646699288347,37.47100448945384,5
4,9,30,17,28,14.88646699288347,57.11100448945384,7
5,25,35,26,23,18.81646699288347,46.85100448945384,5
4,11,61,21,57,17.30646699288347,59.341004489453844,3
5,9,24,10,34,18.81646699288347,40.07100448945384,9
4,9,22,16,26,15.626466992883469,46.58100448945384,9
3,9,35,10,45,18.81646699288347,45.25100448945384,3
6,9,14,21,13,18.81646699288347,45.08100448945384,6
5,9,24,11,36,20.85646699288347,35.42100448945384,9
7,9,24,28,13,28.40646699288347,64.21100448945384,3
5,12,47,32,57,29.76646699288347,61.68100448945384,8
6,19,20,10,13,19.47646699288347,39.371004489453846,5
3,16,19,10,23,16.416466992883468,42.371004489453846,8
2,9,14,10,26,20.81646699288347,41.96100448945384,10
7,26,42,18,35,18.63646699288347,61.05100448945384,2
4,9,34,35,33,32.81646699288347,57.93100448945384,7
3,34,14,37,20,15.09646699288347,52.11100448945384,9
4,30,38,34,28,17.30646699288347,49.49100448945384,5
8,9,20,29,13,27.73646699288347,58.08100448945384,3
5,9,22,11,39,25.84646699288347,48.55100448945384,9
4,9,24,10,34,18.81646699288347,48.81100448945384,4
3,9,25,12,39,22.94646699288347,45.131004489453844,6
3,9,21,11,39,26.84646699288347,41.481004489453845,7
6,30,26,31,48,30.81646699288347,51.89100448945384,1
7,19,36,10,29,19.47646699288347,50.92100448945384,3
7,21,14,24,23,18.01646699288347,38.85100448945384,8
2,9,14,10,38,32.81646699288347,60.11100448945384,3
6,17,28,13,52,33.31646699288347,50.881004489453844,1
2,9,14,11,41,35.836466992883466,42.371004489453846,5
5,9,47,29,48,26.91646699288347,54.67100448945384,6
3,27,14,29,21,15.876466992883469,49.15100448945384,9
4,9,14,16,13,13.81646699288347,37.75100448945384,10
3,26,20,10,25,25.84646699288347,53.87100448945384,4
7,9,26,26,13,27.81646699288347,63.50100448945384,3
5,9,32,11,51,27.83646699288347,56.01100448945384,9
2,9,14,10,29,23.81646699288347,47.131004489453844,10
6,9,14,18,13,15.81646699288347,40.28100448945384,6
4,11,48,24,43,20.46646699288347,51.57100448945384,3
4,9,14,18,15,16.06646699288347,30.771004489453844,10
5,28,14,28,22,16.87646699288347,59.40100448945384,8
3,9,44,10,60,24.81646699288347,68.50100448945385,2
4,9,39,20,38,17.81646699288347,61.08100448945384,9
3,9,28,10,33,13.81646699288347,37.701004489453844,6
3,25,14,26,29,23.81646699288347,55.85100448945384,9
5,9,22,10,42,28.81646699288347,45.55100448945384,9
7,19,41,10,34,19.47646699288347,53.521004489453844,2
5,21,56,22,46,16.81646699288347,60.55100448945384,2
4,9,14,30,14,27.83646699288347,43.87100448945384,10
4,9,31,27,28,24.93646699288347,52.701004489453844,9
7,27,32,18,25,19.47646699288347,54.021004489453844,3
2,9,14,10,26,20.81646699288347,51.92100448945384,1
3,10,36,11,47,19.81646699288347,47.47100448945384,3
8,15,56,33,56,24.84646699288347,60.81100448945384,1
6,28,40,10,29,29.28646699288347,59.92100448945384,2
5,12,32,23,37,19.47646699288347,38.36100448945384,4
4,9,36,33,21,34.74646699288347,53.271004489453844,9
5,11,37,32,38,27.91646699288347,44.37100448945384,7
3,11,37,12,54,25.81646699288347,66.30100448945385,3
3,9,26,10,37,19.81646699288347,52.25100448945384,8
2,9,14,10,19,13.81646699288347,43.091004489453844,1
2,9,14,10,36,30.81646699288347,61.07100448945384,9
7,10,55,14,61,15.436466992883469,63.46100448945384,1
2,26,14,10,21,26.60646699288347,41.68100448945384,8
2,26,14,10,26,29.21646699288347,53.56100448945384,8
2,9,14,12,43,37.88646699288347,49.49100448945384,5
4,19,32,21,24,14.88646699288347,35.67100448945384,5
3,9,53,27,43,27.05646699288347,54.90100448945384,5
4,9,14,25,14,22.846466992883467,54.73100448945384,10
4,9,18,10,22,12.81646699288347,27.711004489453842,8
4,9,32,39,33,36.88646699288347,62.81100448945384,6
4,9,32,22,41,23.436466992883467,41.53100448945384,4
2,9,14,10,22,16.81646699288347,41.481004489453845,10
5,10,41,33,40,29.81646699288347,46.54100448945384,6
4,23,38,26,29,16.06646699288347,47.74100448945384,5
2,9,14,10,52,46.81646699288347,71.49100448945384,2
5,9,28,12,37,18.01646699288347,41.96100448945384,9
3,14,18,10,21,14.216466992883468,35.67100448945384,8
2,9,14,10,41,35.81646699288347,42.371004489453846,5
7,24,42,20,37,14.216466992883468,57.56100448945384,2
4,9,14,25,15,22.94646699288347,37.701004489453844,10
4,22,34,33,29,18.58646699288347,45.04100448945384,5
3,10,43,11,64,29.81646699288347,64.83100448945385,3
9,9,24,20,13,21.95646699288347,50.73100448945384,3
3,9,48,11,55,15.876466992883469,54.021004489453844,2
6,26,23,27,34,19.81646699288347,44.69100448945384,9
2,31,14,20,20,21.70646699288347,62.18100448945384,8
3,9,37,10,46,17.81646699288347,57.04100448945384,7
3,11,20,10,25,14.13646699288347,37.90100448945384,4
4,9,30,32,29,29.81646699288347,57.60100448945384,6
3,9,22,10,35,21.81646699288347,38.871004489453846,7
7,42,14,42,19,13.896466992883468,70.98100448945384,8
5,44,38,45,25,19.81646699288347,61.28100448945384,5
5,42,48,43,33,21.81646699288347,68.50100448945385,2
2,9,14,11,43,37.836466992883466,50.12100448945384,5
2,9,14,10,29,23.81646699288347,56.35100448945384,10
4,9,34,33,32,30.83646699288347,45.78100448945384,7
4,10,59,27,46,27.81646699288347,60.73100448945384,3
5,17,14,18,22,16.81646699288347,27.191004489453846,8
6,21,32,14,40,19.85646699288347,40.621004489453846,1
2,9,14,10,34,28.81646699288347,59.17100448945384,2
9,9,30,14,13,24.30646699288347,39.93100448945384,3
4,9,53,20,47,18.99646699288347,51.33100448945384,2
2,9,14,10,20,14.81646699288347,53.591004489453844,6
5,18,35,31,41,21.70646699288347,47.31100448945384,8
4,11,55,21,50,17.666466992883468,54.08100448945384,3
4,9,22,28,21,25.81646699288347,38.731004489453845,7
2,9,14,10,41,35.81646699288347,53.131004489453844,3
6,24,26,18,51,34.74646699288347,51.92100448945384,1
4,18,28,19,20,14.81646699288347,33.00100448945384,5
4,9,14,31,15,28.91646699288347,46.07100448945384,10
3,16,18,10,21,15.876466992883469,38.36100448945384,8
4,9,21,29,24,27.23646699288347,37.32100448945384,1
6,23,21,26,30,18.01646699288347,45.07100448945384,9
5,9,28,12,48,28.91646699288347,49.15100448945384,1
6,9,14,33,15,30.90646699288347,45.73100448945384,6
4,9,35,28,35,25.84646699288347,46.30100448945384,6
3,9,52,10,72,28.81646699288347,75.54100448945384,2
4,9,26,12,31,14.13646699288347,37.90100448945384,4
6,25,30,10,19,26.68646699288347,49.55100448945384,2
5,43,38,44,25,19.81646699288347,59.87100448945384,5
2,9,14,10,41,35.81646699288347,41.53100448945384,5
5,13,44,20,40,14.526466992883469,42.691004489453846,2
2,9,14,10,27,21.81646699288347,52.411004489453845,1
6,17,26,17,43,25.84646699288347,43.091004489453844,9
6,15,30,27,33,19.51646699288347,37.32100448945384,4
3,9,29,12,35,15.09646699288347,37.07100448945384,7
8,9,23,25,13,25.30646699288347,54.01100448945384,3
4,25,41,28,31,17.03646699288347,50.43100448945384,5
3,9,22,10,35,21.81646699288347,38.871004489453846,10
5,9,38,17,43,17.03646699288347,51.32100448945384,4
5,11,53,35,52,30.81646699288347,57.39100448945384,7
4,10,76,38,68,35.70646699288347,84.85100448945384,3
5,23,48,24,36,18.81646699288347,59.17100448945384,3
2,9,14,10,22,16.81646699288347,49.15100448945384,7
7,29,20,10,13,28.69646699288347,59.87100448945384,5
5,25,30,26,21,15.81646699288347,39.091004489453844,5
3,24,14,26,37,31.83646699288347,53.12100448945384,9
7,21,14,22,21,15.81646699288347,36.131004489453844,8
4,9,14,24,14,21.85646699288347,38.85100448945384,10
3,9,29,10,43,22.81646699288347,69.87100448945384,8
3,9,38,12,58,28.91646699288347,59.92100448945384,2
4,29,38,35,28,18.11646699288347,50.12100448945384,5
5,9,44,31,42,28.83646699288347,50.771004489453844,6
5,9,23,11,39,24.84646699288347,45.78100448945384,9
5,25,30,24,21,16.06646699288347,45.96100448945384,5
4,20,40,26,34,14.88646699288347,47.74100448945384,5
7,30,32,10,19,32.00646699288347,71.49100448945384,2
6,33,37,24,51,25.84646699288347,56.01100448945384,1
6,9,14,25,13,22.81646699288347,52.80100448945384,6
2,9,14,10,32,26.81646699288347,60.11100448945384,10
5,9,49,19,48,16.81646699288347,59.17100448945384,7
4,9,18,10,21,11.81646699288347,25.491004489453843,8
2,9,14,10,32,26.81646699288347,64.92100448945385,1
2,9,14,10,26,20.81646699288347,52.83100448945384,1
5,9,30,11,39,17.86646699288347,49.67100448945384,9
3,9,32,12,53,29.90646699288347,61.29100448945384,6
2,23,14,10,24,25.61646699288347,47.841004489453844,4
2,23,14,12,20,21.70646699288347,42.371004489453846,4
8,13,62,29,53,24.81646699288347,63.46100448945384,1
6,38,49,34,33,23.62646699288347,78.61100448945385,2
5,37,69,50,58,23.436466992883467,84.85100448945384,3
6,28,35,10,19,32.02646699288347,64.30100448945385,3
3,17,14,20,29,23.93646699288347,54.75100448945384,1
2,9,14,10,23,17.81646699288347,35.42100448945384,9
4,9,26,16,31,16.30646699288347,44.31100448945384,4
3,11,20,10,25,14.13646699288347,37.90100448945384,4
3,11,37,12,47,18.81646699288347,53.271004489453844,3
4,9,39,20,24,25.01646699288347,66.97100448945385,1
4,9,14,37,15,34.88646699288347,52.94100448945384,10
8,16,33,10,27,16.416466992883468,58.78100448945384,3
2,9,14,10,33,27.81646699288347,58.451004489453844,9
6,31,21,32,44,31.81646699288347,49.90100448945384,1
2,9,14,10,33,27.81646699288347,39.301004489453845,10
2,9,14,10,19,13.81646699288347,45.90100448945384,6
6,32,35,34,44,17.86646699288347,50.271004489453844,1
4,9,20,10,25,13.81646699288347,31.661004489453845,8
8,18,20,15,19,11.81646699288347,27.711004489453842,8
5,9,47,35,54,34.06646699288347,76.37100448945384,8
2,9,14,10,21,15.81646699288347,48.55100448945384,9
6,11,44,28,49,24.90646699288347,51.32100448945384,4
3,9,36,12,41,14.13646699288347,46.881004489453844,7
7,9,33,16,13,27.73646699288347,43.64100448945384,3
3,9,21,10,26,13.81646699288347,27.231004489453845,7
5,9,45,28,45,25.84646699288347,47.79100448945384,7
3,26,14,28,42,36.836466992883466,67.99100448945384,9
2,24,14,12,17,21.416466992883468,37.701004489453844,4
5,9,26,11,50,32.836466992883466,50.29100448945384,9
6,9,14,37,12,34.836466992883466,59.911004489453845,6
2,9,14,10,21,15.81646699288347,43.87100448945384,7
6,20,52,10,45,20.346466992883467,59.341004489453844,3
8,23,44,35,37,20.346466992883467,50.12100448945384,1
3,9,34,11,41,15.876466992883469,42.831004489453846,10
7,33,32,33,25,13.896466992883468,58.58100448945384,3
3,20,14,23,31,25.92646699288347,60.411004489453845,9
5,9,33,12,37,13.206466992883469,42.371004489453846,4
6,25,24,24,18,13.206466992883469,46.85100448945384,5
2,9,14,10,29,23.81646699288347,56.35100448945384,10
4,9,14,29,15,26.91646699288347,39.39100448945384,10
7,14,17,10,13,13.646466992883468,38.661004489453845,5
2,9,14,10,48,42.81646699288347,57.39100448945384,3
3,16,14,17,23,17.81646699288347,35.42100448945384,9
2,9,14,11,47,41.82646699288347,64.67100448945385,3
5,40,34,36,23,18.99646699288347,60.89100448945384,5
6,32,29,33,47,26.81646699288347,52.12100448945384,9
5,24,21,10,13,24.36646699288347,37.701004489453844,5
3,11,35,12,46,19.81646699288347,45.03100448945384,3
2,9,14,10,29,23.81646699288347,49.67100448945384,9
4,9,56,20,50,18.99646699288347,57.17100448945384,2
8,31,38,10,31,30.61646699288347,76.26100448945384,2
2,9,14,10,48,42.81646699288347,49.55100448945384,5
3,9,21,10,27,14.81646699288347,38.661004489453845,4
2,9,14,10,20,14.81646699288347,49.67100448945384,1
5,9,61,37,58,34.88646699288347,65.27100448945384,6
3,9,49,12,65,24.93646699288347,67.93100448945384,2
4,10,54,17,51,14.13646699288347,58.78100448945384,3
3,9,39,11,57,26.84646699288347,71.95100448945385,6
4,9,24,10,33,17.81646699288347,47.69100448945384,8
2,9,14,10,37,31.81646699288347,58.08100448945384,1
4,9,34,34,31,31.896466992883468,52.69100448945384,6
3,11,47,27,35,26.41646699288347,48.19100448945384,5
4,9,21,20,19,17.86646699288347,30.921004489453843,7
7,33,38,10,23,35.59646699288347,79.61100448945385,3
6,16,39,25,43,17.24646699288347,44.61100448945384,4
5,9,32,19,29,17.03646699288347,31.191004489453846,7
2,9,14,10,23,17.81646699288347,40.07100448945384,9
6,9,14,30,13,27.81646699288347,53.271004489453844,6
6,35,24,36,42,26.81646699288347,50.021004489453844,9
3,28,14,30,23,17.86646699288347,43.091004489453844,1
2,9,14,10,27,21.81646699288347,54.26100448945384,6
7,28,41,27,35,13.206466992883469,59.92100448945384,2
6,24,38,24,45,15.876466992883469,46.411004489453845,1
5,9,24,12,36,20.96646699288347,44.69100448945384,1
5,9,40,17,39,14.81646699288347,42.131004489453844,6
7,9,20,34,13,32.556466992883465,68.34100448945385,3
4,9,32,30,39,29.35646699288347,45.131004489453844,8
4,27,39,31,33,13.646466992883468,47.69100448945384,5
3,10,51,11,75,32.81646699288347,84.85100448945384,3
2,9,14,10,35,29.81646699288347,44.69100448945384,10
4,9,31,16,32,14.13646699288347,49.35100448945384,6
2,9,14,10,25,19.81646699288347,44.31100448945384,10
6,14,48,30,53,23.97646699288347,55.79100448945384,4
6,22,22,23,38,24.81646699288347,40.14100448945384,9
4,9,32,30,39,29.35646699288347,45.131004489453844,8
4,9,14,19,14,16.87646699288347,44.31100448945384,10
2,9,14,12,52,46.86646699288347,55.36100448945384,5
6,18,40,27,45,17.81646699288347,47.31100448945384,4
5,9,22,12,23,10.646466992883468,26.691004489453842,8
6,22,42,22,61,27.83646699288347,60.80100448945384,9
5,11,57,43,55,38.836466992883466,69.87100448945384,6
5,11,49,46,47,41.82646699288347,61.28100448945384,7
6,11,33,25,35,21.15646699288347,37.701004489453844,4
2,34,14,23,20,21.70646699288347,49.97100448945384,8
7,20,19,10,13,19.896466992883468,47.74100448945384,5
4,9,23,34,22,31.81646699288347,42.31100448945384,9
2,24,14,10,18,23.62646699288347,35.911004489453845,8
4,9,14,29,15,26.91646699288347,40.90100448945384,10
8,15,28,10,23,15.026466992883469,47.47100448945384,3
4,9,26,16,31,16.30646699288347,44.31100448945384,4
5,10,52,43,50,39.83646699288347,61.40100448945384,6
4,9,62,29,52,28.83646699288347,63.87100448945384,3
5,11,49,46,47,41.82646699288347,61.28100448945384,6
9,9,21,32,13,30.90646699288347,71.51100448945384,3
5,9,38,22,43,21.236466992883468,53.26100448945384,4
5,9,29,19,26,17.03646699288347,30.921004489453843,7
8,9,22,29,13,28.43646699288347,61.55100448945384,3
4,9,21,24,18,21.95646699288347,52.94100448945384,6
3,9,26,12,45,27.91646699288347,44.31100448945384,10
4,9,21,20,19,17.86646699288347,30.921004489453843,7
3,9,27,10,48,29.81646699288347,59.87100448945384,10
3,31,14,34,22,17.03646699288347,47.19100448945384,9
3,17,14,19,22,16.87646699288347,39.53100448945384,1
7,19,17,10,13,18.256466992883468,37.47100448945384,5
4,9,14,23,13,20.81646699288347,46.54100448945384,10
7,20,21,16,20,12.81646699288347,28.871004489453846,8
7,19,48,10,41,19.47646699288347,64.67100448945385,3
5,9,34,18,55,31.22646699288347,57.17100448945384,1
3,9,23,12,44,29.90646699288347,52.18100448945384,7
2,29,14,15,20,24.36646699288347,55.79100448945384,4
2,9,14,11,37,31.83646699288347,37.07100448945384,5
2,9,14,10,43,37.81646699288347,65.48100448945384,3
2,9,14,12,40,34.88646699288347,41.96100448945384,5
3,9,39,12,57,26.91646699288347,67.29100448945384,10
6,9,14,19,11,17.03646699288347,40.621004489453846,6
2,9,14,11,48,42.82646699288347,57.82100448945384,5
3,11,38,16,33,13.47646699288347,38.85100448945384,5
4,9,46,16,45,13.81646699288347,44.911004489453845,2
5,11,35,32,35,27.83646699288347,42.18100448945384,6
3,9,44,10,65,29.81646699288347,65.48100448945384,3
2,9,14,10,46,40.81646699288347,61.161004489453845,2
3,9,41,10,55,22.81646699288347,61.55100448945384,3
2,9,14,10,33,27.81646699288347,59.24100448945384,10
2,9,14,10,19,13.81646699288347,47.79100448945384,7
7,44,41,36,31,20.54646699288347,79.67100448945384,2
7,28,31,10,19,29.76646699288347,63.87100448945384,3
7,18,19,10,13,18.11646699288347,41.481004489453845,5
2,9,14,10,21,15.81646699288347,48.55100448945384,9
3,9,28,10,52,32.81646699288347,64.33100448945385,7
8,18,24,14,23,12.81646699288347,29.43100448945384,8
2,9,14,10,29,23.81646699288347,53.271004489453844,9
6,16,38,10,31,17.03646699288347,45.78100448945384,2
3,9,26,10,49,31.81646699288347,59.99100448945384,6
5,23,55,26,49,13.206466992883469,60.72100448945384,2
6,22,37,23,27,16.81646699288347,42.85100448945384,2
4,9,21,32,20,29.81646699288347,49.90100448945384,1
5,9,36,10,53,25.81646699288347,54.93100448945384,9
5,9,47,29,48,26.91646699288347,54.67100448945384,6
7,9,21,31,13,29.95646699288347,60.73100448945384,3
5,10,53,28,51,24.84646699288347,59.08100448945384,7
2,9,14,10,23,17.81646699288347,47.47100448945384,10
6,29,45,30,31,20.81646699288347,58.49100448945384,2
2,9,14,10,41,35.81646699288347,53.521004489453844,2
2,9,14,10,24,18.81646699288347,46.451004489453844,1
7,31,34,28,27,15.026466992883469,60.26100448945384,3
2,9,14,10,19,13.81646699288347,46.18100448945384,7
2,9,14,10,48,42.81646699288347,63.87100448945384,3
6,31,20,34,26,15.09646699288347,60.31100448945384,1
6,27,26,27,19,13.896466992883468,51.32100448945384,5
5,14,57,29,53,22.13646699288347,59.92100448945384,3
4,9,14,28,13,25.81646699288347,41.07100448945384,10
3,9,34,10,53,27.81646699288347,63.271004489453844,7
5,9,33,12,56,31.896466992883468,64.92100448945385,1
4,9,18,10,21,11.81646699288347,28.04100448945384,8
6,44,57,45,43,20.81646699288347,76.26100448945384,2
2,9,14,10,46,40.81646699288347,71.49100448945384,2
2,9,14,10,37,31.81646699288347,51.07100448945384,6
4,9,28,29,27,26.81646699288347,41.68100448945384,7
3,31,14,33,20,14.88646699288347,50.48100448945384,9
6,34,26,35,42,24.81646699288347,54.08100448945384,1
2,9,14,10,38,32.81646699288347,66.97100448945385,1
5,9,25,11,34,17.86646699288347,46.43100448945384,9
6,29,59,30,49,16.81646699288347,66.78100448945385,2
5,9,50,42,50,39.83646699288347,59.99100448945384,6
3,9,23,12,37,22.94646699288347,38.85100448945384,10
7,9,20,32,13,30.61646699288347,70.15100448945384,3
6,28,22,22,21,14.81646699288347,41.68100448945384,8
3,9,35,12,58,31.896466992883468,69.97100448945385,7
2,9,14,10,25,19.81646699288347,30.771004489453844,10
4,9,24,10,34,18.81646699288347,55.62100448945384,4
5,9,36,24,60,36.46646699288347,63.40100448945384,1
4,11,74,22,67,19.47646699288347,75.69100448945385,3
2,27,14,18,19,19.47646699288347,43.271004489453844,8
2,9,14,11,42,36.836466992883466,72.36100448945385,3
5,9,23,11,39,24.84646699288347,45.78100448945384,9
7,9,41,18,13,35.976466992883466,57.39100448945384,3
2,9,14,10,34,28.81646699288347,56.01100448945384,1
2,9,14,12,52,46.86646699288347,54.90100448945384,5
2,9,14,10,31,25.81646699288347,45.25100448945384,10
2,9,14,10,27,21.81646699288347,52.411004489453845,9
6,24,54,20,46,16.416466992883468,64.23100448945384,3
4,18,34,22,29,12.81646699288347,37.90100448945384,5
5,23,28,22,20,15.09646699288347,43.271004489453844,5
3,9,21,11,31,18.86646699288347,32.17100448945384,10
8,17,43,10,36,17.81646699288347,72.36100448945385,3
2,9,14,10,34,28.81646699288347,74.01100448945384,7
6,28,25,23,24,13.81646699288347,35.911004489453845,8
3,23,19,10,23,22.686466992883467,46.07100448945384,4
3,9,39,11,57,26.84646699288347,64.32100448945384,7
3,9,48,10,54,14.81646699288347,52.661004489453845,2
4,9,26,24,25,21.81646699288347,41.481004489453845,1
4,9,32,22,41,23.436466992883467,41.53100448945384,4
5,9,27,13,36,18.256466992883468,38.53100448945384,1
4,9,21,18,20,15.81646699288347,34.481004489453845,7
6,19,44,10,36,20.02646699288347,55.22100448945384,3
7,22,28,16,23,15.876466992883469,42.85100448945384,2
2,9,14,12,47,41.87646699288347,49.08100448945384,5
2,22,14,13,19,19.47646699288347,38.36100448945384,4
4,9,22,36,24,33.98646699288347,48.55100448945384,9
6,9,14,24,13,21.81646699288347,46.54100448945384,6
2,9,14,10,52,46.81646699288347,74.32100448945384,2
2,9,14,10,32,26.81646699288347,50.73100448945384,10
3,26,14,28,42,36.836466992883466,67.99100448945384,9
3,10,39,11,48,17.81646699288347,54.08100448945384,3
9,9,43,24,13,40.01646699288347,65.48100448945384,3
4,9,24,18,28,17.24646699288347,37.981004489453845,8
2,19,14,14,15,14.13646699288347,28.04100448945384,8
6,25,56,24,47,16.06646699288347,69.31100448945385,2
3,9,32,10,50,26.81646699288347,62.06100448945384,7
6,43,55,56,63,22.81646699288347,80.38100448945384,8
3,27,14,28,20,14.81646699288347,54.93100448945384,9
4,9,14,24,13,21.81646699288347,33.871004489453846,10
3,9,32,12,56,32.89646699288347,70.48100448945384,7
4,9,20,10,24,12.81646699288347,28.961004489453842,8
4,9,56,36,48,34.74646699288347,61.55100448945384,3
2,28,14,10,24,29.76646699288347,48.29100448945384,4
6,11,55,35,63,32.516466992883466,67.89100448945385,8
4,9,46,14,43,12.286466992883469,45.25100448945384,3
4,20,40,26,34,14.88646699288347,47.74100448945384,5
5,11,39,32,38,27.81646699288347,45.73100448945384,6
3,16,19,10,23,16.416466992883468,42.371004489453846,4
5,11,45,27,44,22.81646699288347,48.51100448945384,6
7,15,18,10,13,15.026466992883469,37.011004489453846,5
4,9,22,10,29,15.81646699288347,38.85100448945384,8
8,22,69,36,42,36.88646699288347,71.91100448945384,1
6,26,43,36,47,18.11646699288347,53.87100448945384,4
9,9,23,20,13,21.26646699288347,42.85100448945384,3
2,16,14,10,17,15.876466992883469,26.721004489453843,8
5,9,40,24,41,21.95646699288347,42.371004489453846,7
2,9,14,10,35,29.81646699288347,59.92100448945384,2
3,28,14,31,24,18.99646699288347,38.871004489453846,9
4,9,22,10,30,16.81646699288347,40.14100448945384,8
2,9,14,12,35,29.90646699288347,37.701004489453844,5
5,9,23,11,33,18.86646699288347,42.31100448945384,9
3,27,14,29,26,20.85646699288347,43.271004489453844,1
3,9,46,24,39,23.04646699288347,46.85100448945384,5
3,9,29,10,43,22.81646699288347,64.32100448945384,8
3,9,34,12,58,32.89646699288347,73.31100448945385,10
3,9,38,10,57,27.81646699288347,59.82100448945384,3
5,9,27,12,48,29.90646699288347,51.92100448945384,1
3,17,14,19,22,16.87646699288347,62.86100448945384,1
3,16,17,10,19,15.436466992883469,31.07100448945384,8
2,9,14,10,35,29.81646699288347,53.131004489453844,1
3,9,22,12,42,28.91646699288347,45.74100448945384,10
4,9,30,15,37,17.24646699288347,48.29100448945384,4
4,9,18,10,21,11.81646699288347,26.691004489453842,8
2,9,14,10,31,25.81646699288347,56.521004489453844,7
6,17,55,43,63,34.38646699288347,70.98100448945384,8
4,9,25,28,25,25.84646699288347,61.28100448945384,6
6,18,19,10,13,18.11646699288347,34.331004489453846,5
4,9,24,16,23,13.81646699288347,33.271004489453844,6
4,9,33,43,32,40.81646699288347,59.911004489453845,7
4,9,24,10,34,18.81646699288347,47.31100448945384,4
7,19,17,10,13,18.256466992883468,37.47100448945384,5
5,21,23,10,13,22.81646699288347,41.53100448945384,5
2,9,14,10,23,17.81646699288347,47.19100448945384,1
7,10,43,33,46,30.17646699288347,51.29100448945384,1
5,9,34,17,35,15.09646699288347,34.481004489453845,7
3,27,14,29,24,18.86646699288347,37.32100448945384,1
2,9,14,11,34,28.83646699288347,39.93100448945384,3
3,23,14,24,25,19.81646699288347,41.481004489453845,1
5,9,25,17,27,15.436466992883469,26.721004489453843,8
8,35,25,10,19,34.29646699288347,55.76100448945384,3
5,21,63,34,54,22.236466992883468,71.08100448945385,3
3,9,28,11,40,20.85646699288347,46.54100448945384,6
4,9,43,16,40,14.13646699288347,42.85100448945384,2
4,9,32,20,30,17.86646699288347,42.47100448945384,7
2,9,14,10,26,20.81646699288347,46.07100448945384,7
6,16,34,23,37,15.026466992883469,38.36100448945384,8
5,9,31,11,51,28.83646699288347,56.01100448945384,1
8,9,20,31,13,29.65646699288347,63.87100448945384,3
3,30,14,33,29,23.93646699288347,45.78100448945384,9
2,9,14,10,32,26.81646699288347,48.73100448945384,1
5,19,51,20,43,14.81646699288347,55.22100448945384,3
2,9,14,10,31,25.81646699288347,48.08100448945384,6
4,9,35,54,33,51.82646699288347,74.01100448945384,7
6,22,47,23,37,16.81646699288347,54.08100448945384,3
3,9,32,10,40,16.81646699288347,45.28100448945384,10
9,9,23,34,13,33.446466992883465,71.08100448945385,3
4,9,37,41,37,38.836466992883466,55.62100448945384,7
3,9,29,10,43,22.81646699288347,69.87100448945384,8
5,16,51,23,47,14.526466992883469,55.04100448945384,3
3,9,39,12,49,18.99646699288347,49.701004489453844,2
3,9,23,10,44,29.81646699288347,48.51100448945384,6
5,9,34,13,54,29.02646699288347,52.661004489453845,1
3,9,38,12,46,17.03646699288347,56.35100448945384,7
6,18,22,12,21,14.81646699288347,29.43100448945384,8
3,12,25,10,35,19.21646699288347,61.19100448945384,8
3,9,22,10,29,15.81646699288347,43.631004489453844,4
5,9,42,25,40,22.846466992883467,48.61100448945384,7
2,9,14,10,41,35.81646699288347,53.131004489453844,3
5,9,34,10,39,13.81646699288347,53.12100448945384,9
6,30,25,32,30,13.896466992883468,38.871004489453846,9
6,39,25,36,24,11.81646699288347,57.93100448945384,8
2,9,14,10,25,19.81646699288347,45.48100448945384,7
3,9,21,12,41,28.91646699288347,42.831004489453846,10
7,11,51,31,59,28.83646699288347,64.41100448945384,1
5,9,35,24,45,25.61646699288347,46.411004489453845,1
3,31,14,33,23,17.86646699288347,49.67100448945384,1
3,10,40,20,31,19.85646699288347,40.14100448945384,5
2,9,14,10,26,20.81646699288347,37.941004489453846,6
2,9,14,12,38,32.89646699288347,38.381004489453844,5
4,9,21,33,21,30.83646699288347,49.67100448945384,9
3,9,29,12,39,18.99646699288347,38.93100448945384,10
8,17,34,10,29,16.756466992883468,56.25100448945384,3
6,28,39,27,29,17.03646699288347,58.08100448945384,3
6,30,36,10,19,34.21646699288347,67.15100448945384,2
4,10,73,22,67,19.896466992883468,74.39100448945385,3
2,21,14,15,17,15.876466992883469,37.90100448945384,4
4,10,41,14,40,10.81646699288347,39.231004489453845,2
4,9,14,23,14,20.85646699288347,39.25100448945384,10
3,9,30,11,43,21.85646699288347,50.771004489453844,6
3,10,35,19,28,17.81646699288347,34.331004489453846,5
3,9,52,10,63,19.81646699288347,68.38100448945384,3
2,26,14,14,19,22.13646699288347,49.54100448945384,8
5,25,40,26,29,17.81646699288347,49.55100448945384,2
4,11,45,20,42,16.06646699288347,43.64100448945384,3
4,9,14,28,15,25.92646699288347,37.981004489453845,10
5,9,28,11,39,19.85646699288347,42.091004489453844,9
8,19,49,10,44,18.58646699288347,66.61100448945385,2
8,19,27,10,19,20.02646699288347,59.82100448945384,3
5,21,61,22,52,15.81646699288347,65.41100448945384,2
6,28,22,18,55,43.55646699288347,57.17100448945384,1
5,10,52,45,50,41.82646699288347,62.73100448945384,7
6,51,21,47,20,12.81646699288347,71.90100448945384,8
3,21,20,10,25,21.236466992883468,53.26100448945384,4
4,9,22,10,29,15.81646699288347,37.90100448945384,4
2,9,14,10,35,29.81646699288347,55.00100448945384,10
4,11,58,20,54,16.35646699288347,57.56100448945384,2
2,9,14,10,35,29.81646699288347,67.53100448945385,1
7,17,14,17,23,17.86646699288347,29.43100448945384,8
3,15,18,10,21,15.026466992883469,36.131004489453844,8
4,9,14,34,15,31.896466992883468,53.51100448945384,10
6,33,51,34,40,17.81646699288347,61.19100448945384,2
2,9,14,10,23,17.81646699288347,43.60100448945384,1
8,18,45,28,30,24.45646699288347,47.43100448945384,1
3,9,36,12,42,15.09646699288347,44.69100448945384,10
2,9,14,10,22,16.81646699288347,52.11100448945384,9
5,43,57,44,43,20.81646699288347,73.20100448945385,2
2,25,14,10,25,27.81646699288347,50.47100448945384,4
3,11,46,12,55,17.81646699288347,56.381004489453844,3
3,9,34,11,40,14.88646699288347,39.231004489453845,2
5,9,21,10,29,16.81646699288347,37.32100448945384,1
2,9,14,11,46,40.83646699288347,47.74100448945384,5
7,23,19,10,13,22.686466992883467,46.85100448945384,5
4,9,32,30,33,27.91646699288347,46.68100448945384,6
3,30,14,31,22,16.81646699288347,51.29100448945384,9
5,13,47,39,57,35.126466992883465,64.32100448945384,8
5,9,37,12,42,14.13646699288347,49.08100448945384,4
6,28,20,15,16,22.13646699288347,38.661004489453845,5
2,9,14,10,46,40.81646699288347,47.74100448945384,5
3,10,35,19,28,17.81646699288347,34.331004489453846,5
2,19,14,10,21,20.62646699288347,37.07100448945384,4
4,9,14,45,15,42.87646699288347,67.29100448945384,10
8,21,23,17,22,12.81646699288347,31.07100448945384,8
2,39,14,10,28,41.35646699288347,64.32100448945384,8
2,29,14,18,18,20.81646699288347,47.69100448945384,8
2,9,14,10,33,27.81646699288347,45.78100448945384,2
5,35,49,38,39,17.03646699288347,61.55100448945384,3
3,25,14,27,38,32.836466992883466,56.26100448945384,1
5,9,42,21,48,20.85646699288347,58.48100448945384,8
6,36,27,37,37,18.81646699288347,47.19100448945384,1
3,9,32,10,42,18.81646699288347,48.08100448945384,6
2,9,14,10,20,14.81646699288347,52.94100448945384,6
3,9,49,10,61,20.81646699288347,63.87100448945384,3
3,9,26,10,37,19.81646699288347,50.47100448945384,4
5,22,27,20,19,15.436466992883469,40.14100448945384,5
4,9,24,10,32,16.81646699288347,42.371004489453846,8
4,9,25,19,23,16.87646699288347,47.21100448945384,9
6,28,48,10,34,30.83646699288347,72.10100448945384,2
4,9,40,27,53,29.83646699288347,54.93100448945384,8
3,9,53,12,73,28.91646699288347,74.32100448945384,2
3,9,34,11,49,23.84646699288347,59.24100448945384,10
5,19,61,45,54,33.52646699288347,72.92100448945385,2
5,9,37,27,42,25.84646699288347,53.87100448945384,4
4,9,40,27,51,28.62646699288347,53.56100448945384,8
2,9,14,10,42,36.81646699288347,67.15100448945384,2
2,9,14,10,38,32.81646699288347,59.24100448945384,7
8,9,20,22,13,21.236466992883468,44.61100448945384,3
2,9,14,10,38,32.81646699288347,81.78100448945384,6
2,9,14,10,19,13.81646699288347,31.191004489453846,7
3,9,26,10,37,19.81646699288347,52.25100448945384,8
2,9,14,10,30,24.81646699288347,49.15100448945384,1
7,22,14,22,20,14.88646699288347,40.14100448945384,8
2,9,14,10,32,26.81646699288347,44.60100448945384,1
5,9,56,34,56,31.83646699288347,60.31100448945384,7
2,9,14,10,35,29.81646699288347,35.24100448945384,5
4,9,30,25,37,24.81646699288347,39.371004489453846,4
2,9,14,10,24,18.81646699288347,51.29100448945384,1
4,9,34,26,37,24.30646699288347,53.12100448945384,9
2,9,14,10,50,44.81646699288347,78.49100448945384,3
4,9,27,22,20,21.236466992883468,52.83100448945384,1
7,31,42,18,35,23.04646699288347,64.78100448945385,2
3,10,22,10,29,15.876466992883469,46.85100448945384,4
6,21,22,19,17,12.81646699288347,37.90100448945384,5
8,23,24,19,23,12.81646699288347,38.85100448945384,8
6,16,26,15,33,16.06646699288347,32.261004489453846,1
5,11,59,48,58,43.81646699288347,69.97100448945385,7
3,9,34,12,50,24.93646699288347,51.79100448945384,2
3,22,14,25,23,18.01646699288347,38.53100448945384,1
2,9,14,10,21,15.81646699288347,34.841004489453844,7
7,10,38,19,44,18.44646699288347,47.43100448945384,1
2,9,14,10,28,22.81646699288347,64.83100448945385,6
3,32,14,35,33,27.91646699288347,60.81100448945384,1
5,11,41,33,38,28.91646699288347,46.54100448945384,7
6,25,24,27,33,17.86646699288347,44.69100448945384,9
3,14,20,10,24,14.88646699288347,37.701004489453844,8
6,24,33,24,25,14.88646699288347,44.61100448945384,3
2,28,14,10,22,28.83646699288347,45.48100448945384,8
4,9,38,28,37,25.81646699288347,69.89100448945385,1
2,21,14,10,22,22.81646699288347,41.53100448945384,4
5,34,28,22,20,22.576466992883468,47.87100448945384,5
3,24,14,27,19,14.13646699288347,47.43100448945384,9
3,21,14,24,37,31.896466992883468,61.07100448945384,9
7,9,47,11,46,8.81646699288347,58.24100448945384,1
4,9,24,16,23,13.81646699288347,33.271004489453844,6
3,9,27,12,50,31.896466992883468,59.341004489453844,10
6,21,20,22,30,18.81646699288347,37.90100448945384,1
7,16,37,10,32,15.876466992883469,47.47100448945384,3
2,37,14,10,23,37.54646699288347,52.11100448945384,4
5,10,46,29,45,25.81646699288347,51.07100448945384,6
5,9,31,12,54,31.896466992883468,53.05100448945384,9
8,17,70,26,52,26.60646699288347,69.89100448945385,1
2,30,14,10,20,29.95646699288347,43.631004489453844,8
2,43,14,10,25,43.87646699288347,60.591004489453844,4
5,44,38,45,25,19.81646699288347,61.28100448945384,5
5,26,14,27,23,17.81646699288347,57.17100448945384,8
5,10,45,18,45,14.88646699288347,46.00100448945384,7
5,15,33,26,39,20.02646699288347,42.691004489453846,8
5,9,37,14,42,15.026466992883469,49.54100448945384,8
2,21,14,10,22,22.81646699288347,41.53100448945384,4
9,9,33,14,13,27.23646699288347,45.25100448945384,3
3,9,44,12,62,26.91646699288347,68.01100448945384,2
2,34,14,13,19,30.61646699288347,48.55100448945384,8
4,9,28,17,27,14.81646699288347,35.24100448945384,7
9,9,43,24,13,40.01646699288347,65.48100448945384,3
4,9,26,22,19,21.236466992883468,37.90100448945384,1
3,9,20,11,31,19.85646699288347,32.54100448945384,7
4,43,40,44,26,20.81646699288347,62.81100448945384,5
5,9,37,11,42,13.896466992883468,49.08100448945384,4
4,9,30,27,37,26.60646699288347,40.481004489453845,4
6,23,36,24,41,13.81646699288347,45.08100448945384,9
5,19,60,23,54,13.646466992883468,64.67100448945385,3
5,9,50,40,50,37.836466992883466,58.701004489453844,7
4,9,23,28,20,25.92646699288347,40.28100448945384,6
4,9,27,31,25,28.83646699288347,46.07100448945384,7
4,10,64,19,60,16.35646699288347,62.06100448945384,3
2,9,14,10,30,24.81646699288347,54.67100448945384,6
3,9,41,32,31,31.58646699288347,45.90100448945384,5
4,10,69,24,64,21.416466992883468,68.35100448945384,2
4,9,14,16,15,14.13646699288347,33.871004489453846,10
2,9,14,10,36,30.81646699288347,51.79100448945384,10
3,11,40,12,57,25.81646699288347,66.68100448945384,3
4,9,25,15,30,15.626466992883469,37.701004489453844,8
5,23,51,45,63,32.516466992883466,73.27100448945384,8
2,9,14,10,34,28.81646699288347,67.66100448945384,7
2,9,14,10,30,24.81646699288347,61.32100448945384,7
4,9,59,21,54,19.51646699288347,57.39100448945384,3
7,11,53,27,31,33.626466992883465,53.61100448945384,1
4,9,14,18,13,15.81646699288347,42.121004489453846,10
6,14,45,29,51,23.46646699288347,53.56100448945384,4
4,11,63,31,52,29.28646699288347,64.38100448945384,2
3,9,36,12,57,29.90646699288347,57.56100448945384,2
9,9,36,27,13,35.61646699288347,72.81100448945385,3
4,15,34,22,29,15.026466992883469,37.90100448945384,5
8,35,32,10,22,35.32646699288347,79.67100448945384,2
6,35,46,10,30,37.836466992883466,75.54100448945384,2
3,10,40,11,62,30.81646699288347,70.15100448945384,3
2,30,14,10,20,29.95646699288347,43.631004489453844,8
5,26,31,24,21,17.30646699288347,49.08100448945384,5
5,23,44,32,34,19.85646699288347,51.57100448945384,3
7,36,20,32,19,12.81646699288347,48.55100448945384,8
6,24,28,12,35,23.076466992883468,37.701004489453844,1
4,9,66,16,63,14.13646699288347,65.48100448945384,3
6,9,14,17,13,14.81646699288347,52.94100448945384,6
5,9,52,36,51,33.81646699288347,57.11100448945384,7
2,9,14,10,25,19.81646699288347,37.32100448945384,7
3,9,21,10,33,20.81646699288347,34.481004489453845,7
3,19,14,22,31,25.92646699288347,40.621004489453846,1
2,9,14,10,38,32.81646699288347,55.341004489453844,2
2,9,14,11,46,40.83646699288347,47.74100448945384,5
6,20,27,21,49,30.81646699288347,48.71100448945384,9
5,9,44,20,43,17.81646699288347,51.43100448945384,6
5,46,14,46,19,13.896466992883468,66.24100448945384,8
9,9,29,26,13,29.74646699288347,60.11100448945384,3
9,9,23,34,13,33.446466992883465,71.08100448945385,3
5,9,51,18,52,16.06646699288347,57.14100448945384,6
4,9,35,29,21,30.83646699288347,49.15100448945384,9
2,9,14,11,45,39.83646699288347,46.00100448945384,5
4,9,20,22,19,19.81646699288347,37.011004489453846,9
3,9,45,10,56,19.81646699288347,55.22100448945384,3
4,11,42,15,40,10.97646699288347,39.93100448945384,3
3,9,27,10,39,20.81646699288347,53.56100448945384,8
6,44,14,43,21,16.06646699288347,73.27100448945384,8
3,26,14,29,24,18.99646699288347,47.43100448945384,1
6,38,40,39,29,17.81646699288347,55.76100448945384,3
5,28,63,30,58,11.936466992883469,66.78100448945385,2
7,26,41,10,30,27.53646699288347,67.15100448945384,3
4,26,40,27,26,20.81646699288347,52.701004489453844,5
3,9,45,10,61,24.81646699288347,61.07100448945384,2
2,9,14,10,20,14.81646699288347,49.35100448945384,9
2,9,14,10,26,20.81646699288347,52.83100448945384,1
4,9,33,18,20,22.236466992883468,49.90100448945384,1
4,9,28,16,34,17.03646699288347,47.951004489453844,4
4,9,61,27,47,29.21646699288347,61.05100448945384,2
5,9,27,11,39,20.85646699288347,45.78100448945384,9
3,9,34,10,55,29.81646699288347,56.01100448945384,10
3,9,35,29,27,28.06646699288347,39.39100448945384,5
3,9,31,10,48,25.81646699288347,61.32100448945384,7
3,9,24,11,41,25.84646699288347,41.53100448945384,7
4,11,48,16,43,13.47646699288347,53.271004489453844,3
5,9,24,11,36,20.85646699288347,35.42100448945384,9
7,17,42,14,38,12.81646699288347,47.951004489453844,2
6,21,20,20,25,14.13646699288347,37.011004489453846,9
2,9,14,11,44,38.836466992883466,54.21100448945384,5
4,9,30,21,25,19.51646699288347,49.67100448945384,9
4,9,14,19,14,16.87646699288347,55.00100448945384,10
8,9,22,27,13,26.60646699288347,54.53100448945384,3
3,9,45,10,64,27.81646699288347,64.23100448945384,3
3,9,38,16,33,15.026466992883469,37.90100448945384,5
6,22,32,25,48,24.93646699288347,60.411004489453845,9
6,26,33,10,19,29.21646699288347,55.451004489453844,3
2,9,14,10,27,21.81646699288347,36.07100448945384,10
6,9,14,24,11,21.95646699288347,54.67100448945384,6
2,9,14,10,36,30.81646699288347,55.99100448945384,9
5,9,27,10,45,26.81646699288347,47.74100448945384,9
2,9,14,11,40,34.836466992883466,41.481004489453845,5
4,9,20,30,23,28.21646699288347,43.091004489453844,1
2,23,14,10,24,25.61646699288347,46.00100448945384,4
2,9,14,10,36,30.81646699288347,69.97100448945385,7
4,9,38,30,29,29.35646699288347,63.46100448945384,1
3,9,27,10,40,21.81646699288347,41.96100448945384,10
3,18,19,10,23,18.11646699288347,43.32100448945384,4
6,31,28,34,34,15.09646699288347,46.451004489453844,1
6,33,22,35,35,21.85646699288347,50.12100448945384,9
3,9,39,11,56,25.84646699288347,60.81100448945384,10
5,9,54,22,53,19.81646699288347,64.88100448945384,6
5,21,68,33,59,21.416466992883468,74.39100448945385,3
2,9,14,10,37,31.81646699288347,53.61100448945384,10
6,12,38,27,41,22.37646699288347,43.83100448945384,8
3,9,41,10,63,30.81646699288347,62.73100448945384,3
3,9,34,10,55,29.81646699288347,60.31100448945384,7
2,9,14,10,30,24.81646699288347,52.661004489453845,9
5,11,33,26,34,21.95646699288347,38.091004489453844,6
4,9,33,17,37,16.416466992883468,48.73100448945384,1
5,9,38,17,43,17.03646699288347,53.26100448945384,4
6,22,53,20,45,15.436466992883469,62.73100448945384,3
4,9,34,21,31,18.99646699288347,55.451004489453844,7
7,22,14,23,22,16.81646699288347,40.60100448945384,8
7,34,31,16,26,27.23646699288347,53.271004489453844,3
8,19,26,10,19,19.47646699288347,57.17100448945384,2
3,10,40,11,61,29.81646699288347,60.80100448945384,3
5,9,45,27,44,24.81646699288347,52.841004489453844,7
3,9,38,11,51,21.85646699288347,60.75100448945384,6
2,9,14,10,25,19.81646699288347,49.67100448945384,7
3,9,24,11,33,17.86646699288347,39.67100448945384,6
5,9,54,18,52,15.876466992883469,56.72100448945384,7
8,29,22,24,21,13.81646699288347,37.981004489453845,8
5,19,54,20,46,14.81646699288347,59.12100448945384,2
5,28,53,32,41,19.21646699288347,63.87100448945384,3
3,9,26,11,36,18.86646699288347,43.87100448945384,6
6,18,44,28,49,18.63646699288347,51.32100448945384,4
3,9,27,12,32,14.13646699288347,37.941004489453846,6
6,20,40,23,56,24.93646699288347,55.99100448945384,9
2,9,14,10,19,13.81646699288347,37.011004489453846,9
5,11,46,25,44,20.85646699288347,54.26100448945384,6
6,22,32,25,48,24.93646699288347,60.411004489453845,9
9,9,25,29,13,29.76646699288347,61.771004489453844,3
3,16,20,10,25,17.03646699288347,53.26100448945384,4
5,26,46,27,32,20.81646699288347,55.451004489453844,2
3,9,20,12,37,25.92646699288347,45.131004489453844,6
3,17,14,19,31,25.84646699288347,45.28100448945384,1
2,9,14,10,41,35.81646699288347,53.521004489453844,2
5,29,57,32,49,15.09646699288347,64.78100448945385,2
5,10,45,17,43,13.896466992883468,49.08100448945384,7
4,23,38,25,28,16.87646699288347,44.61100448945384,5
4,9,26,30,24,27.83646699288347,45.48100448945384,7
5,25,30,24,21,16.06646699288347,47.74100448945384,5
6,11,24,16,25,12.286466992883469,26.691004489453842,8
3,9,42,10,57,23.81646699288347,57.89100448945384,3
4,9,24,21,27,19.51646699288347,28.871004489453846,8
4,10,77,24,66,24.21646699288347,76.32100448945384,3
3,23,14,25,32,26.84646699288347,54.73100448945384,9
5,11,49,42,48,37.81646699288347,59.24100448945384,6
3,9,37,12,57,28.91646699288347,67.92100448945385,7
4,9,21,10,24,11.81646699288347,26.721004489453843,8
3,9,36,10,60,32.81646699288347,65.27100448945384,6
6,16,38,24,41,15.876466992883469,42.371004489453846,4
5,11,35,29,34,24.81646699288347,39.39100448945384,7
7,11,49,17,37,19.896466992883468,46.97100448945384,1
7,18,19,10,13,18.11646699288347,41.481004489453845,5
7,14,17,10,13,13.646466992883468,34.331004489453846,5
6,26,43,27,31,18.81646699288347,51.79100448945384,2
5,17,33,28,39,20.02646699288347,43.271004489453844,8
3,24,14,25,27,21.81646699288347,37.701004489453844,1
4,9,23,29,23,26.84646699288347,49.15100448945384,7
3,9,53,12,73,28.91646699288347,74.32100448945384,2
2,9,14,12,50,44.86646699288347,78.67100448945384,3
7,10,31,31,48,34.726466992883466,51.89100448945384,1
4,9,21,17,20,14.81646699288347,38.271004489453844,7
3,9,34,12,47,21.95646699288347,45.78100448945384,2
3,11,23,10,31,17.03646699288347,51.32100448945384,4
3,9,41,11,60,27.83646699288347,61.05100448945384,2
7,11,43,22,43,17.86646699288347,44.18100448945384,1
5,9,33,17,37,16.416466992883468,42.371004489453846,8
2,9,14,12,49,43.87646699288347,72.81100448945385,3
6,17,25,18,33,16.81646699288347,45.03100448945384,1
3,9,26,10,37,19.81646699288347,50.47100448945384,4
4,9,36,25,32,23.11646699288347,54.73100448945384,9
5,16,14,18,22,16.87646699288347,27.191004489453846,8
4,9,36,30,27,29.35646699288347,53.131004489453844,1
4,9,30,18,31,16.06646699288347,49.90100448945384,6
5,10,31,24,31,20.85646699288347,33.871004489453846,7
5,23,33,24,23,16.81646699288347,42.371004489453846,5
3,9,48,25,42,23.62646699288347,51.57100448945384,5
2,30,14,22,18,18.11646699288347,49.35100448945384,4
3,29,14,32,25,19.986466992883468,45.78100448945384,9
7,9,54,16,55,14.13646699288347,60.81100448945384,1
7,24,25,21,24,11.81646699288347,44.61100448945384,8
8,26,36,10,30,25.53646699288347,59.92100448945384,2
3,10,18,10,21,11.936466992883469,35.67100448945384,8
3,15,18,10,21,15.026466992883469,36.131004489453844,8
3,9,34,11,39,13.896466992883468,39.301004489453845,10
4,9,33,30,28,28.21646699288347,64.92100448945385,1
7,30,34,10,21,32.00646699288347,67.93100448945384,2
5,16,46,18,40,12.916466992883468,45.03100448945384,3
2,29,14,12,17,26.25646699288347,40.801004489453845,4
6,9,14,20,11,18.01646699288347,43.87100448945384,6
6,29,47,30,33,20.81646699288347,59.82100448945384,3
5,9,28,10,34,14.81646699288347,47.14100448945384,9
6,20,25,14,24,14.81646699288347,32.17100448945384,8
5,34,29,30,21,16.416466992883468,50.12100448945384,5
4,9,26,10,37,19.81646699288347,51.32100448945384,4
2,9,14,12,38,32.89646699288347,51.381004489453844,3
2,9,14,10,34,28.81646699288347,55.99100448945384,9
3,9,34,10,53,27.81646699288347,63.271004489453844,7
4,9,28,10,42,22.81646699288347,62.18100448945384,8
3,33,14,35,22,16.87646699288347,71.91100448945384,1
3,9,21,11,37,24.84646699288347,41.07100448945384,10
4,9,14,35,14,32.836466992883466,60.81100448945384,10
3,11,21,10,27,15.09646699288347,42.371004489453846,4
6,22,55,10,48,22.13646699288347,63.701004489453844,3
3,9,45,11,64,27.83646699288347,64.23100448945384,2
5,11,51,35,50,30.81646699288347,55.72100448945384,6
5,26,14,27,23,17.81646699288347,57.17100448945384,8
2,9,14,10,35,29.81646699288347,53.271004489453844,9
2,9,14,10,40,34.81646699288347,61.55100448945384,3
2,9,14,10,30,24.81646699288347,52.701004489453844,9
3,27,14,30,29,23.93646699288347,63.46100448945384,1
3,11,36,12,41,13.81646699288347,39.93100448945384,3
8,11,38,17,37,12.81646699288347,36.07100448945384,1
2,9,14,10,33,27.81646699288347,45.74100448945384,10
4,9,14,44,14,41.82646699288347,62.06100448945384,10
4,9,27,23,24,20.96646699288347,48.23100448945384,1
4,9,28,19,29,17.03646699288347,46.24100448945384,9
8,9,33,20,13,29.28646699288347,47.47100448945384,3
4,9,21,17,18,15.09646699288347,40.28100448945384,7
6,17,47,18,41,12.81646699288347,47.951004489453844,2
2,9,14,10,31,25.81646699288347,45.28100448945384,10
3,22,14,25,25,19.986466992883468,51.92100448945384,1
4,21,35,35,27,22.576466992883468,47.87100448945384,5
4,11,59,27,49,25.30646699288347,59.17100448945384,2
3,9,21,10,27,14.81646699288347,38.661004489453845,8
3,34,14,37,25,19.986466992883468,53.71100448945384,9
3,11,21,10,27,15.09646699288347,42.371004489453846,4
2,9,14,10,40,34.81646699288347,47.951004489453844,2
3,9,53,12,63,18.99646699288347,62.271004489453844,2
4,9,22,15,25,14.216466992883468,24.961004489453842,8
3,23,26,10,36,25.61646699288347,70.74100448945384,8
4,9,44,14,43,11.81646699288347,42.691004489453846,2
4,9,22,31,25,29.19646699288347,51.89100448945384,1
6,44,57,45,43,20.81646699288347,76.26100448945384,2
7,10,60,25,51,23.93646699288347,59.451004489453844,1
3,9,34,11,41,15.876466992883469,40.481004489453845,2
2,9,14,10,49,43.81646699288347,64.78100448945385,2
5,9,37,12,60,31.896466992883468,60.80100448945384,9
3,14,22,10,29,17.24646699288347,48.29100448945384,4
3,19,14,20,34,28.81646699288347,58.14100448945384,1
3,9,35,12,58,31.896466992883468,59.17100448945384,2
3,9,36,10,41,13.81646699288347,46.07100448945384,6
6,31,42,29,30,19.21646699288347,63.87100448945384,3
6,19,29,19,39,18.86646699288347,43.64100448945384,1
2,9,14,10,42,36.81646699288347,51.79100448945384,2
2,9,14,10,20,14.81646699288347,29.511004489453846,10
3,9,32,11,37,13.896466992883468,40.75100448945384,6
4,9,27,22,27,19.85646699288347,37.941004489453846,6
6,31,42,29,30,19.21646699288347,63.87100448945384,3
4,9,22,29,19,26.91646699288347,40.14100448945384,7
3,9,29,12,49,28.91646699288347,64.83100448945385,6
8,21,23,17,22,12.81646699288347,31.07100448945384,8
7,16,14,18,19,13.896466992883468,27.711004489453842,8
4,9,32,36,23,35.016466992883466,50.021004489453844,9
6,12,38,27,41,22.37646699288347,43.83100448945384,8
4,9,64,27,52,28.06646699288347,63.881004489453844,2
2,9,14,10,47,41.81646699288347,54.021004489453844,2
2,9,14,10,29,23.81646699288347,48.51100448945384,6
4,9,22,18,21,15.81646699288347,33.871004489453846,7
3,10,36,11,47,19.81646699288347,47.47100448945384,3
5,9,42,30,41,27.81646699288347,46.07100448945384,6
3,18,21,10,27,19.21646699288347,47.31100448945384,8
3,29,14,32,27,21.95646699288347,46.451004489453844,1
3,9,36,10,43,15.81646699288347,42.691004489453846,2
2,9,14,10,33,27.81646699288347,59.24100448945384,10
5,9,28,11,39,19.85646699288347,42.091004489453844,9
2,9,14,10,47,41.81646699288347,69.31100448945385,2
2,9,14,12,40,34.88646699288347,47.87100448945384,5
4,9,38,31,39,28.91646699288347,63.46100448945384,1
5,11,46,32,43,27.91646699288347,49.90100448945384,6
2,9,14,10,21,15.81646699288347,33.871004489453846,7
3,18,19,10,23,18.11646699288347,47.31100448945384,4
6,22,41,23,31,16.81646699288347,47.47100448945384,3
2,9,14,10,30,24.81646699288347,52.701004489453844,9
2,9,14,10,36,30.81646699288347,60.80100448945384,9
4,9,14,27,15,24.93646699288347,42.131004489453844,10
3,9,33,11,40,15.876466992883469,45.90100448945384,10
3,9,26,10,48,30.81646699288347,59.17100448945384,7
2,9,14,10,36,30.81646699288347,54.67100448945384,10
3,10,35,19,28,17.81646699288347,34.331004489453846,5
3,9,26,10,43,25.81646699288347,42.121004489453846,10
5,15,47,22,42,15.026466992883469,48.07100448945384,2
3,9,29,10,48,27.81646699288347,54.08100448945384,10
4,9,20,29,20,26.84646699288347,45.78100448945384,6
6,19,42,10,34,20.02646699288347,54.24100448945384,2
3,9,23,10,31,16.81646699288347,42.371004489453846,8
4,9,29,20,26,18.01646699288347,37.07100448945384,7
6,32,35,33,41,14.81646699288347,52.951004489453844,9
4,9,14,22,14,19.85646699288347,42.451004489453844,10
7,22,23,18,22,12.81646699288347,34.92100448945384,8
5,26,14,25,20,15.09646699288347,53.56100448945384,8
4,9,24,37,26,34.98646699288347,47.19100448945384,1
3,18,14,20,38,32.836466992883466,61.08100448945384,9
4,10,60,14,59,10.81646699288347,57.76100448945384,3
2,9,14,10,27,21.81646699288347,45.78100448945384,9
3,17,14,20,21,16.06646699288347,39.86100448945384,9
3,9,22,10,29,15.81646699288347,39.371004489453846,4
4,9,35,54,33,51.82646699288347,74.01100448945384,7
6,21,40,31,45,18.63646699288347,49.35100448945384,4
3,9,23,10,31,16.81646699288347,45.48100448945384,8
5,9,39,10,47,16.81646699288347,67.99100448945384,9
4,9,14,53,14,50.82646699288347,73.31100448945385,10
5,9,22,12,40,26.91646699288347,46.97100448945384,1
2,9,14,10,24,18.81646699288347,38.00100448945384,9
7,10,31,31,48,34.726466992883466,51.89100448945384,1
3,9,20,11,28,16.87646699288347,28.561004489453843,10
3,23,26,10,38,26.91646699288347,73.27100448945384,8
6,28,51,29,37,20.81646699288347,62.69100448945384,2
4,10,65,36,59,33.31646699288347,68.78100448945385,2
7,29,50,29,45,11.936466992883469,66.78100448945385,2
5,9,45,24,43,21.85646699288347,48.51100448945384,6
3,9,42,10,57,23.81646699288347,57.89100448945384,3
4,11,52,20,47,16.756466992883468,50.92100448945384,3
2,9,14,10,52,46.81646699288347,66.78100448945385,2
4,9,24,10,34,18.81646699288347,49.35100448945384,4
4,9,32,36,23,35.016466992883466,50.021004489453844,9
4,11,56,27,45,25.84646699288347,56.76100448945384,3
4,9,26,10,36,18.81646699288347,57.76100448945384,8
4,9,32,20,40,21.26646699288347,56.68100448945384,8
3,22,14,25,23,18.01646699288347,38.53100448945384,1
4,9,22,24,21,21.81646699288347,35.481004489453845,7
3,9,40,10,64,32.81646699288347,64.52100448945384,2
4,9,29,29,28,26.81646699288347,53.591004489453844,6
6,28,25,30,30,13.896466992883468,37.32100448945384,1
4,9,28,14,34,15.876466992883469,43.32100448945384,4
6,29,61,24,53,17.03646699288347,74.32100448945384,2
4,9,35,25,37,23.11646699288347,46.411004489453845,1
4,9,39,24,39,21.85646699288347,59.451004489453844,1
5,10,30,18,27,15.09646699288347,28.961004489453842,7
4,9,14,31,15,28.91646699288347,65.30100448945385,10
3,9,35,12,48,21.95646699288347,57.30100448945384,6
4,9,32,31,41,31.07646699288347,46.07100448945384,4
3,28,14,31,27,21.95646699288347,51.03100448945384,9
6,9,14,18,12,15.876466992883469,28.871004489453846,6
3,33,14,36,23,18.01646699288347,50.021004489453844,9
2,9,14,10,24,18.81646699288347,50.89100448945384,6
3,9,41,12,61,28.91646699288347,61.99100448945384,2
2,9,14,10,26,20.81646699288347,48.61100448945384,7
4,9,20,29,20,26.84646699288347,47.951004489453844,6
3,9,27,10,39,20.81646699288347,60.11100448945384,8
5,9,27,16,29,14.526466992883469,37.32100448945384,4
2,9,14,10,45,39.81646699288347,46.85100448945384,5
2,30,14,10,26,32.516466992883466,54.49100448945384,4
4,9,38,29,34,27.05646699288347,61.64100448945384,9
5,27,21,10,13,27.12646699288347,39.50100448945384,5
6,19,56,19,50,12.916466992883468,62.06100448945384,3
5,40,32,26,22,25.30646699288347,57.82100448945384,5
6,42,26,19,19,32.556466992883465,59.17100448945384,5
4,9,62,20,56,18.99646699288347,62.69100448945384,2
3,16,18,10,21,15.876466992883469,40.14100448945384,8
6,19,50,32,57,22.236466992883468,62.18100448945384,8
4,9,34,25,25,24.81646699288347,51.92100448945384,1
3,9,39,12,48,18.01646699288347,59.24100448945384,7
6,19,25,20,45,28.81646699288347,66.97100448945385,1
6,26,20,10,13,25.84646699288347,44.37100448945384,5
2,9,14,10,29,23.81646699288347,48.92100448945384,9
3,11,48,24,37,23.436466992883467,49.08100448945384,5
5,9,47,18,54,19.12646699288347,70.98100448945384,8
2,9,14,10,28,22.81646699288347,38.93100448945384,10
6,19,20,10,13,19.47646699288347,35.67100448945384,5
6,18,23,19,35,20.81646699288347,39.53100448945384,1
7,9,45,27,13,43.17646699288347,76.32100448945384,3
2,14,14,10,17,14.216466992883468,24.961004489453842,8
3,9,37,10,49,20.81646699288347,48.18100448945384,2
2,9,14,10,26,20.81646699288347,62.06100448945384,10
7,9,45,27,13,43.17646699288347,76.32100448945384,3
7,16,37,10,32,15.876466992883469,48.18100448945384,2
6,23,35,26,51,24.93646699288347,52.30100448945384,9
6,9,14,23,14,20.85646699288347,37.941004489453846,6
5,9,32,12,50,26.91646699288347,54.75100448945384,1
8,35,21,29,20,14.81646699288347,50.771004489453844,8
3,10,35,11,42,15.81646699288347,42.85100448945384,3
7,19,48,10,41,19.47646699288347,64.67100448945385,3
7,20,21,16,20,12.81646699288347,28.871004489453846,8
2,9,14,10,36,30.81646699288347,63.841004489453844,3
8,30,41,10,34,29.65646699288347,72.81100448945385,3
7,17,14,18,19,13.81646699288347,28.961004489453842,8
4,9,14,19,13,16.81646699288347,28.561004489453843,10
7,29,14,30,19,13.81646699288347,47.69100448945384,8
5,14,59,19,55,12.81646699288347,57.94100448945384,3
3,30,14,33,34,28.91646699288347,50.271004489453844,1
4,9,65,23,58,22.13646699288347,72.92100448945385,3
2,43,14,21,23,32.89646699288347,63.57100448945384,4
5,9,39,15,44,15.626466992883469,53.56100448945384,4
5,9,24,10,39,23.81646699288347,56.86100448945384,1
7,16,19,10,13,16.416466992883468,42.371004489453846,5
2,9,14,11,52,46.82646699288347,54.90100448945384,5
4,9,30,21,37,21.416466992883468,51.68100448945384,4
4,9,44,52,57,52.08646699288347,71.90100448945384,8
7,23,30,10,21,23.93646699288347,54.53100448945384,3
5,10,38,26,45,24.81646699288347,46.85100448945384,4
2,9,14,10,32,26.81646699288347,44.60100448945384,1
2,35,14,10,25,36.45646699288347,55.48100448945384,4
4,9,39,24,19,31.41646699288347,58.201004489453844,9
7,28,38,20,31,18.63646699288347,62.69100448945384,2
5,23,65,26,55,17.03646699288347,68.35100448945384,2
7,10,47,18,33,22.576466992883468,45.03100448945384,1
6,38,49,34,33,23.62646699288347,78.61100448945385,2
2,9,14,10,28,22.81646699288347,48.55100448945384,1
4,9,32,31,31,28.81646699288347,61.29100448945384,6
8,13,51,29,44,23.97646699288347,53.131004489453844,1
4,9,23,37,21,34.836466992883466,52.18100448945384,7
4,26,44,28,37,13.896466992883468,51.32100448945384,5
5,19,54,44,46,32.81646699288347,66.68100448945384,3
5,19,63,25,57,14.88646699288347,64.23100448945384,2
2,9,14,10,42,36.81646699288347,51.79100448945384,2
2,9,14,11,34,28.83646699288347,34.331004489453846,5
3,9,25,10,35,18.81646699288347,49.90100448945384,4
6,9,14,28,14,25.84646699288347,70.48100448945384,6
6,18,23,18,43,28.83646699288347,42.39100448945384,9
4,9,33,27,25,26.19646699288347,53.61100448945384,1
3,22,14,23,36,30.81646699288347,55.99100448945384,9
2,9,14,12,40,34.88646699288347,56.76100448945384,3
6,31,23,25,22,14.81646699288347,45.131004489453844,8
6,30,50,31,35,21.81646699288347,63.46100448945384,3
4,9,22,10,29,15.81646699288347,37.90100448945384,4
5,9,29,16,32,15.026466992883469,36.131004489453844,8
5,11,43,29,51,27.05646699288347,54.98100448945384,8
2,9,14,10,37,31.81646699288347,38.36100448945384,5
6,9,14,29,11,26.91646699288347,40.90100448945384,6
5,9,35,11,40,13.896466992883468,47.951004489453844,9
2,9,14,10,33,27.81646699288347,56.26100448945384,1
4,9,29,20,26,18.01646699288347,37.07100448945384,7
2,9,14,10,29,23.81646699288347,50.271004489453844,1
3,9,42,10,50,16.81646699288347,53.131004489453844,3
6,21,42,22,36,12.81646699288347,45.25100448945384,3
7,35,20,29,19,14.81646699288347,50.771004489453844,8
4,9,32,19,32,16.87646699288347,56.521004489453844,7
6,25,38,28,51,21.95646699288347,53.12100448945384,9
8,16,27,10,22,15.876466992883469,42.85100448945384,3
3,27,14,29,21,15.876466992883469,48.29100448945384,1
6,23,22,10,13,23.93646699288347,44.61100448945384,5
3,9,30,12,54,32.89646699288347,57.60100448945384,6
2,9,14,11,40,34.836466992883466,58.58100448945384,3
2,9,14,10,51,45.81646699288347,61.19100448945384,2
2,9,14,10,33,27.81646699288347,51.92100448945384,1
2,9,14,10,21,15.81646699288347,45.74100448945384,10
2,9,14,10,33,27.81646699288347,57.93100448945384,7
7,9,47,11,46,8.81646699288347,58.24100448945384,1
3,11,39,23,33,19.896466992883468,45.04100448945384,5
3,18,14,21,26,20.96646699288347,48.71100448945384,9
5,43,27,10,13,44.21646699288347,62.81100448945384,5
5,17,37,32,43,23.46646699288347,50.771004489453844,8
5,9,44,39,41,36.88646699288347,52.80100448945384,6
2,9,14,11,47,41.82646699288347,72.81100448945385,3
4,9,31,25,30,22.81646699288347,49.15100448945384,1
3,11,19,10,23,13.206466992883469,47.31100448945384,8
2,9,14,10,25,19.81646699288347,50.29100448945384,9
5,26,14,27,24,18.81646699288347,53.56100448945384,8
4,9,29,18,36,19.12646699288347,50.771004489453844,8
5,9,37,10,59,30.81646699288347,59.771004489453844,9
3,27,14,29,25,19.85646699288347,52.661004489453845,9
6,23,20,10,13,23.04646699288347,43.271004489453844,5
6,9,14,29,13,26.81646699288347,49.90100448945384,6
2,9,14,11,37,31.83646699288347,52.701004489453844,3
5,23,70,30,60,18.63646699288347,74.32100448945384,2
3,10,41,11,54,21.81646699288347,58.58100448945384,3
5,14,38,29,45,23.93646699288347,48.29100448945384,4
6,9,14,19,11,17.03646699288347,40.621004489453846,6
4,9,37,23,41,21.74646699288347,60.80100448945384,9
7,46,36,39,27,19.12646699288347,72.47100448945385,2
4,34,44,45,37,19.47646699288347,61.28100448945384,5
5,21,49,22,39,16.81646699288347,54.75100448945384,3
5,21,58,23,53,11.936466992883469,60.80100448945384,3
4,10,60,14,59,10.81646699288347,57.76100448945384,3
7,15,18,10,13,15.026466992883469,37.90100448945384,5
4,9,14,19,14,16.87646699288347,44.31100448945384,10
9,9,44,18,13,38.86646699288347,57.94100448945384,3
6,24,53,10,43,25.30646699288347,67.11100448945385,2
4,10,52,24,43,23.076466992883468,52.701004489453844,3
3,9,28,11,48,28.83646699288347,55.17100448945384,7
2,9,14,10,27,21.81646699288347,46.24100448945384,9
2,9,14,11,36,30.83646699288347,39.091004489453844,5
5,21,30,22,21,15.81646699288347,37.011004489453846,5
4,9,30,11,37,15.876466992883469,46.85100448945384,4
7,19,46,10,39,19.47646699288347,63.87100448945384,2
2,9,14,10,24,18.81646699288347,37.64100448945384,7
4,9,32,20,30,17.86646699288347,42.47100448945384,7
6,9,14,30,13,27.81646699288347,50.89100448945384,6
2,9,14,10,27,21.81646699288347,47.14100448945384,9
3,25,14,27,28,22.846466992883467,52.701004489453844,9
3,9,19,10,23,12.81646699288347,30.871004489453846,8
8,21,36,10,27,22.236466992883468,75.69100448945385,3
7,11,49,25,51,21.15646699288347,51.92100448945384,1
2,29,14,18,18,20.81646699288347,47.69100448945384,8
5,10,59,35,56,31.896466992883468,69.08100448945385,6
2,24,14,10,18,23.62646699288347,35.911004489453845,8
4,9,27,38,25,35.836466992883466,57.76100448945384,6
3,10,37,11,60,31.81646699288347,71.51100448945384,3
3,9,38,11,45,15.876466992883469,51.07100448945384,6
5,10,45,30,45,26.84646699288347,48.81100448945384,7
6,9,14,30,13,27.81646699288347,43.87100448945384,6
2,9,14,10,24,18.81646699288347,43.271004489453844,1
4,9,21,16,20,13.81646699288347,36.07100448945384,1
2,9,14,10,37,31.81646699288347,57.17100448945384,2
4,9,37,24,48,26.25646699288347,70.74100448945384,8
4,9,22,37,25,35.10646699288347,53.71100448945384,9
2,24,14,10,22,25.30646699288347,42.831004489453846,4
5,10,37,18,37,14.88646699288347,43.87100448945384,6
3,16,14,19,35,29.90646699288347,53.05100448945384,9
4,9,26,10,38,20.81646699288347,53.56100448945384,4
6,49,59,50,39,26.81646699288347,84.85100448945384,3
5,19,51,29,44,18.63646699288347,57.17100448945384,2
6,9,14,21,12,18.86646699288347,42.47100448945384,6
4,9,37,12,48,19.986466992883468,62.951004489453844,8
2,9,14,12,33,27.91646699288347,36.07100448945384,5
5,25,35,26,23,18.81646699288347,46.85100448945384,5
5,9,27,11,47,28.83646699288347,52.83100448945384,1
7,10,62,31,53,29.35646699288347,63.46100448945384,1
5,9,25,10,39,22.81646699288347,46.451004489453844,1
3,23,14,24,35,29.81646699288347,45.08100448945384,9
6,22,41,23,33,14.81646699288347,44.69100448945384,2
4,32,30,33,21,15.81646699288347,44.31100448945384,5
3,28,14,30,23,17.86646699288347,43.091004489453844,1
2,18,14,11,17,16.756466992883468,28.871004489453846,8
4,19,30,26,26,14.526466992883469,37.47100448945384,5
4,9,34,25,25,24.81646699288347,51.92100448945384,1
6,18,48,10,40,19.21646699288347,56.96100448945384,2
5,26,47,27,37,16.81646699288347,52.701004489453844,3
3,21,14,24,34,28.91646699288347,52.30100448945384,9
5,18,21,10,13,19.21646699288347,33.00100448945384,5
2,9,14,10,36,30.81646699288347,57.04100448945384,7
6,34,40,35,30,16.81646699288347,53.271004489453844,3
7,35,38,17,32,27.46646699288347,58.78100448945384,3
5,15,47,22,42,15.026466992883469,48.07100448945384,2
6,27,43,26,67,32.89646699288347,67.99100448945384,9
8,19,27,10,19,20.02646699288347,59.82100448945384,3
5,16,14,16,23,17.86646699288347,28.531004489453842,8
8,15,31,10,26,15.026466992883469,48.07100448945384,2
5,22,38,37,45,23.93646699288347,52.94100448945384,4
2,9,14,10,37,31.81646699288347,38.36100448945384,5
5,19,41,36,49,26.17646699288347,56.68100448945384,8
2,9,14,10,19,13.81646699288347,47.79100448945384,7
4,21,44,28,37,16.30646699288347,52.22100448945384,5
2,9,14,10,38,32.81646699288347,55.451004489453844,1
6,23,45,10,34,25.01646699288347,61.07100448945384,2
3,11,41,12,55,22.81646699288347,56.76100448945384,3
6,21,40,31,45,18.63646699288347,49.35100448945384,4
2,9,14,11,43,37.836466992883466,53.131004489453844,3
3,9,42,22,31,23.436466992883467,41.53100448945384,5
5,11,36,20,37,16.06646699288347,37.07100448945384,7
8,15,32,10,27,15.026466992883469,53.131004489453844,3
2,9,14,10,47,41.81646699288347,51.18100448945384,2
6,19,22,20,40,26.81646699288347,39.86100448945384,9
5,9,22,14,23,12.286466992883469,28.04100448945384,8
6,30,22,10,13,30.28646699288347,49.49100448945384,5
2,9,14,10,31,25.81646699288347,41.43100448945384,10
3,19,14,20,34,28.81646699288347,58.14100448945384,1
3,11,51,12,72,29.81646699288347,78.67100448945384,3
8,31,38,10,31,30.61646699288347,76.26100448945384,2
2,27,14,17,19,20.346466992883467,51.32100448945384,4
3,9,34,19,27,18.63646699288347,33.00100448945384,5
3,9,39,10,56,25.81646699288347,57.69100448945384,10
6,17,23,14,22,11.81646699288347,27.191004489453846,8
5,9,35,33,39,31.35646699288347,55.62100448945384,4
4,9,72,24,62,24.45646699288347,70.74100448945384,3
4,9,33,32,32,29.81646699288347,49.08100448945384,7
5,10,37,25,43,23.46646699288347,44.61100448945384,8
5,25,55,26,42,19.81646699288347,64.52100448945384,2
4,9,44,39,57,40.01646699288347,66.07100448945384,8
6,35,60,36,46,20.81646699288347,72.81100448945385,3
2,9,14,10,36,30.81646699288347,51.091004489453844,9
6,11,28,18,29,14.13646699288347,28.961004489453842,8
6,27,28,26,46,26.91646699288347,57.69100448945384,1
3,9,44,12,62,26.91646699288347,68.01100448945384,2
6,11,34,25,37,21.416466992883468,39.371004489453846,4
2,22,14,17,17,15.026466992883469,40.14100448945384,8
5,9,39,12,59,28.91646699288347,66.97100448945385,1
7,31,42,18,35,23.04646699288347,64.78100448945385,2
6,9,14,32,13,29.81646699288347,65.27100448945384,6
6,16,14,16,24,18.86646699288347,26.721004489453843,8
3,17,19,10,23,17.24646699288347,47.69100448945384,8
5,16,14,17,21,15.81646699288347,29.43100448945384,8
4,9,22,22,21,19.81646699288347,32.701004489453844,7
3,9,32,12,56,32.89646699288347,70.48100448945384,7
4,11,70,31,65,27.23646699288347,72.81100448945385,3
4,9,14,22,15,19.986466992883468,35.261004489453846,10
5,9,39,11,44,13.896466992883468,53.56100448945384,4
5,9,29,11,46,25.84646699288347,56.29100448945384,9
2,9,14,10,33,27.81646699288347,46.54100448945384,7
4,9,44,40,57,40.92646699288347,64.32100448945384,8
4,9,29,38,27,35.836466992883466,59.08100448945384,7
6,11,55,35,63,32.516466992883466,67.89100448945385,8
3,9,47,21,39,20.85646699288347,47.74100448945384,5
4,10,60,42,47,41.05646699288347,67.11100448945385,2
2,9,14,10,35,29.81646699288347,54.73100448945384,9
3,9,50,26,37,27.81646699288347,50.47100448945384,5
4,9,30,20,37,20.62646699288347,37.07100448945384,4
6,20,34,20,39,13.896466992883468,39.301004489453845,9
4,21,35,24,27,15.09646699288347,43.271004489453844,5
4,9,26,26,25,23.81646699288347,49.98100448945384,7
3,9,34,12,46,20.96646699288347,50.73100448945384,10
3,9,23,10,31,16.81646699288347,45.48100448945384,8
5,16,42,23,37,15.026466992883469,42.85100448945384,3
2,9,14,11,43,37.836466992883466,50.771004489453844,5
7,19,46,10,39,19.47646699288347,62.73100448945384,3
2,9,14,10,38,32.81646699288347,69.87100448945384,6
7,9,46,17,13,40.57646699288347,59.341004489453844,3
2,9,14,10,28,22.81646699288347,49.28100448945384,9
2,16,14,10,18,16.416466992883468,28.271004489453844,8
7,15,18,10,13,15.026466992883469,39.091004489453844,5
3,10,37,11,60,31.81646699288347,71.51100448945384,3
2,20,14,11,19,19.47646699288347,36.621004489453846,8
7,41,14,42,22,16.81646699288347,57.76100448945384,8
2,9,14,11,51,45.82646699288347,58.87100448945384,5
3,9,36,11,54,26.84646699288347,54.73100448945384,10
7,9,51,32,35,34.446466992883465,54.12100448945384,1
6,30,28,30,58,38.836466992883466,60.73100448945384,1
4,9,39,43,36,40.87646699288347,69.87100448945384,6
3,11,21,10,27,15.09646699288347,44.36100448945384,8
3,10,39,11,48,17.81646699288347,54.08100448945384,3
4,9,21,28,24,26.25646699288347,46.06100448945384,1
2,24,14,17,18,17.24646699288347,44.61100448945384,4
2,9,14,10,37,31.81646699288347,60.75100448945384,6
5,19,49,20,41,14.81646699288347,54.24100448945384,2
3,9,51,22,43,21.70646699288347,52.22100448945384,5
5,9,21,12,35,22.94646699288347,46.06100448945384,1
5,11,32,22,37,19.47646699288347,37.90100448945384,4
7,34,22,30,21,12.81646699288347,61.68100448945384,8
3,20,21,10,27,20.85646699288347,58.48100448945384,8
4,10,52,27,46,24.57646699288347,52.701004489453844,3
3,9,47,11,58,19.85646699288347,61.161004489453845,2
6,26,52,27,40,18.81646699288347,60.11100448945384,3
6,31,48,32,34,20.81646699288347,61.161004489453845,2
2,39,14,10,25,40.12646699288347,57.93100448945384,8
6,9,14,21,15,18.99646699288347,57.60100448945384,6
5,9,32,11,51,27.83646699288347,56.01100448945384,9
2,9,14,10,40,34.81646699288347,62.73100448945384,3
8,23,66,30,49,24.90646699288347,67.53100448945385,1
2,9,14,11,35,29.83646699288347,39.50100448945384,5
6,16,36,10,29,17.03646699288347,44.05100448945384,3
6,35,60,36,47,19.81646699288347,72.81100448945385,3
5,9,33,12,52,27.91646699288347,53.61100448945384,1
6,23,22,10,13,23.93646699288347,49.08100448945384,5
4,9,20,27,20,24.84646699288347,45.131004489453844,6
4,9,26,10,36,18.81646699288347,49.54100448945384,8
6,32,22,35,46,32.89646699288347,53.271004489453844,9
3,9,21,12,39,26.91646699288347,38.271004489453844,7
2,9,14,12,35,29.90646699288347,54.08100448945384,3
4,9,32,39,33,36.88646699288347,62.81100448945384,6
3,9,30,12,45,23.93646699288347,49.90100448945384,6
6,22,40,23,30,16.81646699288347,47.47100448945384,3
3,11,18,10,21,12.286466992883469,40.801004489453845,4
3,9,35,11,58,31.83646699288347,69.08100448945385,6
2,9,14,10,33,27.81646699288347,52.661004489453845,1
5,9,22,11,30,16.87646699288347,51.89100448945384,1
5,22,35,35,41,21.70646699288347,49.97100448945384,8
2,9,14,10,36,30.81646699288347,55.76100448945384,3
4,9,30,20,28,17.86646699288347,43.64100448945384,1
4,10,56,16,55,12.81646699288347,54.49100448945384,2
2,32,14,16,19,25.84646699288347,44.31100448945384,4
4,9,26,30,24,27.83646699288347,45.48100448945384,7
8,28,29,10,21,28.06646699288347,63.46100448945384,3
4,10,63,43,49,42.35646699288347,70.15100448945384,3
2,9,14,11,50,44.82646699288347,84.85100448945384,3
6,9,14,29,15,26.91646699288347,46.07100448945384,6
4,9,25,28,25,25.84646699288347,61.28100448945384,6
3,10,17,10,19,10.97646699288347,31.661004489453845,8
5,30,56,35,44,19.51646699288347,69.67100448945385,2
3,9,35,12,48,21.95646699288347,57.30100448945384,6
4,9,39,32,36,29.90646699288347,52.411004489453845,7
5,15,32,33,37,25.84646699288347,44.31100448945384,4
5,26,21,10,13,26.19646699288347,37.32100448945384,5
6,23,24,17,18,16.416466992883468,42.371004489453846,5
7,22,14,23,22,16.81646699288347,40.60100448945384,8
2,9,14,11,34,28.83646699288347,42.85100448945384,3
3,15,14,16,26,20.81646699288347,46.58100448945384,9
2,9,14,10,21,15.81646699288347,46.97100448945384,1
2,9,14,10,21,15.81646699288347,46.58100448945384,9
3,9,40,21,34,19.896466992883468,47.14100448945384,5
6,19,38,10,28,21.26646699288347,51.33100448945384,2
4,10,64,27,55,25.70646699288347,70.43100448945384,2
4,18,29,20,23,12.916466992883468,34.331004489453846,5
5,9,54,18,52,15.876466992883469,56.72100448945384,7
3,9,42,10,66,32.81646699288347,69.67100448945385,2
3,11,34,19,28,16.416466992883468,33.43100448945384,5
6,19,41,20,35,12.81646699288347,42.691004489453846,2
8,27,43,10,37,26.49646699288347,66.97100448945385,3
4,29,38,40,29,20.62646699288347,54.21100448945384,5
8,15,36,10,31,15.026466992883469,50.631004489453844,3
3,9,34,27,27,25.84646699288347,37.32100448945384,5
2,9,14,10,29,23.81646699288347,58.78100448945384,6
7,30,32,10,19,32.00646699288347,71.49100448945384,2
4,15,34,24,29,16.756466992883468,38.85100448945384,5
6,19,30,20,48,26.81646699288347,47.47100448945384,9
4,9,37,24,37,21.85646699288347,61.07100448945384,9
2,9,14,10,35,29.81646699288347,44.05100448945384,3
2,9,14,10,36,30.81646699288347,60.411004489453845,9
3,10,43,11,51,16.81646699288347,50.631004489453844,3
6,19,41,10,33,20.02646699288347,51.33100448945384,2
2,28,14,15,21,23.93646699288347,48.29100448945384,4
3,10,43,11,63,28.81646699288347,66.97100448945385,3
5,9,31,17,34,15.876466992883469,40.14100448945384,8
7,22,38,21,33,12.286466992883469,54.08100448945384,3
5,9,28,10,42,22.81646699288347,44.69100448945384,9
6,34,14,35,20,14.81646699288347,49.97100448945384,8
5,18,55,19,47,14.81646699288347,56.96100448945384,2
2,9,14,11,40,34.836466992883466,41.481004489453845,5
7,44,42,20,35,33.52646699288347,72.92100448945385,2
5,9,42,30,39,27.91646699288347,48.87100448945384,6
4,10,61,22,55,19.896466992883468,61.771004489453844,3
2,9,14,10,26,20.81646699288347,52.841004489453844,6
2,9,14,10,28,22.81646699288347,64.83100448945385,6
4,9,39,18,40,16.06646699288347,63.68100448945384,9
7,11,41,19,35,16.416466992883468,39.53100448945384,1
6,21,40,10,30,22.81646699288347,54.75100448945384,3
4,9,61,43,47,43.28646699288347,68.50100448945385,2
5,9,37,12,42,14.13646699288347,49.08100448945384,4
8,21,41,10,36,20.46646699288347,60.80100448945384,3
4,18,34,22,29,12.81646699288347,37.90100448945384,5
4,9,21,32,24,30.17646699288347,51.07100448945384,1
4,10,61,20,55,18.11646699288347,71.51100448945384,3
2,9,14,10,37,31.81646699288347,37.90100448945384,5
4,9,30,18,27,16.06646699288347,48.92100448945384,9
6,30,25,32,30,13.896466992883468,38.871004489453846,9
3,9,26,10,49,31.81646699288347,58.08100448945384,6
2,9,14,10,24,18.81646699288347,51.07100448945384,9
5,9,48,39,48,36.836466992883466,56.521004489453844,7
4,11,65,23,60,19.51646699288347,63.701004489453844,3
6,19,20,10,13,19.47646699288347,35.67100448945384,5
2,9,14,10,51,45.81646699288347,73.31100448945385,2
2,23,14,12,20,21.70646699288347,42.371004489453846,4
2,9,14,10,32,26.81646699288347,49.08100448945384,7
4,9,14,29,15,26.91646699288347,40.90100448945384,10
2,9,14,11,40,34.836466992883466,41.481004489453845,5
5,9,38,19,43,18.63646699288347,51.32100448945384,4
6,23,22,10,13,23.93646699288347,45.96100448945384,5
3,9,38,10,60,30.81646699288347,61.05100448945384,2
4,9,14,25,15,22.94646699288347,41.96100448945384,10
5,9,34,30,58,39.83646699288347,60.73100448945384,1
2,9,14,10,48,42.81646699288347,62.62100448945384,3
2,9,14,10,50,44.81646699288347,65.41100448945384,2
2,9,14,10,20,14.81646699288347,41.481004489453845,7
5,24,14,27,24,18.99646699288347,35.911004489453845,8
8,35,21,30,20,13.81646699288347,62.18100448945384,8
6,44,51,45,35,22.81646699288347,72.92100448945385,3
6,31,52,20,45,21.236466992883468,63.87100448945384,2
3,10,18,10,20,10.97646699288347,28.871004489453846,8
8,27,26,10,19,26.78646699288347,58.49100448945384,2
8,19,32,10,25,19.47646699288347,62.69100448945384,2
6,11,34,22,37,18.58646699288347,37.90100448945384,4
6,31,26,33,38,20.85646699288347,45.78100448945384,9
2,9,14,10,30,24.81646699288347,49.15100448945384,1
3,9,49,11,71,30.83646699288347,72.10100448945384,2
6,23,38,31,41,15.876466992883469,46.07100448945384,4
3,43,22,10,29,42.74646699288347,80.38100448945384,8
2,9,14,10,34,28.81646699288347,74.01100448945384,7
3,9,33,11,48,23.84646699288347,50.43100448945384,7
5,38,14,41,20,15.09646699288347,66.07100448945384,8
2,9,14,10,31,25.81646699288347,54.75100448945384,1
2,9,14,10,37,31.81646699288347,58.08100448945384,1
4,9,26,10,37,19.81646699288347,53.26100448945384,4
5,21,30,22,21,15.81646699288347,37.90100448945384,5
4,11,51,18,48,14.13646699288347,51.79100448945384,2
7,30,34,10,21,32.00646699288347,67.93100448945384,2
7,26,36,10,25,27.53646699288347,70.43100448945384,2
5,17,60,27,53,18.63646699288347,61.99100448945384,2
4,9,27,18,28,16.06646699288347,41.15100448945384,1
4,9,24,17,29,17.03646699288347,28.531004489453842,8
4,11,57,40,47,37.226466992883466,63.50100448945384,3
6,18,30,17,46,24.93646699288347,46.24100448945384,9
5,32,51,34,44,13.896466992883468,58.58100448945384,3
2,9,14,10,35,29.81646699288347,73.36100448945385,6
6,24,51,25,41,16.81646699288347,57.56100448945384,2
2,9,14,12,39,33.89646699288347,51.57100448945384,3
2,9,14,10,26,20.81646699288347,49.36100448945384,10
2,9,14,12,35,29.90646699288347,39.93100448945384,3
5,15,46,21,41,14.216466992883468,44.911004489453845,2
3,9,48,11,69,29.83646699288347,69.31100448945385,2
4,23,38,25,28,16.87646699288347,44.61100448945384,5
9,9,37,21,13,33.31646699288347,60.80100448945384,3
2,9,14,10,20,14.81646699288347,27.231004489453845,7
2,9,14,10,52,46.81646699288347,54.90100448945384,5
5,10,49,27,47,23.84646699288347,49.98100448945384,7
4,9,31,34,33,32.00646699288347,56.01100448945384,1
5,11,32,22,37,19.47646699288347,37.90100448945384,4
3,34,14,37,26,20.96646699288347,47.19100448945384,1
7,26,14,29,21,16.06646699288347,37.981004489453845,8
6,12,24,17,25,12.286466992883469,25.491004489453843,8
4,9,30,25,29,22.81646699288347,50.771004489453844,6
2,9,14,11,38,32.836466992883466,55.451004489453844,3
4,9,14,17,15,15.09646699288347,36.07100448945384,10
6,14,34,22,37,15.876466992883469,37.90100448945384,4
5,9,43,24,42,21.81646699288347,48.08100448945384,6
3,9,41,11,49,16.87646699288347,47.951004489453844,2
5,11,30,22,31,18.01646699288347,33.271004489453844,6
8,13,69,20,45,31.58646699288347,66.97100448945385,1
2,9,14,12,50,44.86646699288347,78.67100448945384,3
4,9,22,10,30,16.81646699288347,40.60100448945384,8
2,9,14,10,25,19.81646699288347,50.771004489453844,6
4,9,26,12,31,14.13646699288347,37.90100448945384,4
3,9,20,10,25,13.81646699288347,32.17100448945384,8
5,26,61,31,49,19.51646699288347,67.15100448945384,3
5,19,60,23,54,13.646466992883468,64.67100448945385,3
5,11,41,28,49,26.17646699288347,51.32100448945384,4
4,9,35,31,38,29.19646699288347,64.38100448945384,1
3,9,26,11,32,14.88646699288347,36.57100448945384,10
4,21,32,22,22,16.81646699288347,41.53100448945384,5
2,17,14,10,19,17.81646699288347,32.17100448945384,8
3,9,30,11,50,28.83646699288347,51.381004489453844,10
3,10,38,11,51,21.81646699288347,52.701004489453844,3
4,21,32,22,22,16.81646699288347,41.53100448945384,5
4,9,44,24,37,23.04646699288347,44.61100448945384,3
4,9,38,26,49,27.81646699288347,50.47100448945384,4
4,10,56,16,55,12.81646699288347,54.49100448945384,2
8,11,51,15,43,15.436466992883469,48.73100448945384,1
3,25,14,26,29,23.81646699288347,55.85100448945384,9
4,9,14,17,14,14.88646699288347,38.00100448945384,10
2,9,14,10,25,19.81646699288347,38.00100448945384,10
6,26,53,27,41,18.81646699288347,61.05100448945384,2
3,9,23,11,44,29.83646699288347,48.51100448945384,7
5,29,50,36,38,20.346466992883467,61.32100448945384,2
3,9,34,10,46,20.81646699288347,52.69100448945384,6
5,9,39,10,47,16.81646699288347,67.99100448945384,9
2,9,14,10,29,23.81646699288347,58.24100448945384,1
3,10,38,20,31,18.63646699288347,39.371004489453846,5
2,9,14,10,22,16.81646699288347,50.271004489453844,9
2,31,14,13,24,29.76646699288347,61.19100448945384,8
2,21,14,16,17,15.026466992883469,38.85100448945384,8
3,9,22,11,33,19.85646699288347,38.871004489453846,6
4,9,35,32,37,30.01646699288347,58.48100448945384,9
4,9,28,20,29,18.01646699288347,56.35100448945384,6
5,42,49,43,36,19.81646699288347,66.87100448945384,2
4,9,46,17,41,15.876466992883469,44.05100448945384,3
5,9,24,10,33,17.81646699288347,47.19100448945384,1
6,9,14,19,13,16.81646699288347,61.29100448945384,6
5,19,55,32,47,21.70646699288347,61.161004489453845,2
4,9,38,22,21,27.81646699288347,44.31100448945384,1
2,9,14,10,28,22.81646699288347,46.18100448945384,10
4,26,32,29,25,14.13646699288347,42.47100448945384,5
5,9,40,32,37,29.90646699288347,47.951004489453844,6
2,24,14,15,19,19.47646699288347,37.701004489453844,8
6,32,45,31,33,18.99646699288347,67.93100448945384,2
2,9,14,10,34,28.81646699288347,64.38100448945384,1
4,9,14,37,14,34.836466992883466,56.87100448945384,10
7,19,46,10,39,19.47646699288347,63.87100448945384,2
6,9,14,31,13,28.81646699288347,53.591004489453844,6
4,9,52,26,44,25.27646699288347,52.30100448945384,3
3,9,38,11,48,18.86646699288347,46.76100448945384,7
2,9,14,10,27,21.81646699288347,42.091004489453844,9
2,9,14,10,35,29.81646699288347,57.56100448945384,2
2,9,14,10,49,43.81646699288347,54.81100448945384,3
3,9,22,11,39,25.84646699288347,43.87100448945384,10
3,34,14,36,26,20.85646699288347,49.28100448945384,9
3,31,14,33,25,19.85646699288347,63.40100448945384,1
3,13,16,10,17,12.286466992883469,28.04100448945384,8
4,11,66,27,60,23.62646699288347,67.15100448945384,3
2,9,14,10,23,17.81646699288347,47.47100448945384,10
6,10,43,27,47,24.57646699288347,49.08100448945384,4
2,9,14,10,21,15.81646699288347,41.07100448945384,10
2,9,14,11,42,36.836466992883466,64.83100448945385,3
8,22,69,36,42,36.88646699288347,71.91100448945384,1
4,9,37,48,34,45.86646699288347,69.97100448945385,7
4,26,40,27,26,20.81646699288347,53.61100448945384,5
4,9,22,10,29,15.81646699288347,38.36100448945384,8
2,9,14,10,40,34.81646699288347,61.99100448945384,2
3,11,37,12,47,18.81646699288347,53.271004489453844,3
4,9,28,42,27,39.81646699288347,63.87100448945384,6
2,9,14,10,26,20.81646699288347,46.97100448945384,1
2,9,14,10,36,30.81646699288347,59.58100448945384,2
3,9,23,10,31,16.81646699288347,46.07100448945384,4
4,9,30,26,37,25.70646699288347,39.911004489453845,4
5,11,41,28,49,26.17646699288347,51.32100448945384,4
2,9,14,11,39,33.836466992883466,60.73100448945384,3
2,9,14,10,36,30.81646699288347,67.92100448945385,7
2,9,14,10,27,21.81646699288347,44.69100448945384,9
4,10,55,27,45,26.17646699288347,55.451004489453844,3
4,9,40,39,53,40.01646699288347,61.07100448945384,8
7,32,20,28,19,12.81646699288347,45.78100448945384,8
7,23,48,10,39,23.93646699288347,69.31100448945385,2
6,34,45,31,31,21.416466992883468,71.49100448945384,2
2,9,14,10,22,16.81646699288347,46.07100448945384,10
4,9,29,36,26,33.89646699288347,49.28100448945384,9
4,9,32,36,29,33.89646699288347,58.271004489453844,9
5,18,61,20,55,12.916466992883468,62.06100448945384,3
2,9,14,12,34,28.91646699288347,54.75100448945384,3
7,33,34,10,19,35.59646699288347,78.61100448945385,2
6,29,22,10,13,29.35646699288347,50.12100448945384,5
4,32,32,33,22,16.81646699288347,45.78100448945384,5
5,26,25,10,13,28.06646699288347,48.19100448945384,5
3,18,14,20,38,32.836466992883466,61.08100448945384,9
2,9,14,10,31,25.81646699288347,59.911004489453845,6
2,36,14,22,20,24.36646699288347,49.97100448945384,4
3,9,49,10,62,21.81646699288347,62.62100448945384,3
4,9,26,33,20,31.35646699288347,50.48100448945384,9
3,11,49,26,40,23.93646699288347,50.43100448945384,5
3,18,20,10,25,18.63646699288347,51.32100448945384,4
2,9,14,11,37,31.83646699288347,39.371004489453846,5
4,9,32,26,41,26.68646699288347,43.32100448945384,4
6,22,28,25,40,20.96646699288347,41.96100448945384,9
3,9,28,10,52,32.81646699288347,63.87100448945384,6
3,9,32,10,48,24.81646699288347,59.911004489453845,6
4,9,38,29,49,30.28646699288347,52.25100448945384,8
4,9,51,16,48,14.13646699288347,53.131004489453844,3
7,20,39,16,34,14.216466992883468,49.67100448945384,2
3,9,33,11,46,21.85646699288347,50.89100448945384,7
8,19,23,13,22,14.81646699288347,26.691004489453842,8
3,10,48,11,69,29.81646699288347,72.81100448945385,3
3,15,21,10,27,17.03646699288347,47.951004489453844,4
7,22,28,16,23,15.876466992883469,42.85100448945384,2
5,10,43,29,51,27.93646699288347,53.56100448945384,4
4,9,24,10,32,16.81646699288347,42.371004489453846,4
5,19,60,38,52,27.12646699288347,68.38100448945384,3
3,9,38,19,33,17.666466992883468,37.90100448945384,5
8,12,49,25,37,24.09646699288347,49.15100448945384,1
6,42,50,10,36,43.28646699288347,78.67100448945384,3
3,11,37,19,33,15.436466992883469,37.49100448945384,5
3,19,23,10,31,21.26646699288347,56.68100448945384,8
4,9,24,10,33,17.81646699288347,47.69100448945384,8
4,27,28,28,20,14.81646699288347,39.50100448945384,5
6,16,38,15,50,20.96646699288347,48.73100448945384,1
2,9,14,10,26,20.81646699288347,37.701004489453844,7
8,38,24,35,23,11.81646699288347,54.26100448945384,8
4,9,34,32,33,29.81646699288347,61.28100448945384,7
3,9,21,10,27,14.81646699288347,38.661004489453845,4
5,9,30,12,35,14.13646699288347,53.271004489453844,9
4,9,29,37,22,35.476466992883466,48.55100448945384,1
4,9,14,18,13,15.81646699288347,34.481004489453845,10
4,10,57,27,45,27.23646699288347,57.31100448945384,2
5,10,46,17,47,14.13646699288347,47.841004489453844,7
3,9,34,10,55,29.81646699288347,56.01100448945384,10
6,18,31,15,50,28.21646699288347,49.15100448945384,1
3,9,22,11,38,24.84646699288347,45.90100448945384,7
2,9,14,10,37,31.81646699288347,63.46100448945384,1
4,9,26,10,37,19.81646699288347,51.32100448945384,4
2,9,14,10,44,38.81646699288347,63.881004489453844,2
8,14,47,10,43,13.646466992883468,57.94100448945384,3
3,9,31,10,44,21.81646699288347,50.271004489453844,6
5,11,41,28,49,26.17646699288347,51.32100448945384,4
4,9,28,31,27,28.81646699288347,46.54100448945384,6
2,9,14,10,31,25.81646699288347,50.021004489453844,9
5,9,29,15,32,14.216466992883468,35.67100448945384,8
5,23,44,27,36,15.436466992883469,52.701004489453844,3
3,22,14,24,39,33.836466992883466,59.451004489453844,1
2,9,14,10,30,24.81646699288347,53.87100448945384,1
2,9,14,10,43,37.81646699288347,63.46100448945384,3
4,9,22,10,29,15.81646699288347,39.371004489453846,4
2,9,14,12,49,43.87646699288347,51.32100448945384,5
4,9,32,19,40,20.54646699288347,57.93100448945384,4
7,9,54,16,55,14.13646699288347,60.81100448945384,1
3,24,14,26,19,13.896466992883468,55.451004489453844,1
5,20,22,10,13,21.416466992883468,38.381004489453844,5
6,33,43,42,47,17.24646699288347,57.76100448945384,8
2,9,14,10,37,31.81646699288347,72.47100448945385,2
2,9,14,10,47,41.81646699288347,58.49100448945384,2
3,9,53,44,39,44.21646699288347,62.81100448945384,5
3,9,23,10,44,29.81646699288347,53.08100448945384,7
2,9,14,12,48,42.87646699288347,50.43100448945384,5
4,9,59,15,56,13.206466992883469,59.92100448945384,3
6,30,40,29,53,21.95646699288347,63.46100448945384,1
9,9,32,21,13,28.91646699288347,50.631004489453844,3
3,24,14,26,19,13.896466992883468,55.451004489453844,1
2,39,14,19,22,30.66646699288347,57.93100448945384,4
2,9,14,10,33,27.81646699288347,57.591004489453844,9
3,9,35,12,42,16.06646699288347,46.30100448945384,6
3,9,22,12,46,32.89646699288347,53.71100448945384,6
3,9,36,11,54,26.84646699288347,54.73100448945384,10
4,9,28,12,34,15.09646699288347,42.371004489453846,4
3,9,50,10,60,18.81646699288347,59.12100448945384,2
3,9,43,11,55,20.85646699288347,54.24100448945384,2
2,9,14,10,25,19.81646699288347,48.73100448945384,1
5,11,46,42,47,37.88646699288347,57.76100448945384,6
6,22,47,23,40,13.81646699288347,50.29100448945384,2
4,9,21,11,24,11.936466992883469,28.871004489453846,8
3,21,14,22,21,15.81646699288347,44.31100448945384,1
4,9,14,21,14,18.86646699288347,39.301004489453845,10
7,28,21,26,20,10.81646699288347,51.78100448945384,8
3,31,14,33,40,34.836466992883466,58.08100448945384,1
5,9,39,12,56,25.92646699288347,60.31100448945384,1
3,9,25,12,35,18.99646699288347,33.871004489453846,10
4,9,24,23,27,21.416466992883468,30.871004489453846,8
3,9,29,12,46,25.92646699288347,46.18100448945384,10
6,23,26,10,34,24.45646699288347,36.31100448945384,1
4,18,38,24,32,14.88646699288347,41.481004489453845,5
6,16,25,10,24,14.81646699288347,24.961004489453842,8
2,9,14,11,39,33.836466992883466,43.271004489453844,5
7,19,14,18,24,18.99646699288347,27.351004489453842,8
5,9,37,12,60,31.896466992883468,60.411004489453845,9
5,9,32,19,29,17.03646699288347,31.191004489453846,7
7,24,28,10,19,24.81646699288347,54.08100448945384,3
5,20,55,21,47,14.81646699288347,57.39100448945384,3
2,25,14,10,21,25.70646699288347,39.911004489453845,4
4,25,41,41,31,25.30646699288347,57.82100448945384,5
9,9,20,28,13,26.78646699288347,58.58100448945384,3
5,9,21,12,44,31.896466992883468,54.08100448945384,1
4,9,73,36,60,36.45646699288347,75.54100448945384,2
6,32,21,32,43,30.83646699288347,50.48100448945384,9
4,9,38,35,30,33.77646699288347,60.81100448945384,1
3,9,37,12,54,25.92646699288347,62.47100448945384,7
2,30,14,19,20,21.70646699288347,47.31100448945384,8
7,15,18,10,13,15.026466992883469,37.011004489453846,5
9,9,20,32,13,30.61646699288347,72.92100448945385,3
4,9,22,27,20,24.84646699288347,38.871004489453846,7
5,21,46,22,36,16.81646699288347,53.131004489453844,3
7,11,36,27,42,24.36646699288347,46.06100448945384,1
6,19,39,20,45,14.81646699288347,61.08100448945384,9
4,9,28,21,31,19.51646699288347,42.091004489453844,9
7,9,20,28,13,26.78646699288347,56.76100448945384,3
3,11,50,12,65,23.81646699288347,67.15100448945384,3
5,9,45,34,44,31.81646699288347,50.271004489453844,6
4,9,25,28,26,25.92646699288347,62.73100448945384,6
2,9,14,10,33,27.81646699288347,33.00100448945384,5
7,10,49,12,50,10.056466992883468,48.73100448945384,1
7,37,40,20,32,27.12646699288347,68.38100448945384,3
4,9,22,37,25,35.10646699288347,53.71100448945384,9
3,32,14,34,21,15.876466992883469,50.12100448945384,9
3,9,36,10,60,32.81646699288347,65.27100448945384,6
6,23,22,16,17,16.756466992883468,38.85100448945384,5
4,10,64,28,61,24.93646699288347,66.97100448945385,3
4,9,23,16,24,14.13646699288347,28.961004489453842,7
3,9,21,10,26,13.81646699288347,28.871004489453846,6
4,11,73,43,62,40.38646699288347,78.67100448945384,3
6,23,38,24,52,22.81646699288347,61.07100448945384,9
4,9,14,29,15,26.91646699288347,39.39100448945384,10
7,9,37,30,13,38.29646699288347,78.67100448945384,3
4,10,45,16,44,12.81646699288347,44.69100448945384,2
4,9,63,24,51,25.61646699288347,62.62100448945384,3
8,9,41,21,13,36.96646699288347,64.23100448945384,3
6,34,22,21,17,22.37646699288347,47.14100448945384,5
6,20,56,20,50,12.916466992883468,62.271004489453844,2
3,9,34,10,41,15.81646699288347,48.87100448945384,6
4,9,40,27,53,29.83646699288347,54.53100448945384,4
3,10,37,16,33,13.646466992883468,39.091004489453844,5
6,20,46,20,40,12.916466992883468,53.521004489453844,2
4,31,32,32,22,16.81646699288347,45.90100448945384,5
8,38,28,10,19,37.89646699288347,72.47100448945385,2
5,9,30,16,33,15.026466992883469,38.85100448945384,8
7,9,40,34,34,32.336466992883466,46.451004489453844,1
4,9,77,34,65,34.21646699288347,79.61100448945385,3
5,17,14,18,22,16.81646699288347,27.191004489453846,8
5,9,33,11,40,15.876466992883469,50.021004489453844,1
2,9,14,10,20,14.81646699288347,41.07100448945384,10
5,26,50,29,38,18.99646699288347,58.08100448945384,3
3,9,39,11,44,13.896466992883468,44.69100448945384,2
5,9,30,11,44,22.846466992883467,43.64100448945384,1
5,11,41,28,49,26.17646699288347,51.32100448945384,4
7,23,54,10,45,23.93646699288347,74.32100448945384,2
3,9,31,10,53,30.81646699288347,64.88100448945384,6
4,23,38,25,28,16.87646699288347,44.61100448945384,5
5,19,58,23,52,13.646466992883468,62.73100448945384,3
6,33,33,34,41,16.81646699288347,56.01100448945384,9
4,9,14,29,15,26.91646699288347,54.451004489453844,10
2,47,14,24,25,34.64646699288347,70.74100448945384,8
7,23,48,10,39,23.93646699288347,69.31100448945385,2
4,9,30,33,34,31.35646699288347,50.271004489453844,1
6,28,25,24,24,12.81646699288347,53.56100448945384,8
5,9,33,19,37,18.11646699288347,43.32100448945384,4
5,11,32,25,37,22.13646699288347,39.371004489453846,4
4,9,23,34,21,31.83646699288347,50.12100448945384,9
6,44,58,45,40,24.81646699288347,79.67100448945384,2
3,33,14,36,31,25.92646699288347,53.87100448945384,1
6,18,36,19,48,20.81646699288347,53.05100448945384,9
3,9,52,10,63,19.81646699288347,64.21100448945384,3
2,9,14,10,42,36.81646699288347,61.99100448945384,2
5,38,14,39,20,14.81646699288347,62.68100448945384,8
3,19,20,10,26,20.02646699288347,45.78100448945384,8
5,31,26,27,19,15.626466992883469,44.37100448945384,5
6,20,32,11,36,18.99646699288347,36.57100448945384,1
3,9,20,12,36,24.93646699288347,40.90100448945384,10
4,23,36,24,24,18.81646699288347,46.00100448945384,5
2,9,14,10,30,24.81646699288347,43.87100448945384,6
2,9,14,10,29,23.81646699288347,50.271004489453844,1
4,9,26,10,37,19.81646699288347,52.75100448945384,4
5,18,41,40,49,30.66646699288347,57.93100448945384,4
3,10,38,18,33,15.876466992883469,41.68100448945384,5
6,9,14,17,11,15.09646699288347,37.701004489453844,6
8,21,37,10,28,22.236466992883468,74.39100448945385,3
5,10,31,21,35,18.99646699288347,36.131004489453844,8
2,44,14,23,19,30.61646699288347,61.28100448945384,4
4,9,24,25,29,23.97646699288347,35.911004489453845,8
5,19,66,23,61,12.81646699288347,66.61100448945385,2
6,23,54,24,44,16.81646699288347,60.11100448945384,2
2,9,14,10,22,16.81646699288347,37.981004489453845,10
6,33,60,34,43,23.81646699288347,75.69100448945385,3
2,9,14,10,34,28.81646699288347,59.17100448945384,2
5,10,57,40,55,36.836466992883466,64.08100448945385,6
8,29,25,10,19,28.43646699288347,55.00100448945384,3
3,9,40,33,31,32.16646699288347,45.78100448945384,5
5,11,37,28,36,23.81646699288347,40.28100448945384,7
5,9,36,28,36,25.84646699288347,40.28100448945384,6
2,9,14,10,23,17.81646699288347,42.47100448945384,6
7,44,42,20,35,33.52646699288347,72.92100448945385,2
3,28,14,29,21,15.81646699288347,57.17100448945384,1
4,11,45,20,42,16.06646699288347,43.64100448945384,3
7,34,36,25,27,20.62646699288347,71.49100448945384,2
6,9,14,45,11,42.87646699288347,62.73100448945384,6
4,9,35,18,35,15.876466992883469,57.30100448945384,6
3,22,14,23,36,30.81646699288347,55.99100448945384,9
6,9,14,31,13,28.81646699288347,53.591004489453844,6
6,29,29,30,53,32.81646699288347,64.92100448945385,1
3,9,33,10,43,18.81646699288347,51.43100448945384,6
3,9,21,10,45,32.81646699288347,53.591004489453844,6
6,31,47,32,33,20.81646699288347,60.26100448945384,3
5,9,26,12,45,27.91646699288347,50.48100448945384,9
2,36,14,25,20,21.70646699288347,49.97100448945384,4
2,9,14,10,30,24.81646699288347,64.88100448945384,6
3,20,26,10,36,23.37646699288347,67.68100448945384,8
3,9,29,10,43,22.81646699288347,59.40100448945384,8
2,16,14,13,15,12.286466992883469,25.491004489453843,8
2,9,14,10,30,24.81646699288347,52.661004489453845,9
5,21,35,37,41,24.36646699288347,49.97100448945384,4
5,10,34,24,34,20.85646699288347,39.67100448945384,6
3,9,32,10,42,18.81646699288347,48.08100448945384,6
4,9,26,24,24,21.85646699288347,44.18100448945384,1
2,23,14,12,20,21.70646699288347,42.371004489453846,4
3,9,20,10,31,19.81646699288347,31.191004489453846,7
6,9,14,17,14,14.88646699288347,50.771004489453844,6
2,37,14,10,23,37.54646699288347,52.11100448945384,4
4,9,33,12,42,18.01646699288347,54.98100448945384,8
4,9,39,36,38,33.81646699288347,71.95100448945385,6
6,30,40,10,22,34.836466992883466,71.82100448945384,2
4,9,14,22,13,19.81646699288347,33.54100448945384,10
5,21,14,23,19,13.896466992883468,42.371004489453846,8
4,9,20,21,20,18.86646699288347,45.90100448945384,6
4,9,20,26,23,24.30646699288347,44.69100448945384,9
3,9,37,10,61,32.81646699288347,62.69100448945384,2
6,28,26,29,42,24.81646699288347,52.661004489453845,9
4,9,55,17,50,15.876466992883469,52.661004489453845,2
4,9,58,20,53,18.58646699288347,59.82100448945384,3
2,9,14,10,25,19.81646699288347,34.92100448945384,6
4,9,26,36,27,33.89646699288347,50.771004489453844,6
5,25,35,26,23,18.81646699288347,47.74100448945384,5
2,21,14,12,19,19.47646699288347,37.90100448945384,4
8,9,20,23,13,22.13646699288347,51.381004489453844,3
2,24,14,10,21,24.81646699288347,39.371004489453846,4
5,9,28,11,39,19.85646699288347,45.78100448945384,9
5,9,34,10,55,29.81646699288347,57.591004489453844,9
2,9,14,10,19,13.81646699288347,53.08100448945384,6
3,9,21,12,44,31.896466992883468,48.51100448945384,6
3,10,39,11,54,23.81646699288347,55.451004489453844,3
2,9,14,10,42,36.81646699288347,42.451004489453844,5
3,18,14,21,31,25.92646699288347,36.57100448945384,1
4,9,14,35,15,32.89646699288347,49.36100448945384,10
2,9,14,11,46,40.83646699288347,62.06100448945384,3
3,11,17,10,19,11.42646699288347,28.961004489453842,8
4,9,58,20,53,18.58646699288347,59.82100448945384,3
3,9,49,10,61,20.81646699288347,63.87100448945384,3
3,9,26,10,37,19.81646699288347,50.47100448945384,4
5,9,37,12,60,31.896466992883468,60.411004489453845,9
3,9,26,12,46,28.91646699288347,46.54100448945384,10
5,19,24,19,18,12.916466992883468,33.43100448945384,5
2,9,14,10,44,38.81646699288347,64.23100448945384,2
8,13,33,10,29,12.81646699288347,42.691004489453846,2
4,9,24,29,21,26.91646699288347,48.29100448945384,1
3,9,28,10,42,22.81646699288347,49.36100448945384,6
8,26,24,21,23,13.81646699288347,47.31100448945384,8
5,30,14,33,20,15.09646699288347,43.631004489453844,8
4,9,36,16,34,13.896466992883468,64.08100448945385,6
2,9,14,10,33,27.81646699288347,46.76100448945384,10
3,9,34,11,56,30.83646699288347,57.31100448945384,2
4,9,27,25,23,23.11646699288347,38.53100448945384,1
4,9,32,39,30,36.836466992883466,58.87100448945384,7
5,21,23,10,13,22.81646699288347,41.53100448945384,5
4,9,25,18,24,15.81646699288347,39.39100448945384,7
4,9,29,28,27,25.84646699288347,48.81100448945384,7
7,44,36,23,27,31.22646699288347,72.92100448945385,3
2,26,14,12,19,23.97646699288347,49.08100448945384,4
2,31,14,18,21,23.93646699288347,50.771004489453844,8
3,9,25,10,35,18.81646699288347,48.29100448945384,4
4,9,59,43,48,42.29646699288347,66.87100448945384,2
5,24,28,22,20,15.436466992883469,41.96100448945384,5
4,9,30,20,27,18.01646699288347,44.36100448945384,6
5,9,39,12,59,28.91646699288347,63.68100448945384,9
2,9,14,11,44,38.836466992883466,45.96100448945384,5
6,9,14,25,11,22.94646699288347,57.14100448945384,6
8,16,27,10,22,15.876466992883469,42.85100448945384,3
6,30,41,10,28,32.00646699288347,64.38100448945384,2
4,9,37,21,39,19.21646699288347,55.99100448945384,9
3,9,29,11,34,13.896466992883468,39.39100448945384,10
3,9,34,11,56,30.83646699288347,57.31100448945384,2
5,30,34,31,23,17.81646699288347,47.69100448945384,5
5,11,35,29,34,24.81646699288347,39.39100448945384,7
5,9,33,19,37,18.11646699288347,43.32100448945384,4
7,23,14,24,24,18.81646699288347,42.371004489453846,8
3,9,23,10,31,16.81646699288347,45.131004489453844,8
4,18,29,20,23,12.916466992883468,34.331004489453846,5
3,34,14,36,29,23.84646699288347,58.271004489453844,9
4,16,38,24,32,16.416466992883468,41.481004489453845,5
4,9,28,29,33,27.73646699288347,38.661004489453845,4
6,21,21,22,34,21.81646699288347,52.83100448945384,1
5,9,35,28,34,25.81646699288347,38.731004489453845,7
6,17,39,18,35,10.81646699288347,39.231004489453845,2
4,18,40,26,34,16.416466992883468,47.74100448945384,5
3,9,36,10,50,22.81646699288347,57.14100448945384,6
8,17,26,10,19,17.81646699288347,54.021004489453844,3
3,18,20,10,25,18.63646699288347,51.32100448945384,4
5,13,35,26,41,21.70646699288347,43.32100448945384,4
2,9,14,10,24,18.81646699288347,37.701004489453844,1
6,26,37,24,27,17.30646699288347,51.79100448945384,2
4,9,21,24,20,21.81646699288347,45.07100448945384,9
3,20,14,21,39,33.81646699288347,55.99100448945384,9
3,10,42,17,37,15.026466992883469,42.371004489453846,5
7,28,47,15,43,22.13646699288347,59.92100448945384,3
2,25,14,10,25,27.81646699288347,50.47100448945384,4
4,9,48,36,44,33.98646699288347,55.76100448945384,3
5,42,38,43,25,19.81646699288347,59.17100448945384,5
4,9,32,31,32,28.83646699288347,45.131004489453844,7
6,23,31,25,51,28.83646699288347,51.92100448945384,1
5,9,43,19,44,17.03646699288347,45.08100448945384,6
3,11,39,12,50,19.81646699288347,51.381004489453844,3
4,9,26,22,23,19.986466992883468,50.29100448945384,9
6,18,41,10,33,19.21646699288347,50.12100448945384,2
5,26,31,24,21,17.30646699288347,49.08100448945384,5
3,9,26,10,37,19.81646699288347,50.47100448945384,4
5,11,46,22,46,17.86646699288347,49.15100448945384,7
2,9,14,10,36,30.81646699288347,61.07100448945384,9
6,33,26,34,50,32.81646699288347,55.17100448945384,9
5,17,29,27,33,18.11646699288347,37.981004489453845,8
2,9,14,12,45,39.87646699288347,56.381004489453844,3
4,11,47,17,45,12.916466992883468,45.03100448945384,3
6,16,36,13,54,27.23646699288347,52.661004489453845,1
4,11,55,32,49,28.43646699288347,57.60100448945384,3
4,9,30,33,34,31.35646699288347,50.271004489453844,1
4,11,55,47,45,43.95646699288347,66.30100448945385,3
2,9,14,10,33,27.81646699288347,38.661004489453845,5
3,9,38,19,33,17.666466992883468,37.90100448945384,5
5,9,36,10,59,31.81646699288347,62.86100448945384,1
6,22,38,23,30,14.81646699288347,42.85100448945384,3
6,27,43,28,31,18.81646699288347,54.021004489453844,3
6,21,21,10,13,21.70646699288347,47.87100448945384,5
4,9,27,18,23,16.35646699288347,46.97100448945384,1
2,9,14,10,52,46.81646699288347,54.90100448945384,5
9,9,20,31,13,29.65646699288347,59.82100448945384,3
4,9,28,32,25,29.90646699288347,45.78100448945384,9
4,9,29,34,25,32.00646699288347,55.17100448945384,9
2,9,14,10,28,22.81646699288347,52.30100448945384,9
5,16,46,18,40,12.916466992883468,45.03100448945384,3
8,9,20,26,13,24.90646699288347,51.57100448945384,3
2,9,14,11,33,27.83646699288347,55.00100448945384,3
6,44,26,35,19,19.47646699288347,61.28100448945384,5
4,26,44,30,33,18.256466992883468,54.90100448945384,5
3,9,27,12,42,23.93646699288347,52.841004489453844,6
5,11,38,31,45,28.43646699288347,49.90100448945384,8
2,9,14,10,23,17.81646699288347,56.86100448945384,1
2,9,14,10,20,14.81646699288347,34.481004489453845,7
5,11,38,31,45,28.43646699288347,49.90100448945384,8
4,9,39,36,38,33.81646699288347,71.95100448945385,6
4,9,28,36,27,33.81646699288347,64.33100448945385,7
2,9,14,10,32,26.81646699288347,53.61100448945384,1
2,9,14,10,31,25.81646699288347,59.911004489453845,6
8,13,35,10,32,12.286466992883469,45.25100448945384,3
4,9,23,20,20,18.01646699288347,41.53100448945384,1
4,9,22,29,19,26.91646699288347,40.14100448945384,7
6,18,19,10,13,18.11646699288347,34.331004489453846,5
8,15,31,10,26,15.026466992883469,48.07100448945384,2
5,10,47,19,48,16.06646699288347,49.35100448945384,6
3,11,42,12,51,17.81646699288347,50.92100448945384,3
4,9,56,20,50,18.99646699288347,57.17100448945384,2
2,9,14,10,25,19.81646699288347,50.29100448945384,9
3,9,22,10,29,15.81646699288347,40.481004489453845,4
6,47,14,48,22,16.81646699288347,70.74100448945384,8
3,18,14,21,28,22.94646699288347,51.591004489453844,9
7,11,49,25,51,21.15646699288347,51.92100448945384,1
2,9,14,10,19,13.81646699288347,47.69100448945384,1
8,36,22,32,21,12.81646699288347,67.89100448945385,8
3,11,22,10,29,16.06646699288347,49.90100448945384,8
2,15,14,12,15,12.286466992883469,26.691004489453842,8
3,9,50,10,62,20.81646699288347,64.78100448945385,2
5,9,25,12,35,18.99646699288347,37.701004489453844,1
6,9,14,23,14,20.85646699288347,37.941004489453846,6
6,33,33,34,41,16.81646699288347,56.01100448945384,9
4,9,35,18,35,15.876466992883469,57.30100448945384,6
2,9,14,10,37,31.81646699288347,43.631004489453844,5
7,23,19,10,13,22.686466992883467,46.85100448945384,5
6,21,21,10,13,21.70646699288347,43.271004489453844,5
3,9,42,11,65,31.83646699288347,73.20100448945385,2
6,28,39,27,29,17.03646699288347,58.08100448945384,3
2,29,14,15,18,23.62646699288347,48.81100448945384,4
2,9,14,10,47,41.81646699288347,54.021004489453844,2
7,23,28,10,19,23.93646699288347,51.57100448945384,3
4,19,28,20,20,14.81646699288347,35.24100448945384,5
2,43,14,21,23,32.89646699288347,63.57100448945384,4
4,9,24,10,34,18.81646699288347,48.81100448945384,4
4,9,38,35,38,32.836466992883466,65.63100448945384,6
6,23,22,10,13,23.93646699288347,49.08100448945384,5
3,17,14,19,37,31.83646699288347,53.271004489453844,9
6,38,49,24,40,24.81646699288347,68.01100448945384,2
6,29,25,32,35,18.99646699288347,54.12100448945384,1
2,9,14,10,20,14.81646699288347,38.871004489453846,9
3,9,38,10,55,25.81646699288347,57.17100448945384,2
4,9,28,35,21,33.52646699288347,47.14100448945384,9
3,16,18,10,21,15.876466992883469,38.36100448945384,8
5,11,47,43,45,38.836466992883466,57.74100448945384,7
5,9,33,11,48,23.84646699288347,57.69100448945384,1
5,26,46,27,32,20.81646699288347,57.31100448945384,2
2,9,14,10,46,40.81646699288347,61.161004489453845,2
4,11,51,26,45,22.686466992883467,51.381004489453844,3
8,21,31,10,24,21.236466992883468,61.771004489453844,3
2,9,14,10,47,41.81646699288347,52.661004489453845,2
2,9,14,10,45,39.81646699288347,55.451004489453844,2
3,9,50,10,56,14.81646699288347,54.81100448945384,3
2,9,14,10,40,34.81646699288347,65.20100448945385,2
6,21,43,22,34,15.81646699288347,48.07100448945384,2
3,13,20,10,25,15.026466992883469,49.54100448945384,8
9,9,25,29,13,29.76646699288347,61.771004489453844,3
4,9,21,31,24,29.19646699288347,38.871004489453846,9
4,9,14,25,14,22.846466992883467,48.23100448945384,10
3,9,27,10,39,20.81646699288347,54.53100448945384,4
5,14,31,25,35,18.99646699288347,37.701004489453844,8
2,9,14,10,34,28.81646699288347,69.08100448945385,6
9,9,24,20,13,21.95646699288347,50.73100448945384,3
2,30,14,21,20,20.02646699288347,58.48100448945384,8
4,9,35,32,34,29.81646699288347,69.08100448945385,6
7,10,38,34,37,30.81646699288347,50.271004489453844,1
2,35,14,24,20,21.70646699288347,49.28100448945384,4
4,9,29,18,36,19.12646699288347,50.771004489453844,8
4,9,24,10,34,18.81646699288347,46.85100448945384,4
3,9,34,10,42,16.81646699288347,45.74100448945384,10
2,9,14,10,51,45.81646699288347,60.11100448945384,5
2,9,14,11,49,43.82646699288347,87.29100448945384,3
6,30,50,31,35,21.81646699288347,63.46100448945384,3
6,30,28,20,20,20.85646699288347,55.36100448945384,5
3,9,33,11,46,21.85646699288347,50.89100448945384,7
2,9,14,10,45,39.81646699288347,55.451004489453844,2
3,9,32,11,55,31.83646699288347,61.55100448945384,10
2,26,14,12,19,23.97646699288347,49.08100448945384,4
4,9,22,16,21,13.81646699288347,38.091004489453844,6
2,9,14,10,38,32.81646699288347,59.451004489453844,1
7,31,14,34,20,15.09646699288347,62.18100448945384,8
4,9,31,24,30,21.81646699288347,50.771004489453844,6
4,9,23,16,24,14.13646699288347,28.961004489453842,7
2,9,14,10,26,20.81646699288347,47.47100448945384,9
7,20,18,10,13,19.51646699288347,47.14100448945384,5
4,9,34,38,43,37.54646699288347,52.11100448945384,4
4,9,26,21,23,18.99646699288347,34.92100448945384,6
2,9,14,10,35,29.81646699288347,46.881004489453844,7
2,9,14,10,25,19.81646699288347,49.98100448945384,7
3,9,49,11,55,14.88646699288347,54.021004489453844,2
2,9,14,10,46,40.81646699288347,71.49100448945384,2
2,9,14,10,19,13.81646699288347,35.831004489453846,7
7,23,26,10,19,23.04646699288347,44.61100448945384,3
2,9,14,10,44,38.81646699288347,54.49100448945384,2
3,19,14,22,31,25.92646699288347,40.621004489453846,1
3,9,22,10,33,19.81646699288347,35.481004489453845,7
6,9,14,27,13,24.81646699288347,48.51100448945384,6
3,9,25,10,35,18.81646699288347,46.00100448945384,4
5,9,33,17,37,16.416466992883468,42.371004489453846,8
4,10,49,25,43,22.686466992883467,54.08100448945384,3
4,9,24,17,29,17.03646699288347,29.43100448945384,8
5,11,37,29,37,24.84646699288347,42.47100448945384,6
3,11,18,10,21,12.286466992883469,37.701004489453844,4
5,13,51,35,63,32.516466992883466,67.43100448945384,8
4,9,14,17,15,15.09646699288347,46.76100448945384,10
6,32,22,23,17,18.58646699288347,45.04100448945384,5
7,46,22,41,21,13.81646699288347,73.27100448945384,8
5,9,27,18,26,15.81646699288347,28.871004489453846,6
3,10,35,11,53,26.81646699288347,58.78100448945384,3
5,10,43,32,42,28.81646699288347,51.381004489453844,7
2,9,14,10,29,23.81646699288347,51.381004489453844,10
5,11,41,28,49,26.17646699288347,51.32100448945384,4
6,9,14,39,13,36.81646699288347,54.26100448945384,6
5,20,56,34,50,21.74646699288347,61.19100448945384,2
5,20,58,21,51,13.81646699288347,59.341004489453844,3
5,9,38,12,43,14.13646699288347,51.32100448945384,4
3,11,24,10,32,17.03646699288347,55.49100448945384,8
4,10,70,24,63,22.13646699288347,69.31100448945385,2
4,9,26,10,36,18.81646699288347,49.08100448945384,4
3,9,34,12,48,22.94646699288347,61.28100448945384,7
2,34,14,23,20,21.70646699288347,49.97100448945384,8
6,26,33,10,19,29.21646699288347,55.451004489453844,2
6,22,62,23,52,16.81646699288347,66.61100448945385,2
2,9,14,11,46,40.83646699288347,47.74100448945384,5
7,9,20,34,13,32.556466992883465,68.34100448945385,3
5,9,35,24,51,29.83646699288347,56.01100448945384,1
7,24,21,20,20,12.81646699288347,37.701004489453844,8
3,9,23,10,31,16.81646699288347,41.53100448945384,4
6,18,40,19,52,20.81646699288347,51.091004489453844,9
3,9,25,12,48,31.896466992883468,61.28100448945384,6
4,9,18,10,21,11.81646699288347,27.351004489453842,8
2,31,14,10,22,31.58646699288347,45.131004489453844,8
8,15,31,10,26,15.026466992883469,44.911004489453845,2
6,9,14,41,14,38.836466992883466,59.341004489453844,6
5,11,46,32,43,27.91646699288347,49.90100448945384,6
2,9,14,10,31,25.81646699288347,46.00100448945384,7
4,9,30,10,46,24.81646699288347,80.38100448945384,8
4,9,32,22,20,24.09646699288347,55.71100448945384,1
2,9,14,12,38,32.89646699288347,45.04100448945384,5
4,9,14,41,13,38.81646699288347,60.11100448945384,10
4,9,30,25,29,22.81646699288347,50.771004489453844,6
7,11,26,31,43,33.98646699288347,47.69100448945384,1
6,29,28,29,44,24.84646699288347,53.131004489453844,1
6,10,43,27,47,24.57646699288347,49.08100448945384,4
4,10,48,16,44,13.646466992883468,47.47100448945384,3
4,9,26,10,37,19.81646699288347,51.32100448945384,4
7,32,45,22,36,21.416466992883468,74.39100448945385,3
5,10,41,33,40,29.81646699288347,46.54100448945384,6
2,9,14,10,25,19.81646699288347,38.00100448945384,10
6,46,33,10,19,47.03646699288347,66.30100448945385,3
4,9,26,38,24,35.836466992883466,52.80100448945384,6
3,9,23,10,31,16.81646699288347,41.53100448945384,4
5,19,27,20,19,14.81646699288347,34.331004489453846,5
6,25,60,26,50,16.81646699288347,65.48100448945384,3
5,29,14,30,22,16.81646699288347,45.131004489453844,8
2,9,14,10,28,22.81646699288347,48.81100448945384,7
3,10,47,24,37,23.62646699288347,47.74100448945384,5
3,10,47,11,63,24.81646699288347,62.06100448945384,3
3,9,39,11,59,28.83646699288347,67.11100448945385,2
4,9,30,36,31,33.89646699288347,58.78100448945384,6
2,39,14,25,18,23.62646699288347,54.93100448945384,4
3,9,21,10,45,32.81646699288347,53.591004489453844,6
8,19,27,10,19,20.02646699288347,66.68100448945384,3
6,30,24,31,37,21.81646699288347,49.35100448945384,9
4,9,30,33,34,31.35646699288347,52.951004489453844,9
6,25,22,16,17,18.58646699288347,39.091004489453844,5
6,28,14,31,21,16.06646699288347,54.98100448945384,8
6,9,14,30,14,27.83646699288347,49.36100448945384,6
6,31,29,30,49,28.91646699288347,67.53100448945385,1
7,18,50,15,46,12.81646699288347,57.94100448945384,3
3,9,28,12,37,18.01646699288347,36.07100448945384,10
8,21,31,10,22,22.236466992883468,71.08100448945385,3
4,9,14,27,14,24.84646699288347,51.79100448945384,10
2,25,14,10,22,26.17646699288347,43.32100448945384,4
6,20,46,21,38,14.81646699288347,49.67100448945384,2
5,16,14,18,22,16.87646699288347,27.191004489453846,8
8,19,36,10,29,19.47646699288347,72.92100448945385,2
3,9,26,10,43,25.81646699288347,50.771004489453844,6
4,9,35,32,34,29.81646699288347,69.08100448945385,6
2,9,14,10,37,31.81646699288347,56.35100448945384,7
5,9,34,10,39,13.81646699288347,53.12100448945384,9
7,9,48,14,13,42.04646699288347,54.81100448945384,3
3,22,14,23,27,21.81646699288347,41.96100448945384,9
8,41,23,39,22,10.81646699288347,57.76100448945384,8
4,9,48,36,44,33.98646699288347,55.76100448945384,3
5,10,40,22,40,18.86646699288347,41.481004489453845,7
5,9,38,17,43,17.03646699288347,51.32100448945384,4
6,9,14,46,14,43.82646699288347,65.63100448945384,6
7,22,23,16,22,14.81646699288347,36.621004489453846,8
4,9,38,41,36,38.836466992883466,60.75100448945384,6
3,28,14,30,28,22.846466992883467,64.92100448945385,1
3,20,14,21,39,33.81646699288347,55.99100448945384,9
5,9,20,12,25,14.13646699288347,47.69100448945384,1
3,11,34,20,28,17.24646699288347,36.07100448945384,5
6,28,21,24,20,12.81646699288347,53.56100448945384,8
4,9,21,29,24,27.23646699288347,37.32100448945384,1
6,24,14,24,24,18.86646699288347,44.61100448945384,8
3,9,50,11,64,22.846466992883467,68.78100448945385,2
4,9,62,24,54,23.46646699288347,61.07100448945384,2
5,14,57,29,53,22.13646699288347,59.92100448945384,3
5,9,49,21,46,18.99646699288347,58.49100448945384,7
8,9,23,25,13,25.30646699288347,54.01100448945384,3
3,9,30,11,41,19.85646699288347,48.51100448945384,6
6,26,24,10,13,27.53646699288347,54.90100448945384,5
2,9,14,10,22,16.81646699288347,37.981004489453845,10
3,10,44,11,61,25.81646699288347,63.87100448945384,3
6,18,42,17,36,13.206466992883469,47.47100448945384,3
3,32,14,35,33,27.91646699288347,60.81100448945384,1
4,10,65,26,54,25.84646699288347,64.83100448945385,3
3,10,41,17,37,14.526466992883469,41.481004489453845,5
6,28,51,29,40,17.81646699288347,59.92100448945384,2
2,21,14,12,17,18.58646699288347,37.90100448945384,4
3,9,20,11,27,15.876466992883469,29.941004489453846,7
2,35,14,20,22,26.17646699288347,56.68100448945384,8
4,29,44,44,37,23.04646699288347,59.87100448945384,5
3,10,46,24,35,24.21646699288347,46.00100448945384,5
5,28,14,28,23,17.86646699288347,45.48100448945384,8
8,22,44,10,37,22.13646699288347,74.01100448945384,3
3,31,14,33,34,28.83646699288347,52.951004489453844,9
4,9,27,20,29,18.256466992883468,47.47100448945384,9
6,18,45,17,39,13.206466992883469,50.36100448945384,3
6,27,28,26,46,26.91646699288347,57.69100448945384,1
4,9,30,12,37,16.06646699288347,46.85100448945384,4
2,9,14,10,38,32.81646699288347,60.81100448945384,10
4,9,33,17,37,16.416466992883468,48.73100448945384,1
4,9,14,17,15,15.09646699288347,36.07100448945384,10
2,9,14,10,23,17.81646699288347,40.14100448945384,9
5,10,52,33,53,29.90646699288347,57.72100448945384,7
2,9,14,10,22,16.81646699288347,41.53100448945384,1
4,9,32,24,34,22.13646699288347,52.30100448945384,9
5,26,14,25,20,15.09646699288347,53.56100448945384,8
5,9,37,14,42,15.026466992883469,49.54100448945384,8
5,9,34,11,44,18.86646699288347,52.75100448945384,9
6,36,52,37,36,22.81646699288347,68.78100448945385,2
5,24,29,24,21,14.88646699288347,44.61100448945384,5
7,11,51,12,51,8.81646699288347,49.90100448945384,1
5,11,46,32,45,27.81646699288347,55.62100448945384,7
8,19,43,10,37,18.99646699288347,64.23100448945384,2
2,9,14,10,29,23.81646699288347,40.14100448945384,9
5,9,51,44,51,41.82646699288347,62.06100448945384,7
6,18,23,19,35,20.81646699288347,39.53100448945384,1
2,38,14,10,27,40.01646699288347,62.68100448945384,8
2,9,14,10,31,25.81646699288347,62.06100448945384,7
6,11,33,30,35,26.06646699288347,40.801004489453845,4
5,12,33,35,39,30.90646699288347,48.55100448945384,8
6,23,24,17,18,16.416466992883468,42.371004489453846,5
2,9,14,10,48,42.81646699288347,64.21100448945384,2
4,9,24,10,34,18.81646699288347,46.85100448945384,4
4,9,26,10,37,19.81646699288347,51.32100448945384,4
5,21,30,22,21,15.81646699288347,37.90100448945384,5
7,33,41,21,35,21.74646699288347,61.19100448945384,2
4,19,32,25,25,15.626466992883469,39.371004489453846,5
2,20,14,11,19,19.47646699288347,36.621004489453846,8
5,10,55,49,52,45.86646699288347,67.66100448945384,7
3,9,34,11,46,20.85646699288347,48.19100448945384,10
8,13,39,10,35,12.81646699288347,47.951004489453844,2
3,14,20,10,24,14.88646699288347,37.701004489453844,8
3,9,44,33,33,32.89646699288347,48.87100448945384,5
4,9,39,32,37,29.83646699288347,56.72100448945384,7
6,9,14,34,15,31.896466992883468,55.72100448945384,6
4,9,64,27,52,28.06646699288347,63.881004489453844,2
2,9,14,10,28,22.81646699288347,53.591004489453844,6
5,19,57,20,49,14.81646699288347,61.08100448945384,2
4,9,31,26,30,23.81646699288347,50.271004489453844,6
4,9,30,10,46,24.81646699288347,76.37100448945384,8
4,10,63,30,56,27.73646699288347,64.78100448945385,2
3,9,22,12,35,21.95646699288347,34.841004489453844,7
2,21,14,12,19,19.47646699288347,37.90100448945384,4
6,9,14,24,13,21.81646699288347,46.54100448945384,6
7,27,25,23,24,12.81646699288347,37.981004489453845,8
4,9,14,22,13,19.81646699288347,41.53100448945384,10
7,10,27,15,35,17.666466992883468,37.07100448945384,1
2,9,14,10,25,19.81646699288347,43.87100448945384,6
4,9,20,20,21,18.01646699288347,39.86100448945384,9
4,20,35,35,30,22.37646699288347,47.14100448945384,5
3,10,38,20,31,18.63646699288347,39.371004489453846,5
2,9,14,10,24,18.81646699288347,39.53100448945384,1
6,27,50,10,42,27.12646699288347,64.21100448945384,2
5,10,42,31,43,27.91646699288347,48.51100448945384,6
4,9,28,19,34,19.21646699288347,47.31100448945384,8
2,21,14,12,17,18.58646699288347,37.90100448945384,4
2,25,14,16,19,19.47646699288347,42.691004489453846,8
2,9,14,11,48,42.82646699288347,57.82100448945384,5
2,9,14,10,38,32.81646699288347,66.97100448945385,1
4,19,29,25,23,14.88646699288347,36.07100448945384,5
5,9,27,11,46,27.83646699288347,45.03100448945384,1
2,9,14,10,38,32.81646699288347,71.90100448945384,6
2,9,14,10,48,42.81646699288347,70.74100448945384,3
4,9,14,31,15,28.91646699288347,65.30100448945385,10
2,9,14,10,30,24.81646699288347,47.47100448945384,9
4,9,33,35,33,32.836466992883466,60.81100448945384,1
4,9,22,34,20,31.83646699288347,45.73100448945384,6
3,9,23,12,46,31.896466992883468,57.74100448945384,7
5,15,45,23,40,15.876466992883469,44.69100448945384,2
6,21,44,32,49,19.47646699288347,53.26100448945384,4
4,9,42,14,40,11.936466992883469,40.191004489453846,2
4,9,36,19,22,23.62646699288347,62.86100448945384,1
4,9,31,36,31,33.836466992883466,54.67100448945384,6
4,38,40,39,26,20.81646699288347,58.87100448945384,5
6,22,25,25,43,26.91646699288347,48.23100448945384,1
6,28,22,28,30,16.87646699288347,49.15100448945384,9
3,9,25,12,48,31.896466992883468,59.24100448945384,6
5,9,34,18,55,31.22646699288347,57.17100448945384,1
7,27,22,25,21,10.81646699288347,42.691004489453846,8
5,10,52,45,50,41.82646699288347,62.73100448945384,7
3,31,14,32,37,31.81646699288347,58.48100448945384,9
6,24,40,40,45,23.97646699288347,54.93100448945384,4
2,9,14,10,35,29.81646699288347,60.26100448945384,3
2,9,14,10,26,20.81646699288347,48.23100448945384,1
6,9,14,29,15,26.91646699288347,46.07100448945384,6
4,9,28,16,34,17.03646699288347,47.951004489453844,4
3,9,30,10,51,29.81646699288347,57.11100448945384,7
2,9,14,10,34,28.81646699288347,64.38100448945384,1
4,9,22,19,21,16.81646699288347,45.90100448945384,7
4,9,36,13,46,19.21646699288347,61.68100448945384,8
8,19,27,10,19,20.02646699288347,66.68100448945384,3
3,9,36,10,43,15.81646699288347,42.691004489453846,2
2,9,14,11,52,46.82646699288347,54.90100448945384,5
8,9,20,22,13,21.236466992883468,44.61100448945384,3
2,29,14,10,22,29.74646699288347,45.131004489453844,8
5,11,35,24,41,21.70646699288347,42.371004489453846,4
6,30,36,10,19,34.21646699288347,68.34100448945385,3
4,9,26,10,37,19.81646699288347,53.26100448945384,4
4,9,57,28,50,26.78646699288347,58.49100448945384,2
2,9,14,12,46,40.87646699288347,59.341004489453844,3
2,28,14,10,20,28.06646699288347,38.661004489453845,4
6,9,14,16,15,14.13646699288347,48.08100448945384,6
2,9,14,10,39,33.81646699288347,64.38100448945384,2
3,34,14,37,22,17.03646699288347,48.55100448945384,1
4,9,28,31,20,29.95646699288347,52.411004489453845,9
6,30,14,31,24,18.81646699288347,49.90100448945384,8
4,9,25,34,19,32.336466992883466,51.07100448945384,9
5,26,46,27,32,20.81646699288347,56.381004489453844,3
2,9,14,10,37,31.81646699288347,69.89100448945385,1
3,9,20,11,28,16.87646699288347,30.281004489453842,10
6,17,41,17,65,32.836466992883466,63.68100448945384,9
4,11,49,17,44,14.216466992883468,47.47100448945384,3
3,9,36,11,56,28.83646699288347,64.08100448945385,6
5,24,44,35,34,21.26646699288347,54.08100448945384,3
5,9,29,11,36,15.876466992883469,36.57100448945384,1
7,26,30,10,19,27.53646699288347,58.08100448945384,3
6,29,45,30,31,20.81646699288347,58.49100448945384,2
6,28,21,24,20,12.81646699288347,53.56100448945384,8
2,9,14,10,22,16.81646699288347,49.15100448945384,7
6,25,24,24,18,13.206466992883469,46.85100448945384,5
7,24,48,20,42,14.88646699288347,64.23100448945384,2
3,9,32,12,50,26.91646699288347,55.72100448945384,6
5,10,40,22,40,18.86646699288347,41.481004489453845,7
4,9,31,38,30,35.81646699288347,51.381004489453844,7
6,9,14,18,14,15.876466992883469,39.301004489453845,6
2,26,14,19,18,17.24646699288347,47.31100448945384,4
6,26,37,10,22,29.83646699288347,61.99100448945384,2
3,25,14,27,23,17.86646699288347,36.57100448945384,9
6,36,23,33,39,25.27646699288347,48.55100448945384,1
5,11,57,51,56,46.81646699288347,70.48100448945384,7
7,10,62,31,53,29.35646699288347,63.46100448945384,1
2,34,14,21,21,23.93646699288347,51.68100448945384,4
3,9,26,11,31,13.896466992883468,30.771004489453844,10
4,9,27,33,22,31.16646699288347,44.31100448945384,9
3,24,14,25,29,23.81646699288347,49.15100448945384,1
3,25,14,27,38,32.836466992883466,56.26100448945384,1
2,9,14,10,40,34.81646699288347,50.73100448945384,3
6,15,27,16,48,29.81646699288347,46.58100448945384,9
5,19,51,29,43,19.21646699288347,54.451004489453844,2
6,17,39,18,33,12.81646699288347,40.191004489453846,2
5,15,64,26,59,18.58646699288347,65.48100448945384,3
2,9,14,10,22,16.81646699288347,50.12100448945384,9
2,9,14,10,22,16.81646699288347,48.51100448945384,6
4,9,20,31,23,29.19646699288347,47.69100448945384,1
2,9,14,10,22,16.81646699288347,41.481004489453845,10
6,19,30,22,37,16.06646699288347,54.75100448945384,1
4,10,72,29,60,28.91646699288347,72.10100448945384,2
3,9,36,10,50,22.81646699288347,57.14100448945384,6
3,11,16,10,17,10.646466992883468,26.691004489453842,8
3,24,14,26,31,25.84646699288347,47.74100448945384,9
5,9,39,15,44,15.626466992883469,53.56100448945384,4
2,9,14,10,29,23.81646699288347,43.64100448945384,1
2,9,14,10,36,30.81646699288347,51.091004489453844,9
4,9,36,31,33,28.91646699288347,46.07100448945384,6
3,9,24,11,41,25.84646699288347,41.53100448945384,7
6,29,61,24,53,17.03646699288347,74.32100448945384,2
6,26,34,10,20,29.21646699288347,60.73100448945384,3
4,9,14,29,15,26.91646699288347,45.74100448945384,10
4,9,44,14,43,11.81646699288347,42.691004489453846,2
4,9,35,20,34,17.81646699288347,58.14100448945384,1
4,9,14,22,15,19.986466992883468,45.25100448945384,10
2,9,14,10,41,35.81646699288347,54.451004489453844,2
7,20,14,22,22,16.87646699288347,31.07100448945384,8
2,25,14,10,25,27.81646699288347,50.47100448945384,4
6,19,41,20,35,12.81646699288347,42.691004489453846,2
4,9,55,20,52,18.01646699288347,53.521004489453844,2
2,9,14,10,28,22.81646699288347,59.08100448945384,7
8,9,36,20,13,31.98646699288347,50.36100448945384,3
6,47,20,42,19,13.81646699288347,66.24100448945384,8
6,32,24,13,44,36.81646699288347,49.67100448945384,1
4,9,26,10,36,18.81646699288347,49.08100448945384,4
6,21,22,16,17,15.026466992883469,37.011004489453846,5
4,9,32,22,20,24.09646699288347,55.71100448945384,1
6,10,25,17,27,14.526466992883469,27.711004489453842,8
2,33,14,16,20,27.12646699288347,47.951004489453844,4
6,42,21,36,20,14.81646699288347,66.07100448945384,8
3,18,20,10,25,18.63646699288347,51.32100448945384,4
5,11,36,19,34,14.88646699288347,34.841004489453844,7
5,23,63,24,51,18.81646699288347,70.74100448945384,3
6,16,38,24,41,15.876466992883469,42.371004489453846,8
4,9,28,27,33,25.84646699288347,38.661004489453845,8
5,21,56,29,49,17.03646699288347,61.771004489453844,3
6,9,14,34,13,31.81646699288347,57.76100448945384,6
5,10,45,21,45,17.86646699288347,53.08100448945384,6
5,9,27,16,28,14.13646699288347,27.231004489453845,7
6,39,37,10,25,39.766466992883466,63.50100448945384,3
2,26,14,10,20,26.19646699288347,38.661004489453845,8
4,9,62,20,56,18.99646699288347,62.69100448945384,2
6,33,26,34,50,32.81646699288347,55.17100448945384,9
2,9,14,10,41,35.81646699288347,41.53100448945384,5
4,9,24,10,34,18.81646699288347,46.85100448945384,4
4,9,23,34,21,31.83646699288347,50.12100448945384,9
4,9,39,32,36,29.90646699288347,52.411004489453845,7
6,28,14,31,19,14.13646699288347,55.49100448945384,8
7,32,20,26,19,14.81646699288347,55.49100448945384,8
6,32,22,33,44,30.81646699288347,49.67100448945384,9
3,17,14,20,29,23.93646699288347,54.75100448945384,1
4,43,40,44,26,20.81646699288347,62.81100448945384,5
3,12,25,10,35,19.21646699288347,61.68100448945384,8
7,29,30,10,19,30.17646699288347,61.32100448945384,2
3,10,38,18,33,15.876466992883469,41.68100448945384,5
6,32,60,33,44,22.81646699288347,74.39100448945385,3
2,9,14,10,51,45.81646699288347,61.19100448945384,2
9,9,30,22,13,27.81646699288347,54.08100448945384,3
2,9,14,10,32,26.81646699288347,49.90100448945384,1
5,9,40,24,41,21.95646699288347,42.371004489453846,7
5,11,45,18,46,14.13646699288347,46.18100448945384,7
5,26,56,29,50,13.206466992883469,59.92100448945384,2
4,9,33,29,31,26.84646699288347,50.021004489453844,1
4,9,28,25,27,22.81646699288347,37.701004489453844,6
3,29,14,32,21,16.06646699288347,52.411004489453845,1
6,28,14,31,19,14.13646699288347,55.49100448945384,8
7,44,44,32,37,22.13646699288347,76.26100448945384,2
3,9,34,11,41,15.876466992883469,42.831004489453846,10
5,17,51,31,46,21.416466992883468,56.25100448945384,3
5,14,31,25,35,18.99646699288347,37.701004489453844,8
4,9,31,21,28,18.99646699288347,51.591004489453844,9
6,15,33,22,35,14.526466992883469,36.131004489453844,8
6,20,14,21,19,13.81646699288347,36.131004489453844,8
6,33,55,34,38,23.81646699288347,71.08100448945385,3
2,9,14,10,38,32.81646699288347,60.81100448945384,9
2,9,14,10,31,25.81646699288347,58.87100448945384,7
2,9,14,10,30,24.81646699288347,64.88100448945384,6
4,9,21,33,23,31.00646699288347,49.67100448945384,1
2,9,14,12,40,34.88646699288347,47.87100448945384,5
4,9,39,42,40,39.87646699288347,59.24100448945384,7
3,9,23,10,31,16.81646699288347,46.07100448945384,4
3,26,14,28,25,19.85646699288347,47.79100448945384,1
4,9,21,20,18,18.01646699288347,42.131004489453844,6
6,16,35,23,39,15.626466992883469,40.14100448945384,8
5,9,27,11,47,28.83646699288347,52.83100448945384,1
2,28,14,11,19,26.78646699288347,53.56100448945384,4
2,9,14,10,33,27.81646699288347,46.54100448945384,7
5,9,24,20,45,31.98646699288347,48.29100448945384,1
6,28,45,29,31,20.81646699288347,57.17100448945384,2
5,11,43,33,44,28.91646699288347,53.591004489453844,6
4,9,20,10,25,13.81646699288347,37.981004489453845,8
2,9,14,10,19,13.81646699288347,44.69100448945384,9
5,11,50,33,48,28.83646699288347,59.911004489453845,7
4,9,14,32,13,29.81646699288347,45.90100448945384,10
4,17,34,29,29,19.51646699288347,41.68100448945384,5
3,9,51,10,73,30.81646699288347,74.01100448945384,3
4,9,20,10,24,12.81646699288347,29.43100448945384,8
6,9,14,34,11,31.896466992883468,47.951004489453844,6
6,16,38,24,41,15.876466992883469,42.371004489453846,8
3,9,26,10,31,13.81646699288347,35.15100448945384,7
3,9,22,10,38,24.81646699288347,45.04100448945384,10
3,11,20,10,25,14.13646699288347,37.90100448945384,4
2,9,14,10,50,44.81646699288347,71.08100448945385,3
3,9,34,10,43,17.81646699288347,44.61100448945384,3
2,19,14,11,18,18.11646699288347,34.92100448945384,8
6,23,35,16,39,17.24646699288347,40.60100448945384,1
5,9,39,11,59,28.83646699288347,59.451004489453844,1
6,27,25,27,43,26.84646699288347,46.06100448945384,1
2,9,14,11,39,33.836466992883466,60.73100448945384,3
3,26,14,29,19,14.13646699288347,40.07100448945384,9
4,9,32,17,33,15.09646699288347,62.06100448945384,7
4,9,32,12,40,17.03646699288347,51.32100448945384,4
4,9,61,17,58,15.09646699288347,60.11100448945384,2
6,31,26,25,19,17.03646699288347,51.57100448945384,5
5,28,50,29,39,17.81646699288347,59.92100448945384,2
2,9,14,10,44,38.81646699288347,64.23100448945384,3
6,28,25,27,43,26.91646699288347,52.661004489453845,1
5,9,33,10,44,19.81646699288347,48.73100448945384,1
2,9,14,10,40,34.81646699288347,47.951004489453844,2
2,26,14,10,21,26.60646699288347,40.481004489453845,4
6,48,24,44,23,12.81646699288347,69.87100448945384,8
6,34,14,36,19,13.896466992883468,48.55100448945384,8
4,10,71,31,56,32.226466992883466,71.82100448945384,2
3,9,23,10,31,16.81646699288347,46.07100448945384,4
3,19,14,22,20,15.09646699288347,52.83100448945384,1
2,9,14,10,35,29.81646699288347,54.73100448945384,9
3,31,14,32,28,22.81646699288347,67.53100448945385,1
4,9,14,25,14,22.846466992883467,42.831004489453846,10
2,9,14,10,33,27.81646699288347,45.08100448945384,6
6,21,22,16,17,15.026466992883469,37.011004489453846,5
2,24,14,16,18,18.11646699288347,46.58100448945384,8
4,11,50,20,48,15.876466992883469,49.701004489453844,2
7,9,30,18,13,25.70646699288347,44.05100448945384,3
4,19,44,28,37,17.81646699288347,52.22100448945384,5
2,22,14,17,17,15.026466992883469,40.60100448945384,8
5,11,38,22,38,17.86646699288347,40.621004489453846,6
4,11,51,26,45,22.686466992883467,51.381004489453844,3
5,29,34,27,23,18.256466992883468,54.90100448945384,5
7,28,38,20,31,18.63646699288347,62.69100448945384,2
5,9,33,17,37,16.416466992883468,42.371004489453846,4
2,25,14,19,18,16.416466992883468,43.32100448945384,4
6,34,53,35,35,24.81646699288347,71.49100448945384,2
5,11,50,29,49,24.81646699288347,62.73100448945384,6
7,47,35,20,27,36.67646699288347,71.51100448945384,3
2,9,14,10,24,18.81646699288347,36.701004489453844,10
7,28,24,24,23,12.81646699288347,43.271004489453844,8
6,24,58,25,47,17.81646699288347,64.23100448945384,2
6,21,22,16,44,31.58646699288347,44.31100448945384,1
2,9,14,10,34,28.81646699288347,59.54100448945384,9
2,9,14,10,26,20.81646699288347,61.40100448945384,6
8,51,25,45,24,14.81646699288347,76.37100448945384,8
8,19,36,10,29,19.47646699288347,72.92100448945385,2
4,21,35,35,27,22.576466992883468,47.87100448945384,5
7,17,14,18,19,13.81646699288347,28.961004489453842,8
6,9,14,20,11,18.01646699288347,43.87100448945384,6
5,9,22,17,23,15.09646699288347,27.351004489453842,8
4,9,38,33,40,31.00646699288347,58.08100448945384,1
3,14,19,10,23,14.88646699288347,48.81100448945384,4
2,9,14,10,28,22.81646699288347,39.39100448945384,10
5,11,32,22,37,19.47646699288347,37.90100448945384,4
4,19,48,31,40,20.85646699288347,55.36100448945384,5
3,22,14,23,19,13.81646699288347,45.08100448945384,9
3,15,21,10,27,17.03646699288347,47.951004489453844,4
2,9,14,10,29,23.81646699288347,58.78100448945384,6
4,9,46,17,41,15.876466992883469,44.05100448945384,3
2,9,14,10,34,28.81646699288347,59.58100448945384,7
6,35,24,36,42,26.81646699288347,50.021004489453844,9
7,37,14,38,23,17.81646699288347,54.26100448945384,8
2,28,14,11,23,28.40646699288347,53.56100448945384,4
4,9,26,26,25,23.81646699288347,50.771004489453844,6
8,21,22,16,21,13.81646699288347,28.04100448945384,8
7,23,19,10,13,22.686466992883467,46.85100448945384,5
2,9,14,10,27,21.81646699288347,49.36100448945384,6
4,23,38,27,30,15.436466992883469,49.08100448945384,5
3,9,32,11,42,18.86646699288347,41.43100448945384,10
6,42,34,10,19,43.66646699288347,68.50100448945385,2
4,9,28,19,31,17.666466992883468,45.28100448945384,1
4,9,22,10,29,15.81646699288347,37.90100448945384,4
6,42,35,10,19,44.06646699288347,70.15100448945384,3
3,25,14,28,24,18.99646699288347,46.06100448945384,1
6,20,32,21,42,18.81646699288347,42.091004489453844,9
3,31,14,33,21,15.876466992883469,49.67100448945384,9
4,10,55,33,50,30.17646699288347,58.58100448945384,3
5,10,25,19,27,16.35646699288347,28.871004489453846,8
6,19,50,10,42,20.02646699288347,61.08100448945384,2
6,33,28,33,52,32.836466992883466,56.86100448945384,1
3,9,25,12,34,18.01646699288347,39.39100448945384,7
2,9,14,10,29,23.81646699288347,51.381004489453844,10
5,9,33,11,40,15.876466992883469,50.021004489453844,1
6,28,22,20,45,33.446466992883465,48.29100448945384,1
8,15,41,10,36,15.026466992883469,54.49100448945384,2
2,9,14,10,34,28.81646699288347,69.97100448945385,7
5,11,49,33,59,31.52646699288347,62.951004489453844,8
3,17,14,19,22,16.87646699288347,62.86100448945384,1
2,9,14,10,33,27.81646699288347,48.19100448945384,10
5,11,50,33,48,28.83646699288347,59.911004489453845,7
2,26,14,10,26,29.21646699288347,53.56100448945384,8
6,9,14,21,13,18.81646699288347,28.871004489453846,6
5,10,45,18,45,14.88646699288347,46.00100448945384,7
2,21,14,12,19,19.47646699288347,37.90100448945384,4
5,24,29,24,21,14.88646699288347,44.61100448945384,5
3,9,44,10,52,16.81646699288347,51.33100448945384,2
4,25,38,26,25,19.81646699288347,50.47100448945384,5
5,9,47,17,48,15.09646699288347,52.411004489453845,7
3,9,26,10,37,19.81646699288347,50.47100448945384,4
4,9,14,32,14,29.83646699288347,50.73100448945384,10
6,10,28,18,29,15.09646699288347,29.43100448945384,8
4,9,39,43,36,40.87646699288347,69.87100448945384,6
2,18,14,11,17,16.756466992883468,28.871004489453846,8
5,21,35,37,41,24.36646699288347,49.97100448945384,4
2,9,14,10,23,17.81646699288347,47.19100448945384,1
8,42,20,38,19,12.81646699288347,70.98100448945384,8
5,19,57,20,49,14.81646699288347,61.08100448945384,2
8,30,20,27,19,11.81646699288347,47.69100448945384,8
4,9,30,36,31,33.89646699288347,58.78100448945384,6
5,23,46,27,38,15.436466992883469,54.53100448945384,3
2,26,14,14,19,22.13646699288347,49.54100448945384,8
2,9,14,10,29,23.81646699288347,53.271004489453844,9
6,23,22,10,13,23.93646699288347,44.61100448945384,5
4,9,30,33,34,31.35646699288347,52.951004489453844,9
4,9,33,29,31,26.84646699288347,50.021004489453844,1
3,27,14,29,31,25.84646699288347,50.021004489453844,1
7,16,40,10,35,15.876466992883469,50.36100448945384,3
3,9,27,10,40,21.81646699288347,41.96100448945384,10
4,11,51,18,48,14.13646699288347,51.79100448945384,2
4,9,61,17,58,15.09646699288347,63.841004489453844,3
2,20,14,10,18,19.896466992883468,28.871004489453846,8
3,21,14,24,34,28.91646699288347,40.60100448945384,1
3,13,21,10,27,15.876466992883469,43.32100448945384,4
2,9,14,10,37,31.81646699288347,59.92100448945384,2
8,19,28,10,20,20.02646699288347,61.161004489453845,2
2,9,14,10,22,16.81646699288347,38.85100448945384,10
6,31,21,34,44,31.896466992883468,50.271004489453844,9
4,9,24,10,34,18.81646699288347,46.85100448945384,4
3,11,23,10,31,17.03646699288347,51.32100448945384,4
6,32,23,31,32,18.01646699288347,44.31100448945384,9
6,17,40,26,45,17.81646699288347,46.85100448945384,4
5,15,41,23,36,15.876466992883469,42.85100448945384,2
3,32,19,10,23,31.35646699288347,55.62100448945384,4
3,9,41,32,31,31.58646699288347,45.90100448945384,5
3,9,23,10,31,16.81646699288347,45.131004489453844,8
4,9,37,12,48,19.986466992883468,62.951004489453844,8
2,9,14,10,21,15.81646699288347,32.47100448945384,10
3,9,19,10,23,12.81646699288347,27.191004489453846,8
8,11,38,17,37,12.81646699288347,36.07100448945384,1
6,28,27,27,39,20.96646699288347,43.271004489453844,1
2,9,14,11,34,28.83646699288347,39.93100448945384,3
6,25,22,16,17,18.58646699288347,39.911004489453845,5
7,16,43,10,38,15.876466992883469,55.04100448945384,3
4,26,32,29,25,14.13646699288347,42.47100448945384,5
4,9,22,10,28,14.81646699288347,35.67100448945384,8
2,9,14,10,43,37.81646699288347,63.46100448945384,3
8,23,66,30,49,24.90646699288347,67.53100448945385,1
2,9,14,10,26,20.81646699288347,47.74100448945384,9
5,9,27,12,37,18.99646699288347,44.31100448945384,9
4,9,22,31,25,29.19646699288347,51.89100448945384,1
7,9,20,32,13,30.61646699288347,70.15100448945384,3
6,34,57,35,47,16.81646699288347,66.97100448945385,3
3,9,24,10,29,13.81646699288347,33.00100448945384,6
3,9,47,12,68,29.90646699288347,71.49100448945384,2
3,9,19,10,23,12.81646699288347,29.43100448945384,8
5,10,38,26,38,22.846466992883467,40.75100448945384,6
5,28,30,29,21,15.81646699288347,41.68100448945384,5
5,32,30,33,21,15.81646699288347,45.04100448945384,5
5,16,45,32,40,23.33646699288347,50.73100448945384,3
3,9,36,10,42,14.81646699288347,42.85100448945384,2
2,9,14,10,38,32.81646699288347,71.95100448945385,6
5,9,34,17,38,16.416466992883468,44.61100448945384,4
2,9,14,10,21,15.81646699288347,47.19100448945384,9
6,21,24,23,48,32.836466992883466,50.29100448945384,9
3,27,14,29,34,28.83646699288347,61.64100448945384,9
2,43,14,34,19,19.47646699288347,62.06100448945384,4
5,11,46,37,44,32.836466992883466,52.94100448945384,6
7,19,37,10,30,19.47646699288347,49.701004489453844,2
5,32,30,33,21,15.81646699288347,45.04100448945384,5
6,16,39,34,43,25.53646699288347,50.771004489453844,8
4,35,44,41,33,18.99646699288347,60.89100448945384,5
4,9,38,16,26,20.346466992883467,41.661004489453845,1
8,9,24,35,13,34.74646699288347,79.61100448945385,3
5,9,32,11,47,23.84646699288347,52.30100448945384,9
4,9,32,12,40,17.03646699288347,51.32100448945384,4
6,14,33,21,35,14.526466992883469,35.67100448945384,8
4,9,37,40,36,37.81646699288347,57.04100448945384,7
5,9,20,12,31,19.986466992883468,36.57100448945384,9
8,9,36,20,13,31.98646699288347,50.36100448945384,3
3,11,40,12,47,15.81646699288347,51.57100448945384,3
8,13,38,10,34,12.81646699288347,50.29100448945384,2
2,26,14,10,26,29.21646699288347,53.56100448945384,8
5,10,43,21,44,18.01646699288347,44.31100448945384,7
5,33,62,39,48,21.74646699288347,80.42100448945384,2
4,9,37,23,31,21.74646699288347,60.411004489453845,9
4,9,32,31,41,31.07646699288347,46.07100448945384,4
4,9,20,20,20,17.86646699288347,32.54100448945384,7
2,20,14,17,16,12.81646699288347,31.07100448945384,8
6,25,34,25,57,31.83646699288347,59.771004489453844,9
7,18,50,15,46,12.81646699288347,57.94100448945384,3
4,9,25,21,23,18.86646699288347,59.24100448945384,6
8,19,56,22,37,25.92646699288347,54.75100448945384,1
5,28,61,29,47,20.81646699288347,72.10100448945384,2
3,18,23,10,31,20.54646699288347,57.93100448945384,4
5,9,54,41,55,38.876466992883465,63.271004489453844,7
5,9,33,10,44,19.81646699288347,48.73100448945384,1
4,9,28,12,34,15.09646699288347,42.371004489453846,4
5,10,34,24,34,20.85646699288347,38.731004489453845,7
5,11,51,20,50,15.81646699288347,59.99100448945384,6
5,9,35,25,39,23.62646699288347,54.93100448945384,4
4,11,49,16,46,12.286466992883469,48.07100448945384,2
7,42,23,39,22,11.81646699288347,67.68100448945384,8
7,42,23,39,22,11.81646699288347,67.68100448945384,8
3,9,50,11,61,19.85646699288347,67.15100448945384,2
6,23,14,26,23,18.01646699288347,44.36100448945384,8
4,15,34,22,29,15.026466992883469,37.90100448945384,5
3,9,37,12,45,17.03646699288347,47.79100448945384,10
6,33,43,42,47,17.24646699288347,57.76100448945384,8
2,9,14,10,27,21.81646699288347,53.79100448945384,7
3,9,37,16,33,14.526466992883469,37.011004489453846,5
4,9,44,29,57,31.41646699288347,59.40100448945384,8
2,9,14,11,39,33.836466992883466,70.15100448945384,3
3,17,22,10,28,18.44646699288347,50.771004489453844,8
4,26,44,30,33,18.256466992883468,54.90100448945384,5
6,18,38,26,41,15.876466992883469,43.32100448945384,4
6,25,43,10,30,27.81646699288347,64.83100448945385,3
4,9,28,12,34,15.09646699288347,44.36100448945384,8
2,9,14,10,45,39.81646699288347,71.82100448945384,2
5,9,34,11,44,18.86646699288347,52.75100448945384,9
8,25,27,10,19,25.27646699288347,67.15100448945384,2
5,9,56,17,54,14.88646699288347,57.591004489453844,6
5,9,45,33,42,30.90646699288347,49.67100448945384,7
2,9,14,10,41,35.81646699288347,64.30100448945385,3
5,31,23,10,13,31.58646699288347,45.90100448945384,5
4,21,32,22,22,16.81646699288347,41.53100448945384,5
5,38,14,38,21,15.876466992883469,61.07100448945384,8
8,15,42,22,41,13.81646699288347,41.53100448945384,1
5,11,46,25,44,20.85646699288347,54.26100448945384,6
2,9,14,10,21,15.81646699288347,43.87100448945384,10
5,24,44,35,34,21.26646699288347,54.08100448945384,3
3,31,14,34,23,18.01646699288347,50.12100448945384,1
3,9,37,10,47,18.81646699288347,55.76100448945384,3
3,9,43,22,31,24.09646699288347,42.451004489453844,5
2,9,14,10,19,13.81646699288347,46.451004489453844,6
2,31,14,13,24,29.76646699288347,61.68100448945384,8
6,27,38,26,52,22.94646699288347,69.89100448945385,1
2,9,14,10,37,31.81646699288347,60.72100448945384,2
2,9,14,10,19,13.81646699288347,39.86100448945384,9
3,9,29,10,43,22.81646699288347,66.07100448945384,8
3,17,22,10,29,19.12646699288347,70.98100448945384,8
5,9,25,11,39,22.846466992883467,52.12100448945384,9
4,9,14,33,13,30.81646699288347,45.04100448945384,10
5,29,34,27,23,18.256466992883468,54.90100448945384,5
6,31,29,30,49,28.91646699288347,67.53100448945385,1
3,9,23,10,35,20.81646699288347,41.481004489453845,10
3,21,14,23,20,14.88646699288347,41.941004489453846,1
5,9,38,11,61,31.83646699288347,63.46100448945384,1
2,9,14,10,25,19.81646699288347,51.57100448945384,1
3,9,41,12,53,20.96646699288347,53.451004489453844,2
6,26,24,25,32,17.03646699288347,36.57100448945384,9
4,9,32,36,29,33.89646699288347,58.271004489453844,9
5,27,38,28,25,19.81646699288347,52.22100448945384,5
4,9,32,34,32,31.83646699288347,56.01100448945384,9
3,11,22,10,29,16.06646699288347,67.89100448945385,8
5,23,55,26,49,13.206466992883469,60.72100448945384,2
2,9,14,10,51,45.81646699288347,75.54100448945384,2
5,9,22,14,23,12.286466992883469,28.04100448945384,8
2,9,14,10,37,31.81646699288347,57.94100448945384,9
2,37,14,28,18,18.99646699288347,54.26100448945384,8
2,9,14,10,30,24.81646699288347,64.41100448945384,1
6,27,30,29,54,32.836466992883466,56.26100448945384,1
3,9,30,11,50,28.83646699288347,51.381004489453844,10
8,9,20,26,13,24.90646699288347,51.57100448945384,3
6,9,14,18,13,15.81646699288347,50.271004489453844,6
3,9,52,12,70,26.91646699288347,73.31100448945385,2
6,21,21,10,13,21.70646699288347,41.96100448945384,5
9,9,28,33,13,34.74646699288347,75.69100448945385,3
3,9,42,10,48,14.81646699288347,56.521004489453844,2
4,9,28,31,20,29.95646699288347,52.411004489453845,9
3,9,22,12,35,21.95646699288347,34.841004489453844,7
6,30,36,10,19,34.21646699288347,68.34100448945385,3
3,10,20,10,24,12.916466992883468,36.621004489453846,8
5,9,46,38,45,35.81646699288347,53.591004489453844,6
5,23,64,26,55,16.06646699288347,69.31100448945385,2
5,26,47,27,37,16.81646699288347,52.701004489453844,3
5,28,61,29,53,14.81646699288347,66.43100448945384,2
3,11,47,12,60,21.81646699288347,59.341004489453844,3
2,25,14,10,21,25.70646699288347,39.911004489453845,4
3,9,22,12,38,24.93646699288347,45.73100448945384,6
3,16,14,18,20,14.88646699288347,42.691004489453846,9
4,9,25,25,27,23.11646699288347,37.701004489453844,1
8,28,46,10,41,27.23646699288347,66.78100448945385,2
2,9,14,10,24,18.81646699288347,36.701004489453844,10
3,9,48,11,69,29.83646699288347,69.31100448945385,2
6,9,14,41,14,38.836466992883466,56.35100448945384,6
4,9,20,10,25,13.81646699288347,37.981004489453845,8
8,15,42,22,41,13.81646699288347,41.53100448945384,1
7,9,24,28,13,28.40646699288347,64.21100448945384,3
6,34,45,31,31,21.416466992883468,71.49100448945384,2
6,19,21,19,37,24.84646699288347,37.07100448945384,1
7,22,32,16,27,15.876466992883469,47.47100448945384,3
7,16,34,15,31,10.646466992883468,39.93100448945384,3
5,9,24,10,46,30.81646699288347,51.29100448945384,9
4,9,14,25,15,22.94646699288347,37.701004489453844,10
4,9,25,19,22,17.03646699288347,39.53100448945384,1
2,9,14,10,27,21.81646699288347,49.36100448945384,6
4,9,28,10,42,22.81646699288347,62.18100448945384,8
4,9,32,22,31,19.81646699288347,40.621004489453846,1
6,20,22,17,21,11.81646699288347,28.871004489453846,8
3,9,29,11,44,23.84646699288347,48.81100448945384,7
6,26,33,10,19,29.21646699288347,56.76100448945384,3
7,28,37,22,30,17.03646699288347,61.771004489453844,3
4,9,33,16,30,14.13646699288347,51.43100448945384,6
3,9,32,11,55,31.83646699288347,61.55100448945384,10
5,35,60,37,51,15.876466992883469,68.78100448945385,2
5,9,51,31,48,28.91646699288347,57.47100448945384,6
2,9,14,10,20,14.81646699288347,32.17100448945384,10
2,23,14,17,18,16.416466992883468,42.371004489453846,8
3,17,19,10,23,17.24646699288347,46.85100448945384,4
2,21,14,12,19,19.47646699288347,37.90100448945384,4
6,31,28,34,34,15.09646699288347,46.451004489453844,1
5,40,33,35,23,18.63646699288347,60.11100448945384,5
4,9,37,19,39,17.30646699288347,51.091004489453844,9
2,9,14,10,32,26.81646699288347,60.81100448945384,10
3,20,14,22,23,17.86646699288347,50.29100448945384,9
3,9,20,12,37,25.92646699288347,45.131004489453844,6
2,9,14,10,44,38.81646699288347,64.23100448945384,3
5,9,21,12,28,16.06646699288347,51.07100448945384,1
6,21,21,22,34,21.81646699288347,52.83100448945384,1
6,31,35,24,27,18.44646699288347,51.57100448945384,3
4,18,34,23,29,13.47646699288347,38.36100448945384,5
2,9,14,10,25,19.81646699288347,58.08100448945384,6
2,9,14,10,31,25.81646699288347,45.131004489453844,7
4,9,35,20,34,17.81646699288347,58.14100448945384,1
5,11,46,37,44,32.836466992883466,52.94100448945384,6
2,9,14,10,26,20.81646699288347,47.47100448945384,9
3,23,14,24,25,19.81646699288347,36.31100448945384,1
3,9,21,10,27,14.81646699288347,38.661004489453845,8
4,9,22,10,28,14.81646699288347,35.67100448945384,8
2,9,14,10,37,31.81646699288347,43.631004489453844,5
8,22,21,20,20,10.81646699288347,40.14100448945384,8
5,9,35,24,51,29.83646699288347,56.01100448945384,1
7,32,24,28,23,12.81646699288347,47.31100448945384,8
5,18,35,31,41,21.70646699288347,47.31100448945384,8
3,9,37,12,45,17.03646699288347,47.79100448945384,10
7,9,40,34,34,32.336466992883466,46.451004489453844,1
4,11,59,19,54,15.876466992883469,56.96100448945384,2
2,25,14,19,18,16.416466992883468,43.32100448945384,4
3,28,14,31,27,21.95646699288347,60.73100448945384,1
6,17,57,18,51,12.81646699288347,57.76100448945384,3
3,11,53,27,43,25.30646699288347,54.90100448945384,5
3,29,14,32,25,19.986466992883468,45.78100448945384,9
4,25,38,26,25,19.81646699288347,50.47100448945384,5
3,9,26,10,37,19.81646699288347,59.911004489453845,4
5,10,52,25,51,21.81646699288347,60.75100448945384,6
2,9,14,10,40,34.81646699288347,53.451004489453844,2
3,10,20,10,25,13.896466992883468,49.08100448945384,4
3,9,27,10,39,20.81646699288347,60.11100448945384,8
4,9,22,34,20,31.83646699288347,45.73100448945384,6
6,9,14,28,14,25.84646699288347,70.48100448945384,6
5,11,45,27,44,22.81646699288347,48.51100448945384,6
4,9,64,20,57,19.47646699288347,62.06100448945384,2
5,11,57,51,56,46.81646699288347,70.48100448945384,7
6,24,38,24,45,15.876466992883469,46.411004489453845,1
2,9,14,11,35,29.83646699288347,56.26100448945384,3
2,17,14,11,16,15.436466992883469,29.43100448945384,8
2,9,14,10,42,36.81646699288347,67.15100448945384,2
3,9,26,10,31,13.81646699288347,35.15100448945384,7
3,24,14,27,25,19.986466992883468,59.54100448945384,9
4,9,23,37,21,34.836466992883466,52.18100448945384,7
2,9,14,10,49,43.81646699288347,64.78100448945385,2
5,21,23,10,13,22.81646699288347,42.451004489453844,5
2,21,14,10,22,22.81646699288347,41.53100448945384,4
5,16,59,24,53,16.416466992883468,60.11100448945384,2
7,11,48,19,56,19.21646699288347,60.81100448945384,1
4,9,14,23,13,20.81646699288347,46.54100448945384,10
3,27,14,29,24,18.86646699288347,52.661004489453845,1
4,10,59,20,54,17.666466992883468,61.161004489453845,2
5,28,33,27,23,17.03646699288347,53.56100448945384,5
2,9,14,10,33,27.81646699288347,49.67100448945384,2
6,16,38,15,50,20.96646699288347,48.73100448945384,1
6,27,21,28,45,32.81646699288347,54.93100448945384,9
3,10,43,11,67,32.81646699288347,72.36100448945385,3
4,14,30,20,26,13.646466992883468,34.331004489453846,5
5,9,29,12,41,20.96646699288347,55.17100448945384,9
3,9,48,10,56,16.81646699288347,58.49100448945384,2
6,19,41,10,33,20.02646699288347,51.33100448945384,2
3,10,41,17,37,14.526466992883469,41.481004489453845,5
6,25,43,10,30,27.81646699288347,64.83100448945385,3
2,9,14,10,30,24.81646699288347,51.381004489453844,7
6,25,22,24,17,12.286466992883469,38.271004489453844,5
4,9,32,22,41,23.436466992883467,41.53100448945384,4
6,16,34,23,37,15.026466992883469,38.36100448945384,8
4,19,48,31,40,20.85646699288347,55.36100448945384,5
8,23,57,26,46,18.01646699288347,57.69100448945384,1
6,9,14,23,15,20.96646699288347,33.271004489453844,6
2,20,14,11,19,19.47646699288347,36.131004489453844,8
4,9,38,31,39,28.91646699288347,63.46100448945384,1
7,32,36,22,27,21.416466992883468,65.20100448945385,2
2,16,14,11,15,14.13646699288347,27.711004489453842,8
3,30,14,32,28,22.846466992883467,51.29100448945384,1
3,11,52,27,39,27.02646699288347,52.701004489453844,5
2,9,14,10,26,20.81646699288347,52.841004489453844,6
5,51,14,51,20,14.88646699288347,71.90100448945384,8
5,19,24,19,18,12.916466992883468,34.331004489453846,5
3,9,43,10,53,18.81646699288347,56.25100448945384,3
2,9,14,10,24,18.81646699288347,45.131004489453844,6
2,9,14,10,24,18.81646699288347,50.89100448945384,6
2,9,14,10,28,22.81646699288347,37.07100448945384,7
5,11,53,35,52,30.81646699288347,57.39100448945384,7
9,9,38,24,13,35.59646699288347,66.97100448945385,3
9,9,33,14,13,27.23646699288347,45.25100448945384,3
5,11,46,22,46,17.86646699288347,49.15100448945384,7
6,26,38,10,28,27.05646699288347,52.701004489453844,3
3,11,39,21,29,20.54646699288347,38.381004489453844,5
5,31,26,20,19,21.236466992883468,43.631004489453844,5
9,9,20,26,13,24.90646699288347,55.00100448945384,3
2,9,14,10,37,31.81646699288347,38.36100448945384,5
2,9,14,10,49,43.81646699288347,56.96100448945384,2
4,9,26,10,38,20.81646699288347,53.56100448945384,4
3,9,42,10,54,20.81646699288347,53.521004489453844,2
6,9,14,34,12,31.83646699288347,46.451004489453844,6
6,26,33,10,19,29.21646699288347,55.451004489453844,2
2,9,14,12,47,41.87646699288347,68.34100448945385,3
2,9,14,10,36,30.81646699288347,62.69100448945384,2
4,9,24,18,23,15.81646699288347,41.53100448945384,7
6,21,42,20,35,14.13646699288347,50.92100448945384,3
4,9,33,11,42,17.86646699288347,53.56100448945384,4
2,31,14,10,21,31.22646699288347,43.631004489453844,4
3,33,14,34,31,25.81646699288347,47.951004489453844,9
6,31,26,25,19,17.03646699288347,51.57100448945384,5
3,9,44,24,37,23.04646699288347,44.61100448945384,5
5,10,34,24,34,20.85646699288347,39.67100448945384,6
5,19,54,30,46,20.02646699288347,59.82100448945384,3
4,9,32,24,31,21.81646699288347,59.341004489453844,6
6,22,28,22,52,32.836466992883466,52.18100448945384,9
4,11,56,27,45,25.84646699288347,56.381004489453844,3
5,9,25,11,32,15.876466992883469,47.21100448945384,9
5,9,35,28,39,26.49646699288347,54.26100448945384,8
5,9,34,20,35,18.01646699288347,35.24100448945384,7
2,17,14,12,16,14.526466992883469,28.961004489453842,8
4,9,36,25,35,22.81646699288347,46.881004489453844,7
5,11,38,22,38,17.86646699288347,40.621004489453846,6
5,15,45,23,40,15.876466992883469,47.47100448945384,3
3,9,20,10,38,26.81646699288347,45.90100448945384,6
4,9,14,30,15,27.91646699288347,47.131004489453844,10
3,16,14,19,39,33.89646699288347,51.091004489453844,9
6,9,14,23,12,20.85646699288347,49.35100448945384,6
2,9,14,10,37,31.81646699288347,63.46100448945384,1
9,9,23,23,13,23.62646699288347,47.47100448945384,3
5,9,31,10,47,24.81646699288347,53.87100448945384,1
2,21,14,12,19,19.47646699288347,37.90100448945384,4
2,9,14,10,38,32.81646699288347,49.701004489453844,2
2,9,14,10,21,15.81646699288347,53.71100448945384,9
7,16,34,15,31,10.646466992883468,39.93100448945384,3
6,27,26,30,43,25.92646699288347,57.591004489453844,9
2,9,14,10,39,33.81646699288347,51.33100448945384,2
2,9,14,10,25,19.81646699288347,50.771004489453844,6
4,9,34,26,35,23.93646699288347,63.271004489453844,7
4,9,29,36,26,33.89646699288347,49.28100448945384,9
2,9,14,10,38,32.81646699288347,65.30100448945385,10
7,19,14,20,21,15.81646699288347,28.04100448945384,8
6,34,43,31,31,19.51646699288347,66.97100448945385,3
6,56,39,10,19,58.51646699288347,87.29100448945384,3
7,38,30,36,24,13.646466992883468,55.76100448945384,3
4,9,14,22,15,19.986466992883468,35.261004489453846,10
7,31,35,30,27,15.09646699288347,64.78100448945385,2
4,11,75,34,57,35.61646699288347,78.19100448945385,3
3,11,35,15,29,13.646466992883468,34.331004489453846,5
7,11,52,15,56,13.646466992883468,55.71100448945384,1
3,34,14,36,29,23.84646699288347,58.271004489453844,9
6,38,14,39,20,14.81646699288347,64.32100448945384,8
5,30,52,31,35,23.81646699288347,67.15100448945384,2
5,22,14,22,20,14.88646699288347,30.871004489453846,8
2,9,14,10,25,19.81646699288347,51.57100448945384,1
4,11,55,21,50,17.666466992883468,54.08100448945384,3
3,9,29,10,37,16.81646699288347,43.72100448945384,6
5,9,23,11,33,18.86646699288347,42.31100448945384,9
3,9,39,11,63,32.836466992883466,81.78100448945384,6
6,23,20,22,28,17.03646699288347,58.201004489453844,9
4,9,14,25,15,22.94646699288347,42.831004489453846,10
5,11,56,32,55,27.81646699288347,59.44100448945384,7
3,9,38,10,60,30.81646699288347,61.05100448945384,2
6,31,41,10,31,31.58646699288347,57.60100448945384,3
3,9,41,11,49,16.87646699288347,47.951004489453844,2
5,32,23,10,13,32.516466992883466,45.78100448945384,5
2,9,14,11,33,27.83646699288347,52.701004489453844,3
2,9,14,10,31,25.81646699288347,41.43100448945384,10
8,13,49,10,45,12.81646699288347,57.76100448945384,3
2,9,14,10,37,31.81646699288347,54.021004489453844,3
4,9,31,34,33,32.00646699288347,56.01100448945384,1
2,23,14,12,18,20.81646699288347,42.371004489453846,4
6,9,14,36,15,33.89646699288347,50.771004489453844,6
5,10,50,40,49,36.81646699288347,57.93100448945384,7
2,9,14,10,25,19.81646699288347,43.87100448945384,6
6,24,28,12,35,23.076466992883468,37.701004489453844,1
8,9,41,21,13,36.96646699288347,64.23100448945384,3
2,9,14,10,22,16.81646699288347,52.18100448945384,7
4,9,14,31,15,28.91646699288347,53.61100448945384,10
3,9,24,12,36,20.96646699288347,42.47100448945384,6
5,31,37,32,25,18.81646699288347,51.57100448945384,5
3,15,20,10,25,16.30646699288347,44.31100448945384,4
6,11,38,24,41,20.46646699288347,42.371004489453846,4
2,9,14,10,42,36.81646699288347,50.29100448945384,2
3,9,24,10,33,17.81646699288347,52.11100448945384,4
9,9,20,23,13,22.13646699288347,55.76100448945384,3
4,9,33,21,32,18.81646699288347,50.43100448945384,7
3,10,43,22,34,21.416466992883468,43.271004489453844,5
6,31,14,32,19,13.81646699288347,61.19100448945384,8
2,28,14,15,19,23.04646699288347,53.56100448945384,4
7,11,33,13,37,12.916466992883468,37.90100448945384,1
5,11,58,52,55,47.86646699288347,71.90100448945384,6
3,22,14,25,30,24.93646699288347,49.15100448945384,1
4,9,14,19,13,16.81646699288347,28.561004489453843,10
4,9,24,35,23,32.81646699288347,53.271004489453844,6
5,9,40,21,41,18.99646699288347,45.48100448945384,7
6,28,51,29,37,20.81646699288347,62.69100448945384,2
2,9,14,10,45,39.81646699288347,60.11100448945384,2
2,16,14,10,18,16.416466992883468,27.191004489453846,8
4,11,66,29,60,25.53646699288347,66.43100448945384,2
2,9,14,10,25,19.81646699288347,44.18100448945384,1
2,30,14,10,22,30.66646699288347,46.07100448945384,4
5,9,29,12,32,12.286466992883469,40.801004489453845,4
4,9,36,22,34,19.85646699288347,57.39100448945384,7
2,9,14,10,28,22.81646699288347,37.07100448945384,7
2,9,14,11,39,33.836466992883466,43.271004489453844,5
2,9,14,10,22,16.81646699288347,46.07100448945384,10
5,9,35,15,39,14.88646699288347,48.81100448945384,4
5,30,58,33,44,20.96646699288347,67.93100448945384,2
5,10,34,18,35,15.09646699288347,38.871004489453846,6
3,9,49,10,63,22.81646699288347,64.21100448945384,2
3,9,34,11,40,14.88646699288347,39.231004489453845,2
4,9,14,29,14,26.84646699288347,45.74100448945384,10
2,9,14,10,27,21.81646699288347,44.31100448945384,1
4,9,38,36,49,36.45646699288347,55.48100448945384,4
4,10,43,20,37,18.11646699288347,41.75100448945384,2
2,9,14,10,36,30.81646699288347,48.18100448945384,2
4,32,30,33,21,15.81646699288347,44.31100448945384,5
3,9,25,11,33,16.87646699288347,33.90100448945384,10
3,17,14,19,31,25.84646699288347,45.28100448945384,1
2,9,14,10,48,42.81646699288347,62.06100448945384,2
2,9,14,10,42,36.81646699288347,54.24100448945384,2
3,32,14,33,27,21.81646699288347,43.60100448945384,1
7,10,46,32,44,28.83646699288347,49.90100448945384,1
2,9,14,10,25,19.81646699288347,58.08100448945384,6
3,9,34,10,45,19.81646699288347,52.94100448945384,10
4,9,22,21,19,18.99646699288347,43.87100448945384,7
6,23,52,10,40,25.61646699288347,70.74100448945384,3
2,35,14,27,19,18.63646699288347,53.87100448945384,4
4,11,59,27,49,25.30646699288347,59.17100448945384,2
3,25,14,28,24,18.99646699288347,46.06100448945384,1
3,10,35,20,29,18.11646699288347,37.47100448945384,5
2,9,14,10,48,42.81646699288347,60.55100448945384,2
2,16,14,13,15,12.286466992883469,27.711004489453842,8
2,9,14,10,34,28.81646699288347,46.85100448945384,10
2,27,14,12,22,26.17646699288347,51.32100448945384,4
6,22,62,23,52,16.81646699288347,66.61100448945385,2
8,19,49,10,44,18.58646699288347,66.61100448945385,2
2,21,14,12,19,19.47646699288347,37.90100448945384,4
5,21,53,22,43,16.81646699288347,59.58100448945384,2
4,9,27,26,31,24.57646699288347,47.74100448945384,9
5,10,47,19,48,16.06646699288347,50.89100448945384,7
4,9,44,29,57,31.41646699288347,59.40100448945384,8
5,14,14,15,24,18.81646699288347,24.961004489453842,8
3,10,36,24,32,21.15646699288347,38.271004489453844,5
6,28,22,18,17,19.51646699288347,41.68100448945384,5
6,18,50,17,44,13.206466992883469,54.021004489453844,2
4,9,14,41,13,38.81646699288347,60.11100448945384,10
6,9,14,18,13,15.81646699288347,40.28100448945384,6
5,9,30,25,29,22.81646699288347,33.00100448945384,6
3,31,14,33,22,16.87646699288347,44.31100448945384,9
3,9,37,11,50,21.85646699288347,51.79100448945384,10
3,9,26,12,31,14.13646699288347,33.871004489453846,10
5,9,24,11,37,21.85646699288347,47.43100448945384,1
6,31,47,32,33,20.81646699288347,60.26100448945384,3
2,20,14,17,16,12.81646699288347,31.07100448945384,8
2,16,14,13,15,12.286466992883469,25.491004489453843,8
4,9,28,34,27,31.81646699288347,55.17100448945384,7
4,9,26,25,25,22.81646699288347,49.67100448945384,7
8,15,56,33,56,24.84646699288347,60.81100448945384,1
5,9,33,12,50,25.92646699288347,49.90100448945384,1
7,18,18,10,13,17.666466992883468,37.90100448945384,5
2,9,14,10,21,15.81646699288347,45.90100448945384,7
2,9,14,10,25,19.81646699288347,55.72100448945384,9
5,9,33,13,37,13.646466992883468,43.83100448945384,8
4,9,25,36,24,33.81646699288347,51.53100448945384,1
4,9,64,20,59,18.58646699288347,68.38100448945384,3
2,9,14,10,33,27.81646699288347,57.17100448945384,1
4,9,14,37,15,34.88646699288347,52.94100448945384,10
3,9,39,12,55,24.93646699288347,55.341004489453844,2
4,9,31,36,31,33.836466992883466,54.67100448945384,6
4,9,20,10,26,14.81646699288347,37.32100448945384,4
3,9,29,10,43,22.81646699288347,64.32100448945384,8
4,9,31,29,25,27.46646699288347,52.661004489453845,9
4,9,40,47,53,47.37646699288347,66.24100448945384,8
6,10,28,18,29,15.09646699288347,29.43100448945384,8
6,16,44,32,49,23.97646699288347,53.26100448945384,4
4,9,25,31,26,28.91646699288347,50.89100448945384,6
2,15,14,12,15,12.286466992883469,26.691004489453842,8
5,9,50,16,49,13.81646699288347,58.08100448945384,6
6,23,22,10,13,23.93646699288347,49.08100448945384,5
5,9,51,18,52,16.06646699288347,57.14100448945384,6
2,9,14,11,43,37.836466992883466,47.29100448945384,3
2,9,14,10,35,29.81646699288347,60.26100448945384,3
3,9,25,12,49,32.89646699288347,62.73100448945384,6
5,33,58,34,38,26.81646699288347,78.19100448945385,3
8,14,57,22,34,30.90646699288347,55.71100448945384,1
7,31,28,10,19,31.22646699288347,56.521004489453844,2
6,18,38,20,54,24.84646699288347,53.271004489453844,9
6,34,61,35,47,20.81646699288347,73.31100448945385,2
6,19,39,20,45,14.81646699288347,61.08100448945384,9
2,9,14,10,49,43.81646699288347,50.47100448945384,5
4,9,14,22,15,19.986466992883468,46.18100448945384,10
3,9,22,12,38,24.93646699288347,45.73100448945384,6
8,12,38,22,30,19.21646699288347,37.90100448945384,1
2,9,14,10,21,15.81646699288347,45.28100448945384,10
3,12,16,10,17,11.42646699288347,27.711004489453842,8
5,9,29,19,26,17.03646699288347,30.921004489453843,7
6,9,14,30,13,27.81646699288347,53.271004489453844,6
2,9,14,10,50,44.81646699288347,51.381004489453844,5
4,9,23,28,20,25.92646699288347,40.28100448945384,6
3,9,23,11,29,14.88646699288347,28.961004489453842,7
7,34,20,10,13,33.52646699288347,61.28100448945384,5
8,29,28,10,20,29.00646699288347,64.78100448945385,2
2,9,14,12,43,37.88646699288347,57.60100448945384,3
2,9,14,12,41,35.88646699288347,50.92100448945384,3
5,9,38,10,52,22.81646699288347,57.94100448945384,9
4,9,14,31,14,28.83646699288347,45.28100448945384,10
6,28,23,23,22,13.81646699288347,53.56100448945384,8
6,23,22,10,13,23.93646699288347,47.74100448945384,5
3,9,45,10,63,26.81646699288347,63.881004489453844,2
4,9,14,28,15,25.92646699288347,57.69100448945384,10
6,9,14,19,13,16.81646699288347,81.78100448945384,6
3,18,14,19,30,24.81646699288347,49.15100448945384,1
5,27,57,28,49,14.81646699288347,64.21100448945384,2
2,9,14,10,19,13.81646699288347,32.54100448945384,7
5,29,34,27,23,18.256466992883468,54.90100448945384,5
5,9,38,12,59,29.90646699288347,61.64100448945384,9
7,26,42,18,35,18.63646699288347,61.05100448945384,2
2,9,14,10,36,30.81646699288347,37.011004489453846,5
3,9,48,25,42,23.62646699288347,51.57100448945384,5
2,9,14,11,49,43.82646699288347,57.76100448945384,3
3,23,14,24,24,18.81646699288347,45.96100448945384,9
3,9,36,12,56,28.91646699288347,55.00100448945384,10
3,9,38,20,31,19.47646699288347,43.631004489453844,5
4,10,42,19,37,16.756466992883468,40.481004489453845,2
5,24,24,20,18,14.88646699288347,36.07100448945384,5
4,9,21,17,20,14.81646699288347,38.271004489453844,7
6,42,37,10,24,42.92646699288347,66.87100448945384,2
6,34,61,35,47,20.81646699288347,73.31100448945385,2
2,9,14,12,36,30.90646699288347,37.49100448945384,5
7,10,48,16,53,15.626466992883469,52.83100448945384,1
4,9,31,19,30,16.81646699288347,49.15100448945384,1
3,9,27,12,33,15.09646699288347,37.701004489453844,7
5,9,24,11,35,19.85646699288347,41.941004489453846,1
7,15,14,18,22,17.03646699288347,26.691004489453842,8
3,17,14,18,23,17.81646699288347,46.97100448945384,1
5,30,22,10,13,30.28646699288347,42.21100448945384,5
2,9,14,10,41,35.81646699288347,59.17100448945384,3
5,19,27,20,19,14.81646699288347,34.331004489453846,5
2,9,14,10,35,29.81646699288347,44.69100448945384,10
6,20,32,21,42,18.81646699288347,42.091004489453844,9
8,14,47,10,43,13.646466992883468,57.94100448945384,3
5,9,34,21,32,18.86646699288347,35.481004489453845,7
2,9,14,10,31,25.81646699288347,40.22100448945384,9
6,9,14,17,14,14.88646699288347,33.00100448945384,6
7,24,21,20,20,12.81646699288347,37.701004489453844,8
7,34,48,28,42,16.416466992883468,66.97100448945385,3
4,9,22,21,19,18.99646699288347,43.87100448945384,7
6,25,24,21,18,14.88646699288347,47.74100448945384,5
6,23,41,10,29,25.61646699288347,62.62100448945384,3
4,9,26,26,25,23.81646699288347,35.15100448945384,7
3,9,52,10,58,14.81646699288347,66.87100448945384,2
3,9,38,12,54,24.93646699288347,65.63100448945384,6
5,11,43,29,51,27.05646699288347,54.98100448945384,8
8,21,36,10,27,22.236466992883468,75.69100448945385,3
3,9,45,11,55,18.86646699288347,54.49100448945384,2
4,9,33,29,32,26.81646699288347,50.89100448945384,7
4,9,21,10,24,11.81646699288347,26.721004489453843,8
2,9,14,10,22,16.81646699288347,47.43100448945384,9
5,11,43,38,44,33.89646699288347,52.841004489453844,6
3,9,30,11,43,21.85646699288347,47.131004489453844,10
4,9,39,18,40,16.06646699288347,63.68100448945384,9
3,17,19,10,23,17.24646699288347,37.981004489453845,8
4,9,30,32,37,31.22646699288347,43.631004489453844,4
5,9,36,24,60,36.46646699288347,63.40100448945384,1
4,10,74,57,57,56.51646699288347,87.29100448945384,3
5,19,59,25,53,14.88646699288347,64.23100448945384,3
3,16,20,10,25,17.03646699288347,51.32100448945384,4
3,31,14,34,33,27.91646699288347,56.01100448945384,1
8,14,32,10,29,13.206466992883469,39.93100448945384,3
3,9,26,10,31,13.81646699288347,34.92100448945384,6
6,17,24,17,37,21.85646699288347,46.97100448945384,1
2,9,14,10,50,44.81646699288347,78.61100448945385,2
3,9,34,12,50,24.93646699288347,51.79100448945384,2
5,35,29,28,21,18.44646699288347,50.771004489453844,5
8,17,26,10,19,17.81646699288347,51.79100448945384,2
4,9,35,27,38,25.27646699288347,56.26100448945384,1
2,9,14,10,19,13.81646699288347,47.69100448945384,1
3,9,45,11,64,27.83646699288347,64.23100448945384,2
8,15,24,10,19,15.026466992883469,42.85100448945384,2
2,24,14,10,20,24.36646699288347,36.07100448945384,4
6,9,14,19,13,16.81646699288347,44.36100448945384,6
2,9,14,10,32,26.81646699288347,48.73100448945384,1
4,11,61,24,54,21.236466992883468,60.72100448945384,2
3,9,49,11,71,30.83646699288347,72.10100448945384,2
4,9,25,11,30,13.896466992883468,36.621004489453846,8
3,9,19,10,23,12.81646699288347,35.911004489453845,8
3,9,30,11,42,20.85646699288347,51.381004489453844,10
3,9,21,11,39,26.84646699288347,41.481004489453845,7
7,16,40,10,35,15.876466992883469,50.36100448945384,3
2,9,14,10,31,25.81646699288347,56.01100448945384,9
6,26,20,29,37,25.92646699288347,47.43100448945384,9
6,34,55,35,37,24.81646699288347,71.49100448945384,2
2,9,14,11,49,43.82646699288347,87.29100448945384,3
6,18,32,16,46,23.11646699288347,45.28100448945384,1
6,45,47,10,33,46.09646699288347,78.49100448945384,3
6,23,24,17,18,16.416466992883468,42.371004489453846,5
3,9,44,24,37,23.04646699288347,44.61100448945384,5
3,9,39,12,54,23.93646699288347,58.58100448945384,10
7,9,34,37,37,35.10646699288347,47.19100448945384,1
6,18,49,17,43,13.206466992883469,54.021004489453844,2
5,18,21,10,13,19.21646699288347,33.00100448945384,5
7,33,44,22,35,22.236466992883468,75.69100448945385,3
5,9,45,35,42,32.89646699288347,50.89100448945384,6
4,9,28,32,21,30.61646699288347,52.411004489453845,1
4,9,32,22,31,19.81646699288347,40.621004489453846,1
3,9,38,10,57,27.81646699288347,59.82100448945384,3
6,9,14,49,12,46.82646699288347,69.87100448945384,6
6,22,21,21,41,28.91646699288347,41.941004489453846,1
3,9,36,10,58,30.81646699288347,59.92100448945384,2
6,28,36,29,58,30.81646699288347,59.92100448945384,9
2,9,14,10,26,20.81646699288347,51.92100448945384,1
3,10,40,11,47,15.81646699288347,47.47100448945384,3
7,28,50,23,43,16.30646699288347,74.01100448945384,3
7,9,34,28,13,34.726466992883466,78.49100448945384,3
4,9,14,31,14,28.83646699288347,45.28100448945384,10
6,35,32,36,43,19.81646699288347,53.87100448945384,1
4,9,44,52,57,52.08646699288347,71.90100448945384,8
2,9,14,10,52,46.81646699288347,62.271004489453844,2
5,11,47,27,45,22.846466992883467,54.67100448945384,6
7,10,51,27,43,25.27646699288347,52.661004489453845,1
3,15,14,16,20,14.81646699288347,36.07100448945384,1
2,9,14,10,48,42.81646699288347,70.74100448945384,3
4,10,76,38,68,35.70646699288347,84.85100448945384,3
5,9,33,24,37,22.686466992883467,46.07100448945384,4
4,9,32,25,41,25.84646699288347,42.831004489453846,4
5,30,66,36,59,15.626466992883469,72.81100448945385,3
8,15,27,10,22,15.026466992883469,47.47100448945384,3
5,17,66,39,59,29.65646699288347,72.36100448945385,3
9,9,28,23,13,26.91646699288347,58.78100448945384,3
3,9,29,12,43,22.94646699288347,53.591004489453844,6
3,9,35,29,27,28.06646699288347,39.39100448945384,5
2,9,14,10,23,17.81646699288347,39.67100448945384,6
5,25,58,27,51,13.896466992883468,60.11100448945384,3
6,16,39,25,43,17.24646699288347,44.61100448945384,4
3,9,41,12,62,29.90646699288347,65.20100448945385,2
5,11,34,27,32,22.846466992883467,37.32100448945384,7
6,22,31,21,37,15.09646699288347,47.47100448945384,9
3,9,29,11,52,31.83646699288347,59.08100448945384,7
5,19,55,25,50,14.216466992883468,57.56100448945384,2
5,25,67,35,60,18.63646699288347,73.31100448945385,2
6,26,43,36,47,18.11646699288347,53.87100448945384,4
2,9,14,10,29,23.81646699288347,44.36100448945384,6
6,42,21,36,20,14.81646699288347,66.07100448945384,8
2,9,14,10,32,26.81646699288347,45.08100448945384,9
3,9,37,12,55,26.91646699288347,59.44100448945384,7
6,24,51,25,41,16.81646699288347,57.56100448945384,2
2,28,14,15,21,23.93646699288347,48.29100448945384,4
8,17,70,26,52,26.60646699288347,69.89100448945385,1
2,28,14,11,23,28.40646699288347,53.56100448945384,4
6,17,51,10,47,16.35646699288347,54.81100448945384,3
5,9,29,16,32,15.026466992883469,36.131004489453844,8
5,11,47,38,45,33.836466992883466,56.35100448945384,7
6,27,22,10,13,27.51646699288347,50.771004489453844,5
5,24,26,20,19,15.626466992883469,39.371004489453846,5
4,9,39,26,19,32.656466992883466,55.451004489453844,1
2,9,14,10,29,23.81646699288347,57.47100448945384,6
6,29,24,28,38,22.94646699288347,43.091004489453844,1
6,30,24,31,43,27.81646699288347,47.69100448945384,1
4,9,24,21,27,19.51646699288347,28.871004489453846,8
5,29,57,32,49,15.09646699288347,64.78100448945385,2
3,9,32,10,47,23.81646699288347,56.521004489453844,7
2,9,14,10,39,33.81646699288347,64.52100448945384,2
7,37,25,31,24,14.81646699288347,56.68100448945384,8
3,14,22,10,29,17.24646699288347,49.90100448945384,4
4,9,31,16,32,14.13646699288347,49.35100448945384,6
3,32,14,34,19,13.896466992883468,51.07100448945384,9
2,9,14,10,24,18.81646699288347,37.701004489453844,10
2,9,14,10,50,44.81646699288347,78.49100448945384,3
3,10,52,11,72,28.81646699288347,74.39100448945385,3
4,9,74,23,68,21.74646699288347,74.01100448945384,3
2,9,14,10,32,26.81646699288347,50.73100448945384,10
2,9,14,10,36,30.81646699288347,69.97100448945385,7
3,9,50,10,60,18.81646699288347,59.12100448945384,2
4,9,32,12,40,17.03646699288347,51.32100448945384,4
2,9,14,10,27,21.81646699288347,45.28100448945384,1
8,12,38,22,30,19.21646699288347,37.90100448945384,1
3,9,37,12,58,29.90646699288347,69.97100448945385,7
5,25,45,26,37,14.81646699288347,52.30100448945384,3
3,10,49,30,43,27.46646699288347,59.87100448945384,5
6,9,14,17,14,14.88646699288347,33.00100448945384,6
5,9,53,21,54,18.99646699288347,63.87100448945384,6
3,9,28,10,41,21.81646699288347,62.68100448945384,8
4,9,37,40,36,37.81646699288347,57.04100448945384,7
6,47,14,48,22,16.81646699288347,70.74100448945384,8
5,11,60,52,57,47.86646699288347,73.36100448945385,6
4,26,36,27,24,18.81646699288347,48.19100448945384,5
5,11,39,32,38,27.81646699288347,45.73100448945384,6
2,9,14,10,48,42.81646699288347,62.06100448945384,2
2,9,14,10,35,29.81646699288347,52.661004489453845,1
2,9,14,10,28,22.81646699288347,55.17100448945384,9
8,13,32,10,29,12.286466992883469,40.191004489453846,2
6,16,28,21,29,12.286466992883469,31.07100448945384,8
3,9,49,12,64,23.93646699288347,72.92100448945385,2
6,28,32,29,47,23.81646699288347,50.021004489453844,1
5,25,35,26,23,18.81646699288347,47.74100448945384,5
2,36,14,23,21,23.93646699288347,52.94100448945384,4
7,35,20,30,19,13.81646699288347,67.43100448945384,8
4,9,24,23,20,21.15646699288347,41.941004489453846,1
7,16,14,16,19,13.896466992883468,25.491004489453843,8
6,26,23,25,43,28.91646699288347,45.55100448945384,9
3,34,14,35,31,25.81646699288347,60.81100448945384,9
5,9,35,12,40,14.13646699288347,56.26100448945384,1
5,20,58,21,51,13.81646699288347,59.341004489453844,3
7,22,14,23,21,15.81646699288347,38.36100448945384,8
5,9,20,12,44,32.89646699288347,45.08100448945384,9
2,9,14,12,36,30.90646699288347,53.271004489453844,3
4,9,28,10,41,21.81646699288347,58.48100448945384,8
6,34,14,34,19,13.896466992883468,67.43100448945384,8
3,11,37,12,54,25.81646699288347,66.30100448945385,3
6,22,21,25,32,19.986466992883468,40.22100448945384,9
3,11,47,27,35,26.41646699288347,48.19100448945384,5
6,17,55,43,63,34.38646699288347,70.98100448945384,8
2,9,14,10,19,13.81646699288347,37.011004489453846,9
2,25,14,10,25,27.81646699288347,50.47100448945384,4
5,9,33,10,53,28.81646699288347,60.81100448945384,1
2,9,14,10,34,28.81646699288347,49.15100448945384,9
5,26,14,27,24,18.81646699288347,53.56100448945384,8
5,9,45,34,44,31.81646699288347,50.271004489453844,6
7,28,50,23,43,16.30646699288347,74.01100448945384,3
4,9,36,35,22,35.99646699288347,71.91100448945384,1
8,18,24,13,23,13.81646699288347,27.711004489453842,8
6,31,14,33,21,15.876466992883469,61.68100448945384,8
3,9,26,11,36,18.86646699288347,43.87100448945384,6
6,31,29,33,46,25.84646699288347,51.29100448945384,1
2,35,14,20,22,26.17646699288347,56.68100448945384,8
4,10,62,26,55,23.97646699288347,67.15100448945384,2
3,9,24,11,33,17.86646699288347,39.67100448945384,6
3,11,16,10,17,10.646466992883468,26.691004489453842,8
4,9,38,38,37,35.81646699288347,52.841004489453844,7
2,9,14,10,33,27.81646699288347,48.87100448945384,6
2,9,14,10,35,29.81646699288347,57.39100448945384,7
3,9,22,12,30,17.03646699288347,32.47100448945384,10
4,9,27,18,24,16.06646699288347,45.03100448945384,1
3,10,43,11,64,29.81646699288347,64.83100448945385,3
3,10,43,22,34,21.416466992883468,43.271004489453844,5
4,9,37,18,36,15.81646699288347,67.92100448945385,7
3,9,38,11,51,21.85646699288347,60.75100448945384,6
5,19,57,29,50,18.63646699288347,62.69100448945384,2
8,22,22,19,21,11.81646699288347,38.36100448945384,8
4,9,14,32,14,29.83646699288347,50.73100448945384,10
8,27,28,10,21,26.78646699288347,60.26100448945384,3
7,20,14,20,23,17.86646699288347,35.67100448945384,8
6,44,14,43,21,16.06646699288347,73.27100448945384,8
4,9,26,20,25,17.81646699288347,37.32100448945384,7
3,9,34,12,48,22.94646699288347,48.07100448945384,2
4,27,38,36,28,19.85646699288347,50.771004489453844,5
3,9,34,10,49,23.81646699288347,56.87100448945384,6
5,25,55,26,42,19.81646699288347,64.83100448945385,3
2,9,14,10,28,22.81646699288347,55.17100448945384,6
6,35,60,36,47,19.81646699288347,72.81100448945385,3
6,20,46,21,38,14.81646699288347,49.67100448945384,2
2,9,14,10,26,20.81646699288347,41.15100448945384,1
5,13,60,18,56,12.81646699288347,57.76100448945384,3
4,9,40,40,51,40.12646699288347,60.11100448945384,8
2,19,14,17,15,11.42646699288347,27.351004489453842,8
2,9,14,11,42,36.836466992883466,66.97100448945385,3
3,9,23,10,31,16.81646699288347,42.831004489453846,4
2,9,14,10,33,27.81646699288347,52.94100448945384,10
2,9,14,10,21,15.81646699288347,47.19100448945384,9
4,31,32,32,22,16.81646699288347,45.90100448945384,5
3,9,32,12,42,18.99646699288347,53.591004489453844,6
3,10,53,27,43,26.17646699288347,54.90100448945384,5
6,23,22,16,17,16.756466992883468,38.85100448945384,5
3,9,27,12,33,15.09646699288347,37.701004489453844,7
6,26,20,29,37,25.92646699288347,47.43100448945384,9
5,9,35,11,55,28.83646699288347,58.48100448945384,9
2,9,14,11,38,32.836466992883466,54.08100448945384,3
4,9,33,24,24,23.93646699288347,45.96100448945384,9
7,19,21,10,13,20.02646699288347,55.36100448945384,5
5,9,30,16,33,15.026466992883469,38.85100448945384,8
6,23,25,22,43,26.91646699288347,44.18100448945384,1
8,22,28,10,19,23.076466992883468,72.92100448945385,3
5,21,53,22,43,16.81646699288347,59.58100448945384,2
4,10,68,18,65,15.09646699288347,72.36100448945385,3
2,9,14,12,34,28.91646699288347,47.47100448945384,3
3,9,47,11,68,29.83646699288347,71.49100448945384,2
3,10,48,32,37,31.07646699288347,52.12100448945384,5
7,11,29,34,45,35.61646699288347,51.07100448945384,1
2,9,14,10,25,19.81646699288347,37.90100448945384,1
4,9,35,34,36,31.896466992883468,56.01100448945384,1
2,9,14,10,21,15.81646699288347,38.871004489453846,6
4,9,22,16,21,13.81646699288347,38.091004489453844,6
5,9,35,12,40,14.13646699288347,56.26100448945384,1
7,24,28,10,19,24.81646699288347,54.08100448945384,3
2,22,14,17,17,15.026466992883469,40.14100448945384,8
5,25,30,26,21,15.81646699288347,39.091004489453844,5
6,22,41,23,31,16.81646699288347,47.47100448945384,3
4,9,32,22,41,23.436466992883467,42.371004489453846,8
4,9,34,29,25,28.43646699288347,52.75100448945384,9
2,9,14,10,33,27.81646699288347,52.75100448945384,9
3,9,23,10,31,16.81646699288347,41.53100448945384,4
3,9,25,12,35,18.99646699288347,33.871004489453846,10
9,9,20,28,13,26.78646699288347,58.58100448945384,3
5,9,29,11,46,25.84646699288347,56.29100448945384,9
3,9,50,10,64,22.81646699288347,72.92100448945385,3
4,9,28,24,34,23.46646699288347,49.28100448945384,4
6,19,39,10,33,18.99646699288347,43.64100448945384,2
8,29,28,10,20,29.00646699288347,64.78100448945385,2
2,9,14,10,33,27.81646699288347,54.01100448945384,3
5,9,38,12,47,18.01646699288347,60.81100448945384,1
6,17,40,26,45,17.81646699288347,46.85100448945384,4
2,9,14,10,19,13.81646699288347,53.08100448945384,6
4,9,22,10,29,15.81646699288347,38.36100448945384,8
6,19,21,22,41,28.91646699288347,41.53100448945384,1
2,38,14,10,26,39.59646699288347,61.07100448945384,8
6,19,35,18,59,32.89646699288347,58.14100448945384,1
4,21,32,22,22,16.81646699288347,42.451004489453844,5
9,9,23,23,13,23.62646699288347,47.47100448945384,3
4,35,44,41,33,18.99646699288347,60.89100448945384,5
3,22,14,24,22,16.87646699288347,38.00100448945384,9
2,9,14,10,32,26.81646699288347,53.61100448945384,1
2,9,14,10,20,14.81646699288347,32.17100448945384,10
6,25,22,24,17,12.286466992883469,38.271004489453844,5
3,15,17,10,19,14.526466992883469,37.32100448945384,4
4,9,33,18,20,22.236466992883468,49.90100448945384,1
4,9,28,29,27,26.81646699288347,41.68100448945384,7
4,9,35,23,34,20.81646699288347,49.49100448945384,6
6,31,42,29,30,19.21646699288347,63.87100448945384,3
2,9,14,11,39,33.836466992883466,40.14100448945384,5
4,23,40,26,34,13.206466992883469,46.85100448945384,5
3,9,30,11,49,27.83646699288347,58.78100448945384,6
5,23,25,10,13,25.61646699288347,46.00100448945384,5
5,31,14,32,19,13.81646699288347,45.131004489453844,8
5,19,21,10,13,20.02646699288347,35.24100448945384,5
8,10,47,35,53,32.81646699288347,58.24100448945384,1
2,9,14,10,30,24.81646699288347,50.771004489453844,6
6,29,30,31,53,31.83646699288347,63.46100448945384,1
6,15,27,16,48,29.81646699288347,46.58100448945384,9
5,9,29,12,41,20.96646699288347,55.17100448945384,9
3,9,38,12,60,30.90646699288347,60.72100448945384,2
4,9,53,20,50,18.01646699288347,54.451004489453844,2
2,9,14,10,22,16.81646699288347,48.51100448945384,7
7,11,51,20,55,17.24646699288347,54.75100448945384,1
3,9,46,12,54,17.03646699288347,55.451004489453844,2
8,26,36,10,30,25.53646699288347,59.92100448945384,2
2,9,14,10,40,34.81646699288347,61.05100448945384,2
2,9,14,10,22,16.81646699288347,40.28100448945384,6
3,9,31,12,37,15.09646699288347,43.87100448945384,6
4,9,24,18,27,16.756466992883468,27.191004489453846,8
3,9,37,12,55,26.91646699288347,59.44100448945384,7
2,22,14,10,18,21.74646699288347,30.871004489453846,8
2,9,14,11,52,46.82646699288347,53.61100448945384,5
4,9,28,22,27,19.81646699288347,53.79100448945384,7
2,9,14,10,42,36.81646699288347,56.25100448945384,3
4,9,26,10,36,18.81646699288347,57.76100448945384,8
8,17,20,15,19,10.81646699288347,28.961004489453842,8
5,11,41,28,49,26.17646699288347,51.32100448945384,4
2,9,14,10,48,42.81646699288347,62.62100448945384,3
2,19,14,14,15,14.13646699288347,28.04100448945384,8
6,15,21,17,37,24.84646699288347,36.07100448945384,1
6,22,41,23,33,14.81646699288347,44.69100448945384,2
2,27,14,19,19,18.63646699288347,51.32100448945384,4
5,9,43,20,49,20.02646699288347,62.18100448945384,8
2,9,14,10,48,42.81646699288347,67.93100448945384,2
3,10,34,19,27,17.81646699288347,33.00100448945384,5
6,9,14,42,13,39.81646699288347,59.99100448945384,6
2,9,14,10,19,13.81646699288347,28.561004489453843,10
3,11,48,24,37,23.436466992883467,49.08100448945384,5
7,33,44,22,35,22.236466992883468,75.69100448945385,3
4,9,59,43,48,42.29646699288347,66.87100448945384,2
7,16,14,18,19,13.896466992883468,27.711004489453842,8
3,17,14,20,28,22.94646699288347,43.64100448945384,1
6,31,14,33,21,15.876466992883469,61.68100448945384,8
4,9,26,25,25,22.81646699288347,49.67100448945384,7
4,11,69,22,62,19.47646699288347,71.49100448945384,2
3,20,21,10,27,20.85646699288347,58.48100448945384,8
6,33,20,32,35,23.93646699288347,51.07100448945384,9
8,16,33,10,27,16.416466992883468,58.78100448945384,3
4,9,24,27,27,25.27646699288347,44.69100448945384,1
4,9,27,18,23,16.35646699288347,46.97100448945384,1
7,24,48,20,42,14.88646699288347,64.23100448945384,2
5,9,38,23,43,22.13646699288347,61.28100448945384,4
5,30,53,31,40,19.81646699288347,64.38100448945384,2
6,16,22,12,21,12.81646699288347,24.961004489453842,8
3,9,38,12,60,30.90646699288347,60.72100448945384,2
5,9,37,11,42,13.896466992883468,53.271004489453844,9
9,9,20,27,13,25.84646699288347,56.26100448945384,3
4,9,27,22,27,19.85646699288347,37.941004489453846,6
3,18,19,10,23,18.11646699288347,43.32100448945384,4
5,24,35,37,41,21.70646699288347,49.97100448945384,4
8,15,47,10,42,15.026466992883469,65.48100448945384,3
3,10,49,26,40,24.81646699288347,57.82100448945384,5
2,9,14,10,23,17.81646699288347,51.29100448945384,9
4,9,23,36,20,33.89646699288347,53.08100448945384,7
6,20,27,21,49,30.81646699288347,48.71100448945384,9
4,9,14,36,13,33.81646699288347,54.67100448945384,10
4,9,24,31,22,28.83646699288347,51.29100448945384,9
2,9,14,11,42,36.836466992883466,50.631004489453844,3
4,9,57,18,53,16.35646699288347,54.81100448945384,3
4,9,38,28,37,25.81646699288347,69.89100448945385,1
4,9,26,12,31,14.13646699288347,37.90100448945384,4
5,9,49,19,48,16.81646699288347,59.17100448945384,7
3,9,27,10,39,20.81646699288347,54.93100448945384,8
6,39,24,37,23,10.81646699288347,64.32100448945384,8
6,34,22,34,39,25.84646699288347,47.14100448945384,9
6,25,30,28,54,32.89646699288347,55.85100448945384,9
4,9,32,21,25,20.346466992883467,43.96100448945384,1
3,9,29,10,43,22.81646699288347,59.40100448945384,8
3,9,34,10,42,16.81646699288347,45.74100448945384,10
2,9,14,10,23,17.81646699288347,33.271004489453844,6
2,25,14,11,21,24.81646699288347,46.85100448945384,4
2,9,14,10,20,14.81646699288347,49.35100448945384,9
6,31,22,10,13,31.22646699288347,52.12100448945384,5
8,13,34,10,31,12.286466992883469,39.231004489453845,2
4,9,36,16,34,13.896466992883468,64.08100448945385,6
6,18,19,10,13,18.11646699288347,34.331004489453846,5
2,21,14,10,22,22.81646699288347,42.371004489453846,8
3,9,35,10,55,28.81646699288347,57.591004489453844,6
6,9,14,17,13,14.81646699288347,45.131004489453844,6
3,9,22,10,29,15.81646699288347,37.07100448945384,4
5,9,29,10,41,20.81646699288347,49.28100448945384,9
5,11,43,38,44,33.89646699288347,52.841004489453844,6
5,9,39,19,38,16.81646699288347,37.64100448945384,7
5,10,38,26,45,24.81646699288347,46.85100448945384,4
2,9,14,12,38,32.89646699288347,45.04100448945384,5
3,12,19,10,23,13.646466992883468,43.83100448945384,8
6,24,26,18,51,34.74646699288347,51.92100448945384,1
2,9,14,10,47,41.81646699288347,69.31100448945385,2
2,9,14,10,37,31.81646699288347,59.82100448945384,3
4,24,43,32,36,17.03646699288347,51.57100448945384,5
4,9,14,31,14,28.83646699288347,45.28100448945384,10
2,9,14,10,22,16.81646699288347,38.85100448945384,10
6,23,37,10,25,25.61646699288347,59.17100448945384,3
3,9,26,10,48,30.81646699288347,59.17100448945384,7
7,9,42,14,13,36.09646699288347,47.29100448945384,3
2,9,14,10,39,33.81646699288347,45.78100448945384,5
5,9,31,11,41,18.86646699288347,49.15100448945384,1
2,9,14,10,27,21.81646699288347,56.35100448945384,6
5,19,47,20,37,16.81646699288347,51.33100448945384,2
5,9,53,44,54,41.87646699288347,64.33100448945385,7
5,24,21,10,13,24.36646699288347,37.701004489453844,5
2,9,14,10,36,30.81646699288347,51.381004489453844,3
2,9,14,10,20,14.81646699288347,46.06100448945384,1
8,22,25,19,24,11.81646699288347,38.36100448945384,8
4,9,28,28,26,25.84646699288347,38.731004489453845,7
6,22,22,19,17,13.47646699288347,38.36100448945384,5
4,9,40,31,51,32.00646699288347,54.49100448945384,4
7,9,28,22,13,26.25646699288347,51.381004489453844,3
7,26,20,10,13,25.84646699288347,51.32100448945384,5
3,10,18,10,21,11.936466992883469,35.67100448945384,8
4,9,14,22,13,19.81646699288347,41.53100448945384,10
7,41,14,42,22,16.81646699288347,57.76100448945384,8
3,9,29,10,50,29.81646699288347,55.17100448945384,6
4,9,18,10,21,11.81646699288347,27.351004489453842,8
6,30,26,31,48,30.81646699288347,51.89100448945384,1
3,9,49,26,37,27.23646699288347,49.55100448945384,5
4,9,38,29,34,27.05646699288347,61.64100448945384,9
6,32,28,23,36,21.26646699288347,43.60100448945384,1
3,20,14,23,25,19.986466992883468,54.08100448945384,1
3,9,24,12,47,31.896466992883468,53.271004489453844,6
2,9,14,12,52,46.86646699288347,78.19100448945385,3
3,9,39,11,59,28.83646699288347,67.11100448945385,2
4,9,24,17,23,14.81646699288347,35.42100448945384,9
5,26,14,27,21,15.81646699288347,41.68100448945384,8
4,9,21,24,20,21.81646699288347,41.481004489453845,7
2,27,14,12,22,26.17646699288347,51.32100448945384,4
3,9,37,16,33,14.526466992883469,37.011004489453846,5
3,11,40,12,47,15.81646699288347,51.57100448945384,3
7,11,41,18,48,17.81646699288347,46.97100448945384,1
5,46,46,47,32,20.81646699288347,66.30100448945385,3
2,9,14,10,20,14.81646699288347,49.90100448945384,1
5,9,30,12,33,12.286466992883469,37.90100448945384,4
5,9,20,12,25,14.13646699288347,47.69100448945384,1
5,19,48,20,40,14.81646699288347,51.33100448945384,2
4,15,34,26,29,18.58646699288347,39.911004489453845,5
3,9,26,10,49,31.81646699288347,59.99100448945384,6
3,9,41,10,63,30.81646699288347,62.73100448945384,3
4,9,37,26,33,24.09646699288347,59.771004489453844,9
4,9,23,28,24,25.92646699288347,57.74100448945384,7
2,9,14,11,39,33.836466992883466,60.80100448945384,3
4,9,38,16,26,20.346466992883467,41.661004489453845,1
2,9,14,10,31,25.81646699288347,42.47100448945384,7
6,44,55,45,41,20.81646699288347,72.92100448945385,2
2,23,14,17,18,16.416466992883468,42.371004489453846,4
6,26,23,27,34,19.81646699288347,44.69100448945384,9
2,31,14,22,19,19.47646699288347,53.26100448945384,4
3,11,44,31,37,27.73646699288347,49.49100448945384,5
6,33,37,24,51,25.84646699288347,56.01100448945384,1
3,9,20,11,31,19.85646699288347,32.54100448945384,7
4,9,34,17,35,15.09646699288347,52.661004489453845,1
3,9,34,12,40,15.09646699288347,46.54100448945384,7
2,9,14,10,43,37.81646699288347,47.69100448945384,5
4,9,27,16,32,16.30646699288347,42.691004489453846,8
2,9,14,10,19,13.81646699288347,39.86100448945384,9
2,9,14,10,21,15.81646699288347,35.481004489453845,7
4,9,22,19,21,16.81646699288347,40.621004489453846,6
5,30,57,31,39,24.81646699288347,71.82100448945384,2
4,9,34,31,27,29.65646699288347,60.73100448945384,1
3,20,14,23,30,24.93646699288347,47.47100448945384,9
2,9,14,10,26,20.81646699288347,47.47100448945384,10
2,9,14,10,27,21.81646699288347,54.26100448945384,6
6,27,26,24,45,28.21646699288347,47.79100448945384,1
3,30,14,33,34,28.91646699288347,50.271004489453844,1
8,15,47,10,42,15.026466992883469,65.48100448945384,3
4,11,49,17,44,14.216466992883468,47.47100448945384,3
5,10,30,18,27,15.09646699288347,28.961004489453842,7
4,10,77,34,61,35.27646699288347,80.42100448945384,2
5,9,22,11,39,25.84646699288347,48.55100448945384,9
6,26,40,10,26,29.21646699288347,63.881004489453844,2
6,43,47,44,33,20.81646699288347,66.68100448945384,3
4,9,39,25,37,22.846466992883467,64.32100448945384,7
8,19,28,10,20,20.02646699288347,71.51100448945384,3
3,10,38,20,29,19.85646699288347,37.07100448945384,5
6,34,23,36,42,27.83646699288347,71.91100448945384,1
3,9,28,12,45,25.92646699288347,56.35100448945384,6
6,26,34,10,19,29.83646699288347,61.05100448945384,2
5,16,44,17,37,13.81646699288347,45.78100448945384,2
4,9,33,20,26,19.47646699288347,44.60100448945384,1
5,27,51,30,44,14.13646699288347,58.49100448945384,2
5,19,43,20,37,12.81646699288347,43.64100448945384,3
3,9,29,11,52,31.83646699288347,59.08100448945384,7
6,32,41,31,54,21.95646699288347,58.08100448945384,1
5,9,27,12,42,23.93646699288347,41.15100448945384,1
5,26,48,27,33,21.81646699288347,61.05100448945384,2
8,27,22,23,21,12.81646699288347,49.54100448945384,8
2,34,14,12,21,32.16646699288347,67.89100448945385,8
2,9,14,10,30,24.81646699288347,49.15100448945384,1
2,9,14,11,34,28.83646699288347,34.331004489453846,5
6,19,35,18,59,32.89646699288347,58.14100448945384,1
3,9,32,12,45,21.95646699288347,45.25100448945384,10
2,23,14,10,24,25.61646699288347,48.23100448945384,8
4,9,18,10,22,12.81646699288347,27.711004489453842,8
4,9,33,16,30,14.13646699288347,51.43100448945384,6
4,10,68,25,61,23.04646699288347,67.11100448945385,2
7,16,19,10,13,16.416466992883468,42.371004489453846,5
2,23,14,12,20,21.70646699288347,42.371004489453846,4
6,16,39,17,33,12.81646699288347,39.93100448945384,3
4,21,35,24,27,15.09646699288347,43.271004489453844,5
7,10,55,27,43,27.23646699288347,55.451004489453844,1
3,17,14,19,22,16.87646699288347,42.39100448945384,9
3,9,38,33,29,32.16646699288347,44.31100448945384,5
2,9,14,10,21,15.81646699288347,38.871004489453846,7
8,15,28,10,23,15.026466992883469,47.47100448945384,3
5,9,51,34,50,31.81646699288347,55.17100448945384,6
3,9,48,11,55,15.876466992883469,54.021004489453844,2
2,9,14,10,36,30.81646699288347,63.841004489453844,3
7,26,36,10,25,27.53646699288347,70.43100448945384,2
4,9,30,30,27,27.91646699288347,48.51100448945384,6
6,23,21,19,20,12.81646699288347,30.871004489453846,8
6,28,22,23,21,13.81646699288347,38.661004489453845,8
5,11,35,24,41,21.70646699288347,42.371004489453846,4
9,9,20,38,13,36.45646699288347,84.85100448945384,3
5,18,38,19,30,14.81646699288347,40.481004489453845,2
7,32,20,28,19,12.81646699288347,45.78100448945384,8
6,9,14,29,15,26.91646699288347,55.17100448945384,6
2,9,14,10,45,39.81646699288347,68.35100448945384,2
6,23,22,10,13,23.93646699288347,44.61100448945384,5
4,9,36,25,35,22.81646699288347,46.881004489453844,7
5,11,49,28,49,23.84646699288347,59.24100448945384,7
6,33,21,30,20,11.81646699288347,43.631004489453844,8
7,21,20,10,13,21.236466992883468,52.22100448945384,5
4,9,29,29,28,26.81646699288347,53.591004489453844,6
3,9,37,11,44,15.876466992883469,43.64100448945384,2
5,39,14,40,24,18.81646699288347,57.93100448945384,8
2,9,14,10,19,13.81646699288347,37.07100448945384,1
2,9,14,10,41,35.81646699288347,64.30100448945385,3
2,32,14,12,25,32.00646699288347,62.951004489453844,8
4,9,29,36,25,33.98646699288347,52.30100448945384,9
3,9,39,12,48,18.01646699288347,59.24100448945384,7
5,33,29,31,21,15.436466992883469,49.49100448945384,5
2,9,14,10,30,24.81646699288347,49.35100448945384,6
7,21,20,18,19,11.81646699288347,36.131004489453844,8
7,30,38,18,33,21.416466992883468,56.25100448945384,3
3,11,53,36,43,33.446466992883465,60.89100448945384,5
4,9,24,34,27,32.14646699288347,56.86100448945384,1
4,9,32,22,41,23.436466992883467,41.53100448945384,4
5,29,34,27,23,18.256466992883468,54.90100448945384,5
3,10,19,10,23,12.916466992883468,34.92100448945384,8
5,22,61,23,54,13.81646699288347,63.701004489453844,3
3,9,23,12,29,15.09646699288347,31.07100448945384,10
9,9,46,16,13,40.37646699288347,57.76100448945384,3
3,9,35,11,55,28.83646699288347,59.44100448945384,10
2,9,14,10,30,24.81646699288347,49.15100448945384,1
4,9,32,22,41,23.436466992883467,41.53100448945384,4
4,9,14,27,14,24.84646699288347,36.57100448945384,10
5,9,29,33,39,33.31646699288347,48.55100448945384,1
2,9,14,10,35,29.81646699288347,63.40100448945384,1
2,9,14,10,34,28.81646699288347,49.15100448945384,9
7,17,34,14,31,12.286466992883469,40.191004489453846,2
3,9,50,26,37,27.81646699288347,50.47100448945384,5
4,9,23,27,19,25.07646699288347,47.43100448945384,9
5,9,30,11,37,15.876466992883469,40.14100448945384,9
4,9,38,26,49,27.81646699288347,50.47100448945384,4
5,28,22,10,13,28.43646699288347,42.47100448945384,5
5,19,48,22,41,14.13646699288347,50.92100448945384,3
6,17,40,26,45,17.81646699288347,46.85100448945384,4
6,23,22,10,13,23.93646699288347,49.08100448945384,5
4,16,38,24,32,16.416466992883468,41.481004489453845,5
7,9,41,24,13,38.226466992883466,70.74100448945384,3
6,38,49,34,33,23.62646699288347,80.42100448945384,2
5,19,49,24,41,15.876466992883469,49.701004489453844,2
6,23,36,10,24,25.61646699288347,55.341004489453844,2
6,36,21,38,43,30.83646699288347,52.11100448945384,9
2,16,14,10,17,15.876466992883469,26.721004489453843,8
8,9,22,29,13,28.43646699288347,61.55100448945384,3
5,9,31,16,39,18.63646699288347,40.60100448945384,1
6,9,14,24,15,21.95646699288347,46.30100448945384,6
7,33,39,22,30,22.236466992883468,71.08100448945385,3
2,9,14,10,23,17.81646699288347,41.941004489453846,1
5,9,25,11,34,17.86646699288347,46.43100448945384,9
4,9,36,23,35,20.81646699288347,70.48100448945384,6
4,9,29,11,36,15.876466992883469,44.61100448945384,8
5,9,34,20,35,18.01646699288347,35.24100448945384,7
3,10,35,19,28,17.81646699288347,34.331004489453846,5
2,9,14,10,34,28.81646699288347,40.191004489453846,2
2,9,14,10,34,28.81646699288347,57.591004489453844,6
9,9,41,19,13,36.27646699288347,59.92100448945384,3
5,26,21,10,13,26.19646699288347,37.32100448945384,5
2,9,14,10,29,23.81646699288347,42.131004489453844,10
5,25,26,10,13,27.81646699288347,50.47100448945384,5
3,9,48,12,53,14.13646699288347,51.18100448945384,2
5,9,49,38,50,35.88646699288347,61.32100448945384,7
2,9,14,10,20,14.81646699288347,30.921004489453843,7
4,10,62,26,55,23.97646699288347,67.15100448945384,2
8,16,40,10,34,16.416466992883468,60.11100448945384,2
2,9,14,10,45,39.81646699288347,66.97100448945385,3
5,23,30,24,21,15.81646699288347,38.85100448945384,5
2,17,14,10,19,17.81646699288347,32.17100448945384,8
3,9,32,10,37,13.81646699288347,42.47100448945384,7
3,10,22,10,28,14.88646699288347,44.61100448945384,8
5,25,35,26,23,18.81646699288347,46.85100448945384,5
2,9,14,10,32,26.81646699288347,57.69100448945384,1
7,20,35,16,30,14.216466992883468,44.911004489453845,2
4,9,34,21,43,22.686466992883467,63.57100448945384,4
4,9,25,11,30,13.896466992883468,36.131004489453844,8
2,9,14,10,20,14.81646699288347,42.131004489453844,6
3,9,33,11,46,21.85646699288347,50.73100448945384,10
6,35,30,38,47,25.92646699288347,58.271004489453844,9
2,9,14,11,42,36.836466992883466,64.83100448945385,3
4,10,73,22,67,19.896466992883468,74.39100448945385,3
4,9,14,23,14,20.85646699288347,39.25100448945384,10
6,26,28,25,41,21.95646699288347,44.69100448945384,1
3,9,29,10,43,22.81646699288347,71.90100448945384,8
5,16,45,19,41,11.42646699288347,47.47100448945384,3
5,9,28,12,48,28.91646699288347,49.15100448945384,1
4,10,56,20,48,19.21646699288347,54.24100448945384,2
3,11,39,23,33,19.896466992883468,45.04100448945384,5
2,9,14,10,28,22.81646699288347,48.55100448945384,1
4,9,18,10,21,11.81646699288347,26.691004489453842,8
2,9,14,10,38,32.81646699288347,67.11100448945385,2
6,16,38,24,41,15.876466992883469,42.371004489453846,8
5,22,27,20,19,15.436466992883469,40.14100448945384,5
4,11,65,23,60,19.51646699288347,63.701004489453844,3
4,9,14,18,13,15.81646699288347,34.481004489453845,10
5,19,63,21,55,14.88646699288347,62.271004489453844,2
7,22,14,23,21,15.81646699288347,38.36100448945384,8
4,10,61,18,58,15.09646699288347,61.05100448945384,2
5,9,26,12,42,24.93646699288347,44.18100448945384,1
3,15,14,17,37,31.83646699288347,48.73100448945384,1
5,9,30,11,44,22.846466992883467,43.64100448945384,1
2,9,14,10,34,28.81646699288347,46.411004489453845,1
7,18,18,10,13,17.666466992883468,38.36100448945384,5
5,19,60,38,52,27.12646699288347,68.38100448945384,3
3,30,14,31,23,17.81646699288347,49.35100448945384,9
5,28,27,24,19,16.416466992883468,43.271004489453844,5
8,17,20,12,19,13.81646699288347,25.491004489453843,8
3,17,20,10,26,18.44646699288347,43.271004489453844,8
6,9,14,24,12,21.85646699288347,58.08100448945384,6
7,9,34,37,37,35.10646699288347,47.19100448945384,1
2,9,14,10,28,22.81646699288347,36.57100448945384,1
9,9,29,33,13,35.27646699288347,74.39100448945385,3
6,35,47,36,37,16.81646699288347,58.78100448945384,3
2,9,14,12,41,35.88646699288347,50.92100448945384,3
6,34,35,25,27,20.02646699288347,54.08100448945384,3
5,9,30,25,29,22.81646699288347,33.00100448945384,6
5,33,58,34,38,26.81646699288347,78.19100448945385,3
3,9,23,10,44,29.81646699288347,48.51100448945384,6
3,9,46,11,68,30.83646699288347,68.35100448945384,2
3,26,14,29,25,19.986466992883468,52.75100448945384,9
5,30,52,31,35,23.81646699288347,68.34100448945385,3
4,9,21,33,23,31.00646699288347,49.67100448945384,1
3,9,35,12,58,31.896466992883468,69.97100448945385,7
5,26,25,10,13,28.06646699288347,48.19100448945384,5
4,30,38,34,28,17.30646699288347,49.49100448945384,5
4,9,32,23,20,24.84646699288347,40.22100448945384,9
2,9,14,10,38,32.81646699288347,61.08100448945384,9
4,23,36,24,24,18.81646699288347,46.00100448945384,5
4,9,36,30,27,29.35646699288347,53.131004489453844,1
2,9,14,10,29,23.81646699288347,44.69100448945384,10
2,9,14,10,27,21.81646699288347,50.881004489453844,1
5,9,27,12,44,25.92646699288347,47.47100448945384,9
6,31,53,32,41,18.81646699288347,64.78100448945385,2
6,17,25,18,42,25.81646699288347,46.97100448945384,1
2,9,14,10,48,42.81646699288347,61.08100448945384,2
6,9,14,45,11,42.87646699288347,62.73100448945384,6
3,19,14,22,19,14.13646699288347,37.90100448945384,1
5,10,38,19,39,16.06646699288347,45.78100448945384,6
4,9,22,19,21,16.81646699288347,45.90100448945384,7
5,11,58,46,56,41.82646699288347,67.92100448945385,7
2,28,14,12,23,27.53646699288347,55.49100448945384,8
6,23,34,10,22,25.61646699288347,53.451004489453844,2
3,9,22,12,30,17.03646699288347,32.701004489453844,7
6,33,55,34,38,23.81646699288347,71.08100448945385,3
5,19,54,20,46,14.81646699288347,59.12100448945384,2
5,29,34,27,23,18.256466992883468,54.90100448945384,5
6,9,14,30,13,27.81646699288347,43.87100448945384,6
4,18,29,20,23,12.916466992883468,34.331004489453846,5
4,9,14,36,13,33.81646699288347,54.67100448945384,10
3,9,52,10,58,14.81646699288347,59.92100448945384,3
2,9,14,10,23,17.81646699288347,41.53100448945384,7
3,15,20,10,25,16.30646699288347,44.31100448945384,4
8,21,22,18,21,11.81646699288347,36.131004489453844,8
2,9,14,10,20,14.81646699288347,46.06100448945384,1
3,9,53,10,72,27.81646699288347,79.67100448945384,2
4,9,34,28,25,27.51646699288347,57.591004489453844,9
4,11,63,22,58,18.58646699288347,65.20100448945385,2
4,10,77,24,66,24.21646699288347,76.32100448945384,3
2,25,14,11,21,24.81646699288347,46.85100448945384,4
3,9,20,11,44,32.836466992883466,53.08100448945384,6
8,30,60,37,31,36.45646699288347,64.41100448945384,1
3,10,41,19,37,16.35646699288347,41.481004489453845,5
6,47,49,48,34,21.81646699288347,71.51100448945384,3
4,9,27,25,23,23.11646699288347,38.53100448945384,1
3,9,51,10,73,30.81646699288347,74.01100448945384,3
2,9,14,10,19,13.81646699288347,43.091004489453844,1
3,14,22,10,29,17.24646699288347,48.29100448945384,4
3,9,37,10,60,31.81646699288347,63.841004489453844,3
6,22,54,23,44,16.81646699288347,60.80100448945384,3
4,19,30,20,21,15.81646699288347,37.07100448945384,5
4,9,22,27,21,24.81646699288347,38.871004489453846,6
5,39,14,40,24,18.81646699288347,57.93100448945384,8
4,9,64,20,57,19.47646699288347,62.73100448945384,3
2,17,14,12,16,14.526466992883469,28.961004489453842,8
4,9,65,26,54,26.68646699288347,64.52100448945384,2
6,23,45,10,34,25.01646699288347,61.07100448945384,2
2,31,14,22,19,19.47646699288347,53.26100448945384,4
6,22,37,23,27,16.81646699288347,42.85100448945384,2
6,29,45,30,35,16.81646699288347,53.131004489453844,3
6,38,49,39,33,22.81646699288347,67.15100448945384,2
2,27,14,19,19,18.63646699288347,51.32100448945384,4
8,13,49,10,45,12.81646699288347,57.76100448945384,3
8,14,44,10,40,13.646466992883468,59.92100448945384,3
6,18,23,18,43,28.83646699288347,42.39100448945384,9
3,9,32,10,50,26.81646699288347,59.341004489453844,6
5,15,46,21,41,14.216466992883468,44.911004489453845,2
4,9,28,21,31,19.51646699288347,42.091004489453844,9
2,23,14,12,20,21.70646699288347,42.371004489453846,4
2,28,14,10,20,28.06646699288347,38.661004489453845,4
2,9,14,11,42,36.836466992883466,43.271004489453844,5
3,9,22,11,32,18.86646699288347,33.54100448945384,10
2,9,14,10,49,43.81646699288347,59.12100448945384,2
6,18,31,10,23,19.21646699288347,40.481004489453845,2
6,28,25,24,24,12.81646699288347,53.56100448945384,8
6,15,39,25,43,18.11646699288347,46.58100448945384,8
4,26,28,27,20,14.81646699288347,37.32100448945384,5
5,9,28,10,48,28.81646699288347,52.411004489453845,9
4,9,18,10,21,11.81646699288347,25.491004489453843,8
3,9,38,19,33,17.666466992883468,38.36100448945384,5
5,9,27,12,44,25.92646699288347,47.47100448945384,9
5,26,46,27,32,20.81646699288347,56.76100448945384,3
5,16,42,23,37,15.026466992883469,42.85100448945384,3
7,31,32,17,27,23.33646699288347,50.73100448945384,3
3,9,32,12,45,21.95646699288347,45.25100448945384,10
5,18,61,20,55,12.916466992883468,62.06100448945384,3
4,9,27,23,24,20.96646699288347,48.23100448945384,1
3,9,37,10,46,17.81646699288347,57.04100448945384,7
2,9,14,10,21,15.81646699288347,46.58100448945384,9
6,19,20,10,13,19.47646699288347,39.371004489453846,5
2,9,14,11,40,34.836466992883466,61.771004489453844,3
2,9,14,10,29,23.81646699288347,41.53100448945384,10
3,9,22,10,29,15.81646699288347,40.481004489453845,4
4,9,24,10,33,17.81646699288347,50.771004489453844,8
2,9,14,11,38,32.836466992883466,42.47100448945384,5
2,9,14,10,33,27.81646699288347,37.32100448945384,5
4,9,42,39,55,40.01646699288347,62.68100448945384,8
3,9,27,11,51,32.836466992883466,61.40100448945384,6
6,31,50,32,34,22.81646699288347,64.78100448945385,2
2,9,14,10,28,22.81646699288347,43.72100448945384,6
5,9,23,10,43,28.81646699288347,50.12100448945384,9
2,9,14,12,45,39.87646699288347,56.381004489453844,3
5,21,63,35,54,23.076466992883468,71.49100448945384,2
3,9,27,12,34,16.06646699288347,40.90100448945384,6
4,9,25,29,26,26.91646699288347,43.271004489453844,1
2,9,14,10,33,27.81646699288347,49.67100448945384,2
5,26,31,24,21,17.30646699288347,49.08100448945384,5
6,30,50,27,40,17.666466992883468,67.15100448945384,3
5,9,42,26,42,23.84646699288347,50.771004489453844,6
2,39,14,10,28,41.35646699288347,64.32100448945384,8
4,9,26,10,36,18.81646699288347,53.87100448945384,4
3,9,46,11,62,24.84646699288347,64.78100448945385,2
3,32,14,35,21,16.06646699288347,47.14100448945384,9
8,19,26,10,19,19.47646699288347,57.17100448945384,2
4,9,25,36,24,33.81646699288347,51.53100448945384,1
5,11,35,24,41,21.70646699288347,44.36100448945384,8
2,9,14,10,30,24.81646699288347,53.05100448945384,9
3,10,34,11,51,25.81646699288347,52.701004489453844,3
5,9,25,12,27,11.42646699288347,28.961004489453842,8
5,10,31,21,35,18.99646699288347,36.621004489453846,8
4,9,32,22,31,19.81646699288347,59.911004489453845,6
6,28,22,20,45,33.446466992883465,48.29100448945384,1
5,9,27,12,37,18.99646699288347,44.31100448945384,9
7,44,44,32,37,22.13646699288347,76.26100448945384,2
2,37,14,10,25,38.27646699288347,56.68100448945384,4
5,11,45,18,46,14.13646699288347,46.18100448945384,7
3,34,14,36,29,23.84646699288347,56.29100448945384,9
2,9,14,10,49,43.81646699288347,59.12100448945384,2
3,16,17,10,19,15.436466992883469,31.07100448945384,8
2,9,14,10,38,32.81646699288347,55.72100448945384,10
2,9,14,10,38,32.81646699288347,67.11100448945385,2
3,9,26,10,33,15.81646699288347,38.661004489453845,10
5,11,55,41,54,36.81646699288347,62.47100448945384,7
2,9,14,10,32,26.81646699288347,57.69100448945384,1
4,10,63,30,56,27.73646699288347,64.78100448945385,2
5,9,32,10,38,14.81646699288347,40.22100448945384,9
5,11,34,25,35,20.96646699288347,37.701004489453844,7
2,51,14,10,28,52.41646699288347,71.90100448945384,8
4,11,61,21,57,17.30646699288347,59.341004489453844,3
3,9,52,12,70,26.91646699288347,73.31100448945385,2
2,9,14,10,25,19.81646699288347,59.99100448945384,6
5,9,47,17,48,15.09646699288347,52.411004489453845,7
8,24,28,10,19,24.81646699288347,71.49100448945384,2
9,9,38,28,13,37.81646699288347,74.01100448945384,3
6,35,22,35,44,30.83646699288347,57.94100448945384,9
7,11,60,23,68,22.02646699288347,71.91100448945384,1
2,9,14,11,41,35.836466992883466,41.53100448945384,5
6,31,14,32,19,13.81646699288347,61.19100448945384,8
8,9,39,18,13,34.06646699288347,55.04100448945384,3
2,9,14,10,26,20.81646699288347,40.90100448945384,6
2,9,14,10,52,46.81646699288347,62.81100448945384,5
3,9,23,10,31,16.81646699288347,43.32100448945384,4
3,14,20,10,25,15.626466992883469,53.56100448945384,4
2,9,14,10,25,19.81646699288347,50.48100448945384,9
5,11,26,21,27,17.03646699288347,28.871004489453846,6
3,9,30,11,51,29.83646699288347,62.73100448945384,7
9,9,37,20,13,32.89646699288347,57.89100448945384,3
6,34,32,35,53,29.81646699288347,58.24100448945384,1
4,10,62,20,57,17.666466992883468,63.87100448945384,2
5,23,57,39,48,24.81646699288347,68.01100448945384,2
5,9,28,12,47,27.91646699288347,46.24100448945384,9
6,43,26,30,19,23.04646699288347,59.87100448945384,5
3,11,47,12,60,21.81646699288347,59.341004489453844,3
3,17,14,18,40,34.81646699288347,63.68100448945384,9
4,9,69,32,62,30.61646699288347,76.26100448945384,2
5,9,38,10,46,16.81646699288347,58.08100448945384,1
3,9,49,10,63,22.81646699288347,62.06100448945384,2
2,28,14,10,28,32.02646699288347,59.40100448945384,8
7,25,45,25,40,11.936466992883469,57.89100448945384,3
2,9,14,10,22,16.81646699288347,48.51100448945384,7
5,9,35,15,39,14.88646699288347,48.81100448945384,4
3,9,32,10,40,16.81646699288347,45.28100448945384,10
4,9,37,19,39,17.30646699288347,51.091004489453844,9
4,9,14,20,15,18.01646699288347,47.47100448945384,10
4,9,31,24,30,21.81646699288347,50.771004489453844,6
4,21,32,22,22,16.81646699288347,41.53100448945384,5
2,9,14,10,34,28.81646699288347,45.25100448945384,3
3,9,28,11,38,18.86646699288347,39.25100448945384,10
2,9,14,10,33,27.81646699288347,56.87100448945384,6
8,18,38,27,39,16.06646699288347,43.271004489453844,1
2,9,14,10,21,15.81646699288347,53.71100448945384,6
4,9,61,43,47,43.28646699288347,68.50100448945385,2
4,15,34,26,29,18.58646699288347,39.091004489453844,5
3,13,25,10,35,19.51646699288347,64.32100448945384,8
2,9,14,11,37,31.83646699288347,41.68100448945384,5
2,9,14,10,33,27.81646699288347,45.78100448945384,7
5,23,67,24,55,18.81646699288347,76.32100448945384,3
8,18,57,34,53,23.11646699288347,60.81100448945384,1
4,18,40,26,34,16.416466992883468,47.74100448945384,5
2,9,14,12,34,28.91646699288347,45.03100448945384,3
9,9,20,31,13,29.65646699288347,66.68100448945384,3
3,9,23,12,45,30.90646699288347,49.15100448945384,7
3,9,27,10,42,23.81646699288347,49.36100448945384,10
6,11,33,25,35,21.15646699288347,37.701004489453844,4
2,9,14,10,25,19.81646699288347,38.661004489453845,10
2,9,14,10,26,20.81646699288347,48.61100448945384,7
3,9,38,19,33,17.666466992883468,38.36100448945384,5
4,9,39,20,38,17.81646699288347,61.08100448945384,9
5,9,32,12,51,27.91646699288347,55.71100448945384,1
4,9,23,37,20,34.88646699288347,52.11100448945384,9
2,24,14,15,19,19.47646699288347,37.701004489453844,8
3,31,14,33,21,15.876466992883469,53.271004489453844,9
2,9,14,10,27,21.81646699288347,55.17100448945384,7
5,9,38,12,43,14.13646699288347,41.661004489453845,1
5,9,39,11,56,25.84646699288347,60.81100448945384,9
5,19,58,32,51,21.236466992883468,63.87100448945384,2
2,9,14,10,28,22.81646699288347,53.51100448945384,10
9,9,32,21,13,28.91646699288347,50.631004489453844,3
4,9,14,45,15,42.87646699288347,67.29100448945384,10
3,10,46,24,35,24.21646699288347,46.00100448945384,5
2,34,14,12,21,32.16646699288347,67.89100448945385,8
6,35,32,36,43,19.81646699288347,53.87100448945384,1
7,16,45,10,40,15.876466992883469,54.021004489453844,2
5,16,53,19,49,11.42646699288347,54.021004489453844,2
6,20,49,31,55,20.02646699288347,58.48100448945384,8
6,26,26,28,45,27.83646699288347,59.54100448945384,9
2,9,14,10,33,27.81646699288347,55.451004489453844,7
8,27,28,10,21,26.78646699288347,60.26100448945384,3
4,11,66,31,57,28.43646699288347,67.93100448945384,2
3,9,25,12,35,18.99646699288347,37.701004489453844,10
2,9,14,10,33,27.81646699288347,45.78100448945384,7
6,38,35,32,27,17.71646699288347,56.521004489453844,2
2,9,14,10,43,37.81646699288347,44.61100448945384,5
2,9,14,11,49,43.82646699288347,57.76100448945384,3
4,21,35,24,27,15.09646699288347,43.271004489453844,5
2,9,14,10,37,31.81646699288347,44.31100448945384,5
2,9,14,10,48,42.81646699288347,60.55100448945384,2
5,19,63,25,57,14.88646699288347,64.23100448945384,2
2,26,14,10,21,26.60646699288347,40.481004489453845,4
6,30,39,31,62,31.81646699288347,64.38100448945384,1
8,9,34,16,13,28.69646699288347,45.03100448945384,3
2,9,14,12,47,41.87646699288347,49.08100448945384,5
6,33,39,10,19,38.42646699288347,78.19100448945385,3
2,9,14,10,19,13.81646699288347,44.31100448945384,7
4,9,31,35,23,33.77646699288347,64.41100448945384,1
2,32,14,16,19,25.84646699288347,44.31100448945384,4
4,9,28,23,34,22.576466992883468,49.97100448945384,8
5,9,35,10,46,19.81646699288347,49.15100448945384,9
7,35,31,10,21,35.32646699288347,61.55100448945384,3
3,9,51,11,67,24.84646699288347,67.11100448945385,2
6,9,14,29,13,26.81646699288347,61.28100448945384,6
5,26,50,27,36,20.81646699288347,59.17100448945384,2
6,17,40,26,45,17.81646699288347,46.85100448945384,4
5,11,45,34,43,29.83646699288347,52.18100448945384,7
6,22,20,24,27,15.876466992883469,45.08100448945384,9
7,21,37,14,34,16.06646699288347,45.25100448945384,3
6,17,41,17,37,10.97646699288347,45.03100448945384,3
4,9,28,25,33,23.97646699288347,36.07100448945384,4
5,9,38,20,38,17.86646699288347,43.72100448945384,6
6,35,30,34,50,28.91646699288347,56.29100448945384,9
5,9,32,14,54,31.16646699288347,54.08100448945384,1
3,9,52,10,57,13.81646699288347,61.19100448945384,2
4,9,21,34,23,32.00646699288347,50.12100448945384,1
5,9,23,10,32,17.81646699288347,52.11100448945384,9
7,17,36,14,33,12.286466992883469,39.231004489453845,2
4,9,27,22,27,19.85646699288347,37.701004489453844,7
8,24,41,10,36,23.33646699288347,57.89100448945384,3
4,9,39,35,31,33.77646699288347,60.81100448945384,9
2,9,14,10,20,14.81646699288347,48.51100448945384,6
2,9,14,10,28,22.81646699288347,43.091004489453844,7
4,9,36,21,36,18.86646699288347,73.36100448945385,6
3,9,39,12,57,26.91646699288347,71.90100448945384,6
4,9,27,16,32,16.30646699288347,42.691004489453846,8
4,9,59,27,55,25.07646699288347,59.92100448945384,2
6,18,24,19,48,32.81646699288347,47.21100448945384,9
5,16,52,36,46,27.46646699288347,58.78100448945384,3
6,26,20,10,13,25.84646699288347,44.37100448945384,5
5,19,57,29,50,18.63646699288347,62.69100448945384,2
4,16,38,24,32,16.416466992883468,42.371004489453846,5
3,11,49,12,73,32.81646699288347,75.69100448945385,3
5,21,58,23,53,11.936466992883469,60.80100448945384,3
2,9,14,10,38,32.81646699288347,52.30100448945384,3
6,23,22,10,13,23.93646699288347,44.61100448945384,5
2,9,14,10,25,19.81646699288347,42.121004489453846,10
3,29,14,31,39,33.836466992883466,63.46100448945384,1
3,10,40,11,62,30.81646699288347,70.15100448945384,3
5,9,45,33,42,30.90646699288347,49.67100448945384,7
6,19,20,10,13,19.47646699288347,38.36100448945384,5
5,12,48,13,44,10.81646699288347,47.29100448945384,3
3,10,23,10,31,16.87646699288347,51.78100448945384,8
6,19,32,20,54,30.81646699288347,53.271004489453844,9
6,18,36,19,48,20.81646699288347,53.05100448945384,9
5,9,22,11,46,32.836466992883466,53.71100448945384,9
5,15,44,23,39,15.876466992883469,47.47100448945384,3
3,9,22,10,33,19.81646699288347,35.481004489453845,7
6,29,38,24,30,17.03646699288347,54.01100448945384,3
4,9,62,29,56,27.46646699288347,63.46100448945384,3
2,21,14,12,17,18.58646699288347,38.36100448945384,8
5,9,38,12,61,31.896466992883468,69.89100448945385,1
4,11,54,13,50,10.97646699288347,51.18100448945384,2
7,9,31,18,13,26.60646699288347,52.30100448945384,3
2,9,14,10,36,30.81646699288347,62.47100448945384,7
3,15,14,18,27,21.95646699288347,48.92100448945384,9
5,9,33,17,37,16.416466992883468,42.371004489453846,4
6,19,30,22,37,16.06646699288347,54.75100448945384,1
5,9,34,10,50,24.81646699288347,54.12100448945384,1
5,9,36,12,42,15.09646699288347,53.131004489453844,1
2,9,14,10,51,45.81646699288347,59.92100448945384,3
2,9,14,10,21,15.81646699288347,45.55100448945384,9
3,10,23,10,31,16.87646699288347,51.78100448945384,8
4,9,30,23,37,23.076466992883468,52.94100448945384,4
6,10,45,29,51,27.12646699288347,53.56100448945384,4
3,32,14,34,25,19.85646699288347,55.17100448945384,9
5,11,40,18,39,13.81646699288347,38.271004489453844,7
4,9,21,28,19,25.84646699288347,53.591004489453844,6
4,9,24,10,32,16.81646699288347,46.07100448945384,4
5,32,23,10,13,32.516466992883466,45.78100448945384,5
3,17,22,10,28,18.44646699288347,50.771004489453844,8
7,9,31,27,13,31.85646699288347,64.83100448945385,3
2,9,14,10,22,16.81646699288347,41.53100448945384,1
3,9,20,11,31,19.85646699288347,35.831004489453846,7
3,11,43,12,55,20.81646699288347,55.04100448945384,3
6,20,22,17,21,11.81646699288347,28.871004489453846,8
2,9,14,10,31,25.81646699288347,45.28100448945384,10
5,9,25,12,40,23.93646699288347,39.53100448945384,1
2,28,14,10,25,30.28646699288347,52.25100448945384,8
8,9,42,21,13,37.89646699288347,64.67100448945385,3
3,9,37,10,47,18.81646699288347,55.76100448945384,3
2,31,14,10,24,32.41646699288347,49.90100448945384,4
2,9,14,10,20,14.81646699288347,49.67100448945384,1
4,9,29,36,29,33.836466992883466,56.29100448945384,9
4,9,20,18,17,16.06646699288347,28.871004489453846,6
2,9,14,10,27,21.81646699288347,63.87100448945384,6
4,9,24,10,32,16.81646699288347,42.371004489453846,4
5,10,57,40,55,36.836466992883466,64.08100448945385,6
5,9,22,10,28,14.81646699288347,46.58100448945384,9
6,17,51,10,47,16.35646699288347,54.81100448945384,3
2,9,14,11,51,45.82646699288347,74.39100448945385,3
6,9,14,33,12,30.83646699288347,64.83100448945385,6
2,9,14,10,24,18.81646699288347,34.481004489453845,10
3,24,14,26,23,17.86646699288347,44.69100448945384,9
2,9,14,10,32,26.81646699288347,60.81100448945384,10
5,17,14,19,24,18.86646699288347,32.17100448945384,8
2,30,14,13,19,26.78646699288347,52.75100448945384,4
6,39,21,34,20,13.81646699288347,62.68100448945384,8
2,9,14,10,26,20.81646699288347,41.15100448945384,1
3,11,26,10,36,18.99646699288347,62.951004489453844,8
5,9,39,30,36,27.91646699288347,43.091004489453844,7
4,9,34,29,31,26.91646699288347,48.87100448945384,6
2,38,14,10,27,40.01646699288347,62.68100448945384,8
4,9,30,32,29,29.81646699288347,57.60100448945384,6
5,9,27,10,34,15.81646699288347,36.31100448945384,1
2,9,14,10,51,45.81646699288347,66.87100448945384,2
7,9,41,18,13,35.976466992883466,57.39100448945384,3
4,16,38,24,32,16.416466992883468,42.371004489453846,5
6,39,24,37,23,10.81646699288347,64.32100448945384,8
5,16,52,19,48,11.42646699288347,54.021004489453844,2
7,9,20,33,13,31.58646699288347,64.30100448945385,3
4,9,34,29,21,30.28646699288347,57.17100448945384,1
6,31,41,32,31,16.81646699288347,50.73100448945384,3
4,9,25,34,25,31.83646699288347,46.451004489453844,1
6,25,52,26,44,14.81646699288347,57.89100448945384,3
4,9,24,10,34,18.81646699288347,54.93100448945384,4
6,27,26,27,19,13.896466992883468,51.32100448945384,5
5,9,21,12,28,16.06646699288347,51.07100448945384,1
2,9,14,10,34,28.81646699288347,44.911004489453845,2
5,9,35,12,44,18.01646699288347,64.38100448945384,1
2,9,14,10,26,20.81646699288347,59.341004489453844,10
2,9,14,10,25,19.81646699288347,44.31100448945384,10
2,9,14,10,34,28.81646699288347,47.951004489453844,9
4,9,26,10,38,20.81646699288347,53.56100448945384,4
5,9,31,15,50,28.43646699288347,49.15100448945384,1
6,46,33,10,19,47.03646699288347,66.30100448945385,3
4,9,39,26,29,26.17646699288347,55.85100448945384,9
3,9,22,10,39,25.81646699288347,37.75100448945384,10
2,28,14,10,25,30.28646699288347,52.25100448945384,8
9,9,37,26,13,35.836466992883466,72.36100448945385,3
2,9,14,10,25,19.81646699288347,35.15100448945384,7
2,9,14,10,27,21.81646699288347,64.33100448945385,7
2,9,14,11,41,35.836466992883466,56.76100448945384,3
5,38,27,10,13,39.59646699288347,58.87100448945384,5
4,11,47,17,45,12.916466992883468,45.03100448945384,3
7,19,20,10,13,19.47646699288347,52.22100448945384,5
4,26,40,27,26,20.81646699288347,52.701004489453844,5
5,16,45,32,40,23.33646699288347,50.73100448945384,3
2,9,14,10,30,24.81646699288347,54.67100448945384,6
4,9,33,27,25,26.19646699288347,53.61100448945384,1
3,9,32,10,42,18.81646699288347,42.451004489453844,10
2,9,14,10,24,18.81646699288347,39.39100448945384,7
4,9,28,10,41,21.81646699288347,58.48100448945384,8
3,9,30,11,42,20.85646699288347,51.381004489453844,10
6,20,47,21,39,14.81646699288347,50.631004489453844,3
4,9,26,10,36,18.81646699288347,49.08100448945384,4
3,12,20,10,25,14.526466992883469,38.36100448945384,4
3,9,26,10,49,31.81646699288347,58.08100448945384,6
3,9,28,10,33,13.81646699288347,35.24100448945384,7
2,9,14,10,38,32.81646699288347,58.201004489453844,9
5,9,32,11,51,27.83646699288347,58.271004489453844,9
3,10,44,11,49,13.81646699288347,47.29100448945384,3
6,25,30,28,54,32.89646699288347,55.85100448945384,9
2,9,14,10,35,29.81646699288347,54.73100448945384,10
4,9,27,24,25,21.85646699288347,36.31100448945384,1
4,9,28,12,34,15.09646699288347,42.371004489453846,4
7,11,60,14,68,17.03646699288347,66.97100448945385,1
2,9,14,10,38,32.81646699288347,59.451004489453844,1
5,19,51,20,43,14.81646699288347,55.22100448945384,3
3,9,23,10,46,31.81646699288347,54.67100448945384,6
2,28,14,10,28,32.02646699288347,59.40100448945384,8
7,33,45,17,39,25.53646699288347,63.841004489453844,3
3,18,20,10,25,18.63646699288347,51.32100448945384,4
5,26,46,27,32,20.81646699288347,56.381004489453844,3
2,9,14,10,50,44.81646699288347,51.381004489453844,5
3,10,53,11,76,31.81646699288347,76.32100448945384,3
3,32,14,35,23,18.01646699288347,64.41100448945384,1
4,9,14,37,15,34.88646699288347,61.841004489453844,10
4,9,22,27,22,24.84646699288347,45.55100448945384,9
7,46,22,41,21,13.81646699288347,73.27100448945384,8
5,21,30,22,21,15.81646699288347,37.011004489453846,5
5,15,45,23,40,15.876466992883469,44.69100448945384,2
7,18,18,10,13,17.666466992883468,37.90100448945384,5
5,9,38,19,43,18.63646699288347,51.32100448945384,4
4,11,69,31,55,30.83646699288347,71.49100448945384,2
4,9,57,28,50,26.78646699288347,58.49100448945384,2
5,20,38,35,45,23.93646699288347,51.68100448945384,4
4,9,34,38,43,37.54646699288347,52.11100448945384,4
5,23,33,24,23,16.81646699288347,41.481004489453845,5
5,9,22,11,45,31.83646699288347,48.71100448945384,9
6,25,38,10,30,25.27646699288347,52.30100448945384,3
2,9,14,10,29,23.81646699288347,40.14100448945384,9
5,15,64,26,59,18.58646699288347,65.48100448945384,3
3,32,14,35,23,18.01646699288347,64.41100448945384,1
2,9,14,10,49,43.81646699288347,67.15100448945384,2
8,21,22,16,21,13.81646699288347,28.04100448945384,8
2,9,14,10,37,31.81646699288347,57.94100448945384,9
3,9,20,10,39,27.81646699288347,47.951004489453844,6
7,16,37,10,32,15.876466992883469,47.47100448945384,3
6,34,14,35,20,14.81646699288347,49.97100448945384,8
2,9,14,10,24,18.81646699288347,51.53100448945384,1
3,9,32,12,50,26.91646699288347,55.72100448945384,6
5,9,36,29,33,26.91646699288347,40.14100448945384,7
4,9,28,25,34,24.36646699288347,49.97100448945384,4
2,9,14,10,38,32.81646699288347,60.31100448945384,1
4,9,20,20,20,17.86646699288347,32.54100448945384,7
2,9,14,10,48,42.81646699288347,61.08100448945384,2
3,9,52,10,63,19.81646699288347,68.38100448945384,3
2,9,14,10,50,44.81646699288347,65.41100448945384,2
3,9,28,11,51,31.83646699288347,57.72100448945384,7
8,13,34,10,31,12.286466992883469,39.231004489453845,2
8,9,40,22,13,36.45646699288347,62.73100448945384,3
4,11,54,24,44,22.81646699288347,53.451004489453844,2
4,9,27,18,32,17.81646699288347,43.271004489453844,8
7,25,45,25,40,11.936466992883469,57.89100448945384,3
4,9,29,22,30,19.986466992883468,64.83100448945385,6
5,9,21,10,29,16.81646699288347,37.32100448945384,1
6,19,42,10,34,20.02646699288347,54.24100448945384,2
3,9,20,10,39,27.81646699288347,47.951004489453844,6
3,16,14,17,23,17.81646699288347,35.42100448945384,9
4,9,40,27,51,28.62646699288347,53.56100448945384,8
3,9,28,10,37,17.81646699288347,41.68100448945384,7
6,27,14,29,20,14.88646699288347,51.78100448945384,8
3,9,22,10,29,15.81646699288347,41.68100448945384,8
2,9,14,10,24,18.81646699288347,46.451004489453844,1
3,21,20,10,25,21.236466992883468,53.26100448945384,4
3,9,32,10,47,23.81646699288347,48.23100448945384,10
4,9,22,10,28,14.81646699288347,40.801004489453845,4
6,19,14,21,22,16.87646699288347,34.92100448945384,8
4,9,25,15,30,15.626466992883469,37.701004489453844,8
4,9,36,14,46,19.51646699288347,64.32100448945384,8
3,9,44,10,68,32.81646699288347,76.26100448945384,2
2,28,14,15,19,23.04646699288347,53.56100448945384,4
4,9,24,25,29,23.97646699288347,35.911004489453845,8
2,26,14,10,27,29.83646699288347,57.17100448945384,8
5,19,51,29,43,19.21646699288347,54.451004489453844,2
6,22,55,10,48,22.13646699288347,63.701004489453844,3
5,9,26,18,40,24.81646699288347,41.481004489453845,1
4,9,53,20,50,18.01646699288347,54.451004489453844,2
3,11,20,10,25,14.13646699288347,51.32100448945384,4
2,9,14,10,30,24.81646699288347,49.35100448945384,6
2,40,14,33,18,17.24646699288347,55.62100448945384,4
2,9,14,10,28,22.81646699288347,55.17100448945384,9
4,9,33,24,24,23.93646699288347,45.96100448945384,9
5,9,38,32,39,29.90646699288347,46.68100448945384,6
7,10,46,32,44,28.83646699288347,49.90100448945384,1
4,9,32,34,32,31.83646699288347,56.01100448945384,9
2,9,14,10,36,30.81646699288347,59.44100448945384,7
6,28,22,18,17,19.51646699288347,41.68100448945384,5
5,31,50,32,40,16.81646699288347,57.60100448945384,3
2,9,14,10,29,23.81646699288347,57.11100448945384,7
3,9,25,12,35,18.99646699288347,37.701004489453844,10
2,9,14,10,23,17.81646699288347,44.69100448945384,1
2,38,14,14,24,35.126466992883465,64.32100448945384,8
9,9,20,31,13,29.65646699288347,59.82100448945384,3
4,9,26,22,23,19.986466992883468,50.29100448945384,9
7,16,14,16,19,13.896466992883468,25.491004489453843,8
5,19,56,48,48,36.67646699288347,71.51100448945384,3
3,33,14,36,25,19.986466992883468,52.30100448945384,9
5,9,26,11,28,10.97646699288347,31.661004489453845,8
2,9,14,10,20,14.81646699288347,42.831004489453846,10
3,17,14,18,20,14.81646699288347,49.90100448945384,1
5,9,33,17,37,16.416466992883468,42.371004489453846,8
3,9,28,12,37,18.01646699288347,36.07100448945384,10
2,9,14,10,24,18.81646699288347,47.21100448945384,9
4,9,49,29,43,27.46646699288347,51.381004489453844,3
2,31,14,10,22,31.58646699288347,45.131004489453844,8
2,9,14,10,38,32.81646699288347,59.24100448945384,7
6,27,26,30,43,25.92646699288347,57.591004489453844,9
4,9,24,10,32,16.81646699288347,42.371004489453846,4
5,9,25,12,35,18.99646699288347,37.701004489453844,1
4,9,24,10,34,18.81646699288347,46.85100448945384,4
3,16,14,18,28,22.846466992883467,41.15100448945384,1
4,10,60,15,58,11.936466992883469,57.94100448945384,3
4,9,26,10,37,19.81646699288347,51.32100448945384,4
8,15,36,10,31,15.026466992883469,50.631004489453844,3
5,14,38,32,45,26.60646699288347,49.90100448945384,4
4,9,14,44,14,41.82646699288347,62.06100448945384,10
3,17,22,10,29,19.12646699288347,70.98100448945384,8
6,27,26,22,19,16.30646699288347,52.22100448945384,5
6,26,26,28,45,27.83646699288347,59.54100448945384,9
7,31,35,20,27,21.70646699288347,61.161004489453845,2
5,9,29,15,32,14.216466992883468,35.67100448945384,8
4,9,14,34,15,31.896466992883468,59.44100448945384,10
4,9,14,27,14,24.84646699288347,36.57100448945384,10
3,9,37,10,49,20.81646699288347,48.18100448945384,2
5,9,21,10,39,26.81646699288347,50.12100448945384,1
5,9,30,11,39,17.86646699288347,49.67100448945384,9
2,9,14,10,31,25.81646699288347,59.341004489453844,6
2,9,14,10,34,28.81646699288347,46.411004489453845,1
3,9,34,10,41,15.81646699288347,48.87100448945384,6
2,9,14,10,24,18.81646699288347,52.12100448945384,9
4,9,69,22,62,21.236466992883468,71.08100448945385,3
3,14,20,10,25,15.626466992883469,53.56100448945384,4
4,9,14,38,14,35.836466992883466,51.381004489453844,10
4,9,31,27,28,24.93646699288347,52.701004489453844,9
2,9,14,10,41,35.81646699288347,59.17100448945384,3
4,9,14,35,14,32.836466992883466,54.08100448945384,10
7,21,20,10,13,21.236466992883468,52.22100448945384,5
3,9,35,12,42,16.06646699288347,46.30100448945384,6
3,22,20,10,25,22.13646699288347,61.28100448945384,4
3,9,49,26,37,27.23646699288347,49.55100448945384,5
6,9,14,42,13,39.81646699288347,59.99100448945384,6
5,9,43,19,44,17.03646699288347,45.08100448945384,6
2,9,14,11,42,36.836466992883466,43.271004489453844,5
2,9,14,10,20,14.81646699288347,45.07100448945384,9
5,33,62,39,48,21.74646699288347,78.61100448945385,2
2,9,14,10,28,22.81646699288347,53.51100448945384,10
2,9,14,10,29,23.81646699288347,48.92100448945384,9
5,9,25,11,35,18.86646699288347,38.00100448945384,9
6,19,27,20,45,26.81646699288347,44.60100448945384,1
6,33,23,34,40,25.81646699288347,47.19100448945384,9
3,10,34,19,27,17.81646699288347,33.00100448945384,5
3,31,14,33,28,22.846466992883467,52.12100448945384,9
3,9,34,12,40,15.09646699288347,46.54100448945384,7
2,9,14,10,31,25.81646699288347,61.55100448945384,10
5,11,38,32,39,27.91646699288347,45.131004489453844,7
3,9,24,12,32,17.03646699288347,30.991004489453843,10
2,9,14,10,31,25.81646699288347,56.01100448945384,9
3,19,14,21,33,27.83646699288347,39.301004489453845,9
5,28,44,30,34,16.87646699288347,51.381004489453844,3
7,9,26,27,13,28.62646699288347,59.17100448945384,3
3,11,35,15,29,13.646466992883468,34.331004489453846,5
5,11,49,46,47,41.82646699288347,61.28100448945384,6
3,11,34,20,28,17.24646699288347,36.07100448945384,5
7,24,20,10,13,23.97646699288347,51.57100448945384,5
6,38,35,32,27,17.71646699288347,56.521004489453844,2
4,9,14,19,13,16.81646699288347,41.43100448945384,10
3,11,21,10,27,15.09646699288347,42.371004489453846,4
4,10,62,22,57,19.51646699288347,60.80100448945384,3
2,9,14,11,36,30.83646699288347,39.091004489453844,5
7,19,47,10,40,19.47646699288347,64.23100448945384,3
2,9,14,10,31,25.81646699288347,70.48100448945384,7
6,14,33,21,35,14.526466992883469,35.67100448945384,8
6,21,22,16,17,15.026466992883469,37.90100448945384,5
4,9,22,10,29,15.81646699288347,38.36100448945384,8
3,9,26,10,33,15.81646699288347,38.661004489453845,10
4,9,25,34,19,32.336466992883466,51.07100448945384,9
7,11,37,16,41,14.216466992883468,41.53100448945384,1
5,45,60,46,46,20.81646699288347,78.49100448945384,3
3,9,34,10,45,19.81646699288347,52.94100448945384,10
6,15,33,22,35,14.526466992883469,36.131004489453844,8
5,11,44,38,43,33.81646699288347,53.591004489453844,6
4,9,22,15,25,14.216466992883468,24.961004489453842,8
5,16,14,16,23,17.86646699288347,28.531004489453842,8
7,10,55,14,61,15.436466992883469,63.46100448945384,1
7,15,18,10,13,15.026466992883469,39.911004489453845,5
7,38,30,30,24,18.11646699288347,55.00100448945384,3
2,27,14,12,19,24.90646699288347,51.32100448945384,4
2,9,14,10,19,13.81646699288347,36.57100448945384,9
6,26,43,27,31,18.81646699288347,51.79100448945384,2
4,9,32,12,40,17.03646699288347,51.32100448945384,4
3,11,53,12,74,29.81646699288347,78.19100448945385,3
5,9,47,18,54,19.12646699288347,70.98100448945384,8
4,10,47,30,44,26.91646699288347,55.00100448945384,3
3,9,35,11,58,31.83646699288347,74.01100448945384,7
2,9,14,10,27,21.81646699288347,57.72100448945384,7
6,16,21,15,43,30.90646699288347,48.73100448945384,1
4,9,26,20,25,17.81646699288347,37.32100448945384,7
5,23,67,24,55,18.81646699288347,76.32100448945384,3
6,23,35,16,39,17.24646699288347,40.60100448945384,1
2,20,14,15,17,15.026466992883469,35.67100448945384,8
2,9,14,10,43,37.81646699288347,47.69100448945384,5
6,21,21,10,13,21.70646699288347,43.271004489453844,5
6,16,21,15,43,30.90646699288347,48.73100448945384,1
7,19,36,14,32,14.526466992883469,42.691004489453846,2
6,16,36,13,54,27.23646699288347,52.661004489453845,1
4,9,31,19,30,16.81646699288347,49.15100448945384,1
4,9,28,12,34,15.09646699288347,42.371004489453846,4
2,9,14,11,43,37.836466992883466,58.08100448945384,3
2,9,14,11,42,36.836466992883466,43.271004489453844,5
4,9,14,19,14,16.87646699288347,55.00100448945384,10
7,36,21,31,20,13.81646699288347,49.97100448945384,8
2,9,14,10,43,37.81646699288347,68.01100448945384,2
3,10,40,20,31,19.85646699288347,40.14100448945384,5
5,9,21,13,44,32.00646699288347,49.67100448945384,1
2,9,14,10,36,30.81646699288347,59.771004489453844,9
6,30,47,31,37,16.81646699288347,56.25100448945384,3
5,26,31,24,21,17.30646699288347,49.08100448945384,5
4,9,28,25,33,23.97646699288347,36.07100448945384,4
2,9,14,10,32,26.81646699288347,50.021004489453844,1
5,9,35,11,58,31.83646699288347,59.54100448945384,9
3,9,51,10,74,31.81646699288347,78.61100448945385,2
2,9,14,10,29,23.81646699288347,51.381004489453844,10
2,9,14,10,26,20.81646699288347,38.53100448945384,1
4,9,36,32,45,31.98646699288347,49.90100448945384,4
2,42,14,10,25,42.92646699288347,59.911004489453845,4
7,33,39,22,30,22.236466992883468,71.08100448945385,3
4,9,29,24,28,21.81646699288347,55.17100448945384,6
8,13,39,10,35,12.81646699288347,47.951004489453844,2
8,23,25,19,24,12.81646699288347,42.371004489453846,8
5,12,47,32,57,29.76646699288347,61.68100448945384,8
7,28,24,24,23,12.81646699288347,43.271004489453844,8
4,9,71,46,59,45.45646699288347,78.49100448945384,3
3,26,20,10,25,25.84646699288347,53.87100448945384,4
5,9,22,11,30,16.87646699288347,51.89100448945384,1
6,22,53,20,45,15.436466992883469,62.73100448945384,3
6,30,28,31,44,24.81646699288347,51.03100448945384,9
3,18,19,10,23,18.11646699288347,47.31100448945384,4
2,9,14,10,42,36.81646699288347,61.99100448945384,2
4,23,38,25,28,16.87646699288347,44.61100448945384,5
5,16,48,19,44,11.42646699288347,50.36100448945384,3
3,25,14,27,22,16.87646699288347,44.69100448945384,9
5,28,57,31,49,15.09646699288347,63.46100448945384,3
7,9,30,18,13,25.70646699288347,44.05100448945384,3
2,22,14,13,19,19.47646699288347,38.36100448945384,4
2,9,14,10,36,30.81646699288347,62.47100448945384,7
4,9,37,26,36,23.81646699288347,62.47100448945384,7
3,22,14,23,27,21.81646699288347,41.96100448945384,9
5,13,41,18,38,12.286466992883469,39.231004489453845,2
4,9,28,20,29,18.01646699288347,56.35100448945384,6
4,9,26,12,31,14.13646699288347,37.90100448945384,4
5,11,35,24,41,21.70646699288347,42.371004489453846,4
4,9,24,10,32,16.81646699288347,42.371004489453846,4
4,9,29,34,25,32.00646699288347,55.17100448945384,9
2,9,14,12,47,41.87646699288347,49.08100448945384,5
7,9,47,31,54,30.28646699288347,58.08100448945384,1
4,9,25,30,26,27.91646699288347,45.131004489453844,6
2,23,14,12,20,21.70646699288347,42.371004489453846,4
2,9,14,10,19,13.81646699288347,28.871004489453846,6
2,9,14,10,19,13.81646699288347,31.191004489453846,7
3,34,14,35,31,25.81646699288347,58.24100448945384,1
6,20,26,17,44,27.23646699288347,43.96100448945384,1
4,9,32,19,40,20.54646699288347,57.93100448945384,4
8,9,42,21,13,37.89646699288347,64.67100448945385,3
3,9,21,10,39,26.81646699288347,42.131004489453844,6
2,9,14,10,30,24.81646699288347,39.301004489453845,9
6,29,21,24,20,13.81646699288347,52.25100448945384,8
2,9,14,10,21,15.81646699288347,35.481004489453845,7
3,11,50,12,69,27.81646699288347,72.81100448945385,3
5,9,50,29,51,26.91646699288347,58.87100448945384,7
7,9,60,14,64,14.216466992883468,62.86100448945384,1
7,28,41,27,35,13.206466992883469,59.92100448945384,2
3,9,30,12,37,16.06646699288347,39.301004489453845,6
2,9,14,10,23,17.81646699288347,47.43100448945384,1
3,32,14,35,19,14.13646699288347,55.72100448945384,9
3,9,26,12,46,28.91646699288347,46.54100448945384,10
2,23,14,10,24,25.61646699288347,46.00100448945384,4
5,28,50,29,39,17.81646699288347,59.92100448945384,2
4,9,36,32,45,31.98646699288347,49.90100448945384,4
3,31,14,34,36,30.90646699288347,56.01100448945384,1
2,9,14,11,33,27.83646699288347,33.00100448945384,5
5,11,36,20,37,16.06646699288347,37.07100448945384,7
2,22,14,17,17,15.026466992883469,38.36100448945384,8
2,9,14,10,33,27.81646699288347,63.271004489453844,7
6,9,14,31,13,28.81646699288347,48.51100448945384,6
3,9,48,12,65,25.92646699288347,66.43100448945384,2
7,26,41,26,34,13.896466992883468,60.11100448945384,3
6,31,29,33,46,25.84646699288347,51.29100448945384,1
7,18,19,10,13,18.11646699288347,47.74100448945384,5
2,9,14,10,21,15.81646699288347,38.091004489453844,6
5,9,49,21,46,18.99646699288347,58.49100448945384,7
3,17,14,19,22,16.87646699288347,39.53100448945384,1
4,9,31,38,30,35.81646699288347,58.701004489453844,7
2,9,14,10,32,26.81646699288347,60.81100448945384,1
3,10,41,11,60,27.81646699288347,61.771004489453844,3
3,9,27,11,51,32.836466992883466,62.06100448945384,10
5,9,20,12,44,32.89646699288347,45.08100448945384,9
3,10,40,11,61,29.81646699288347,60.80100448945384,3
2,9,14,10,21,15.81646699288347,33.54100448945384,10
2,9,14,10,20,14.81646699288347,29.86100448945384,7
2,9,14,10,33,27.81646699288347,57.17100448945384,1
3,9,22,11,39,25.84646699288347,43.87100448945384,10
5,11,35,21,34,16.81646699288347,40.90100448945384,6
5,10,40,17,39,13.81646699288347,45.78100448945384,7
6,28,54,29,46,14.81646699288347,59.92100448945384,3
5,27,62,35,56,16.416466992883468,66.97100448945385,3
5,11,34,25,35,20.96646699288347,37.701004489453844,7
4,9,30,10,46,24.81646699288347,80.38100448945384,8
3,10,47,11,63,24.81646699288347,62.06100448945384,3
3,11,48,12,65,25.81646699288347,68.34100448945385,3
3,9,49,12,65,24.93646699288347,67.93100448945384,2
2,9,14,10,37,31.81646699288347,41.661004489453845,1
2,37,14,28,18,18.99646699288347,54.26100448945384,8
5,10,58,40,56,36.836466992883466,64.32100448945384,7
6,22,37,23,54,25.81646699288347,55.99100448945384,9
5,34,28,22,20,22.576466992883468,47.87100448945384,5
4,9,33,18,20,22.236466992883468,42.691004489453846,9
3,17,14,18,40,34.81646699288347,63.68100448945384,9
2,9,14,10,48,42.81646699288347,67.93100448945384,2
5,11,32,25,37,22.13646699288347,39.371004489453846,4
4,23,38,26,29,16.06646699288347,47.74100448945384,5
7,9,28,23,13,26.91646699288347,53.131004489453844,3
3,9,20,11,28,16.87646699288347,30.281004489453842,10
3,9,27,10,39,20.81646699288347,53.56100448945384,8
2,9,14,10,20,14.81646699288347,49.67100448945384,9
4,26,28,27,20,14.81646699288347,37.32100448945384,5
2,16,14,11,15,14.13646699288347,27.711004489453842,8
3,9,22,10,29,15.81646699288347,39.911004489453845,4
3,9,28,12,45,25.92646699288347,54.26100448945384,6
5,9,27,12,42,23.93646699288347,41.15100448945384,1
3,9,44,11,51,15.876466992883469,50.12100448945384,2
6,34,40,35,30,16.81646699288347,53.271004489453844,3
6,9,14,21,13,18.81646699288347,28.871004489453846,6
2,9,14,10,32,26.81646699288347,50.43100448945384,7
2,9,14,10,23,17.81646699288347,40.14100448945384,9
9,9,23,22,13,22.81646699288347,53.271004489453844,3
7,47,23,44,22,11.81646699288347,70.74100448945384,8
6,35,47,36,37,16.81646699288347,58.78100448945384,3
4,9,36,23,35,20.81646699288347,70.48100448945384,6
4,9,20,29,20,26.84646699288347,45.78100448945384,6
2,9,14,10,37,31.81646699288347,39.911004489453845,5
3,11,38,16,33,13.47646699288347,37.90100448945384,5
7,19,21,10,13,20.02646699288347,55.36100448945384,5
6,22,22,19,17,13.47646699288347,37.49100448945384,5
3,14,21,10,27,16.416466992883468,55.79100448945384,4
2,9,14,10,31,25.81646699288347,54.08100448945384,1
3,15,14,16,26,20.81646699288347,46.58100448945384,9
6,12,45,10,41,12.056466992883468,47.29100448945384,3
5,9,27,12,47,28.91646699288347,48.23100448945384,1
3,30,14,31,23,17.81646699288347,49.35100448945384,9
5,9,45,20,46,18.01646699288347,53.08100448945384,7
4,9,20,10,26,14.81646699288347,37.32100448945384,4
6,22,26,14,54,38.17646699288347,54.08100448945384,1
7,32,20,26,19,14.81646699288347,55.49100448945384,8
2,9,14,11,35,29.83646699288347,38.271004489453844,5
5,30,14,33,20,15.09646699288347,43.631004489453844,8
4,9,24,10,32,16.81646699288347,42.371004489453846,4
4,9,54,24,45,23.93646699288347,54.53100448945384,3
3,9,44,24,37,23.04646699288347,44.61100448945384,5
5,9,33,11,48,23.84646699288347,57.69100448945384,1
5,11,58,46,56,41.82646699288347,67.92100448945385,7
2,9,14,10,31,25.81646699288347,59.341004489453844,6
6,22,21,21,41,28.91646699288347,41.941004489453846,1
3,9,53,44,39,44.21646699288347,62.81100448945384,5
3,9,34,11,50,24.84646699288347,49.67100448945384,2
6,19,20,15,16,13.646466992883468,34.331004489453846,5
4,9,29,24,28,21.81646699288347,55.17100448945384,6
6,20,29,21,52,31.81646699288347,51.591004489453844,9
5,25,29,26,21,14.81646699288347,38.271004489453844,5
6,9,14,31,13,28.81646699288347,43.72100448945384,6
2,9,14,10,20,14.81646699288347,54.08100448945384,1
3,11,18,10,21,12.286466992883469,37.90100448945384,4
3,31,14,33,28,22.846466992883467,52.12100448945384,9
3,27,19,10,23,26.49646699288347,54.26100448945384,8
5,11,46,32,45,27.81646699288347,55.62100448945384,7
3,11,41,22,34,19.47646699288347,41.96100448945384,5
3,11,18,10,21,12.286466992883469,39.371004489453846,4
4,9,29,37,22,35.476466992883466,48.55100448945384,1
6,17,28,18,50,30.81646699288347,48.92100448945384,9
3,9,32,10,47,23.81646699288347,48.23100448945384,10
2,9,14,12,39,33.89646699288347,51.57100448945384,3
5,9,32,10,38,14.81646699288347,40.22100448945384,9
5,9,31,16,39,18.63646699288347,40.60100448945384,1
4,9,14,21,15,18.99646699288347,33.90100448945384,10
3,21,14,23,20,14.88646699288347,41.941004489453846,1
4,9,67,31,55,31.52646699288347,69.67100448945385,2
4,9,38,35,38,32.836466992883466,65.63100448945384,6
4,19,32,23,25,14.526466992883469,38.36100448945384,5
7,22,18,10,13,21.416466992883468,45.04100448945384,5
6,28,14,31,21,16.06646699288347,54.98100448945384,8
3,9,21,12,44,31.896466992883468,48.51100448945384,6
6,13,43,27,47,21.74646699288347,49.54100448945384,8
4,26,44,30,33,18.256466992883468,54.90100448945384,5
5,34,31,35,21,16.81646699288347,47.14100448945384,5
2,36,14,22,20,24.36646699288347,49.97100448945384,4
8,29,25,10,19,28.43646699288347,55.00100448945384,3
6,31,14,34,19,14.13646699288347,50.771004489453844,8
4,9,28,34,27,31.81646699288347,55.17100448945384,7
7,25,51,16,46,18.58646699288347,65.48100448945384,3
5,9,21,13,44,32.00646699288347,49.67100448945384,1
5,9,35,22,39,20.81646699288347,49.35100448945384,4
4,9,14,35,13,32.81646699288347,60.81100448945384,10
2,9,14,10,35,29.81646699288347,57.39100448945384,7
2,39,14,10,26,40.51646699288347,60.11100448945384,8
2,9,14,10,46,40.81646699288347,71.49100448945384,2
3,9,25,10,44,27.81646699288347,50.89100448945384,6
7,23,54,10,45,23.93646699288347,74.32100448945384,2
3,10,35,11,42,15.81646699288347,42.85100448945384,3
6,18,19,10,13,18.11646699288347,33.43100448945384,5
6,18,44,28,49,18.63646699288347,51.32100448945384,4
4,9,24,10,33,17.81646699288347,44.61100448945384,4
4,9,31,21,33,19.21646699288347,39.301004489453845,9
7,9,26,27,13,28.62646699288347,59.17100448945384,3
4,11,58,20,53,16.756466992883468,66.68100448945384,3
2,9,14,10,23,17.81646699288347,30.991004489453843,10
5,21,56,29,49,17.03646699288347,61.771004489453844,3
2,9,14,10,51,45.81646699288347,64.21100448945384,3
2,9,14,10,26,20.81646699288347,36.31100448945384,1
6,31,22,17,48,38.70646699288347,52.411004489453845,1
7,24,20,10,13,23.97646699288347,51.57100448945384,5
3,9,32,10,49,25.81646699288347,58.87100448945384,7
4,9,59,24,47,25.61646699288347,59.17100448945384,3
4,9,24,23,27,21.416466992883468,30.871004489453846,8
6,11,44,28,49,24.90646699288347,51.32100448945384,4
4,9,14,23,13,20.81646699288347,32.47100448945384,10
3,9,45,10,63,26.81646699288347,63.881004489453844,2
2,9,14,11,33,27.83646699288347,52.701004489453844,3
8,13,38,10,34,12.81646699288347,50.29100448945384,2
3,9,43,10,61,26.81646699288347,61.99100448945384,2
6,41,14,40,22,17.03646699288347,67.68100448945384,8
5,10,32,27,31,23.81646699288347,35.831004489453846,7
4,11,74,22,67,19.47646699288347,75.69100448945385,3
6,26,20,10,13,25.84646699288347,42.47100448945384,5
5,9,32,10,41,17.81646699288347,50.021004489453844,9
4,9,30,20,37,20.62646699288347,37.07100448945384,4
2,9,14,10,32,26.81646699288347,49.08100448945384,7
7,23,30,10,21,23.93646699288347,54.53100448945384,3
4,10,74,57,57,56.51646699288347,87.29100448945384,3
3,32,14,33,27,21.81646699288347,43.60100448945384,1
4,9,22,17,21,14.81646699288347,34.841004489453844,7
4,9,20,31,19,28.81646699288347,53.08100448945384,6
6,34,26,35,42,24.81646699288347,54.08100448945384,1
8,23,23,20,22,11.81646699288347,40.60100448945384,8
7,10,45,19,39,17.24646699288347,43.64100448945384,1
4,9,35,21,35,18.86646699288347,59.58100448945384,7
2,25,14,12,18,22.686466992883467,47.31100448945384,8
3,13,26,10,38,21.416466992883468,67.43100448945384,8
6,20,32,11,36,18.99646699288347,36.57100448945384,1
3,9,36,12,57,29.90646699288347,57.56100448945384,2
3,28,14,30,24,18.86646699288347,54.12100448945384,1
6,18,23,18,43,28.83646699288347,62.86100448945384,1
4,9,31,23,30,20.81646699288347,47.47100448945384,9
6,9,14,21,15,18.99646699288347,57.60100448945384,6
4,9,20,10,24,12.81646699288347,31.07100448945384,8
4,9,26,17,20,16.416466992883468,48.73100448945384,1
4,10,64,19,60,16.35646699288347,62.06100448945384,3
3,9,52,10,58,14.81646699288347,59.92100448945384,3
3,33,14,34,25,19.81646699288347,46.451004489453844,1
5,13,51,35,63,32.516466992883466,67.43100448945384,8
4,9,21,35,25,33.31646699288347,54.08100448945384,1
4,9,25,17,23,14.88646699288347,37.64100448945384,7
2,21,14,15,17,15.876466992883469,37.90100448945384,4
7,38,34,26,26,22.576466992883468,67.15100448945384,2
7,43,34,20,26,32.81646699288347,66.68100448945384,3
5,9,34,10,50,24.81646699288347,54.12100448945384,1
3,26,14,29,24,18.99646699288347,47.43100448945384,1
3,9,19,10,23,12.81646699288347,35.911004489453845,8
2,9,14,10,43,37.81646699288347,50.12100448945384,2
2,9,14,10,28,22.81646699288347,49.28100448945384,9
6,11,44,28,49,24.90646699288347,51.32100448945384,4
5,11,47,38,45,33.836466992883466,56.35100448945384,7
4,21,35,25,27,15.436466992883469,41.96100448945384,5
5,25,46,26,36,16.81646699288347,51.381004489453844,3
2,39,14,10,25,40.12646699288347,57.93100448945384,8
4,9,49,29,43,27.46646699288347,51.381004489453844,3
4,9,26,22,19,21.236466992883468,37.90100448945384,1
3,9,37,10,61,32.81646699288347,62.69100448945384,2
4,9,14,35,14,32.836466992883466,55.72100448945384,10
5,16,42,17,36,12.81646699288347,39.93100448945384,3
4,9,30,12,37,16.06646699288347,49.90100448945384,8
7,26,32,18,25,18.63646699288347,51.79100448945384,2
4,9,34,28,29,26.25646699288347,56.26100448945384,1
3,20,14,23,21,16.06646699288347,40.14100448945384,9
4,9,14,27,15,24.93646699288347,44.69100448945384,10
7,19,39,10,32,19.47646699288347,54.451004489453844,2
8,9,46,19,13,41.05646699288347,62.06100448945384,3
5,46,14,49,23,18.01646699288347,69.87100448945384,8
8,19,28,10,20,20.02646699288347,61.161004489453845,2
3,9,32,10,37,13.81646699288347,42.47100448945384,7
4,11,55,32,49,28.43646699288347,57.60100448945384,3
2,9,14,10,37,31.81646699288347,37.90100448945384,5
5,24,29,24,21,14.88646699288347,44.61100448945384,5
6,28,22,28,30,16.87646699288347,49.15100448945384,9
4,9,28,12,34,15.09646699288347,42.371004489453846,4
2,27,14,19,19,18.63646699288347,51.32100448945384,4
4,9,26,12,31,14.13646699288347,37.90100448945384,4
8,22,44,10,37,22.13646699288347,74.01100448945384,3
2,9,14,10,42,36.81646699288347,70.43100448945384,2
2,9,14,10,36,30.81646699288347,59.771004489453844,9
7,36,20,32,19,12.81646699288347,48.55100448945384,8
3,12,19,10,23,13.646466992883468,43.83100448945384,8
6,22,29,27,31,12.81646699288347,37.981004489453845,8
4,9,60,26,57,23.93646699288347,60.11100448945384,3
4,19,44,28,37,17.81646699288347,52.22100448945384,5
5,9,37,12,60,31.896466992883468,60.80100448945384,9
6,27,26,20,19,17.81646699288347,52.22100448945384,5
3,9,31,10,49,26.81646699288347,58.701004489453844,7
3,11,50,27,43,23.97646699288347,51.32100448945384,5
3,9,46,10,67,29.81646699288347,66.61100448945385,2
4,9,39,25,37,22.846466992883467,64.32100448945384,7
3,27,14,29,21,15.876466992883469,49.15100448945384,9
6,22,48,17,42,15.626466992883469,55.04100448945384,3
6,32,30,33,36,14.81646699288347,45.78100448945384,9
2,38,14,10,26,39.59646699288347,61.07100448945384,8
2,9,14,10,38,32.81646699288347,58.201004489453844,9
2,9,14,12,39,33.89646699288347,50.36100448945384,3
6,34,24,10,13,34.74646699288347,60.11100448945384,5
2,16,14,10,18,16.416466992883468,28.531004489453842,8
6,9,14,33,15,30.90646699288347,45.78100448945384,6
2,9,14,10,35,29.81646699288347,62.86100448945384,1
4,9,35,34,31,32.00646699288347,47.951004489453844,9
5,9,36,12,59,31.896466992883468,71.91100448945384,1
9,9,37,26,13,35.836466992883466,72.36100448945385,3
3,9,20,12,36,24.93646699288347,40.90100448945384,10
5,11,60,40,58,35.836466992883466,65.99100448945384,7
8,38,24,35,23,11.81646699288347,54.26100448945384,8
5,9,41,15,47,16.416466992883468,55.79100448945384,4
4,23,32,29,26,14.88646699288347,43.271004489453844,5
4,9,35,25,37,23.11646699288347,46.411004489453845,1
7,22,45,22,40,11.936466992883469,60.80100448945384,3
2,9,14,10,25,19.81646699288347,52.80100448945384,6
5,25,26,10,13,27.81646699288347,49.55100448945384,5
4,9,25,18,24,15.81646699288347,39.39100448945384,7
2,9,14,10,22,16.81646699288347,50.12100448945384,9
5,9,39,11,62,31.83646699288347,61.08100448945384,9
2,29,14,20,19,19.47646699288347,45.78100448945384,8
2,23,14,12,20,21.70646699288347,42.371004489453846,4
7,11,57,34,26,45.01646699288347,60.31100448945384,1
4,9,20,10,24,12.81646699288347,31.07100448945384,8
6,21,47,10,37,22.81646699288347,60.55100448945384,2
6,34,55,49,63,24.45646699288347,76.37100448945384,8
4,9,30,27,37,26.60646699288347,40.481004489453845,4
2,9,14,10,24,18.81646699288347,37.701004489453844,10
6,16,35,23,39,15.626466992883469,40.14100448945384,8
5,10,44,24,41,20.96646699288347,50.771004489453844,6
3,9,26,11,31,13.896466992883468,30.771004489453844,10
3,21,14,24,20,15.09646699288347,45.07100448945384,9
2,9,14,10,45,39.81646699288347,66.61100448945385,2
2,9,14,10,49,43.81646699288347,72.92100448945385,3
2,9,14,10,36,30.81646699288347,59.44100448945384,7
2,9,14,11,34,28.83646699288347,58.78100448945384,3
2,9,14,10,37,31.81646699288347,56.35100448945384,7
6,42,35,10,19,44.06646699288347,70.15100448945384,3
2,28,14,11,19,26.78646699288347,53.56100448945384,4
2,24,14,10,21,24.81646699288347,39.371004489453846,4
2,9,14,10,30,24.81646699288347,61.32100448945384,7
8,15,35,10,30,15.026466992883469,49.67100448945384,2
3,17,14,20,21,16.06646699288347,39.86100448945384,9
5,9,36,11,50,22.846466992883467,52.661004489453845,1
3,9,21,11,30,17.86646699288347,29.86100448945384,7
8,16,28,10,23,15.876466992883469,50.73100448945384,3
2,25,14,12,21,23.93646699288347,46.85100448945384,4
3,11,20,10,25,14.13646699288347,51.32100448945384,4
3,10,48,11,59,19.81646699288347,57.94100448945384,3
3,9,44,10,52,16.81646699288347,51.33100448945384,2
6,23,42,20,36,14.216466992883468,49.701004489453844,2
4,9,28,34,26,31.83646699288347,57.72100448945384,7
6,10,33,21,35,18.256466992883468,35.67100448945384,8
6,36,21,38,43,30.83646699288347,52.11100448945384,9
6,9,14,31,13,28.81646699288347,48.51100448945384,6
2,20,14,11,17,18.58646699288347,35.67100448945384,8
5,35,61,36,45,22.81646699288347,75.54100448945384,2
2,9,14,10,33,27.81646699288347,61.28100448945384,7
3,17,14,20,31,25.92646699288347,53.271004489453844,9
3,9,29,10,50,29.81646699288347,60.65100448945384,10
7,48,14,50,24,18.86646699288347,76.37100448945384,8
3,10,50,35,43,32.556466992883465,61.28100448945384,5
5,9,30,10,48,26.81646699288347,52.951004489453844,9
4,9,23,23,23,20.85646699288347,30.921004489453843,7
6,31,20,29,19,10.81646699288347,45.131004489453844,8
5,35,67,45,57,20.54646699288347,79.67100448945384,2
4,10,47,30,44,26.91646699288347,55.00100448945384,3
3,9,34,10,46,20.81646699288347,52.69100448945384,6
6,18,31,15,50,28.21646699288347,49.15100448945384,1
2,9,14,10,33,27.81646699288347,52.661004489453845,1
4,9,24,29,21,26.91646699288347,48.29100448945384,1
4,9,20,22,21,19.986466992883468,44.31100448945384,7
8,22,22,19,21,11.81646699288347,38.36100448945384,8
3,9,36,12,59,31.896466992883468,70.48100448945384,6
6,25,14,28,21,16.06646699288347,42.691004489453846,8
8,21,64,30,53,20.62646699288347,64.92100448945385,1
5,31,14,32,19,13.81646699288347,45.131004489453844,8
5,28,21,10,13,28.06646699288347,39.39100448945384,5
5,9,26,11,50,32.836466992883466,50.29100448945384,9
5,10,49,28,48,24.81646699288347,50.43100448945384,7
2,19,14,10,21,20.62646699288347,37.07100448945384,4
3,11,20,10,25,14.13646699288347,49.08100448945384,4
6,31,25,34,45,28.91646699288347,51.07100448945384,1
4,10,59,20,54,17.666466992883468,61.161004489453845,2
2,43,14,34,19,19.47646699288347,62.06100448945384,4
6,9,14,21,13,18.81646699288347,61.40100448945384,6
3,9,27,11,35,16.87646699288347,35.67100448945384,10
4,9,29,21,30,18.99646699288347,43.091004489453844,7
2,9,14,11,34,28.83646699288347,34.331004489453846,5
5,26,21,10,13,26.19646699288347,37.32100448945384,5
2,9,14,10,27,21.81646699288347,46.54100448945384,6
3,21,14,22,27,21.81646699288347,40.14100448945384,9
2,9,14,10,27,21.81646699288347,50.881004489453844,1
3,9,27,10,39,20.81646699288347,53.56100448945384,8
4,9,14,33,14,30.83646699288347,56.35100448945384,10
8,15,54,22,34,27.73646699288347,52.83100448945384,1
3,28,14,29,35,29.81646699288347,59.92100448945384,9
3,15,14,16,26,20.81646699288347,41.661004489453845,1
5,26,14,26,21,15.876466992883469,54.93100448945384,8
3,18,14,20,26,20.85646699288347,44.60100448945384,1
4,9,28,23,27,20.81646699288347,41.96100448945384,9
4,9,22,18,19,16.06646699288347,42.371004489453846,7
6,23,20,20,19,11.81646699288347,42.371004489453846,8
4,9,23,34,22,31.81646699288347,42.31100448945384,9
6,11,34,22,37,18.58646699288347,37.90100448945384,4
3,9,27,10,39,20.81646699288347,61.07100448945384,8
3,9,32,10,50,26.81646699288347,62.06100448945384,7
3,31,14,33,34,28.83646699288347,52.951004489453844,9
2,9,14,10,34,28.81646699288347,58.48100448945384,9
3,9,35,11,45,18.86646699288347,47.841004489453844,7
2,9,14,10,30,24.81646699288347,50.271004489453844,6
8,35,21,30,20,13.81646699288347,62.18100448945384,8
4,9,36,31,33,28.91646699288347,65.27100448945384,6
6,49,59,50,39,26.81646699288347,84.85100448945384,3
3,34,14,37,20,15.09646699288347,52.11100448945384,9
5,34,31,35,21,16.81646699288347,47.14100448945384,5
6,32,45,31,33,18.99646699288347,67.93100448945384,2
3,16,14,17,20,14.81646699288347,48.73100448945384,1
5,9,35,11,55,28.83646699288347,58.48100448945384,9
7,18,18,10,13,17.666466992883468,38.36100448945384,5
7,10,38,19,44,18.44646699288347,47.43100448945384,1
2,9,14,10,22,16.81646699288347,54.67100448945384,6
6,32,51,33,35,22.81646699288347,65.20100448945385,2
3,18,14,19,29,23.81646699288347,46.24100448945384,9
7,9,42,14,13,36.09646699288347,47.29100448945384,3
7,11,37,34,39,30.01646699288347,46.451004489453844,1
3,9,25,10,35,18.81646699288347,49.90100448945384,4
4,9,31,27,30,24.81646699288347,43.87100448945384,6
6,17,47,18,41,12.81646699288347,47.951004489453844,2
3,9,40,10,52,20.81646699288347,51.33100448945384,2
5,9,44,31,42,28.83646699288347,50.771004489453844,6
6,28,26,29,42,24.81646699288347,52.661004489453845,9
8,17,34,10,29,16.756466992883468,56.25100448945384,3
4,9,26,26,25,23.81646699288347,35.15100448945384,7
7,23,28,10,19,23.93646699288347,51.79100448945384,2
3,9,21,10,27,14.81646699288347,29.511004489453846,10
5,9,24,23,36,26.19646699288347,43.60100448945384,1
6,23,24,17,18,16.416466992883468,42.371004489453846,5
4,9,40,27,51,28.62646699288347,53.56100448945384,8
3,20,14,23,27,21.95646699288347,52.18100448945384,9
5,9,42,30,39,27.91646699288347,48.87100448945384,6
4,9,22,10,30,16.81646699288347,40.60100448945384,8
6,26,24,10,13,27.53646699288347,53.56100448945384,5
6,25,24,24,18,13.206466992883469,46.85100448945384,5
8,13,33,10,29,12.81646699288347,42.691004489453846,2
2,9,14,10,22,16.81646699288347,57.74100448945384,7
2,9,14,10,21,15.81646699288347,40.621004489453846,6
7,20,14,22,22,16.87646699288347,31.07100448945384,8
4,9,14,32,15,29.90646699288347,47.47100448945384,10
6,9,14,18,14,15.876466992883469,39.301004489453845,6
4,9,14,21,15,18.99646699288347,35.67100448945384,10
7,9,20,37,13,35.476466992883466,87.29100448945384,3
5,41,48,42,34,20.81646699288347,67.11100448945385,2
2,9,14,10,25,19.81646699288347,48.73100448945384,1
3,17,19,10,23,17.24646699288347,37.981004489453845,8
4,9,32,24,32,21.85646699288347,46.00100448945384,7
5,11,52,32,52,27.83646699288347,62.81100448945384,6
6,9,14,25,14,22.846466992883467,38.871004489453846,6
4,9,37,41,37,38.836466992883466,55.62100448945384,7
4,9,24,18,22,15.876466992883469,42.47100448945384,6
4,9,14,35,14,32.836466992883466,60.81100448945384,10
5,19,58,20,48,16.81646699288347,62.06100448945384,2
5,9,54,22,53,19.81646699288347,64.88100448945384,6
4,9,14,19,14,16.87646699288347,36.701004489453844,10
3,9,41,11,60,27.83646699288347,61.05100448945384,2
7,10,42,13,48,15.09646699288347,49.15100448945384,1
3,9,34,12,48,22.94646699288347,46.76100448945384,10
4,10,48,16,43,14.216466992883468,47.47100448945384,3
4,9,28,14,34,15.876466992883469,43.32100448945384,4
3,9,52,10,57,13.81646699288347,61.19100448945384,2
3,9,44,24,37,23.04646699288347,44.61100448945384,5
4,9,21,24,20,21.81646699288347,41.481004489453845,7
5,9,28,16,46,27.73646699288347,45.28100448945384,1
4,11,66,31,51,31.41646699288347,68.34100448945385,3
8,14,44,10,40,13.646466992883468,59.92100448945384,3
4,26,44,30,33,18.256466992883468,54.90100448945384,5
4,9,38,16,35,14.13646699288347,46.76100448945384,7
4,9,14,33,14,30.83646699288347,52.951004489453844,10
4,9,25,24,22,21.95646699288347,38.00100448945384,9
2,25,14,18,18,17.24646699288347,46.85100448945384,4
3,9,28,12,45,25.92646699288347,56.35100448945384,6
6,28,51,29,40,17.81646699288347,59.92100448945384,2
5,18,21,10,13,19.21646699288347,33.00100448945384,5
8,19,33,10,25,20.02646699288347,68.38100448945384,3
7,33,34,10,19,35.59646699288347,80.42100448945384,2
4,9,21,21,20,18.81646699288347,28.871004489453846,6
5,9,22,12,35,21.95646699288347,47.19100448945384,9
5,23,55,24,44,17.81646699288347,61.07100448945384,2
6,27,14,27,23,17.86646699288347,43.271004489453844,8
4,9,37,21,48,24.09646699288347,67.68100448945384,8
3,27,14,28,20,14.81646699288347,54.93100448945384,9
7,34,48,28,42,16.416466992883468,66.97100448945385,3
4,23,33,26,28,12.286466992883469,38.271004489453844,5
2,9,14,10,26,20.81646699288347,35.67100448945384,10
3,14,18,10,21,14.216466992883468,37.90100448945384,4
3,33,14,34,31,25.81646699288347,47.951004489453844,9
4,9,62,24,54,23.46646699288347,61.07100448945384,2
5,9,22,12,35,21.95646699288347,47.19100448945384,9
6,21,31,24,51,28.91646699288347,51.57100448945384,1
3,15,14,18,24,18.99646699288347,45.03100448945384,1
7,34,48,26,41,18.63646699288347,73.31100448945385,2
6,32,23,31,32,18.01646699288347,44.31100448945384,9
3,26,14,29,25,19.986466992883468,52.75100448945384,9
6,17,23,15,22,10.81646699288347,27.191004489453846,8
5,11,39,30,39,25.84646699288347,43.87100448945384,7
3,9,38,12,46,17.03646699288347,56.35100448945384,7
4,9,24,10,33,17.81646699288347,50.771004489453844,8
6,9,14,32,12,29.83646699288347,59.24100448945384,6
2,9,14,10,24,18.81646699288347,62.73100448945384,6
5,9,22,10,42,28.81646699288347,45.55100448945384,9
4,9,59,24,47,25.61646699288347,59.17100448945384,3
5,9,33,12,56,31.896466992883468,64.92100448945385,1
3,33,20,10,25,32.556466992883465,62.06100448945384,4
3,9,37,10,52,23.81646699288347,54.451004489453844,10
5,9,44,36,42,33.836466992883466,50.771004489453844,6
2,16,14,10,18,16.416466992883468,28.531004489453842,8
2,9,14,10,37,31.81646699288347,60.81100448945384,1
2,23,14,10,24,25.61646699288347,47.841004489453844,4
5,38,14,39,20,14.81646699288347,62.68100448945384,8
3,9,27,12,36,18.01646699288347,44.37100448945384,7
3,34,14,35,31,25.81646699288347,58.24100448945384,1
2,9,14,10,21,15.81646699288347,43.091004489453844,9
4,9,28,25,29,22.94646699288347,49.15100448945384,1
8,25,27,10,19,25.27646699288347,67.15100448945384,2
6,33,34,11,51,37.02646699288347,56.01100448945384,1
2,28,14,12,23,27.53646699288347,54.98100448945384,8
2,9,14,11,37,31.83646699288347,52.701004489453844,3
3,9,36,12,59,31.896466992883468,73.36100448945385,6
6,29,21,24,20,13.81646699288347,52.25100448945384,8
2,25,14,12,18,22.686466992883467,47.31100448945384,8
3,20,14,22,20,14.88646699288347,55.71100448945384,1
6,33,45,44,51,20.02646699288347,62.06100448945384,4
4,9,31,26,30,23.81646699288347,50.271004489453844,6
3,9,24,12,36,20.96646699288347,42.47100448945384,6
3,9,51,11,66,23.84646699288347,65.41100448945384,2
2,9,14,10,31,25.81646699288347,45.25100448945384,10
4,10,43,17,41,13.896466992883468,42.85100448945384,3
2,9,14,10,31,25.81646699288347,52.30100448945384,9
5,23,47,24,35,18.81646699288347,55.341004489453844,2
6,11,43,27,47,23.62646699288347,49.08100448945384,4
7,36,21,31,20,13.81646699288347,49.97100448945384,8
6,16,44,28,49,20.346466992883467,51.32100448945384,4
6,9,14,33,15,30.90646699288347,45.73100448945384,6
3,10,48,11,65,25.81646699288347,64.67100448945385,3
8,22,25,19,24,11.81646699288347,38.36100448945384,8
2,9,14,10,25,19.81646699288347,55.72100448945384,9
3,11,26,10,36,18.99646699288347,62.951004489453844,8
6,31,21,34,44,31.896466992883468,50.271004489453844,9
4,9,35,28,35,25.84646699288347,46.30100448945384,6
2,9,14,10,37,31.81646699288347,46.76100448945384,7
6,39,22,35,21,12.81646699288347,61.07100448945384,8
4,9,30,15,37,17.24646699288347,49.90100448945384,4
5,9,27,10,32,13.81646699288347,52.18100448945384,9
6,19,19,10,13,18.99646699288347,36.07100448945384,5
2,9,14,10,51,45.81646699288347,66.87100448945384,2
3,9,37,12,58,29.90646699288347,69.97100448945385,7
4,9,32,33,31,30.81646699288347,48.08100448945384,6
5,9,32,19,30,16.87646699288347,35.15100448945384,7
5,15,50,21,45,14.216466992883468,49.67100448945384,2
3,9,27,10,41,22.81646699288347,48.61100448945384,7
6,9,14,41,15,38.876466992883465,64.08100448945385,6
5,9,21,12,44,31.896466992883468,54.08100448945384,1
3,9,30,12,52,30.90646699288347,56.35100448945384,10
6,9,14,38,12,35.836466992883466,53.591004489453844,6
4,10,56,17,52,14.526466992883469,54.021004489453844,2
6,9,14,29,11,26.91646699288347,40.90100448945384,6
4,9,14,27,13,24.81646699288347,48.19100448945384,10
4,9,20,20,20,17.86646699288347,37.07100448945384,1
4,9,24,10,34,18.81646699288347,47.31100448945384,8
7,28,31,10,19,29.76646699288347,63.87100448945384,3
5,21,23,10,13,22.81646699288347,41.53100448945384,5
4,9,39,42,40,39.87646699288347,59.24100448945384,7
3,9,46,11,70,32.836466992883466,71.82100448945384,2
4,28,30,29,21,15.81646699288347,42.47100448945384,5
3,9,42,11,65,31.83646699288347,73.20100448945385,2
2,9,14,11,52,46.82646699288347,54.90100448945384,5
5,9,40,32,37,29.90646699288347,47.951004489453844,6
5,23,48,24,36,18.81646699288347,59.17100448945384,3
3,10,45,30,37,28.06646699288347,54.21100448945384,5
7,19,20,10,13,19.47646699288347,52.22100448945384,5
6,34,34,33,56,30.90646699288347,60.81100448945384,1
2,9,14,10,20,14.81646699288347,36.07100448945384,1
4,9,31,24,34,22.37646699288347,40.60100448945384,1
8,19,43,10,37,18.99646699288347,64.23100448945384,2
3,9,39,11,63,32.836466992883466,65.30100448945385,10
4,10,56,20,48,19.21646699288347,54.24100448945384,2
8,18,20,15,19,11.81646699288347,27.711004489453842,8
6,30,21,32,34,21.85646699288347,52.411004489453845,9
6,23,21,26,30,18.01646699288347,45.07100448945384,9
7,31,32,17,27,23.33646699288347,50.73100448945384,3
5,42,48,43,33,21.81646699288347,68.50100448945385,2
6,9,14,33,12,30.83646699288347,64.83100448945385,6
3,9,25,11,35,18.86646699288347,34.481004489453845,10
9,9,23,22,13,22.81646699288347,53.271004489453844,3
5,9,30,11,37,15.876466992883469,50.271004489453844,1
2,9,14,10,41,35.81646699288347,69.67100448945385,2
7,16,38,10,33,15.876466992883469,45.03100448945384,3
2,9,14,10,26,20.81646699288347,40.90100448945384,6
2,9,14,10,20,14.81646699288347,38.871004489453846,9
6,20,47,21,39,14.81646699288347,50.631004489453844,3
6,22,38,23,30,14.81646699288347,42.85100448945384,3
7,9,39,20,45,20.02646699288347,44.60100448945384,1
3,9,51,10,70,27.81646699288347,78.49100448945384,3
3,11,35,12,55,28.81646699288347,54.75100448945384,3
8,29,49,35,42,15.626466992883469,54.08100448945384,1
3,9,30,12,45,23.93646699288347,49.90100448945384,6
4,11,62,18,59,14.13646699288347,61.99100448945384,2
4,9,27,26,31,24.57646699288347,47.74100448945384,9
3,9,19,10,23,12.81646699288347,30.871004489453846,8
3,9,39,11,57,26.84646699288347,71.95100448945385,6
2,25,14,10,25,27.81646699288347,50.47100448945384,4
5,9,38,19,37,16.81646699288347,41.68100448945384,7
7,34,48,26,41,18.63646699288347,73.31100448945385,2
7,23,28,10,19,23.93646699288347,51.57100448945384,3
2,9,14,12,33,27.91646699288347,37.32100448945384,5
5,11,31,18,31,13.896466992883468,32.701004489453844,7
6,9,14,37,12,34.836466992883466,59.911004489453845,6
5,11,33,29,32,24.81646699288347,37.941004489453846,6
3,9,29,10,48,27.81646699288347,53.51100448945384,10
4,9,25,31,26,28.91646699288347,50.89100448945384,6
7,18,51,10,45,18.11646699288347,62.06100448945384,3
5,38,14,38,21,15.876466992883469,61.07100448945384,8
2,9,14,10,33,27.81646699288347,50.73100448945384,10
4,9,38,41,36,38.836466992883466,56.35100448945384,7
4,9,14,33,14,30.83646699288347,52.951004489453844,10
2,9,14,10,30,24.81646699288347,56.01100448945384,1
3,9,26,10,37,19.81646699288347,57.93100448945384,8
2,26,14,13,18,22.686466992883467,43.83100448945384,8
2,29,14,20,19,19.47646699288347,45.78100448945384,8
3,25,14,28,29,23.93646699288347,56.26100448945384,1
4,9,39,28,42,26.25646699288347,67.99100448945384,9
4,9,20,20,20,17.86646699288347,37.07100448945384,1
3,11,21,10,27,15.09646699288347,42.371004489453846,4
3,9,25,11,40,23.84646699288347,44.67100448945384,10
4,9,35,23,34,20.81646699288347,49.49100448945384,6
2,9,14,10,22,16.81646699288347,45.78100448945384,9
4,9,14,30,15,27.91646699288347,44.67100448945384,10
6,9,14,36,15,33.89646699288347,54.67100448945384,6
6,25,38,28,51,21.95646699288347,53.12100448945384,9
2,9,14,10,24,18.81646699288347,51.53100448945384,1
4,9,28,18,27,15.81646699288347,50.881004489453844,1
4,9,32,16,29,14.13646699288347,40.75100448945384,6
5,9,50,33,49,30.81646699288347,53.79100448945384,7
6,24,24,13,36,25.50646699288347,38.53100448945384,1
3,11,19,10,23,13.206466992883469,42.371004489453846,4
2,9,14,12,49,43.87646699288347,63.701004489453844,3
3,11,44,12,54,18.81646699288347,57.60100448945384,3
4,11,66,29,62,25.07646699288347,66.78100448945385,2
3,9,29,10,43,22.81646699288347,66.07100448945384,8
3,9,37,12,45,17.03646699288347,55.62100448945384,7
3,18,14,20,26,20.85646699288347,44.60100448945384,1
4,9,36,31,35,28.81646699288347,57.14100448945384,6
2,9,14,10,28,22.81646699288347,53.591004489453844,6
5,17,29,27,33,18.11646699288347,37.981004489453845,8
2,9,14,10,43,37.81646699288347,68.50100448945385,2
2,9,14,10,33,27.81646699288347,56.26100448945384,1
3,9,36,10,42,14.81646699288347,42.85100448945384,2
2,9,14,10,21,15.81646699288347,37.75100448945384,10
4,9,37,23,31,21.74646699288347,60.411004489453845,9
4,9,24,10,34,18.81646699288347,49.35100448945384,4
3,9,38,16,33,15.026466992883469,39.911004489453845,5
5,21,46,22,36,16.81646699288347,53.131004489453844,3
3,9,37,10,48,19.81646699288347,51.381004489453844,3
3,9,29,10,48,27.81646699288347,53.51100448945384,10
2,9,14,11,35,29.83646699288347,38.271004489453844,5
2,9,14,10,52,46.81646699288347,71.49100448945384,2
3,31,14,34,23,18.01646699288347,50.12100448945384,1
4,9,64,20,57,19.47646699288347,62.73100448945384,3
6,9,14,34,15,31.896466992883468,55.72100448945384,6
5,9,33,12,52,27.91646699288347,53.61100448945384,1
2,9,14,10,35,29.81646699288347,53.271004489453844,9
7,29,32,28,25,14.13646699288347,58.49100448945384,2
4,9,37,24,48,26.25646699288347,70.74100448945384,8
7,24,42,20,37,14.216466992883468,57.56100448945384,2
3,9,26,11,32,14.88646699288347,36.57100448945384,10
4,9,14,19,13,16.81646699288347,41.43100448945384,10
6,29,24,24,23,13.81646699288347,45.48100448945384,8
6,21,31,24,51,28.91646699288347,51.57100448945384,1
4,26,44,28,37,13.896466992883468,51.32100448945384,5
6,19,20,10,13,19.47646699288347,43.631004489453844,5
4,9,34,21,43,22.686466992883467,63.57100448945384,4
5,9,33,10,53,28.81646699288347,60.81100448945384,1
4,11,75,34,57,35.61646699288347,78.19100448945385,3
3,9,26,10,37,19.81646699288347,50.47100448945384,4
2,9,14,10,19,13.81646699288347,46.18100448945384,7
7,23,28,10,19,23.93646699288347,52.701004489453844,3
3,9,34,10,50,24.81646699288347,56.87100448945384,10
4,9,22,27,21,24.81646699288347,38.871004489453846,6
4,10,52,19,47,16.756466992883468,50.12100448945384,2
2,9,14,11,39,33.836466992883466,70.15100448945384,3
3,9,32,12,42,18.99646699288347,53.591004489453844,6
6,34,55,35,37,24.81646699288347,71.49100448945384,2
4,9,20,10,24,12.81646699288347,29.43100448945384,8
2,9,14,10,34,28.81646699288347,40.191004489453846,2
4,9,36,24,47,26.25646699288347,48.23100448945384,8
7,30,14,31,19,13.81646699288347,58.48100448945384,8
7,35,48,29,41,17.03646699288347,72.81100448945385,3
7,9,40,33,52,34.23646699288347,56.86100448945384,1
4,9,44,39,57,40.01646699288347,66.07100448945384,8
7,10,45,19,39,17.24646699288347,43.64100448945384,1
6,9,14,37,15,34.88646699288347,51.43100448945384,6
2,9,14,10,33,27.81646699288347,60.73100448945384,1
3,22,21,10,27,22.576466992883468,49.97100448945384,8
2,9,14,10,26,20.81646699288347,46.07100448945384,7
3,21,14,24,19,14.13646699288347,58.201004489453844,9
6,35,25,24,44,31.13646699288347,51.53100448945384,1
4,9,71,46,59,45.45646699288347,78.49100448945384,3
7,19,51,10,44,19.47646699288347,62.271004489453844,2
6,9,14,26,14,23.84646699288347,53.71100448945384,6
2,9,14,11,47,41.82646699288347,64.67100448945385,3
3,14,21,10,27,16.416466992883468,55.79100448945384,4
4,9,24,20,24,17.86646699288347,33.00100448945384,6
4,9,14,24,14,21.85646699288347,38.85100448945384,10
6,23,56,10,44,25.61646699288347,76.32100448945384,3
2,9,14,10,33,27.81646699288347,48.07100448945384,2
6,26,33,10,19,29.21646699288347,56.381004489453844,3
6,34,34,33,56,30.90646699288347,60.81100448945384,1
3,9,26,10,37,19.81646699288347,60.591004489453844,4
6,21,21,22,34,21.81646699288347,55.71100448945384,1
3,9,25,10,35,18.81646699288347,46.00100448945384,4
4,10,61,20,55,18.11646699288347,71.51100448945384,3
6,16,38,10,31,17.03646699288347,45.78100448945384,2
2,9,14,10,24,18.81646699288347,39.53100448945384,1
2,9,14,10,50,44.81646699288347,52.22100448945384,5
4,9,14,16,15,14.13646699288347,30.991004489453843,10
5,28,14,28,23,17.86646699288347,45.48100448945384,8
7,30,32,10,19,32.00646699288347,66.97100448945385,3
4,9,30,15,37,17.24646699288347,48.29100448945384,4
2,9,14,10,23,17.81646699288347,30.991004489453843,10
2,9,14,10,40,34.81646699288347,45.90100448945384,5
4,9,20,10,25,13.81646699288347,31.661004489453845,8
7,35,31,10,21,35.32646699288347,61.55100448945384,3
2,51,14,10,28,52.41646699288347,71.90100448945384,8
6,9,14,30,14,27.83646699288347,49.36100448945384,6
2,9,14,10,36,30.81646699288347,55.62100448945384,7
3,9,35,10,45,18.81646699288347,46.85100448945384,10
3,9,34,11,49,23.84646699288347,57.93100448945384,7
3,9,34,11,56,30.83646699288347,55.451004489453844,7
4,9,22,18,25,16.756466992883468,43.091004489453844,9
3,9,27,12,50,31.896466992883468,59.341004489453844,10
2,9,14,10,43,37.81646699288347,76.26100448945384,2
6,24,54,20,46,16.416466992883468,64.23100448945384,3
3,9,25,10,35,18.81646699288347,47.841004489453844,4
4,9,14,22,14,19.85646699288347,30.281004489453842,10
5,26,46,27,32,20.81646699288347,56.76100448945384,3
6,9,14,29,12,26.84646699288347,57.30100448945384,6
2,9,14,10,36,30.81646699288347,43.64100448945384,2
4,9,20,16,17,14.13646699288347,35.831004489453846,7
2,30,14,10,26,32.516466992883466,54.49100448945384,4
2,16,14,10,18,16.416466992883468,29.43100448945384,8
7,26,20,10,13,25.84646699288347,51.32100448945384,5
2,9,14,10,21,15.81646699288347,40.14100448945384,7
2,9,14,10,35,29.81646699288347,55.00100448945384,10
4,9,32,12,40,17.03646699288347,51.32100448945384,4
4,9,23,31,22,28.81646699288347,48.51100448945384,6
6,25,37,10,27,26.17646699288347,51.381004489453844,3
6,18,22,12,21,14.81646699288347,29.43100448945384,8
3,10,34,11,51,25.81646699288347,52.701004489453844,3
3,9,26,10,37,19.81646699288347,57.93100448945384,8
2,9,14,10,28,22.81646699288347,48.81100448945384,7
2,34,14,13,19,30.61646699288347,48.55100448945384,8
2,9,14,10,20,14.81646699288347,38.271004489453844,7
5,9,36,10,54,26.81646699288347,54.73100448945384,9
4,9,28,18,31,16.756466992883468,44.31100448945384,1
2,9,14,12,49,43.87646699288347,51.32100448945384,5
2,9,14,10,38,32.81646699288347,67.99100448945384,9
6,22,28,25,40,20.96646699288347,41.96100448945384,9
3,11,18,10,21,12.286466992883469,38.36100448945384,8
3,21,14,24,34,28.91646699288347,40.60100448945384,1
7,11,37,23,42,20.346466992883467,44.69100448945384,1
2,9,14,10,27,21.81646699288347,45.78100448945384,9
6,9,14,34,11,31.896466992883468,47.951004489453844,6
2,9,14,10,27,21.81646699288347,49.15100448945384,1
4,9,22,18,24,16.35646699288347,46.97100448945384,1
3,30,14,32,19,13.896466992883468,60.31100448945384,1
3,10,35,11,53,26.81646699288347,58.78100448945384,3
3,30,14,32,28,22.846466992883467,51.29100448945384,1
2,9,14,10,34,28.81646699288347,47.841004489453844,7
6,18,41,10,33,19.21646699288347,50.12100448945384,2
6,23,24,17,18,16.416466992883468,41.481004489453845,5
8,9,20,31,13,29.65646699288347,63.87100448945384,3
6,11,40,26,45,23.04646699288347,47.31100448945384,8
8,35,29,10,20,35.016466992883466,68.78100448945385,2
3,34,14,36,24,18.86646699288347,48.55100448945384,9
2,9,14,10,39,33.81646699288347,64.52100448945384,2
2,9,14,10,30,24.81646699288347,53.87100448945384,1
2,9,14,10,22,16.81646699288347,30.921004489453843,7
5,9,30,15,33,14.216466992883468,37.90100448945384,4
6,32,22,23,17,18.58646699288347,45.04100448945384,5
7,21,14,23,24,18.86646699288347,38.36100448945384,8
4,9,40,31,51,32.00646699288347,54.49100448945384,4
8,15,32,10,27,15.026466992883469,53.131004489453844,3
6,28,32,29,47,23.81646699288347,50.021004489453844,1
4,9,28,22,34,21.70646699288347,49.97100448945384,4
3,10,44,11,53,17.81646699288347,53.131004489453844,3
3,9,25,11,33,16.87646699288347,33.90100448945384,10
2,9,14,10,37,31.81646699288347,44.31100448945384,1
4,9,36,29,45,29.28646699288347,48.29100448945384,4
6,9,14,16,11,14.13646699288347,46.68100448945384,6
3,9,32,12,51,27.91646699288347,62.81100448945384,6
7,10,48,24,51,21.416466992883468,51.57100448945384,1
6,9,14,41,15,38.876466992883465,64.08100448945385,6
5,9,39,12,46,16.06646699288347,55.85100448945384,9
6,23,21,19,20,12.81646699288347,30.871004489453846,8
7,27,19,10,13,26.49646699288347,47.69100448945384,5
5,9,33,13,37,13.646466992883468,43.83100448945384,8
3,16,19,10,23,16.416466992883468,42.371004489453846,8
4,9,24,10,34,18.81646699288347,54.26100448945384,8
7,15,18,10,13,15.026466992883469,39.911004489453845,5
3,11,36,12,54,26.81646699288347,54.08100448945384,3
2,9,14,10,26,20.81646699288347,57.76100448945384,6
8,36,22,32,21,12.81646699288347,67.89100448945385,8
2,9,14,10,33,27.81646699288347,73.31100448945385,10
3,11,20,10,25,14.13646699288347,37.90100448945384,4
4,9,28,23,34,22.576466992883468,49.97100448945384,8
6,9,14,35,11,32.89646699288347,58.78100448945384,6
4,9,20,22,19,19.81646699288347,46.18100448945384,7
4,9,14,26,15,23.93646699288347,51.381004489453844,10
3,34,14,36,21,15.876466992883469,57.94100448945384,9
4,10,62,22,55,20.346466992883467,60.55100448945384,2
4,9,28,26,25,23.93646699288347,49.36100448945384,6
3,11,41,22,34,19.47646699288347,47.87100448945384,5
7,10,47,18,33,22.576466992883468,45.03100448945384,1
6,30,50,27,40,17.666466992883468,67.15100448945384,3
3,11,20,10,25,14.13646699288347,51.32100448945384,4
2,9,14,10,33,27.81646699288347,33.00100448945384,5
3,31,14,33,19,13.896466992883468,45.78100448945384,9
5,19,58,23,52,13.646466992883468,62.73100448945384,3
4,9,34,19,34,16.87646699288347,46.54100448945384,7
4,9,59,15,56,13.206466992883469,59.92100448945384,3
5,23,52,24,40,18.81646699288347,62.62100448945384,3
8,13,35,10,32,12.286466992883469,45.25100448945384,3
2,9,14,10,33,27.81646699288347,50.73100448945384,10
3,9,49,11,61,20.85646699288347,60.55100448945384,2
6,18,56,19,49,13.81646699288347,57.94100448945384,3
2,9,14,10,27,21.81646699288347,53.79100448945384,7
3,19,14,21,31,25.84646699288347,42.091004489453844,9
4,9,14,27,13,24.81646699288347,38.871004489453846,10
4,9,39,14,50,20.46646699288347,67.43100448945384,8
3,33,20,10,25,32.556466992883465,57.76100448945384,8
3,9,38,12,62,32.89646699288347,72.47100448945385,2
5,9,38,32,39,29.90646699288347,46.68100448945384,6
5,9,38,12,59,29.90646699288347,61.64100448945384,9
2,9,14,10,25,19.81646699288347,46.54100448945384,10
7,48,14,50,24,18.86646699288347,76.37100448945384,8
5,10,50,40,49,36.81646699288347,57.93100448945384,7
6,33,32,34,41,17.81646699288347,47.951004489453844,9
2,9,14,10,35,29.81646699288347,46.07100448945384,6
5,30,34,31,23,17.81646699288347,47.69100448945384,5
3,9,34,10,49,23.81646699288347,56.87100448945384,6
2,9,14,10,35,29.81646699288347,46.07100448945384,6
5,24,61,35,52,20.62646699288347,71.49100448945384,2
2,9,14,10,33,27.81646699288347,56.01100448945384,10
5,11,49,42,48,37.81646699288347,59.24100448945384,6
4,9,23,19,20,17.03646699288347,48.51100448945384,7
2,9,14,12,52,46.86646699288347,54.90100448945384,5
4,9,22,18,21,15.81646699288347,33.871004489453846,7
2,9,14,10,34,28.81646699288347,58.14100448945384,1
5,9,38,16,44,17.03646699288347,44.31100448945384,1
7,11,57,34,26,45.01646699288347,60.31100448945384,1
6,28,22,18,55,43.55646699288347,57.17100448945384,1
2,23,14,12,20,21.70646699288347,44.36100448945384,8
2,9,14,10,43,37.81646699288347,65.48100448945384,3
2,9,14,10,27,21.81646699288347,39.25100448945384,10
2,9,14,10,37,31.81646699288347,59.82100448945384,3
7,9,20,33,13,31.58646699288347,64.30100448945385,3
6,26,33,10,19,29.21646699288347,57.31100448945384,2
5,11,41,28,49,26.17646699288347,51.32100448945384,4
4,9,30,32,37,31.22646699288347,43.631004489453844,4
5,9,39,12,59,28.91646699288347,63.68100448945384,9
2,9,14,10,32,26.81646699288347,45.96100448945384,9
4,9,30,28,28,25.84646699288347,57.47100448945384,6
2,26,14,23,16,12.81646699288347,37.981004489453845,8
6,20,26,17,44,27.23646699288347,43.96100448945384,1
2,9,14,11,36,30.83646699288347,42.21100448945384,5
3,9,20,10,25,13.81646699288347,32.17100448945384,8
5,9,31,17,34,15.876466992883469,40.60100448945384,8
6,16,14,16,24,18.86646699288347,26.721004489453843,8
5,9,24,23,36,26.19646699288347,43.60100448945384,1
2,9,14,10,33,27.81646699288347,40.481004489453845,2
6,23,22,10,13,23.93646699288347,45.96100448945384,5
3,9,43,11,50,15.876466992883469,50.29100448945384,2
3,10,37,16,33,13.646466992883468,39.091004489453844,5
2,9,14,10,21,15.81646699288347,40.621004489453846,6
4,9,32,26,41,26.68646699288347,43.32100448945384,4
2,9,14,10,20,14.81646699288347,37.32100448945384,1
3,9,42,10,52,18.81646699288347,54.451004489453844,2
2,9,14,10,27,21.81646699288347,36.07100448945384,10
6,33,20,32,35,23.93646699288347,51.07100448945384,9
5,11,47,37,44,32.89646699288347,53.71100448945384,6
7,22,41,14,37,17.30646699288347,50.29100448945384,2
4,9,42,27,55,29.83646699288347,57.17100448945384,8
5,9,24,12,36,20.96646699288347,44.69100448945384,1
4,11,61,24,54,21.236466992883468,60.72100448945384,2
7,27,24,22,23,13.81646699288347,44.36100448945384,8
5,16,42,17,36,12.81646699288347,39.93100448945384,3
5,25,55,26,42,19.81646699288347,64.52100448945384,2
3,23,14,24,30,24.81646699288347,51.92100448945384,1
2,9,14,10,24,18.81646699288347,43.271004489453844,1
5,9,30,12,33,12.286466992883469,39.371004489453846,4
6,28,45,29,31,20.81646699288347,56.26100448945384,3
6,17,21,16,43,30.90646699288347,49.90100448945384,1
3,9,20,11,27,15.876466992883469,29.941004489453846,7
7,9,40,33,52,34.23646699288347,56.86100448945384,1
6,9,14,35,12,32.836466992883466,50.771004489453844,6
3,16,19,10,23,16.416466992883468,42.371004489453846,8
5,9,35,18,59,34.06646699288347,58.14100448945384,1
6,27,22,23,21,12.81646699288347,54.93100448945384,8
5,28,53,32,41,19.21646699288347,63.87100448945384,3
7,18,20,10,13,18.63646699288347,59.17100448945384,5
4,9,14,30,15,27.91646699288347,47.131004489453844,10
4,9,27,20,32,19.47646699288347,45.78100448945384,8
4,9,28,17,25,15.09646699288347,32.261004489453846,1
4,26,28,27,20,14.81646699288347,37.32100448945384,5
5,9,31,11,51,28.83646699288347,56.01100448945384,1
7,11,41,18,48,17.81646699288347,46.97100448945384,1
2,9,14,10,29,23.81646699288347,52.951004489453844,9
2,9,14,10,32,26.81646699288347,42.691004489453846,9
3,9,34,11,39,13.896466992883468,39.301004489453845,10
2,9,14,10,21,15.81646699288347,46.97100448945384,1
3,9,31,11,46,23.84646699288347,49.35100448945384,6
4,9,34,31,27,29.65646699288347,60.73100448945384,1
7,9,28,23,13,26.91646699288347,53.131004489453844,3
4,19,28,20,20,14.81646699288347,35.24100448945384,5
3,24,14,26,37,31.83646699288347,53.12100448945384,9
6,23,20,22,28,17.03646699288347,58.201004489453844,9
4,9,31,25,30,22.81646699288347,49.15100448945384,1
3,20,14,23,25,19.986466992883468,54.08100448945384,1
2,26,14,19,18,17.24646699288347,47.31100448945384,4
8,19,22,16,21,11.81646699288347,31.661004489453845,8
7,11,37,16,41,14.216466992883468,41.53100448945384,1
2,9,14,10,27,21.81646699288347,41.68100448945384,7
5,13,41,18,38,12.286466992883469,39.231004489453845,2
6,41,35,10,21,42.35646699288347,67.11100448945385,2
4,9,14,31,15,28.91646699288347,41.481004489453845,10
2,9,14,10,31,25.81646699288347,55.71100448945384,1
4,9,24,29,24,26.84646699288347,47.43100448945384,1
4,9,14,35,14,32.836466992883466,54.08100448945384,10
2,9,14,10,29,23.81646699288347,57.94100448945384,9
3,9,34,11,39,13.896466992883468,45.78100448945384,7
3,9,42,10,58,24.81646699288347,59.17100448945384,3
7,9,30,26,13,30.44646699288347,62.62100448945384,3
6,20,46,20,40,12.916466992883468,53.521004489453844,2
2,9,14,10,24,18.81646699288347,46.43100448945384,9
3,9,23,10,41,26.81646699288347,46.07100448945384,10
8,37,30,10,19,37.54646699288347,84.85100448945384,3
4,10,70,24,63,22.13646699288347,69.31100448945385,2
3,9,29,12,46,25.92646699288347,46.18100448945384,10
6,11,34,22,37,18.58646699288347,38.36100448945384,8
6,23,22,10,13,23.93646699288347,44.61100448945384,5
4,9,25,25,27,23.11646699288347,37.701004489453844,1
5,9,38,29,38,26.84646699288347,42.47100448945384,7
2,9,14,10,25,19.81646699288347,46.54100448945384,10
4,9,38,40,49,40.12646699288347,57.93100448945384,8
4,9,14,25,14,22.846466992883467,54.73100448945384,10
4,9,35,21,35,18.86646699288347,59.58100448945384,7
2,9,14,10,35,29.81646699288347,58.49100448945384,7
3,9,43,11,63,28.83646699288347,70.43100448945384,2
9,9,35,21,13,31.52646699288347,63.841004489453844,3
3,18,20,10,25,18.63646699288347,51.32100448945384,4
4,9,26,22,30,20.81646699288347,51.57100448945384,1
4,9,25,33,28,31.16646699288347,52.12100448945384,9
4,9,35,24,34,21.81646699288347,47.841004489453844,7
5,42,49,43,36,19.81646699288347,66.87100448945384,2
4,26,44,30,33,18.256466992883468,54.90100448945384,5
5,26,14,26,21,15.876466992883469,54.93100448945384,8
3,9,33,11,44,19.85646699288347,49.08100448945384,7
3,28,14,30,28,22.846466992883467,64.92100448945385,1
4,9,14,22,15,19.986466992883468,45.25100448945384,10
3,9,28,11,34,14.88646699288347,35.261004489453846,10
3,9,27,10,39,20.81646699288347,46.07100448945384,7
2,9,14,10,33,27.81646699288347,73.31100448945385,10
5,9,38,19,37,16.81646699288347,41.68100448945384,7
2,9,14,11,40,34.836466992883466,41.481004489453845,5
2,30,14,21,20,20.02646699288347,58.48100448945384,8
2,9,14,10,33,27.81646699288347,52.94100448945384,10
6,37,40,36,30,17.03646699288347,61.55100448945384,3
2,38,14,10,28,40.46646699288347,66.07100448945384,8
2,9,14,10,33,27.81646699288347,57.31100448945384,2
8,20,24,16,23,12.81646699288347,35.67100448945384,8
5,24,14,27,20,15.09646699288347,35.911004489453845,8
5,9,26,24,45,32.226466992883466,47.79100448945384,1
4,10,49,26,39,25.30646699288347,49.55100448945384,2
4,9,28,27,22,25.53646699288347,44.69100448945384,9
5,9,23,13,24,11.42646699288347,27.711004489453842,8
3,9,19,10,23,12.81646699288347,27.191004489453846,8
2,34,14,21,21,23.93646699288347,51.68100448945384,4
5,27,62,35,56,16.416466992883468,66.97100448945385,3
5,9,50,40,50,37.836466992883466,58.701004489453844,7
4,10,66,44,56,42.02646699288347,73.20100448945385,2
6,33,45,34,31,20.81646699288347,58.58100448945384,3
3,9,23,12,45,30.90646699288347,49.15100448945384,7
2,9,14,10,27,21.81646699288347,46.54100448945384,6
2,9,14,10,25,19.81646699288347,37.32100448945384,7
3,9,42,17,37,15.876466992883469,42.371004489453846,5
5,9,22,17,23,15.09646699288347,27.351004489453842,8
2,9,14,10,31,25.81646699288347,46.68100448945384,6
7,17,14,17,23,17.86646699288347,29.43100448945384,8
4,11,64,20,62,15.876466992883469,62.271004489453844,2
2,9,14,10,35,29.81646699288347,70.48100448945384,6
5,26,27,10,13,29.21646699288347,53.61100448945384,5
5,23,28,22,20,15.09646699288347,43.271004489453844,5
3,19,21,10,27,20.02646699288347,62.18100448945384,8
3,28,14,31,27,21.95646699288347,51.03100448945384,9
3,9,31,10,48,25.81646699288347,61.32100448945384,7
8,35,29,10,20,35.016466992883466,68.78100448945385,2
5,21,30,22,21,15.81646699288347,37.90100448945384,5
6,21,28,23,39,19.85646699288347,40.14100448945384,9
7,9,28,22,13,26.25646699288347,51.381004489453844,3
2,9,14,10,26,20.81646699288347,36.31100448945384,1
5,43,27,10,13,44.21646699288347,62.81100448945384,5
5,35,61,36,45,22.81646699288347,75.54100448945384,2
3,19,14,20,20,14.81646699288347,37.07100448945384,1
5,9,25,11,27,10.97646699288347,29.43100448945384,8
3,17,14,20,31,25.92646699288347,53.271004489453844,9
4,9,61,17,58,15.09646699288347,60.11100448945384,2
2,33,14,16,20,27.12646699288347,47.951004489453844,4
4,9,23,19,22,16.81646699288347,54.67100448945384,6
3,9,38,16,33,15.026466992883469,39.911004489453845,5
4,9,58,21,55,18.99646699288347,61.19100448945384,2
2,9,14,10,19,13.81646699288347,29.941004489453846,7
4,9,37,19,37,16.87646699288347,53.271004489453844,9
2,9,14,10,25,19.81646699288347,49.98100448945384,7
5,22,69,29,62,16.30646699288347,74.01100448945384,3
2,9,14,10,28,22.81646699288347,56.29100448945384,9
5,29,34,27,23,18.256466992883468,54.90100448945384,5
6,30,24,28,18,13.646466992883468,47.69100448945384,5
4,9,29,36,25,33.98646699288347,52.30100448945384,9
3,34,14,37,22,17.03646699288347,48.55100448945384,1
2,9,14,12,37,31.896466992883468,37.90100448945384,5
5,15,33,26,39,20.02646699288347,42.691004489453846,8
5,23,46,27,38,15.436466992883469,54.53100448945384,3
2,9,14,10,35,29.81646699288347,62.86100448945384,1
2,9,14,10,31,25.81646699288347,43.96100448945384,1
3,9,38,12,58,28.91646699288347,59.92100448945384,2
7,22,31,17,26,15.026466992883469,42.85100448945384,3
2,9,14,10,21,15.81646699288347,38.871004489453846,6
4,15,34,22,29,15.026466992883469,37.011004489453846,5
5,9,28,12,44,24.93646699288347,44.31100448945384,1
6,9,14,51,12,48.82646699288347,71.95100448945385,6
2,9,14,10,46,40.81646699288347,71.49100448945384,2
3,9,21,12,36,23.93646699288347,40.28100448945384,7
5,9,50,34,50,31.83646699288347,56.87100448945384,6
6,19,22,20,40,26.81646699288347,39.86100448945384,9
3,9,35,10,43,16.81646699288347,49.49100448945384,6
6,23,23,23,36,21.85646699288347,38.00100448945384,9
3,9,27,12,45,26.91646699288347,57.76100448945384,6
6,34,14,34,19,13.896466992883468,67.43100448945384,8
5,9,42,21,48,20.85646699288347,58.48100448945384,8
2,9,14,10,31,25.81646699288347,54.08100448945384,1
6,18,42,17,36,13.206466992883469,48.18100448945384,2
6,29,59,30,49,16.81646699288347,66.78100448945385,2
3,9,44,10,53,17.81646699288347,54.53100448945384,3
3,9,39,12,57,26.91646699288347,71.90100448945384,6
8,20,34,10,29,19.51646699288347,54.08100448945384,3
3,25,14,27,22,16.87646699288347,44.69100448945384,9
7,29,50,29,45,11.936466992883469,66.78100448945385,2
6,32,28,23,36,21.26646699288347,43.60100448945384,1
5,9,32,14,54,31.16646699288347,54.08100448945384,1
4,23,40,26,34,13.206466992883469,46.85100448945384,5
3,9,22,11,40,26.84646699288347,45.28100448945384,10
2,9,14,10,41,35.81646699288347,54.451004489453844,2
3,10,50,11,59,17.81646699288347,57.76100448945384,3
5,15,35,34,41,27.12646699288347,47.951004489453844,4
4,18,38,24,32,14.88646699288347,41.481004489453845,5
3,9,35,11,54,27.83646699288347,67.66100448945384,7
5,9,33,12,37,13.206466992883469,42.371004489453846,4
6,31,23,25,22,14.81646699288347,45.131004489453844,8
4,9,65,26,54,26.68646699288347,64.52100448945384,2
3,27,14,29,24,18.86646699288347,52.661004489453845,1
2,9,14,10,22,16.81646699288347,45.78100448945384,9
2,9,14,10,37,31.81646699288347,61.05100448945384,2
3,10,20,10,24,12.916466992883468,36.621004489453846,8
2,9,14,10,43,37.81646699288347,44.61100448945384,5
6,34,24,37,31,16.06646699288347,64.41100448945384,1
5,32,22,10,13,32.16646699288347,44.31100448945384,5
7,11,59,24,65,21.70646699288347,67.53100448945385,1
3,9,19,10,23,12.81646699288347,28.871004489453846,8
6,41,46,27,35,25.84646699288347,70.43100448945384,2
3,17,14,18,27,21.81646699288347,50.881004489453844,1
6,9,14,36,14,33.836466992883466,71.90100448945384,6
2,9,14,11,51,45.82646699288347,53.56100448945384,5
2,9,14,10,29,23.81646699288347,62.73100448945384,7
4,10,62,29,52,27.93646699288347,63.87100448945384,3
6,26,34,10,19,29.83646699288347,61.05100448945384,2
2,9,14,11,46,40.83646699288347,47.74100448945384,5
4,9,26,10,37,19.81646699288347,52.75100448945384,4
5,9,22,11,46,32.836466992883466,53.71100448945384,9
3,11,21,10,27,15.09646699288347,44.36100448945384,8
2,9,14,12,42,36.88646699288347,55.04100448945384,3
3,33,14,34,25,19.81646699288347,46.451004489453844,1
4,9,24,10,33,17.81646699288347,44.61100448945384,4
2,9,14,10,29,23.81646699288347,44.69100448945384,10
6,35,24,10,13,35.67646699288347,60.89100448945384,5
6,35,25,37,39,22.846466992883467,48.55100448945384,9
3,9,21,11,37,24.84646699288347,41.07100448945384,10
5,22,30,23,21,15.81646699288347,38.36100448945384,5
4,9,25,17,23,14.88646699288347,37.64100448945384,7
4,9,25,19,23,16.87646699288347,47.21100448945384,9
4,9,30,27,37,26.60646699288347,40.481004489453845,4
2,9,14,12,51,45.86646699288347,52.701004489453844,5
3,9,23,10,35,20.81646699288347,41.481004489453845,10
5,9,27,13,36,18.256466992883468,38.53100448945384,1
4,9,26,18,31,17.81646699288347,32.17100448945384,8
6,30,28,31,44,24.81646699288347,51.03100448945384,9
8,15,31,10,26,15.026466992883469,44.911004489453845,2
5,30,52,31,35,23.81646699288347,68.34100448945385,3
2,9,14,10,19,13.81646699288347,45.08100448945384,9
6,23,25,26,30,14.13646699288347,45.96100448945384,9
5,31,23,10,13,31.58646699288347,45.90100448945384,5
5,19,51,29,44,18.63646699288347,56.26100448945384,3
3,9,42,11,48,14.88646699288347,49.55100448945384,2
6,19,38,10,32,18.99646699288347,43.64100448945384,3
6,31,42,29,30,19.21646699288347,63.87100448945384,3
7,18,18,10,13,17.666466992883468,37.49100448945384,5
5,9,27,11,39,20.85646699288347,45.78100448945384,9
3,9,39,10,56,25.81646699288347,57.69100448945384,10
2,9,14,11,43,37.836466992883466,50.12100448945384,5
4,10,42,19,37,16.756466992883468,40.481004489453845,2
2,9,14,10,33,27.81646699288347,53.12100448945384,9
7,30,32,10,19,32.00646699288347,66.97100448945385,3
4,34,44,41,32,20.346466992883467,60.11100448945384,5
3,10,44,28,37,25.84646699288347,50.771004489453844,5
2,9,14,10,27,21.81646699288347,57.72100448945384,7
5,11,39,27,36,22.94646699288347,46.451004489453844,6
3,16,14,17,20,14.81646699288347,48.73100448945384,1
8,20,20,18,19,10.81646699288347,35.67100448945384,8
2,9,14,10,30,24.81646699288347,58.701004489453844,7
2,9,14,11,48,42.82646699288347,59.17100448945384,5
5,11,43,29,51,27.05646699288347,55.49100448945384,8
2,9,14,10,51,45.81646699288347,79.61100448945385,3
6,19,50,10,42,20.02646699288347,61.08100448945384,2
3,9,40,10,64,32.81646699288347,64.52100448945384,2
5,10,28,20,29,17.03646699288347,29.941004489453846,7
4,10,42,17,41,13.81646699288347,39.93100448945384,3
4,9,14,22,14,19.85646699288347,29.511004489453846,10
3,9,39,12,49,18.99646699288347,49.701004489453844,2
3,24,19,10,23,23.62646699288347,54.93100448945384,4
4,9,65,23,58,22.13646699288347,72.92100448945385,3
7,38,49,18,42,29.65646699288347,72.36100448945385,3
6,23,22,10,13,23.93646699288347,49.08100448945384,5
9,9,44,18,13,38.86646699288347,57.94100448945384,3
4,9,26,12,31,14.13646699288347,37.90100448945384,4
4,11,62,18,59,14.13646699288347,61.99100448945384,2
4,30,30,31,21,15.81646699288347,42.21100448945384,5
7,34,14,34,21,15.876466992883469,67.89100448945385,8
5,9,20,12,36,24.93646699288347,37.011004489453846,9
4,9,28,22,34,21.70646699288347,49.97100448945384,4
3,9,28,11,33,13.896466992883468,38.731004489453845,7
5,9,50,29,51,26.91646699288347,58.87100448945384,7
3,9,30,12,37,16.06646699288347,39.301004489453845,6
4,10,48,16,44,13.646466992883468,47.47100448945384,3
3,9,44,28,38,26.49646699288347,47.69100448945384,5
2,38,14,10,28,40.46646699288347,66.07100448945384,8
2,9,14,10,35,29.81646699288347,57.56100448945384,2
3,11,34,27,27,23.97646699288347,37.32100448945384,5
4,9,20,29,20,26.84646699288347,47.951004489453844,6
2,9,14,10,33,27.81646699288347,51.03100448945384,9
6,12,45,10,41,12.056466992883468,47.29100448945384,3
2,9,14,10,24,18.81646699288347,38.00100448945384,9
5,9,61,37,58,34.88646699288347,65.27100448945384,6
7,28,28,10,19,28.43646699288347,51.381004489453844,3
4,23,38,25,28,16.87646699288347,44.61100448945384,5
5,23,33,24,23,16.81646699288347,42.371004489453846,5
3,31,14,33,19,13.896466992883468,45.78100448945384,9
4,9,36,13,46,19.21646699288347,61.19100448945384,8
3,11,38,16,33,13.47646699288347,37.90100448945384,5
3,9,20,11,28,16.87646699288347,28.561004489453843,10
2,9,14,11,34,28.83646699288347,42.85100448945384,3
5,26,46,27,32,20.81646699288347,56.76100448945384,3
4,9,35,23,36,20.96646699288347,55.99100448945384,9
4,9,28,23,29,20.96646699288347,54.26100448945384,6
3,11,50,12,69,27.81646699288347,72.81100448945385,3
4,15,34,22,29,15.026466992883469,37.90100448945384,5
5,9,36,10,53,25.81646699288347,54.93100448945384,9
3,11,48,24,37,23.436466992883467,49.08100448945384,5
5,26,50,29,38,18.99646699288347,58.08100448945384,3
4,10,54,22,45,21.416466992883468,53.131004489453844,3
3,9,21,12,39,26.91646699288347,38.271004489453844,7
2,9,14,10,37,31.81646699288347,39.911004489453845,5
6,26,24,10,13,27.53646699288347,54.90100448945384,5
6,9,14,36,15,33.89646699288347,54.67100448945384,6
6,39,22,35,21,12.81646699288347,61.07100448945384,8
5,9,31,11,51,28.83646699288347,52.701004489453844,9
5,11,36,19,34,14.88646699288347,34.841004489453844,7
2,31,14,20,20,21.70646699288347,62.18100448945384,8
6,18,48,10,40,19.21646699288347,56.96100448945384,2
4,9,37,48,34,45.86646699288347,69.97100448945385,7
3,9,48,10,56,16.81646699288347,61.32100448945384,2
5,24,14,27,20,15.09646699288347,35.911004489453845,8
3,26,14,27,25,19.81646699288347,53.61100448945384,1
3,10,37,31,29,29.00646699288347,42.21100448945384,5
4,9,29,31,29,28.83646699288347,43.72100448945384,6
4,9,32,35,31,32.81646699288347,70.48100448945384,7
3,11,36,12,41,13.81646699288347,39.93100448945384,3
5,9,29,11,32,11.936466992883469,35.67100448945384,8
3,9,37,10,60,31.81646699288347,63.841004489453844,3
8,21,31,10,24,21.236466992883468,61.771004489453844,3
3,9,27,11,35,16.87646699288347,35.67100448945384,10
4,11,58,20,54,16.35646699288347,57.56100448945384,2
5,25,27,26,19,14.81646699288347,37.47100448945384,5
6,38,49,24,40,24.81646699288347,68.01100448945384,2
5,9,39,11,62,31.83646699288347,61.08100448945384,9
6,19,21,19,37,24.84646699288347,37.07100448945384,1
5,10,58,40,56,36.836466992883466,64.32100448945384,7
2,9,14,10,32,26.81646699288347,49.90100448945384,1
6,44,51,45,35,22.81646699288347,72.92100448945385,3
5,26,14,28,22,16.87646699288347,53.56100448945384,8
4,9,34,16,36,14.526466992883469,58.451004489453844,9
2,9,14,10,24,18.81646699288347,61.28100448945384,6
5,9,25,17,27,15.436466992883469,31.07100448945384,8
2,9,14,10,23,17.81646699288347,41.53100448945384,7
5,13,50,23,46,17.30646699288347,50.29100448945384,2
5,9,22,12,23,10.646466992883468,26.691004489453842,8
5,28,66,36,59,17.03646699288347,72.81100448945385,3
8,18,38,27,39,16.06646699288347,43.271004489453844,1
4,9,50,17,44,16.416466992883468,48.18100448945384,2
6,30,22,10,13,30.28646699288347,49.49100448945384,5
6,9,14,19,13,16.81646699288347,61.29100448945384,6
3,9,22,10,29,15.81646699288347,43.631004489453844,4
3,9,30,10,39,17.81646699288347,44.36100448945384,6
4,9,14,32,15,29.90646699288347,47.47100448945384,10
3,17,14,18,27,21.81646699288347,50.881004489453844,1
6,33,23,34,40,25.81646699288347,47.19100448945384,9
2,9,14,12,33,27.91646699288347,37.32100448945384,5
2,23,14,17,18,16.416466992883468,42.371004489453846,8
4,9,38,26,49,27.81646699288347,50.47100448945384,4
5,29,34,27,23,18.256466992883468,54.90100448945384,5
3,15,14,18,27,21.95646699288347,48.92100448945384,9
5,9,24,11,37,21.85646699288347,47.43100448945384,1
2,9,14,12,48,42.87646699288347,50.43100448945384,5
4,9,26,10,37,19.81646699288347,51.32100448945384,4
7,16,34,10,29,15.876466992883469,39.93100448945384,3
4,26,36,27,24,18.81646699288347,48.19100448945384,5
2,9,14,10,27,21.81646699288347,46.24100448945384,9
7,9,32,24,13,30.61646699288347,57.60100448945384,3
4,26,44,30,33,18.256466992883468,54.90100448945384,5
4,10,56,27,45,26.68646699288347,56.76100448945384,3
8,30,41,10,34,29.65646699288347,72.81100448945385,3
7,17,18,10,13,16.756466992883468,41.68100448945384,5
6,18,44,28,49,18.63646699288347,51.32100448945384,4
4,9,27,22,20,21.236466992883468,52.83100448945384,1
6,30,24,28,18,13.646466992883468,47.69100448945384,5
5,26,53,27,39,20.81646699288347,63.881004489453844,2
2,23,14,12,20,21.70646699288347,42.371004489453846,4
2,46,14,10,26,47.03646699288347,66.24100448945384,8
2,9,14,10,24,18.81646699288347,37.64100448945384,7
3,10,36,28,27,26.60646699288347,39.50100448945384,5
7,9,31,27,13,31.85646699288347,64.83100448945385,3
5,9,35,25,39,23.62646699288347,54.93100448945384,4
3,9,22,11,33,19.85646699288347,38.871004489453846,6
5,25,56,39,48,22.576466992883468,67.15100448945384,2
8,9,31,28,13,32.57646699288347,67.15100448945384,3
3,9,22,10,29,15.81646699288347,40.481004489453845,4
5,14,14,14,21,15.876466992883469,24.961004489453842,8
2,9,14,10,23,17.81646699288347,44.69100448945384,1
3,9,51,11,66,23.84646699288347,65.41100448945384,2
3,9,33,12,51,26.91646699288347,60.11100448945384,10
7,29,36,16,31,22.37646699288347,53.131004489453844,3
4,9,26,21,23,18.99646699288347,59.99100448945384,6
5,9,29,23,27,20.85646699288347,30.921004489453843,7
2,43,14,10,25,43.87646699288347,60.591004489453844,4
2,26,14,10,26,29.21646699288347,53.56100448945384,8
5,21,68,34,59,22.236466992883468,75.69100448945385,3
3,9,43,11,65,30.83646699288347,67.15100448945384,2
3,11,23,10,31,17.03646699288347,51.32100448945384,4
5,11,54,39,54,34.836466992883466,61.29100448945384,6
2,9,14,10,33,27.81646699288347,56.87100448945384,6
2,9,14,10,26,20.81646699288347,47.74100448945384,9
5,11,34,27,32,22.846466992883467,37.32100448945384,7
8,13,51,29,44,23.97646699288347,53.131004489453844,1
9,9,26,29,13,30.28646699288347,68.38100448945384,3
2,9,14,10,44,38.81646699288347,55.22100448945384,3
2,9,14,10,23,17.81646699288347,48.29100448945384,1
4,9,64,20,57,19.47646699288347,62.06100448945384,2
2,9,14,10,30,24.81646699288347,53.05100448945384,9
4,9,21,17,19,14.88646699288347,48.51100448945384,6
5,9,33,17,37,16.416466992883468,42.371004489453846,8
3,9,34,11,49,23.84646699288347,59.24100448945384,10
6,28,54,29,46,14.81646699288347,59.92100448945384,3
9,9,22,30,13,29.35646699288347,63.46100448945384,3
2,9,14,10,21,15.81646699288347,38.871004489453846,10
9,9,41,19,13,36.27646699288347,59.92100448945384,3
4,9,35,27,38,25.27646699288347,56.26100448945384,1
5,9,32,11,51,27.83646699288347,58.271004489453844,9
5,11,38,30,36,25.84646699288347,45.131004489453844,6
3,9,37,10,60,31.81646699288347,59.58100448945384,2
5,28,53,32,41,19.21646699288347,63.87100448945384,3
6,21,37,10,27,22.81646699288347,53.131004489453844,3
2,9,14,11,35,29.83646699288347,56.26100448945384,3
5,9,25,11,39,22.846466992883467,52.12100448945384,9
4,14,30,29,26,22.13646699288347,38.661004489453845,5
2,9,14,12,38,32.89646699288347,42.47100448945384,5
5,16,59,34,53,25.53646699288347,63.841004489453844,3
6,9,14,36,14,33.836466992883466,50.771004489453844,6
4,10,51,14,49,10.97646699288347,50.29100448945384,2
6,24,53,10,43,25.30646699288347,67.11100448945385,2
5,9,33,10,44,19.81646699288347,45.96100448945384,9
5,9,25,17,27,15.436466992883469,31.07100448945384,8
3,19,23,10,31,21.26646699288347,56.68100448945384,8
5,15,32,33,37,25.84646699288347,44.31100448945384,4
5,9,34,11,47,21.85646699288347,56.26100448945384,1
7,44,41,36,31,20.54646699288347,79.67100448945384,2
2,9,14,10,42,36.81646699288347,56.25100448945384,3
2,9,14,10,51,45.81646699288347,59.92100448945384,3
4,9,35,30,34,27.81646699288347,57.591004489453844,6
6,9,14,17,13,14.81646699288347,45.131004489453844,6
5,9,47,44,54,42.74646699288347,80.38100448945384,8
2,9,14,10,37,31.81646699288347,60.72100448945384,2
3,25,14,28,29,23.93646699288347,56.26100448945384,1
5,11,50,47,51,42.87646699288347,64.83100448945385,6
3,15,14,16,36,30.81646699288347,58.451004489453844,9
4,9,32,24,32,21.85646699288347,46.00100448945384,7
4,9,24,17,27,15.876466992883469,27.191004489453846,8
3,11,20,10,25,14.13646699288347,37.90100448945384,4
3,9,47,21,39,20.85646699288347,47.74100448945384,5
2,9,14,10,35,29.81646699288347,67.53100448945385,1
5,12,51,13,47,10.81646699288347,51.18100448945384,2
7,16,25,14,24,10.81646699288347,26.721004489453843,8
2,9,14,10,39,33.81646699288347,47.14100448945384,5
2,9,14,10,23,17.81646699288347,53.271004489453844,6
7,21,20,18,19,11.81646699288347,36.131004489453844,8
8,19,26,10,19,19.47646699288347,56.26100448945384,3
6,31,48,32,34,20.81646699288347,61.161004489453845,2
6,27,30,29,54,32.836466992883466,56.26100448945384,1
7,26,43,18,36,18.63646699288347,61.99100448945384,2
2,25,14,10,25,27.81646699288347,50.47100448945384,4
5,42,38,43,25,19.81646699288347,59.17100448945384,5
5,30,58,33,44,20.96646699288347,67.93100448945384,2
4,9,14,18,15,16.06646699288347,30.771004489453844,10
2,9,14,10,20,14.81646699288347,36.07100448945384,1
6,25,34,25,57,31.83646699288347,59.771004489453844,9
3,9,39,10,50,19.81646699288347,55.72100448945384,10
2,9,14,10,22,16.81646699288347,31.07100448945384,10
2,9,14,10,24,18.81646699288347,59.24100448945384,6
4,9,36,24,47,26.25646699288347,47.841004489453844,4
2,21,14,10,22,22.81646699288347,41.53100448945384,4
5,10,57,19,54,16.06646699288347,55.451004489453844,7
4,9,30,18,31,16.06646699288347,49.90100448945384,6
6,18,31,10,23,19.21646699288347,40.481004489453845,2
5,9,21,11,37,24.84646699288347,36.07100448945384,1
2,27,14,17,19,20.346466992883467,51.32100448945384,4
6,31,20,29,19,10.81646699288347,45.131004489453844,8
3,9,43,11,65,30.83646699288347,67.15100448945384,2
5,18,38,19,30,14.81646699288347,40.481004489453845,2
3,10,45,24,37,22.576466992883468,45.96100448945384,5
3,11,39,29,29,27.05646699288347,42.47100448945384,5
4,10,62,22,57,19.51646699288347,60.80100448945384,3
2,9,14,10,38,32.81646699288347,55.341004489453844,2
6,27,26,24,45,28.21646699288347,47.79100448945384,1
2,9,14,12,49,43.87646699288347,67.15100448945384,3
2,9,14,10,27,21.81646699288347,41.96100448945384,9
8,13,65,18,43,29.19646699288347,62.86100448945384,1
3,9,35,10,45,18.81646699288347,44.911004489453845,2
5,9,31,10,47,24.81646699288347,47.47100448945384,9
2,9,14,10,26,20.81646699288347,59.341004489453844,10
4,9,22,27,20,24.84646699288347,38.871004489453846,7
5,14,38,32,45,26.60646699288347,49.90100448945384,4
2,27,14,12,22,26.17646699288347,51.32100448945384,4
4,9,21,17,18,15.09646699288347,40.28100448945384,7
5,26,56,29,50,13.206466992883469,59.92100448945384,2
5,9,34,18,38,17.24646699288347,47.69100448945384,8
6,23,38,24,52,22.81646699288347,61.07100448945384,9
3,9,32,10,47,23.81646699288347,56.521004489453844,7
4,9,14,27,15,24.93646699288347,42.131004489453844,10
3,9,50,11,64,22.846466992883467,68.78100448945385,2
5,9,36,28,36,25.84646699288347,40.28100448945384,6
4,9,14,35,13,32.81646699288347,60.81100448945384,10
3,9,47,11,61,22.846466992883467,63.87100448945384,2
6,31,41,32,31,16.81646699288347,50.73100448945384,3
6,22,42,22,61,27.83646699288347,60.80100448945384,9
2,25,14,16,19,19.47646699288347,42.691004489453846,8
5,9,35,19,39,18.11646699288347,47.31100448945384,4
3,27,14,30,27,21.95646699288347,53.131004489453844,1
6,31,38,32,45,15.81646699288347,58.48100448945384,9
4,9,23,27,19,25.07646699288347,47.43100448945384,9
2,9,14,10,51,45.81646699288347,73.31100448945385,2
6,9,14,51,12,48.82646699288347,71.95100448945385,6
2,9,14,10,26,20.81646699288347,45.78100448945384,9
2,9,14,10,31,25.81646699288347,61.841004489453844,10
3,11,46,12,55,17.81646699288347,56.381004489453844,3
6,17,41,17,65,32.836466992883466,63.68100448945384,9
8,14,57,22,34,30.90646699288347,55.71100448945384,1
4,9,24,10,32,16.81646699288347,42.371004489453846,4
4,25,38,26,25,19.81646699288347,49.55100448945384,5
4,9,21,33,21,30.83646699288347,49.67100448945384,9
2,9,14,10,23,17.81646699288347,43.60100448945384,1
2,31,14,13,24,29.76646699288347,61.68100448945384,8
6,20,40,23,56,24.93646699288347,55.99100448945384,9
2,27,14,19,19,18.63646699288347,51.32100448945384,4
3,33,20,10,25,32.556466992883465,62.06100448945384,4
3,9,52,10,76,32.81646699288347,79.61100448945385,3
5,13,50,23,46,17.30646699288347,50.29100448945384,2
7,25,14,24,23,18.01646699288347,47.31100448945384,8
6,18,32,16,46,23.11646699288347,45.28100448945384,1
5,11,49,39,47,34.836466992883466,57.30100448945384,6
2,9,14,11,34,28.83646699288347,37.47100448945384,5
2,9,14,12,35,29.90646699288347,37.701004489453844,5
4,9,24,27,25,24.93646699288347,39.67100448945384,6
5,11,49,46,47,41.82646699288347,61.28100448945384,7
3,9,36,10,45,17.81646699288347,44.05100448945384,3
7,20,18,10,13,19.51646699288347,47.14100448945384,5
5,25,67,35,60,18.63646699288347,73.31100448945385,2
4,9,32,31,32,28.83646699288347,45.131004489453844,7
2,9,14,10,48,42.81646699288347,72.10100448945384,2
4,9,24,11,28,12.916466992883468,34.92100448945384,8
4,9,37,19,37,16.87646699288347,53.271004489453844,9
5,9,26,24,45,32.226466992883466,47.79100448945384,1
3,10,17,10,19,10.97646699288347,29.43100448945384,8
3,9,37,11,48,19.85646699288347,54.67100448945384,10
6,19,39,10,33,18.99646699288347,43.64100448945384,2
3,17,14,19,23,17.86646699288347,47.21100448945384,9
2,9,14,10,21,15.81646699288347,32.701004489453844,7
3,9,30,10,50,28.81646699288347,57.47100448945384,6
3,9,19,10,23,12.81646699288347,29.43100448945384,8
4,9,24,11,28,12.916466992883468,34.92100448945384,8
2,9,14,10,22,16.81646699288347,42.31100448945384,9
3,9,25,10,35,18.81646699288347,47.841004489453844,4
2,9,14,10,39,33.81646699288347,45.78100448945384,5
2,9,14,10,33,27.81646699288347,46.76100448945384,10
5,18,55,19,47,14.81646699288347,56.96100448945384,2
2,35,14,27,19,18.63646699288347,53.87100448945384,4
3,9,46,10,60,22.81646699288347,60.11100448945384,2
5,11,48,31,46,26.84646699288347,53.271004489453844,6
3,9,48,12,53,14.13646699288347,51.18100448945384,2
5,9,40,21,41,18.99646699288347,45.48100448945384,7
6,9,14,23,11,20.96646699288347,34.92100448945384,6
6,9,14,16,11,14.13646699288347,53.591004489453844,6
6,9,14,32,12,29.83646699288347,45.90100448945384,6
4,9,23,19,22,16.81646699288347,42.39100448945384,9
3,9,25,10,35,18.81646699288347,48.23100448945384,8
4,10,50,13,47,10.646466992883468,47.29100448945384,3
2,44,14,23,19,30.61646699288347,61.28100448945384,4
6,9,14,18,13,15.81646699288347,50.271004489453844,6
4,26,32,32,25,15.626466992883469,44.37100448945384,5
4,9,40,27,53,29.83646699288347,54.53100448945384,4
3,9,51,26,37,28.43646699288347,51.381004489453844,5
4,9,32,22,41,23.436466992883467,41.53100448945384,4
7,38,49,18,42,29.65646699288347,72.36100448945385,3
5,32,24,10,13,32.89646699288347,48.87100448945384,5
2,9,14,10,29,23.81646699288347,52.951004489453844,9
4,9,22,10,30,16.81646699288347,40.14100448945384,8
4,9,64,20,59,18.58646699288347,68.38100448945384,3
5,9,37,10,61,32.81646699288347,61.07100448945384,9
4,9,72,24,62,24.45646699288347,70.74100448945384,3
2,9,14,10,26,20.81646699288347,45.78100448945384,9
4,15,34,22,29,15.026466992883469,37.90100448945384,5
3,9,30,11,51,29.83646699288347,62.73100448945384,7
4,9,39,28,42,26.25646699288347,67.99100448945384,9
2,22,14,10,18,21.74646699288347,30.871004489453846,8
5,9,53,21,54,18.99646699288347,63.87100448945384,6
4,15,34,26,29,18.58646699288347,39.091004489453844,5
5,11,30,22,31,18.01646699288347,33.271004489453844,6
3,9,38,10,52,22.81646699288347,54.021004489453844,3
8,28,42,10,35,27.73646699288347,72.81100448945385,3
5,9,38,12,61,31.896466992883468,69.89100448945385,1
4,9,14,20,13,17.81646699288347,38.93100448945384,10
3,9,49,11,55,14.88646699288347,54.021004489453844,2
2,9,14,10,41,35.81646699288347,73.20100448945385,2
3,9,32,10,37,13.81646699288347,46.68100448945384,6
7,28,31,10,19,29.76646699288347,63.87100448945384,3
6,38,60,39,48,18.81646699288347,72.36100448945385,3
5,17,66,39,59,29.65646699288347,72.36100448945385,3
5,9,30,10,35,13.81646699288347,48.92100448945384,9
7,33,14,34,20,14.81646699288347,50.771004489453844,8
3,25,14,26,33,27.81646699288347,59.771004489453844,9
5,9,40,28,41,25.92646699288347,44.36100448945384,6
4,11,48,24,43,20.46646699288347,51.57100448945384,3
7,23,41,10,32,23.93646699288347,68.01100448945384,2
4,9,26,39,24,36.836466992883466,58.08100448945384,6
5,13,47,39,57,35.126466992883465,64.32100448945384,8
6,32,14,34,23,17.86646699288347,62.951004489453844,8
5,9,25,12,40,23.93646699288347,39.53100448945384,1
6,17,41,17,37,10.97646699288347,45.03100448945384,3
4,9,20,26,23,24.30646699288347,44.69100448945384,9
4,19,32,32,25,21.236466992883468,43.631004489453844,5
4,9,21,28,19,25.84646699288347,53.591004489453844,6
8,9,34,16,13,28.69646699288347,45.03100448945384,3
4,9,42,39,55,40.01646699288347,62.68100448945384,8
5,9,44,20,43,17.81646699288347,51.43100448945384,6
3,9,50,10,56,14.81646699288347,54.81100448945384,3
5,9,35,24,45,25.61646699288347,46.411004489453845,1
4,9,57,18,53,16.35646699288347,54.81100448945384,3
5,22,59,45,50,31.22646699288347,72.92100448945385,3
3,11,43,12,55,20.81646699288347,55.04100448945384,3
3,9,34,12,48,22.94646699288347,48.07100448945384,2
5,9,27,10,45,26.81646699288347,47.74100448945384,9
3,9,34,11,41,15.876466992883469,40.481004489453845,2
2,9,14,10,51,45.81646699288347,68.38100448945384,3
3,10,38,11,51,21.81646699288347,52.701004489453844,3
4,9,14,28,13,25.81646699288347,41.07100448945384,10
2,9,14,10,21,15.81646699288347,38.871004489453846,10
3,9,28,10,49,29.81646699288347,53.79100448945384,7
7,20,45,16,40,14.216466992883468,54.49100448945384,2
7,9,32,24,13,30.61646699288347,57.60100448945384,3
8,16,40,10,34,16.416466992883468,60.11100448945384,2
3,34,14,36,24,18.86646699288347,48.55100448945384,9
4,9,24,29,19,27.23646699288347,40.07100448945384,9
8,23,25,20,24,11.81646699288347,42.371004489453846,8
6,10,45,29,51,27.12646699288347,53.56100448945384,4
2,9,14,12,36,30.90646699288347,53.271004489453844,3
5,11,35,24,41,21.70646699288347,42.371004489453846,4
7,9,33,16,13,27.73646699288347,43.64100448945384,3
2,9,14,10,22,16.81646699288347,30.921004489453843,7
8,23,57,26,46,18.01646699288347,57.69100448945384,1
7,9,45,15,50,15.626466992883469,48.73100448945384,1
3,23,14,24,24,18.81646699288347,45.96100448945384,9
2,9,14,10,29,23.81646699288347,42.131004489453844,10
3,9,22,10,29,15.81646699288347,37.07100448945384,4
6,9,14,33,11,30.90646699288347,48.87100448945384,6
4,10,63,20,56,18.63646699288347,61.08100448945384,2
3,9,46,11,70,32.836466992883466,71.82100448945384,2
5,9,25,10,39,22.81646699288347,46.451004489453844,1
7,31,14,34,20,15.09646699288347,62.18100448945384,8
4,10,66,20,59,18.63646699288347,64.67100448945385,3
7,34,31,16,26,27.23646699288347,53.271004489453844,3
6,11,38,24,41,20.46646699288347,42.371004489453846,4
3,25,14,27,27,21.85646699288347,44.69100448945384,1
5,11,55,31,53,26.84646699288347,65.63100448945384,6
5,9,34,10,47,21.81646699288347,51.03100448945384,9
8,19,32,10,25,19.47646699288347,62.69100448945384,2
5,23,35,36,41,21.70646699288347,49.28100448945384,4
2,9,14,10,31,25.81646699288347,43.96100448945384,1
3,10,47,19,39,18.44646699288347,47.74100448945384,5
3,9,25,12,39,22.94646699288347,45.131004489453844,6
5,10,49,27,47,23.84646699288347,49.98100448945384,7
6,24,14,25,20,14.81646699288347,37.701004489453844,8
4,10,49,26,39,25.30646699288347,49.55100448945384,2
2,9,14,10,51,45.81646699288347,80.42100448945384,2
3,9,42,10,61,27.81646699288347,64.30100448945385,3
4,11,63,24,56,21.236466992883468,68.01100448945384,2
2,9,14,10,24,18.81646699288347,33.90100448945384,10
8,42,20,38,19,12.81646699288347,70.98100448945384,8
6,26,28,25,41,21.95646699288347,44.69100448945384,1
2,9,14,10,19,13.81646699288347,45.131004489453844,6
2,24,14,16,18,18.11646699288347,46.58100448945384,8
5,20,51,23,46,12.286466992883469,54.08100448945384,3
3,9,29,12,39,18.99646699288347,38.93100448945384,10
7,55,14,54,22,17.03646699288347,80.38100448945384,8
5,23,45,24,33,18.81646699288347,53.451004489453844,2
6,26,24,10,13,27.53646699288347,54.90100448945384,5
6,31,50,32,34,22.81646699288347,64.78100448945385,2
4,10,55,20,50,17.666466992883468,56.26100448945384,3
6,9,14,23,13,20.81646699288347,56.87100448945384,6
3,11,24,10,32,17.03646699288347,54.98100448945384,8
4,9,25,32,28,30.17646699288347,51.29100448945384,1
2,30,14,10,22,30.66646699288347,46.07100448945384,4
6,25,38,10,30,25.27646699288347,52.30100448945384,3
3,9,35,10,55,28.81646699288347,57.591004489453844,6
5,19,21,10,13,20.02646699288347,35.24100448945384,5
7,19,51,10,44,19.47646699288347,62.271004489453844,2
5,9,27,16,28,14.13646699288347,27.231004489453845,7
6,9,14,29,13,26.81646699288347,51.07100448945384,6
2,9,14,10,35,29.81646699288347,54.73100448945384,10
9,9,36,27,13,35.61646699288347,72.81100448945385,3
2,9,14,10,31,25.81646699288347,55.72100448945384,6
6,22,26,14,54,38.17646699288347,54.08100448945384,1
8,17,36,10,29,17.81646699288347,64.78100448945385,2
5,9,38,12,43,14.13646699288347,51.32100448945384,4
7,22,34,16,29,15.876466992883469,44.69100448945384,2
2,9,14,10,39,33.81646699288347,47.14100448945384,5
6,24,22,19,21,13.81646699288347,48.23100448945384,8
6,33,60,34,43,23.81646699288347,75.69100448945385,3
3,9,38,12,59,29.90646699288347,65.99100448945384,7
2,9,14,12,43,37.88646699288347,63.50100448945384,3
6,32,60,33,44,22.81646699288347,74.39100448945385,3
7,21,14,22,21,15.81646699288347,36.131004489453844,8
3,9,26,10,39,21.81646699288347,45.48100448945384,7
4,9,22,34,22,31.83646699288347,47.19100448945384,9
4,9,51,16,48,14.13646699288347,53.131004489453844,3
2,30,14,22,18,18.11646699288347,49.35100448945384,4
4,9,75,34,61,35.10646699288347,78.61100448945385,2
5,10,46,29,45,25.81646699288347,51.07100448945384,6
6,17,39,18,35,10.81646699288347,39.231004489453845,2
5,11,56,32,55,27.81646699288347,59.44100448945384,7
3,9,29,10,38,17.81646699288347,43.091004489453844,7
5,27,21,10,13,27.12646699288347,39.50100448945384,5
2,9,14,10,33,27.81646699288347,51.03100448945384,9
5,14,59,19,55,12.81646699288347,57.94100448945384,3
7,9,49,19,13,43.95646699288347,63.701004489453844,3
5,19,59,25,53,14.88646699288347,64.23100448945384,3
4,11,63,39,58,35.10646699288347,72.47100448945385,2
2,26,14,10,26,29.21646699288347,54.53100448945384,4
3,9,28,10,41,21.81646699288347,57.17100448945384,8
7,9,30,30,30,27.83646699288347,37.32100448945384,1
3,11,40,12,51,19.81646699288347,50.36100448945384,3
3,9,50,12,58,17.03646699288347,56.96100448945384,2
2,9,14,10,36,30.81646699288347,55.99100448945384,9
5,24,62,25,52,16.81646699288347,67.11100448945385,2
4,9,28,31,27,28.81646699288347,46.54100448945384,6
6,42,34,10,19,43.66646699288347,68.50100448945385,2
5,9,26,12,32,15.09646699288347,37.90100448945384,1
3,18,14,21,28,22.94646699288347,51.591004489453844,9
5,23,14,22,21,16.06646699288347,48.23100448945384,8
2,9,14,10,30,24.81646699288347,51.591004489453844,9
6,17,39,30,43,20.81646699288347,47.69100448945384,8
7,19,36,14,32,14.526466992883469,42.691004489453846,2
4,9,14,29,14,26.84646699288347,38.661004489453845,10
8,21,30,10,21,22.236466992883468,71.49100448945384,2
6,28,44,20,38,18.11646699288347,54.451004489453844,2
3,9,52,35,43,34.06646699288347,60.11100448945384,5
4,9,14,31,15,28.91646699288347,53.61100448945384,10
4,23,38,27,30,15.436466992883469,49.08100448945384,5
7,16,34,10,29,15.876466992883469,39.93100448945384,3
6,29,29,30,53,32.81646699288347,64.92100448945385,1
5,9,47,24,46,21.81646699288347,52.69100448945384,6
3,24,14,26,19,13.896466992883468,46.43100448945384,9
4,23,38,26,29,16.06646699288347,45.96100448945384,5
9,9,20,31,13,29.65646699288347,66.68100448945384,3
2,27,14,12,22,26.17646699288347,51.32100448945384,4
4,9,30,11,37,15.876466992883469,46.85100448945384,4
5,9,31,12,50,27.91646699288347,64.41100448945384,1
5,10,58,43,57,39.81646699288347,71.95100448945385,6
6,9,14,22,14,19.85646699288347,40.75100448945384,6
7,16,19,10,13,16.416466992883468,41.481004489453845,5
6,9,14,29,13,26.81646699288347,49.90100448945384,6
2,29,14,15,18,23.62646699288347,48.81100448945384,4
2,9,14,10,19,13.81646699288347,45.90100448945384,6
3,9,52,11,76,32.836466992883466,80.42100448945384,2
5,11,42,31,42,26.84646699288347,46.881004489453844,7
6,16,46,10,40,16.416466992883468,52.661004489453845,2
3,9,26,10,43,25.81646699288347,42.121004489453846,10
5,19,51,29,44,18.63646699288347,57.17100448945384,2
8,23,23,20,22,11.81646699288347,40.60100448945384,8
8,21,41,10,36,20.46646699288347,60.80100448945384,3
3,9,42,10,54,20.81646699288347,53.521004489453844,2
5,16,51,17,45,12.81646699288347,52.661004489453845,2
2,9,14,10,29,23.81646699288347,44.36100448945384,6
2,9,14,10,44,38.81646699288347,64.23100448945384,2
7,17,52,14,48,12.81646699288347,57.76100448945384,3
