V1,V2,V3,V4,V5,V6,V7,Class
7,37,58,39,47,31.449400978650406,59.21301346836153,5
8,36,69,59,75,46.29940097865041,80.07301346836152,4
9,44,82,46,68,34.4494009786504,84.13301346836153,2
6,27,59,30,68,35.48940097865041,73.52301346836154,7
7,28,90,39,83,33.299400978650404,86.01301346836152,2
5,62,42,43,51,47.63940097865041,95.41301346836153,8
8,37,52,38,44,28.549400978650404,56.47301346836153,5
9,43,42,47,47,31.699400978650406,64.83301346836153,8
6,27,51,29,57,32.4494009786504,63.67301346836153,4
10,51,60,52,51,29.529400978650408,80.72301346836153,3
5,27,42,29,55,39.4494009786504,79.74301346836154,6
8,41,98,49,86,34.26940097865041,96.46301346836154,2
10,44,42,44,47,31.699400978650406,71.68301346836154,8
10,36,42,38,47,31.449400978650406,53.80301346836153,8
7,28,73,35,70,28.449400978650406,66.83301346836153,2
9,44,57,46,70,39.4494009786504,74.84301346836153,9
9,34,67,53,69,41.1694009786504,72.91301346836153,8
5,27,42,29,48,32.4494009786504,74.25301346836153,9
6,27,48,31,64,42.54940097865041,68.59301346836153,6
5,27,42,29,70,54.4494009786504,86.02301346836154,2
6,35,48,29,52,34.079400978650405,65.41301346836153,8
7,34,66,43,58,32.049400978650404,64.51301346836154,5
7,29,82,43,70,38.4494009786504,75.59301346836153,2
11,46,53,41,50,30.449400978650406,68.72301346836153,8
8,46,42,48,46,30.449400978650406,74.39301346836153,8
8,28,69,47,75,42.689400978650404,73.92301346836153,8
8,32,69,36,64,26.279400978650408,62.07301346836153,3
5,42,42,29,44,39.259400978650405,58.05301346836153,8
8,27,71,54,68,48.4494009786504,71.50301346836153,6
11,27,50,46,39,42.23940097865041,76.67301346836153,3
8,29,80,51,78,43.469400978650405,84.95301346836153,6
7,27,60,49,59,43.54940097865041,68.82301346836152,6
6,28,48,29,51,29.529400978650408,75.70301346836153,4
10,35,64,33,59,27.919400978650405,61.373013468361535,2
7,27,54,40,49,34.62940097865041,57.06301346836153,6
10,28,71,52,72,45.8094009786504,73.43301346836154,1
8,41,79,64,89,48.149400978650405,95.41301346836153,8
8,28,71,40,70,33.649400978650405,66.45301346836153,7
7,27,89,41,78,37.869400978650404,81.72301346836153,2
7,27,60,36,59,30.729400978650407,84.20301346836153,7
7,27,63,46,51,42.689400978650404,81.68301346836154,9
11,31,60,29,55,27.919400978650405,62.33301346836153,2
6,51,42,54,56,40.4794009786504,82.95301346836153,1
9,41,64,29,50,41.24940097865041,77.48301346836153,2
7,27,65,45,62,39.4494009786504,84.61301346836153,7
10,29,76,44,69,37.049400978650404,70.37301346836153,1
11,41,72,54,63,35.9794009786504,72.26301346836152,1
8,27,67,30,82,41.4794009786504,82.95301346836153,9
6,27,54,29,63,35.4494009786504,82.73301346836153,4
11,53,53,29,45,49.929400978650406,77.90301346836154,3
7,27,55,43,51,37.48940097865041,58.45301346836153,1
6,51,42,54,51,35.48940097865041,76.22301346836153,1
7,27,55,39,58,35.109400978650406,67.92301346836153,8
7,27,62,56,61,50.51940097865041,79.01301346836152,6
8,27,63,37,65,32.87940097865041,68.99301346836154,4
5,27,42,29,69,53.4494009786504,98.40301346836154,2
7,28,92,46,81,41.3394009786504,92.57301346836152,2
7,27,64,61,61,55.4494009786504,80.63301346836153,7
10,27,76,55,69,49.759400978650405,76.01301346836152,1
8,57,58,49,47,36.259400978650405,76.35301346836152,5
9,42,52,32,62,41.13940097865041,60.67301346836153,1
6,27,56,30,77,47.469400978650405,79.86301346836153,7
5,27,42,29,62,46.4494009786504,75.41301346836153,9
7,47,66,59,55,36.259400978650405,76.35301346836152,5
8,37,72,39,64,28.449400978650406,65.78301346836153,2
8,34,80,38,74,27.059400978650405,76.16301346836153,2
5,27,42,29,78,62.4494009786504,101.81301346836153,2
5,27,42,30,65,49.469400978650405,69.61301346836153,3
6,40,50,29,55,38.70940097865041,75.08301346836153,4
8,43,63,45,49,34.4494009786504,68.99301346836154,5
7,27,68,46,77,44.259400978650405,75.70301346836153,8
8,27,60,29,70,36.4494009786504,82.06301346836153,9
7,27,62,47,51,43.149400978650405,79.73301346836153,9
5,27,42,29,56,40.4494009786504,86.55301346836154,1
6,27,48,31,70,48.5294009786504,68.32301346836152,7
8,27,64,44,61,38.4494009786504,61.013013468361535,7
8,37,52,38,44,28.549400978650404,56.47301346836153,5
5,27,42,29,45,29.449400978650406,66.83301346836153,9
11,35,64,29,55,33.4494009786504,83.19301346836153,2
7,27,59,42,56,36.4494009786504,69.61301346836153,9
8,28,60,37,58,30.519400978650406,54.68301346836153,7
6,33,47,29,49,31.259400978650405,68.72301346836153,8
10,29,73,49,74,41.88940097865041,76.22301346836153,1
7,27,68,46,77,44.259400978650405,75.70301346836153,8
9,36,77,36,69,28.839400978650406,76.16301346836153,2
11,32,64,38,63,27.919400978650405,59.21301346836153,1
5,27,42,29,59,43.4494009786504,66.75301346836153,3
7,27,63,46,51,42.689400978650404,81.68301346836154,9
5,27,42,30,69,53.469400978650405,80.22301346836153,3
11,34,56,29,49,31.509400978650405,72.87301346836153,3
8,27,62,30,73,37.48940097865041,78.40301346836154,1
6,35,42,38,49,33.49940097865041,69.35301346836152,9
5,27,42,29,63,47.4494009786504,66.45301346836153,1
7,28,82,36,77,29.769400978650406,80.92301346836153,3
7,27,86,40,81,34.62940097865041,83.33301346836153,2
10,37,74,29,65,35.109400978650406,84.87301346836153,3
6,29,49,29,53,30.729400978650407,64.51301346836154,4
9,27,42,55,40,49.469400978650405,72.91301346836153,6
6,27,58,30,65,33.49940097865041,64.27301346836153,10
6,27,75,30,84,35.48940097865041,83.30301346836154,2
6,27,64,31,78,40.56940097865041,79.53301346836153,7
9,27,42,41,40,35.48940097865041,62.89301346836153,6
5,27,42,29,59,43.4494009786504,85.41301346836153,7
8,28,73,49,71,42.4794009786504,70.95301346836153,7
6,42,42,45,57,41.4794009786504,69.88301346836153,9
6,27,50,29,65,41.4494009786504,64.51301346836154,7
8,27,50,30,71,47.469400978650405,70.85301346836152,9
9,30,72,50,75,42.4194009786504,74.89301346836153,4
6,27,64,29,84,46.4494009786504,82.06301346836153,2
7,27,59,55,57,49.469400978650405,76.01301346836152,1
8,48,84,54,68,37.049400978650404,89.11301346836153,3
7,27,49,43,44,37.5894009786504,75.08301346836153,6
6,35,42,37,46,30.449400978650406,72.04301346836152,1
8,44,75,46,59,36.4494009786504,82.87301346836153,3
5,39,42,29,48,38.4494009786504,63.67301346836153,4
9,44,67,43,55,32.939400978650404,76.67301346836153,3
7,27,46,29,48,28.449400978650406,49.85301346836153,8
5,27,42,29,51,35.4494009786504,58.71301346836153,10
5,36,42,30,42,31.989400978650405,53.80301346836153,8
9,27,42,46,40,40.4794009786504,64.27301346836153,6
6,46,42,50,53,37.5894009786504,82.87301346836153,1
10,65,51,63,48,27.449400978650406,92.88301346836153,8
7,27,56,38,60,34.84940097865041,69.45301346836153,8
8,27,71,39,75,35.65940097865041,84.32301346836152,8
6,27,56,29,59,29.449400978650406,57.38301346836153,7
8,57,76,59,62,34.4494009786504,85.64301346836153,3
6,27,54,30,74,46.469400978650405,72.12301346836153,7
5,27,42,29,48,32.4494009786504,51.10301346836153,7
7,27,52,44,55,39.609400978650406,58.05301346836153,8
7,27,92,46,77,44.259400978650405,86.35301346836152,3
6,29,81,39,73,32.87940097865041,77.50301346836153,5
5,27,42,29,73,57.4494009786504,88.57301346836152,2
6,27,79,29,94,41.4494009786504,93.22301346836153,3
8,44,76,46,59,37.4494009786504,83.19301346836153,2
8,44,55,29,39,44.84940097865041,75.75301346836153,5
5,27,42,29,57,41.4494009786504,81.01301346836152,7
5,27,42,29,45,29.449400978650406,59.21301346836153,1
9,35,56,37,76,46.4494009786504,71.06301346836153,9
6,52,50,29,55,49.6994009786504,98.51301346836152,8
9,35,53,37,59,32.4494009786504,67.17301346836153,1
7,27,52,39,50,33.49940097865041,55.14301346836153,6
5,48,42,38,46,37.3394009786504,69.45301346836153,8
8,27,60,36,70,38.20940097865041,66.10301346836152,1
5,27,42,29,45,29.449400978650406,67.27301346836154,6
6,41,42,43,51,35.4494009786504,63.623013468361535,1
11,47,50,43,47,29.449400978650406,60.123013468361535,8
7,27,50,29,54,30.449400978650406,58.273013468361526,8
6,52,42,55,50,34.49940097865041,73.67301346836153,1
10,40,81,39,74,28.449400978650406,88.75301346836153,2
8,36,76,38,66,30.449400978650406,72.26301346836152,2
10,29,88,33,94,32.66940097865041,89.11301346836153,1
5,27,42,29,64,48.4494009786504,66.83301346836153,2
7,27,67,49,64,43.4494009786504,94.04301346836152,6
5,27,42,29,73,57.4494009786504,80.63301346836153,2
9,34,66,43,67,31.509400978650405,64.51301346836154,4
5,27,42,29,60,44.4494009786504,80.28301346836153,1
9,43,58,29,45,42.31940097865041,71.69301346836153,2
5,27,42,31,75,59.509400978650405,94.95301346836153,3
5,27,42,29,46,30.449400978650406,64.27301346836153,6
5,27,42,29,78,62.4494009786504,88.92301346836153,2
8,27,66,31,69,29.769400978650406,73.46301346836154,4
7,27,51,39,46,33.649400978650405,63.67301346836153,1
6,27,61,31,65,30.729400978650407,60.14301346836153,10
10,64,64,58,53,34.759400978650405,94.61301346836153,2
9,30,76,29,70,27.689400978650404,73.32301346836152,2
9,39,56,42,65,35.48940097865041,62.28301346836153,9
7,37,58,45,52,30.159400978650407,59.61301346836153,5
10,33,42,37,48,32.66940097865041,48.83301346836153,8
7,27,42,37,39,31.449400978650406,64.26301346836154,10
6,28,70,36,63,30.659400978650407,64.51301346836154,5
8,27,72,53,68,47.469400978650405,71.63301346836153,6
9,37,55,39,71,42.4494009786504,66.74301346836154,1
7,27,81,39,72,35.109400978650406,73.47301346836153,2
9,51,67,29,45,54.0594009786504,100.33301346836154,3
7,27,66,45,75,43.4494009786504,72.61301346836153,4
5,27,42,29,71,55.4494009786504,82.25301346836153,2
7,28,95,41,86,35.9794009786504,87.55301346836154,2
5,27,42,29,47,31.449400978650406,56.983013468361534,7
6,36,42,40,52,36.59940097865041,70.85301346836152,9
5,27,42,29,51,35.4494009786504,60.80301346836153,10
6,27,50,30,58,34.49940097865041,55.68301346836153,10
9,51,73,63,77,35.65940097865041,84.20301346836153,4
9,28,61,40,61,33.88940097865041,57.81301346836153,8
5,27,42,29,74,58.4494009786504,86.35301346836152,2
7,27,54,29,63,35.4494009786504,83.42301346836153,4
7,27,52,48,50,42.4794009786504,69.57301346836152,1
10,29,73,38,71,30.519400978650406,66.45301346836153,1
5,27,42,29,53,37.4494009786504,82.13301346836153,6
7,28,73,39,69,32.509400978650405,65.78301346836153,2
5,27,42,29,46,30.449400978650406,62.42301346836153,7
7,27,52,36,53,31.509400978650405,49.33301346836153,8
6,33,42,37,51,35.619400978650404,65.23301346836153,9
5,27,42,29,52,36.4494009786504,82.01301346836152,10
5,27,42,29,47,31.449400978650406,74.03301346836153,1
6,42,42,44,63,47.4494009786504,68.55301346836154,1
7,27,50,38,47,32.4494009786504,62.763013468361535,6
8,37,91,40,81,30.519400978650406,84.41301346836153,2
5,27,42,31,78,62.4994009786504,83.03301346836153,5
9,40,82,42,70,32.4494009786504,82.94301346836153,3
5,27,42,29,47,31.449400978650406,59.89301346836153,10
8,29,63,40,60,32.4494009786504,63.04301346836153,6
7,27,54,31,57,29.769400978650406,61.513013468361535,4
6,27,55,29,65,36.4494009786504,83.21301346836154,8
7,27,55,38,52,32.4494009786504,63.04301346836153,6
5,27,42,29,46,30.449400978650406,49.373013468361535,7
12,27,48,45,39,40.539400978650406,76.16301346836153,3
7,27,61,31,68,33.649400978650405,77.63301346836153,8
7,27,90,48,75,45.9194009786504,86.44301346836153,3
6,27,55,29,65,36.4494009786504,77.07301346836152,8
5,39,42,35,43,30.659400978650407,60.99301346836153,8
6,28,71,41,60,37.049400978650404,65.41301346836153,5
9,44,80,46,66,34.4494009786504,82.25301346836153,3
7,27,49,51,46,45.4494009786504,72.04301346836152,1
7,27,54,57,50,51.469400978650405,74.94301346836153,6
7,28,94,63,82,57.65940097865041,95.34301346836153,2
6,33,42,36,51,35.48940097865041,54.403013468361536,1
10,29,64,46,68,39.99940097865041,68.20301346836153,1
9,47,50,29,39,44.98940097865041,76.35301346836152,5
9,27,42,51,37,45.539400978650406,67.27301346836154,6
8,27,57,29,71,40.4494009786504,74.44301346836153,9
7,28,96,37,91,30.729400978650407,94.50301346836153,3
8,48,80,50,61,39.4494009786504,89.29301346836152,2
5,27,42,29,62,46.4494009786504,84.83301346836153,2
8,39,96,52,85,37.049400978650404,96.53301346836153,3
6,36,48,29,51,34.26940097865041,73.46301346836154,4
10,53,48,49,45,29.449400978650406,89.57301346836152,8
7,27,53,47,52,41.5594009786504,84.87301346836153,6
5,27,42,29,54,38.4494009786504,74.44301346836153,9
6,42,42,44,55,39.4494009786504,71.29301346836152,1
8,37,76,41,67,29.769400978650406,73.06301346836153,3
7,27,48,36,45,30.449400978650406,53.33301346836153,7
12,27,50,49,39,44.98940097865041,82.40301346836154,3
9,43,52,38,44,32.049400978650404,69.88301346836153,5
5,27,42,29,46,30.449400978650406,64.97301346836153,10
5,27,42,30,69,53.469400978650405,86.01301346836152,3
10,67,68,57,55,39.06940097865041,106.99301346836154,3
9,48,52,50,69,43.4494009786504,69.83301346836153,1
6,47,42,50,64,48.469400978650405,86.52301346836154,1
7,39,63,44,53,31.069400978650407,64.10301346836152,5
5,27,42,29,48,32.4494009786504,53.21301346836153,10
7,27,66,53,64,47.469400978650405,73.21301346836154,6
9,43,52,46,59,33.49940097865041,66.83301346836153,9
6,29,46,29,47,27.919400978650405,60.50301346836153,8
9,27,42,58,39,52.4494009786504,76.40301346836154,6
8,27,55,35,55,30.159400978650407,59.46301346836153,4
5,36,42,30,42,31.989400978650405,53.80301346836153,8
10,29,88,42,94,37.65940097865041,94.05301346836154,1
7,27,51,45,46,39.56940097865041,64.32301346836152,6
8,27,77,57,76,51.51940097865041,83.46301346836154,7
8,45,66,47,51,35.4494009786504,73.46301346836154,5
7,27,42,40,39,34.4494009786504,54.31301346836153,10
9,34,74,29,66,32.049400978650404,74.80301346836154,2
9,27,42,56,38,50.469400978650405,86.01301346836152,6
5,27,42,29,60,44.4494009786504,61.53301346836153,5
7,27,56,47,52,41.4794009786504,60.873013468361535,7
7,27,50,37,45,31.699400978650406,64.51301346836154,7
6,47,42,51,46,30.729400978650407,72.41301346836153,9
5,51,42,36,44,41.1694009786504,72.91301346836153,8
7,36,56,38,46,30.449400978650406,55.14301346836153,5
10,52,42,53,47,31.509400978650405,90.03301346836153,8
5,27,42,29,49,33.4494009786504,75.41301346836153,6
6,38,42,41,46,30.519400978650406,77.85301346836152,1
7,27,60,35,59,29.769400978650406,75.73301346836153,6
6,27,51,29,57,32.4494009786504,63.67301346836153,4
8,44,74,46,58,36.4494009786504,78.90301346836154,3
8,27,62,37,77,43.149400978650405,74.06301346836153,1
7,27,53,30,56,29.529400978650408,58.273013468361526,8
5,27,42,29,61,45.4494009786504,95.50301346836153,6
7,27,56,36,51,30.729400978650407,54.403013468361536,1
9,32,73,48,77,39.09940097865041,75.70301346836153,4
9,42,61,43,66,31.509400978650405,76.87301346836153,9
8,49,91,64,82,37.76940097865041,98.40301346836154,2
6,27,51,29,57,32.4494009786504,67.27301346836154,8
6,27,47,29,49,28.449400978650406,58.05301346836153,8
7,27,63,50,64,44.829400978650405,86.52301346836154,1
5,59,42,40,51,47.63940097865041,89.82301346836152,8
6,27,64,39,57,34.219400978650405,57.81301346836153,5
5,43,42,33,46,37.3394009786504,65.46301346836154,4
6,39,42,43,46,30.729400978650407,67.21301346836154,9
6,27,63,30,80,43.469400978650405,89.80301346836154,7
9,50,68,60,71,33.4494009786504,77.76301346836152,4
8,27,66,41,69,36.869400978650404,75.40301346836154,4
9,53,50,54,70,46.469400978650405,80.08301346836153,9
10,46,49,45,46,26.449400978650406,73.92301346836153,8
8,44,55,29,39,44.84940097865041,74.84301346836153,5
11,35,77,37,68,29.449400978650406,69.11301346836153,1
10,65,63,39,53,52.3094009786504,93.65301346836154,3
8,27,57,42,53,36.48940097865041,53.06301346836153,7
10,34,53,33,50,26.449400978650406,48.86301346836153,8
6,30,44,29,43,27.059400978650405,49.85301346836153,8
9,39,50,38,43,28.449400978650406,60.04301346836153,5
9,27,42,38,39,32.4494009786504,71.63301346836153,6
7,27,92,47,82,42.759400978650405,86.35301346836152,2
10,50,52,47,49,28.449400978650406,69.45301346836153,8
7,27,55,43,56,38.009400978650405,74.06301346836153,1
6,38,42,42,57,41.5594009786504,82.55301346836154,9
8,28,92,79,89,72.4494009786504,103.92301346836152,6
7,38,58,40,47,31.449400978650406,60.523013468361526,5
8,27,62,36,64,32.049400978650404,66.75301346836153,4
7,27,60,52,57,46.4494009786504,70.22301346836153,6
5,27,42,29,57,41.4494009786504,77.85301346836152,1
10,35,46,29,39,32.38940097865041,63.82301346836153,5
6,27,59,30,68,35.48940097865041,73.52301346836154,7
9,48,56,49,84,54.469400978650405,82.87301346836153,1
5,27,42,29,49,33.4494009786504,64.08301346836153,1
6,27,80,54,69,49.6994009786504,82.25301346836153,5
5,27,42,29,67,51.4494009786504,71.69301346836153,2
6,27,64,31,78,40.56940097865041,79.53301346836153,7
6,27,67,30,82,41.4794009786504,82.95301346836153,10
7,27,56,43,60,39.09940097865041,71.42301346836153,4
6,42,49,29,53,39.99940097865041,72.11301346836153,4
6,27,62,30,75,39.4794009786504,80.07301346836152,7
6,28,72,30,82,36.4494009786504,80.22301346836153,3
5,27,42,29,46,30.449400978650406,72.04301346836152,1
8,27,62,32,80,44.65940097865041,74.80301346836154,1
10,48,64,48,54,30.729400978650407,85.60301346836152,3
10,28,77,43,82,38.70940097865041,79.83301346836153,1
8,27,51,29,69,44.4494009786504,72.26301346836152,9
5,27,42,31,77,61.4994009786504,74.84301346836153,5
6,28,46,29,46,26.609400978650406,51.013013468361535,8
8,27,62,29,74,38.4494009786504,80.59301346836153,9
5,27,42,29,69,53.4494009786504,73.47301346836153,2
5,27,42,29,76,60.4494009786504,100.75301346836153,2
7,27,52,29,60,34.4494009786504,69.45301346836153,8
7,27,48,46,46,40.4794009786504,67.27301346836154,6
9,50,48,51,56,34.49940097865041,67.92301346836153,9
6,27,67,29,76,35.4494009786504,77.86301346836153,10
11,27,52,54,39,50.37940097865041,101.75301346836153,3
6,29,48,29,51,29.769400978650406,60.04301346836153,4
8,39,96,53,85,37.869400978650404,97.83301346836154,3
6,42,47,29,49,39.259400978650405,77.07301346836152,4
6,27,50,29,61,37.4494009786504,61.013013468361535,10
5,27,42,29,50,34.4494009786504,83.42301346836153,6
7,27,56,41,53,35.4494009786504,75.93301346836154,7
11,31,93,37,69,44.829400978650405,85.00301346836153,1
8,29,71,52,70,44.54940097865041,75.73301346836153,6
5,27,42,29,64,48.4494009786504,90.13301346836153,9
8,27,58,30,78,46.469400978650405,80.08301346836153,9
7,27,72,66,83,63.009400978650405,92.01301346836152,8
8,27,53,30,68,41.4794009786504,73.43301346836154,1
6,28,70,41,57,38.31940097865041,63.67301346836153,5
6,27,53,29,61,34.4494009786504,68.14301346836153,4
10,27,62,47,39,50.359400978650406,100.63301346836153,3
10,41,42,43,50,34.4494009786504,64.51301346836154,8
5,27,42,29,63,47.4494009786504,79.31301346836153,2
6,28,44,29,43,25.689400978650404,49.85301346836153,8
11,33,55,29,48,30.659400978650407,69.61301346836153,3
7,27,42,53,40,47.469400978650405,80.72301346836153,10
9,60,54,38,45,48.189400978650404,81.31301346836153,5
6,27,70,29,76,32.4494009786504,75.27301346836154,3
9,27,42,54,38,48.469400978650405,72.91301346836153,6
11,27,48,51,39,46.24940097865041,89.11301346836153,3
8,44,89,50,75,35.149400978650405,89.29301346836152,3
7,27,48,37,43,31.699400978650406,51.013013468361535,6
6,33,48,29,52,32.66940097865041,64.83301346836153,8
5,27,42,29,61,45.4494009786504,86.22301346836153,6
7,27,58,29,72,40.4494009786504,93.12301346836153,8
8,27,49,30,71,48.469400978650405,72.04301346836152,1
8,27,63,30,84,47.469400978650405,81.68301346836154,9
8,28,73,36,69,29.529400978650408,71.22301346836153,7
8,41,72,46,62,31.069400978650407,73.93301346836154,2
9,41,48,29,39,38.679400978650406,65.41301346836153,5
10,48,42,50,45,29.449400978650406,80.62301346836153,8
9,27,42,42,40,36.48940097865041,79.73301346836153,6
5,27,42,29,69,53.4494009786504,71.01301346836152,5
6,27,58,29,76,44.4494009786504,79.61301346836153,6
8,29,69,52,64,44.54940097865041,68.68301346836154,7
9,43,48,39,42,30.159400978650407,59.61301346836153,5
6,27,62,31,73,37.5894009786504,67.92301346836153,2
7,27,54,32,57,30.159400978650407,60.50301346836153,4
9,47,51,43,48,29.449400978650406,81.54301346836152,8
10,53,66,36,58,43.09940097865041,80.92301346836153,3
7,27,48,41,45,35.4494009786504,68.32301346836152,7
5,27,42,29,52,36.4494009786504,64.10301346836152,10
8,49,72,58,60,34.84940097865041,78.66301346836153,2
9,46,54,50,75,47.5294009786504,74.89301346836153,9
5,34,42,29,44,32.049400978650404,51.57301346836153,8
5,27,42,29,59,43.4494009786504,75.26301346836152,9
9,35,49,39,53,30.729400978650407,64.83301346836153,9
9,27,42,36,37,30.729400978650407,59.843013468361534,6
8,29,85,62,81,54.469400978650405,92.01301346836152,6
7,27,51,51,46,45.539400978650406,72.41301346836153,9
5,46,42,29,50,45.399400978650405,70.43301346836154,4
10,28,60,38,63,33.4494009786504,65.41301346836153,1
7,43,69,47,57,32.66940097865041,72.57301346836152,5
10,47,62,39,52,35.65940097865041,81.96301346836154,3
7,27,97,41,88,36.869400978650404,93.22301346836153,3
8,27,58,31,59,27.919400978650405,61.513013468361535,4
8,27,70,44,66,38.4794009786504,70.75301346836153,7
7,27,52,29,59,33.4494009786504,68.72301346836153,8
5,27,42,29,47,31.449400978650406,56.013013468361535,7
5,27,42,29,59,43.4494009786504,82.45301346836153,7
5,27,42,30,70,54.469400978650405,76.35301346836152,5
6,44,42,47,51,35.48940097865041,69.93301346836154,1
9,56,77,58,59,38.4494009786504,89.29301346836152,2
7,27,62,56,61,50.51940097865041,79.01301346836152,6
6,27,53,29,61,34.4494009786504,70.43301346836154,4
5,41,42,29,50,41.24940097865041,68.14301346836153,4
11,69,53,64,50,30.449400978650406,98.51301346836152,8
8,28,65,37,63,30.519400978650406,66.01301346836152,6
5,43,42,29,48,41.8094009786504,65.46301346836154,4
6,27,56,30,60,30.519400978650406,57.403013468361536,10
9,36,72,47,75,34.26940097865041,73.46301346836154,4
7,27,61,48,58,42.4494009786504,73.03301346836153,7
6,27,79,45,63,44.06940097865041,73.52301346836154,5
7,27,50,34,51,29.849400978650408,47.10301346836153,8
7,27,50,56,49,50.51940097865041,75.85301346836152,6
10,53,48,48,45,30.449400978650406,72.91301346836153,8
8,27,52,29,65,39.4494009786504,62.28301346836153,9
7,27,42,49,40,43.469400978650405,66.01301346836152,10
8,27,60,31,76,42.54940097865041,76.89301346836153,1
7,27,52,50,48,44.469400978650405,73.43301346836154,9
7,38,58,40,47,31.449400978650406,60.523013468361526,5
11,38,64,29,56,35.52940097865041,83.33301346836153,2
5,27,42,30,69,53.469400978650405,75.27301346836154,3
6,29,46,29,47,27.919400978650405,60.04301346836153,4
6,27,59,29,70,37.4494009786504,72.41301346836153,6
8,43,63,45,49,34.4494009786504,69.88301346836153,5
5,27,42,29,64,48.4494009786504,79.83301346836153,10
9,37,75,29,65,35.65940097865041,81.26301346836152,2
6,27,62,31,74,38.579400978650405,83.42301346836153,7
6,29,67,48,55,42.689400978650404,64.61301346836153,5
5,27,42,29,57,41.4494009786504,80.41301346836153,9
5,27,42,29,46,30.449400978650406,67.21301346836154,9
9,35,51,34,48,26.449400978650406,49.33301346836153,8
8,27,79,36,74,30.729400978650407,81.48301346836153,6
8,44,59,43,47,32.939400978650404,71.22301346836153,5
6,27,57,29,74,43.4494009786504,76.22301346836153,10
5,27,42,29,46,30.449400978650406,60.41301346836153,7
10,39,65,33,60,31.699400978650406,67.39301346836153,3
7,27,53,52,54,46.79940097865041,74.26301346836152,9
8,27,67,30,70,29.529400978650408,75.70301346836153,4
11,36,73,47,56,40.0894009786504,69.57301346836152,1
9,48,49,51,60,37.48940097865041,74.55301346836154,9
6,33,46,29,47,30.659400978650407,60.99301346836153,8
6,51,42,54,48,32.509400978650405,94.05301346836154,1
8,35,82,37,76,26.449400978650406,76.95301346836153,3
10,34,73,29,66,31.509400978650405,76.16301346836153,2
9,48,42,50,50,34.4494009786504,72.04301346836152,8
8,44,59,43,47,32.939400978650404,71.22301346836153,5
7,27,51,52,45,46.63940097865041,67.92301346836153,9
5,27,42,31,71,55.509400978650405,68.99301346836154,5
6,27,69,29,72,29.449400978650406,72.87301346836153,3
5,27,42,29,46,30.449400978650406,70.65301346836154,6
6,33,42,37,50,34.62940097865041,67.17301346836153,1
5,27,42,29,66,50.4494009786504,84.87301346836153,3
7,27,58,40,63,37.049400978650404,73.82301346836152,4
7,28,94,50,77,47.859400978650406,89.29301346836152,2
6,29,66,35,59,29.109400978650406,60.99301346836153,5
9,52,85,54,73,32.4494009786504,89.11301346836153,3
6,27,61,31,75,40.56940097865041,82.05301346836154,7
11,27,74,38,39,56.68940097865041,84.20301346836153,3
8,28,67,51,66,44.54940097865041,68.04301346836152,7
6,28,67,46,57,40.90940097865041,64.61301346836153,5
8,61,66,63,51,35.4494009786504,82.01301346836152,5
8,27,58,31,59,27.919400978650405,60.50301346836153,8
7,27,59,40,54,34.62940097865041,73.73301346836153,9
8,39,51,29,39,38.4494009786504,63.67301346836153,5
6,27,65,30,70,31.509400978650405,65.78301346836153,2
5,27,42,29,59,43.4494009786504,79.45301346836153,2
9,53,54,55,66,38.4494009786504,74.44301346836153,9
6,27,60,29,75,41.4494009786504,81.01301346836152,7
9,46,72,39,64,33.74940097865041,76.59301346836153,2
7,27,55,37,50,31.699400978650406,67.17301346836153,1
9,52,48,53,67,45.469400978650405,77.86301346836153,9
8,27,58,29,61,29.449400978650406,71.06301346836153,9
6,27,80,29,84,30.449400978650406,89.01301346836152,2
7,27,89,39,79,35.65940097865041,81.26301346836152,2
5,27,42,29,64,48.4494009786504,86.46301346836154,7
7,27,62,51,59,45.4494009786504,83.42301346836153,7
8,50,79,53,70,29.529400978650408,80.72301346836153,3
7,27,60,39,66,36.899400978650405,78.82301346836152,8
7,27,54,40,49,34.62940097865041,82.13301346836153,6
9,62,83,64,67,36.4494009786504,95.06301346836153,2
8,37,50,29,39,36.259400978650405,59.21301346836153,5
8,28,78,43,77,36.59940097865041,80.92301346836153,6
5,27,42,29,53,37.4494009786504,86.47301346836153,7
5,27,42,29,60,44.4494009786504,79.44301346836153,6
6,27,55,29,65,36.4494009786504,88.38301346836153,8
7,35,62,48,55,35.149400978650405,63.82301346836153,5
9,54,54,54,59,31.699400978650406,75.85301346836152,9
6,27,62,29,76,40.4494009786504,79.01301346836152,10
5,27,42,31,60,44.54940097865041,69.61301346836153,3
6,34,42,37,57,41.4794009786504,66.45301346836153,1
9,52,51,55,64,39.4794009786504,80.08301346836153,9
7,27,42,57,40,51.469400978650405,73.52301346836154,10
6,27,60,30,82,48.469400978650405,83.98301346836153,10
5,27,42,29,55,39.4494009786504,79.25301346836153,7
8,49,65,51,51,34.4494009786504,73.71301346836154,5
7,27,42,44,41,38.579400978650405,64.10301346836152,10
8,27,60,31,77,43.54940097865041,77.85301346836152,1
6,27,79,29,100,47.4494009786504,100.75301346836153,2
5,27,42,29,45,29.449400978650406,68.59301346836153,6
5,27,42,29,60,44.4494009786504,78.13301346836153,9
6,27,80,29,89,35.4494009786504,86.35301346836152,3
9,56,88,58,74,34.4494009786504,94.50301346836153,3
7,27,60,44,67,41.4794009786504,64.97301346836153,4
9,37,59,29,49,35.65940097865041,63.89301346836153,2
6,28,71,30,77,32.4494009786504,72.77301346836154,3
6,38,42,42,47,31.699400978650406,62.28301346836153,9
5,48,42,31,47,44.06940097865041,72.04301346836152,8
6,28,69,38,63,31.989400978650405,63.623013468361535,5
5,45,42,38,45,34.26940097865041,73.46301346836154,4
6,27,56,29,68,38.4494009786504,71.50301346836153,6
5,32,42,29,43,29.849400978650408,47.10301346836153,8
7,27,50,29,55,31.449400978650406,60.04301346836153,4
8,27,67,49,62,43.54940097865041,65.23301346836153,7
7,27,52,29,58,32.4494009786504,64.51301346836154,8
9,36,42,39,46,30.519400978650406,51.013013468361535,8
6,27,66,29,81,41.4494009786504,79.31301346836153,2
9,33,49,36,63,40.4794009786504,58.21301346836153,1
9,46,48,49,57,35.48940097865041,62.21301346836153,9
7,27,49,47,50,41.88940097865041,68.20301346836153,1
10,29,87,43,91,37.3394009786504,89.67301346836153,1
5,27,42,29,77,61.4494009786504,97.68301346836154,2
5,27,42,29,48,32.4494009786504,51.10301346836153,7
9,36,72,47,75,34.26940097865041,73.46301346836154,4
8,28,70,41,67,34.4494009786504,63.67301346836153,7
8,38,72,63,79,48.5294009786504,85.71301346836154,4
11,39,56,29,45,37.869400978650404,87.34301346836153,2
5,27,42,30,65,49.469400978650405,69.61301346836153,3
6,27,63,30,84,47.469400978650405,91.22301346836153,6
6,29,81,31,100,45.4494009786504,100.33301346836154,3
5,27,42,29,54,38.4494009786504,61.53301346836153,10
8,43,54,29,39,43.4494009786504,72.61301346836153,5
7,27,56,48,59,43.369400978650404,60.80301346836153,4
8,33,73,42,66,31.509400978650405,69.61301346836153,3
6,34,44,29,43,30.729400978650407,49.49301346836153,8
8,27,75,31,80,31.699400978650406,90.03301346836153,8
5,27,42,29,58,42.4494009786504,87.06301346836153,1
7,27,42,56,41,50.51940097865041,83.98301346836153,10
11,42,56,29,45,40.4494009786504,93.63301346836153,2
7,37,60,42,52,29.279400978650408,62.28301346836153,5
8,40,58,42,47,31.449400978650406,59.63301346836153,5
8,27,67,31,72,31.699400978650406,77.99301346836154,9
5,27,42,29,45,29.449400978650406,52.42301346836153,10
9,43,48,46,69,47.469400978650405,77.59301346836153,1
8,44,74,46,58,36.4494009786504,77.59301346836153,3
9,27,42,42,38,36.48940097865041,71.49301346836154,6
6,28,50,29,54,30.519400978650406,66.75301346836153,8
8,27,53,43,70,47.859400978650406,73.67301346836153,1
8,35,87,46,78,34.26940097865041,83.19301346836153,2
8,27,62,36,64,32.049400978650404,72.91301346836153,8
6,34,47,29,49,32.049400978650404,64.51301346836154,4
8,27,48,31,57,35.619400978650404,58.71301346836153,9
6,28,64,47,53,42.23940097865041,61.64301346836153,5
10,27,48,48,39,43.369400978650404,88.44301346836153,3
6,29,47,29,49,28.839400978650406,69.45301346836153,8
9,36,66,45,67,31.509400978650405,65.46301346836154,4
7,27,102,42,94,37.37940097865041,96.15301346836154,3
9,53,58,53,76,44.54940097865041,78.43301346836154,9
8,27,73,47,71,41.4794009786504,69.93301346836154,7
12,27,51,39,39,36.899400978650405,64.99301346836154,3
11,40,56,29,45,38.70940097865041,95.06301346836153,3
8,27,77,62,72,56.509400978650405,82.05301346836154,6
6,27,77,30,88,37.48940097865041,83.22301346836153,2
6,27,46,29,47,27.449400978650406,47.10301346836153,8
5,60,42,29,51,58.5594009786504,82.05301346836154,4
5,27,42,29,76,60.4494009786504,74.36301346836153,5
7,27,42,48,41,42.54940097865041,76.59301346836153,10
7,27,50,41,47,35.4494009786504,54.843013468361534,7
7,37,60,42,52,29.279400978650408,62.28301346836153,5
6,27,48,29,70,48.4494009786504,69.93301346836154,7
8,46,55,48,45,30.449400978650406,60.80301346836153,5
8,27,56,35,72,43.369400978650404,67.42301346836153,1
6,33,42,36,61,45.469400978650405,74.80301346836154,1
7,27,64,41,60,35.48940097865041,79.53301346836153,7
6,27,53,31,75,48.5294009786504,84.87301346836153,6
8,27,61,30,70,35.48940097865041,67.22301346836153,9
9,27,42,37,37,31.699400978650406,61.81301346836153,6
7,27,50,37,50,31.989400978650405,69.11301346836153,1
7,27,59,38,61,33.74940097865041,75.19301346836153,9
6,28,48,29,50,28.549400978650404,58.273013468361526,8
8,27,58,29,72,40.4494009786504,80.38301346836153,1
5,27,42,29,50,34.4494009786504,74.26301346836152,9
7,27,54,45,51,39.4494009786504,72.91301346836153,6
5,27,42,31,72,56.509400978650405,81.48301346836153,3
10,47,64,35,57,38.009400978650405,75.27301346836154,3
6,27,64,39,53,36.259400978650405,57.38301346836153,5
5,27,42,29,53,37.4494009786504,64.23301346836153,9
7,27,64,32,72,34.84940097865041,83.33301346836153,8
9,27,42,40,39,34.4494009786504,67.22301346836153,6
6,27,66,29,70,30.449400978650406,74.98301346836153,7
6,29,48,29,51,29.769400978650406,61.513013468361535,4
7,27,54,47,51,41.4494009786504,69.93301346836154,1
8,27,58,29,72,40.4494009786504,80.38301346836153,1
6,27,55,31,68,39.56940097865041,74.98301346836153,6
6,27,71,41,57,39.7294009786504,64.59301346836153,5
8,41,72,51,60,35.48940097865041,73.71301346836154,3
6,33,42,37,50,34.62940097865041,69.11301346836153,1
8,48,81,50,66,35.4494009786504,86.52301346836154,2
5,27,42,29,53,37.4494009786504,59.843013468361534,6
6,33,47,29,49,31.259400978650405,68.72301346836153,8
6,28,69,30,80,37.4494009786504,80.72301346836153,3
7,27,65,37,62,31.449400978650406,90.06301346836153,7
5,44,42,29,52,44.84940097865041,77.07301346836152,8
5,43,42,37,44,32.87940097865041,68.99301346836154,4
7,27,56,44,60,39.99940097865041,72.11301346836153,4
6,27,73,30,81,34.49940097865041,76.63301346836153,2
8,58,61,54,49,34.26940097865041,82.25301346836153,5
7,36,57,39,49,28.549400978650404,56.47301346836153,5
9,43,48,46,70,48.469400978650405,68.57301346836152,9
5,27,42,29,60,44.4494009786504,81.68301346836154,9
9,55,68,55,56,32.66940097865041,83.69301346836153,3
7,27,48,36,45,30.449400978650406,53.33301346836153,7
7,27,52,42,46,36.789400978650406,64.08301346836153,1
10,29,57,53,71,51.24940097865041,73.21301346836154,1
5,27,42,31,75,59.509400978650405,85.84301346836153,3
9,39,50,35,70,47.219400978650405,66.45301346836153,1
8,27,84,36,80,30.519400978650406,79.73301346836153,6
8,42,52,39,44,30.519400978650406,58.21301346836153,5
6,27,74,31,80,32.66940097865041,77.59301346836153,2
6,27,51,29,57,32.4494009786504,63.67301346836153,4
6,29,48,29,51,29.769400978650406,71.22301346836153,4
5,27,42,29,60,44.4494009786504,71.63301346836153,6
8,38,42,38,47,31.699400978650406,51.013013468361535,8
9,59,42,59,48,32.66940097865041,89.82301346836152,8
7,27,54,36,46,32.049400978650404,70.87301346836153,1
6,27,70,41,57,39.06940097865041,63.67301346836153,5
7,27,52,36,49,30.449400978650406,57.56301346836153,9
5,27,42,30,64,48.469400978650405,64.61301346836153,5
9,39,70,41,62,28.449400978650406,67.39301346836153,3
9,37,66,29,54,36.899400978650405,73.47301346836153,2
5,27,42,29,64,48.4494009786504,92.01301346836152,6
8,27,67,30,85,44.469400978650405,81.59301346836153,1
10,51,52,48,49,28.449400978650406,85.09301346836153,8
7,27,42,35,41,29.769400978650406,56.013013468361535,10
7,39,60,41,48,32.4494009786504,64.59301346836153,5
7,27,91,37,84,32.38940097865041,86.92301346836153,2
6,29,80,46,65,42.65940097865041,74.84301346836153,5
9,41,63,45,77,40.56940097865041,74.44301346836153,9
6,27,56,30,64,34.49940097865041,61.39301346836153,10
8,29,87,59,84,51.4494009786504,92.11301346836153,7
8,41,42,41,47,31.699400978650406,70.37301346836153,8
8,27,69,34,73,32.049400978650404,77.93301346836154,4
9,49,63,43,53,34.079400978650405,73.71301346836154,3
6,27,50,30,56,32.509400978650405,56.013013468361535,7
10,27,48,47,39,42.4194009786504,78.90301346836154,3
6,27,66,31,88,48.5294009786504,94.61301346836153,2
8,46,50,29,39,44.06940097865041,64.61301346836153,5
10,28,76,48,80,42.759400978650405,78.40301346836154,1
6,27,64,31,85,47.5294009786504,92.62301346836153,6
5,27,42,29,47,31.449400978650406,67.69301346836153,9
9,27,42,42,40,36.48940097865041,79.73301346836153,6
6,47,42,50,51,35.48940097865041,74.03301346836153,1
5,49,42,29,50,48.04940097865041,72.04301346836152,4
11,30,77,44,63,39.7294009786504,71.29301346836152,1
5,27,42,30,71,55.46940097865041,68.14301346836153,5
7,41,66,46,56,31.069400978650407,71.22301346836153,5
7,27,50,29,54,30.449400978650406,57.81301346836153,8
5,27,42,29,52,36.4494009786504,66.45301346836153,9
8,27,54,30,73,45.469400978650405,73.71301346836154,1
7,29,97,41,88,35.109400978650406,93.63301346836153,2
7,28,94,50,77,47.859400978650406,89.29301346836152,2
7,28,105,53,87,50.90940097865041,102.56301346836153,2
8,63,88,65,72,36.4494009786504,100.63301346836153,3
8,57,58,49,47,36.259400978650405,76.35301346836152,5
6,27,61,31,77,42.54940097865041,82.25301346836153,10
6,27,54,29,69,41.4494009786504,74.94301346836153,6
7,27,74,33,69,27.919400978650405,67.39301346836153,3
7,27,54,62,51,56.4494009786504,81.31301346836153,7
8,35,87,51,78,38.679400978650406,86.92301346836153,2
5,27,42,29,51,35.4494009786504,58.71301346836153,10
7,27,64,44,58,38.74940097865041,76.87301346836153,9
6,27,63,30,71,34.49940097865041,69.98301346836153,7
5,27,42,29,52,36.4494009786504,66.51301346836152,7
5,27,42,29,62,46.4494009786504,59.153013468361536,5
5,27,42,29,57,41.4494009786504,78.66301346836153,7
6,27,54,29,70,42.4494009786504,71.81301346836153,7
6,27,79,39,69,35.65940097865041,74.36301346836153,5
8,29,67,49,65,41.4794009786504,66.01301346836152,7
8,27,71,54,68,48.4494009786504,71.50301346836153,6
6,27,69,29,72,29.449400978650406,72.87301346836153,3
11,38,62,29,55,35.149400978650405,76.22301346836153,3
9,45,42,48,46,30.519400978650406,73.92301346836153,8
6,29,69,41,60,35.109400978650406,70.01301346836152,5
9,34,72,51,75,39.609400978650406,75.40301346836154,4
6,27,50,29,55,31.449400978650406,63.82301346836153,8
9,40,72,64,75,46.24940097865041,83.42301346836153,4
7,27,66,57,75,53.90940097865041,78.82301346836152,4
5,27,42,29,59,43.4494009786504,83.42301346836153,7
7,27,52,29,59,33.4494009786504,68.72301346836153,8
8,27,53,36,53,31.069400978650407,48.86301346836153,8
8,42,57,43,47,30.519400978650406,66.75301346836153,5
6,40,42,43,65,49.469400978650405,81.59301346836153,1
9,39,70,39,61,29.769400978650406,73.06301346836153,3
8,35,61,47,65,35.65940097865041,65.41301346836153,8
5,64,42,29,52,62.6694009786504,88.38301346836153,8
7,27,53,51,53,45.649400978650405,68.59301346836153,1
5,27,42,29,46,30.449400978650406,63.623013468361535,7
7,27,54,29,63,35.4494009786504,73.46301346836154,4
8,27,59,29,65,32.4494009786504,61.44301346836153,9
7,27,50,29,54,30.449400978650406,59.843013468361534,4
8,48,50,29,39,45.9194009786504,64.35301346836152,5
11,44,52,40,49,29.449400978650406,69.45301346836153,8
6,27,50,29,60,36.4494009786504,60.873013468361535,7
9,48,51,52,72,47.5294009786504,73.43301346836154,9
5,27,42,29,52,36.4494009786504,67.17301346836153,1
5,27,42,31,75,59.509400978650405,89.29301346836152,3
6,27,64,39,53,36.259400978650405,57.38301346836153,5
11,38,53,36,50,27.449400978650406,49.49301346836153,8
5,27,42,29,52,36.4494009786504,60.08301346836153,6
7,27,58,29,72,40.4494009786504,98.51301346836152,8
8,34,81,38,75,27.059400978650405,76.16301346836153,2
6,27,55,29,65,36.4494009786504,75.70301346836153,8
7,27,92,50,81,45.9194009786504,89.11301346836153,3
5,27,42,29,67,51.4494009786504,80.03301346836153,3
6,34,42,38,61,45.539400978650406,75.19301346836153,9
8,29,82,58,80,50.469400978650405,83.43301346836154,6
9,27,42,43,38,37.48940097865041,80.22301346836153,6
6,40,45,29,45,36.789400978650406,60.123013468361535,8
5,27,42,29,48,32.4494009786504,76.81301346836153,6
10,51,69,40,61,37.37940097865041,83.33301346836153,2
6,27,70,30,74,30.519400978650406,71.69301346836153,2
7,29,84,46,71,41.4794009786504,78.52301346836154,3
6,34,47,29,49,32.049400978650404,64.51301346836154,8
5,27,42,29,51,35.4494009786504,82.13301346836153,6
7,36,57,39,49,28.549400978650404,55.57301346836153,5
11,27,68,41,39,52.0894009786504,84.87301346836153,3
5,27,42,29,58,42.4494009786504,67.22301346836153,9
8,28,59,40,61,34.62940097865041,58.273013468361526,8
5,27,42,29,49,33.4494009786504,61.81301346836153,6
5,27,42,29,58,42.4494009786504,82.95301346836153,1
9,37,58,39,74,42.4494009786504,69.61301346836153,9
5,27,42,29,69,53.4494009786504,72.26301346836152,2
9,46,49,41,46,30.449400978650406,58.05301346836153,8
8,29,66,38,65,30.729400978650407,61.44301346836153,6
5,27,42,30,73,57.45940097865041,80.08301346836153,3
8,27,62,35,64,31.259400978650405,68.72301346836153,8
8,36,76,38,66,30.449400978650406,72.26301346836152,2
8,44,74,46,58,36.4494009786504,77.59301346836153,3
7,43,66,45,51,35.4494009786504,73.52301346836154,5
11,27,58,38,39,41.8094009786504,73.06301346836153,3
7,27,49,43,46,37.4494009786504,67.21301346836154,9
8,27,62,36,58,30.519400978650406,59.843013468361534,6
7,27,42,41,41,35.619400978650404,68.32301346836152,10
5,27,42,29,64,48.4494009786504,78.86301346836153,7
7,27,103,53,87,50.73940097865041,100.75301346836153,2
7,49,66,52,56,30.519400978650406,74.26301346836152,5
8,33,69,42,62,31.509400978650405,64.99301346836154,2
5,27,42,29,59,43.4494009786504,76.26301346836152,1
9,27,42,48,39,42.4494009786504,73.21301346836154,6
6,29,63,31,72,35.4494009786504,67.17301346836153,3
5,27,42,29,57,41.4494009786504,83.69301346836153,10
5,27,42,29,56,40.4494009786504,72.41301346836153,6
5,27,42,29,61,45.4494009786504,66.19301346836153,3
10,47,58,29,45,45.8094009786504,83.46301346836154,2
5,39,42,29,48,38.4494009786504,63.67301346836153,4
7,27,50,55,50,49.619400978650404,70.69301346836153,9
9,49,69,29,57,47.219400978650405,79.74301346836154,3
5,55,42,29,51,53.90940097865041,78.82301346836152,4
6,27,59,29,69,36.4494009786504,72.91301346836153,6
5,27,42,29,64,48.4494009786504,86.46301346836154,7
11,44,52,43,49,26.449400978650406,65.97301346836153,8
10,28,66,31,63,24.449400978650406,58.21301346836153,1
5,41,42,29,50,41.24940097865041,68.14301346836153,4
7,27,54,31,57,29.769400978650406,61.513013468361535,4
7,27,48,41,45,35.4494009786504,59.153013468361536,9
5,27,42,29,53,37.4494009786504,77.31301346836153,7
12,27,48,57,39,52.0894009786504,106.99301346836154,3
6,27,52,31,58,32.66940097865041,53.13301346836153,10
8,40,66,56,71,39.56940097865041,75.08301346836153,4
8,37,77,43,67,31.509400978650405,71.84301346836153,2
7,27,53,40,49,34.49940097865041,81.38301346836153,6
7,27,62,50,53,45.289400978650406,73.17301346836153,9
8,60,91,62,75,36.4494009786504,100.81301346836153,3
12,27,63,40,39,47.15940097865041,85.98301346836153,3
6,41,42,44,58,42.4794009786504,76.87301346836153,9
8,42,56,41,46,31.069400978650407,64.10301346836152,5
8,37,76,39,66,30.449400978650406,73.47301346836153,2
5,39,42,35,43,30.659400978650407,58.273013468361526,8
9,38,80,40,70,30.449400978650406,76.63301346836153,2
7,27,50,29,54,30.449400978650406,58.273013468361526,8
7,27,62,48,51,44.06940097865041,74.89301346836153,9
8,27,68,36,65,30.449400978650406,64.27301346836153,6
9,46,73,48,57,36.4494009786504,79.31301346836153,2
9,33,55,31,69,40.90940097865041,63.80301346836153,1
8,34,42,37,45,29.529400978650408,50.41301346836153,8
8,60,78,62,60,38.4494009786504,92.29301346836152,3
6,27,60,30,63,29.529400978650408,62.89301346836153,6
6,29,72,31,80,34.4494009786504,79.74301346836154,3
5,27,42,29,47,31.449400978650406,60.873013468361535,7
6,27,60,29,74,40.4494009786504,82.05301346836154,6
11,37,61,29,51,35.65940097865041,90.52301346836154,3
6,29,50,29,55,31.699400978650406,72.04301346836152,8
8,53,95,64,83,36.179400978650406,101.81301346836153,2
6,27,72,29,91,45.4494009786504,87.62301346836153,3
7,28,97,44,86,39.56940097865041,93.63301346836153,2
6,27,54,29,63,35.4494009786504,77.62301346836153,4
9,27,42,46,40,40.4794009786504,64.27301346836153,6
5,27,42,31,74,58.509400978650405,97.83301346836154,3
5,27,42,29,56,40.4494009786504,73.52301346836154,7
8,31,78,37,72,28.449400978650406,70.09301346836153,2
6,28,71,30,89,44.4494009786504,89.11301346836153,3
5,27,42,29,70,54.4494009786504,76.63301346836153,2
5,27,42,30,65,49.469400978650405,82.94301346836153,3
9,39,75,29,63,38.4494009786504,82.69301346836153,2
5,27,42,29,61,45.4494009786504,85.54301346836152,1
9,46,73,48,57,36.4494009786504,78.40301346836154,3
5,27,42,29,59,43.4494009786504,78.15301346836154,10
10,28,64,40,67,35.109400978650406,64.08301346836153,1
7,27,42,40,41,34.62940097865041,57.81301346836153,10
7,27,49,37,48,31.699400978650406,52.00301346836153,7
8,27,67,53,70,48.189400978650404,84.20301346836153,4
8,35,77,46,68,34.26940097865041,73.93301346836154,2
8,29,72,57,69,49.4494009786504,75.73301346836153,6
8,64,42,65,45,29.529400978650408,88.38301346836153,8
6,27,70,41,57,39.06940097865041,63.67301346836153,5
5,27,42,29,48,32.4494009786504,64.45301346836153,9
7,27,62,52,58,46.469400978650405,67.92301346836153,7
7,27,50,36,47,30.449400978650406,56.983013468361534,7
9,41,64,43,67,29.449400978650406,67.22301346836153,9
6,27,67,29,79,38.4494009786504,78.86301346836153,7
6,41,42,43,61,45.4494009786504,67.22301346836153,9
8,27,62,40,58,34.49940097865041,57.623013468361535,7
6,36,42,40,51,35.619400978650404,66.10301346836152,1
9,27,42,55,38,49.469400978650405,75.22301346836153,6
10,27,59,39,39,43.1694009786504,76.89301346836153,3
6,27,75,30,94,45.469400978650405,93.63301346836153,2
9,52,83,68,89,40.0894009786504,98.51301346836152,8
5,27,42,29,59,43.4494009786504,82.45301346836153,7
8,29,65,51,64,43.54940097865041,66.51301346836152,7
8,38,77,61,85,47.15940097865041,89.82301346836152,8
10,61,62,39,52,48.4494009786504,88.82301346836152,3
7,27,56,42,52,36.48940097865041,82.13301346836153,6
6,34,42,37,57,41.4794009786504,66.45301346836153,1
5,27,42,29,60,44.4494009786504,81.72301346836153,7
6,27,66,30,71,31.509400978650405,73.21301346836154,6
6,27,61,29,82,47.4494009786504,82.95301346836153,10
8,27,66,38,69,34.26940097865041,73.46301346836154,4
7,27,42,39,39,33.4494009786504,60.14301346836153,10
7,27,63,39,60,33.4494009786504,89.80301346836154,7
6,27,58,31,78,46.539400978650406,78.49301346836154,10
7,27,56,31,60,30.729400978650407,64.51301346836154,4
7,27,56,31,60,30.729400978650407,64.51301346836154,4
8,34,73,38,67,27.059400978650405,70.32301346836152,2
6,30,53,29,61,34.84940097865041,83.33301346836153,8
5,42,42,31,45,37.76940097865041,61.513013468361535,4
7,27,54,47,51,41.4494009786504,69.93301346836154,1
9,44,42,47,50,34.49940097865041,60.123013468361535,8
9,27,42,49,39,43.4494009786504,73.03301346836153,6
7,29,80,39,73,32.38940097865041,73.06301346836153,3
6,36,42,38,55,39.4494009786504,68.38301346836153,9
7,27,66,63,75,59.509400978650405,82.73301346836153,4
7,27,59,54,49,49.40940097865041,86.55301346836154,1
9,43,50,35,43,34.219400978650405,62.05301346836153,5
6,33,42,35,62,46.4494009786504,80.59301346836153,9
7,49,66,52,56,30.519400978650406,74.26301346836152,5
6,29,51,29,57,32.66940097865041,73.46301346836154,4
11,32,60,29,55,28.839400978650406,62.07301346836153,3
6,50,42,53,53,37.48940097865041,79.00301346836153,1
5,27,42,29,60,44.4494009786504,71.63301346836153,6
8,27,66,39,64,33.49940097865041,65.86301346836153,6
8,29,66,38,65,30.729400978650407,61.44301346836153,6
8,35,77,47,68,35.109400978650406,76.16301346836153,3
5,27,42,29,45,29.449400978650406,70.09301346836153,6
7,28,84,36,77,30.659400978650407,76.16301346836153,2
6,27,50,29,64,40.4494009786504,67.18301346836154,10
7,27,65,53,60,47.5294009786504,81.58301346836153,7
9,27,42,40,38,34.49940097865041,64.61301346836153,6
8,27,56,30,65,35.48940097865041,67.92301346836153,9
10,29,73,49,74,41.88940097865041,76.22301346836153,1
7,27,56,37,53,31.449400978650406,73.02301346836154,1
11,27,48,51,39,46.24940097865041,89.11301346836153,3
5,27,42,29,63,47.4494009786504,83.78301346836153,9
7,27,63,51,63,45.649400978650405,80.62301346836153,9
7,27,49,39,44,33.649400978650405,64.27301346836153,6
6,27,49,29,52,29.449400978650406,49.373013468361535,7
8,56,87,66,76,34.759400978650405,94.61301346836153,2
8,29,60,41,63,35.109400978650406,60.04301346836153,4
7,27,56,51,47,46.24940097865041,74.55301346836154,1
7,36,62,42,55,29.109400978650406,60.50301346836153,5
7,27,55,37,58,33.4494009786504,65.41301346836153,8
7,27,54,49,50,43.469400978650405,66.01301346836152,6
9,40,50,42,64,40.4494009786504,62.28301346836153,9
9,40,68,42,56,32.4494009786504,69.61301346836153,3
9,44,65,29,48,45.469400978650405,84.13301346836153,2
5,57,42,29,52,56.149400978650405,82.25301346836153,8
10,34,72,29,65,31.509400978650405,76.16301346836153,2
5,27,42,29,53,37.4494009786504,61.39301346836153,10
6,27,57,31,69,38.579400978650405,75.73301346836153,6
9,33,62,41,63,30.659400978650407,60.99301346836153,8
6,29,45,29,45,27.059400978650405,51.10301346836153,8
8,41,66,44,58,28.549400978650404,66.75301346836153,3
10,55,68,39,58,42.759400978650405,90.52301346836154,3
8,27,57,29,67,36.4494009786504,71.42301346836153,9
8,27,57,52,65,48.9494009786504,70.69301346836153,1
9,27,42,47,41,41.5594009786504,64.32301346836152,6
6,27,53,30,66,39.4794009786504,66.81301346836153,10
5,27,42,29,52,36.4494009786504,83.54301346836152,6
7,27,42,45,41,39.56940097865041,78.15301346836154,10
9,44,52,29,39,43.1694009786504,77.04301346836152,5
8,40,58,42,47,31.449400978650406,60.50301346836153,5
6,42,42,44,53,37.4494009786504,59.843013468361534,1
5,44,42,29,52,44.84940097865041,76.67301346836153,4
7,27,64,50,59,44.54940097865041,68.21301346836154,6
7,29,76,36,69,29.849400978650408,67.92301346836153,2
8,39,91,53,80,37.869400978650404,93.22301346836153,3
7,27,85,39,76,35.109400978650406,77.36301346836153,3
9,42,61,43,51,30.519400978650406,66.75301346836153,3
11,34,68,29,60,32.049400978650404,85.98301346836153,3
6,27,80,30,102,48.469400978650405,102.56301346836153,2
10,27,77,38,39,59.5894009786504,85.84301346836153,3
7,34,66,43,58,32.049400978650404,64.51301346836154,5
5,27,42,29,67,51.4494009786504,63.67301346836153,5
9,41,54,37,66,39.609400978650406,63.623013468361535,1
8,29,60,41,63,35.109400978650406,60.04301346836153,4
8,29,74,61,73,53.51940097865041,79.90301346836154,6
6,39,42,42,50,34.49940097865041,70.37301346836153,1
9,43,51,29,39,41.8094009786504,79.96301346836154,5
8,27,59,34,76,44.06940097865041,71.29301346836152,1
8,27,51,30,50,25.689400978650404,49.85301346836153,8
7,27,53,48,52,42.54940097865041,65.41301346836153,1
5,27,42,29,69,53.4494009786504,73.47301346836153,2
7,28,78,32,73,26.279400978650408,69.43301346836154,3
10,29,80,34,82,29.279400978650408,77.85301346836152,1
5,27,42,29,49,33.4494009786504,69.57301346836152,1
6,27,63,29,67,30.449400978650406,62.33301346836153,2
8,34,73,38,67,27.059400978650405,70.32301346836152,2
6,27,56,29,63,33.4494009786504,63.82301346836153,7
8,42,57,43,47,30.519400978650406,66.75301346836153,5
8,43,68,45,55,33.4494009786504,71.69301346836153,2
6,29,67,40,55,36.179400978650406,60.523013468361526,5
8,27,50,29,54,30.449400978650406,68.72301346836153,9
10,34,47,29,39,32.049400978650404,64.51301346836154,5
6,27,60,29,68,34.4494009786504,64.59301346836153,10
5,27,42,29,58,42.4494009786504,60.14301346836153,10
8,27,66,31,69,29.769400978650406,63.80301346836153,1
11,33,55,29,48,30.659400978650407,75.41301346836153,3
7,27,51,52,45,46.63940097865041,67.92301346836153,9
6,27,51,31,60,35.619400978650404,64.32301346836152,6
7,47,72,63,63,38.679400978650406,82.01301346836152,5
8,27,59,29,65,32.4494009786504,61.44301346836153,9
7,28,83,46,71,41.8094009786504,77.59301346836153,3
9,39,81,29,70,37.869400978650404,87.55301346836154,2
5,27,42,29,62,46.4494009786504,73.93301346836154,10
10,41,71,29,62,38.679400978650406,82.86301346836153,2
9,47,63,48,53,30.519400978650406,73.52301346836154,3
6,27,54,29,67,39.4494009786504,72.91301346836153,6
9,63,75,29,59,61.7294009786504,100.63301346836153,3
6,29,64,31,80,42.4494009786504,76.22301346836153,3
5,27,42,29,57,41.4494009786504,74.44301346836153,9
5,27,42,29,48,32.4494009786504,69.57301346836152,9
7,28,88,34,84,27.569400978650407,80.08301346836153,3
5,27,42,29,52,36.4494009786504,84.20301346836153,10
8,41,61,43,49,32.4494009786504,64.51301346836154,5
5,27,42,29,59,43.4494009786504,80.07301346836152,7
5,27,42,29,59,43.4494009786504,74.06301346836153,1
5,27,42,31,68,52.51940097865041,77.18301346836154,3
6,27,55,29,74,45.4494009786504,82.01301346836152,10
7,27,58,49,53,43.54940097865041,70.65301346836154,6
5,27,42,29,61,45.4494009786504,87.41301346836153,6
7,27,67,51,63,45.469400978650405,78.86301346836153,7
7,27,55,35,52,29.449400978650406,74.98301346836153,6
5,47,42,34,46,39.99940097865041,77.93301346836154,4
9,47,52,47,64,38.579400978650405,65.23301346836153,1
11,35,54,29,45,33.4494009786504,73.93301346836154,2
6,28,63,30,67,30.449400978650406,62.07301346836153,3
7,27,85,39,76,35.109400978650406,77.36301346836153,3
7,27,62,53,57,47.5294009786504,74.83301346836153,6
7,27,56,38,57,33.299400978650404,67.42301346836153,1
7,33,62,45,55,34.219400978650405,62.05301346836153,5
8,27,62,29,81,45.4494009786504,79.73301346836153,9
8,27,78,61,76,55.46940097865041,82.13301346836153,6
5,27,42,29,51,35.4494009786504,69.93301346836154,1
9,37,49,41,67,44.54940097865041,63.67301346836153,1
7,27,58,40,51,35.149400978650405,71.81301346836153,9
9,40,76,36,68,31.259400978650405,77.18301346836154,3
10,49,50,47,47,27.449400978650406,77.12301346836153,8
5,27,42,31,65,49.5294009786504,72.50301346836153,3
9,47,51,43,48,29.449400978650406,81.54301346836152,8
5,73,42,63,47,37.869400978650404,102.52301346836154,8
6,27,49,29,53,30.449400978650406,51.653013468361536,10
5,27,42,29,59,43.4494009786504,79.73301346836153,9
8,29,75,46,71,38.4794009786504,76.81301346836153,6
11,38,53,36,50,27.449400978650406,49.49301346836153,8
9,34,64,29,55,32.66940097865041,66.19301346836153,3
8,46,58,48,47,31.449400978650406,63.82301346836153,5
6,29,65,38,59,31.069400978650407,59.63301346836153,5
5,27,42,29,60,44.4494009786504,78.15301346836154,1
6,33,42,37,51,35.619400978650404,65.23301346836153,9
7,27,58,29,72,40.4494009786504,90.03301346836153,8
7,27,53,38,48,32.66940097865041,61.67301346836153,1
7,27,42,40,41,34.62940097865041,56.04301346836153,10
11,29,80,35,69,32.38940097865041,72.04301346836152,1
7,27,42,41,39,35.4494009786504,53.21301346836153,10
6,27,53,31,74,47.5294009786504,81.38301346836153,6
9,27,42,68,38,62.45940097865041,92.01301346836152,6
7,27,82,43,71,39.56940097865041,76.67301346836153,3
11,48,48,46,45,27.449400978650406,69.83301346836153,8
5,27,42,29,63,47.4494009786504,68.90301346836154,7
5,27,42,29,73,57.4494009786504,73.71301346836154,5
10,56,62,45,52,38.20940097865041,89.29301346836152,2
7,27,42,45,41,39.56940097865041,68.99301346836154,10
7,27,58,42,63,38.70940097865041,75.08301346836153,4
5,27,42,30,74,58.45940097865041,82.01301346836152,5
6,27,60,30,70,36.48940097865041,68.14301346836153,7
7,29,84,36,76,30.519400978650406,77.18301346836154,3
7,27,97,51,88,46.24940097865041,98.40301346836154,2
7,27,66,45,75,43.4494009786504,72.61301346836153,4
7,27,59,40,59,34.84940097865041,61.44301346836153,9
8,27,60,29,67,33.4494009786504,72.16301346836153,9
5,27,42,29,64,48.4494009786504,80.72301346836153,10
8,27,53,30,71,44.469400978650405,73.21301346836154,9
5,42,42,31,45,37.76940097865041,61.513013468361535,4
5,27,42,29,66,50.4494009786504,84.13301346836153,2
9,38,70,40,60,30.449400978650406,67.05301346836154,2
5,27,42,29,60,44.4494009786504,91.22301346836153,6
9,39,72,29,60,38.4494009786504,81.72301346836153,2
5,27,42,29,59,43.4494009786504,64.97301346836153,10
8,27,54,29,76,48.4494009786504,77.86301346836153,9
7,27,50,29,54,30.449400978650406,62.94301346836153,4
5,39,42,29,48,38.4494009786504,63.67301346836153,4
9,52,52,29,39,50.37940097865041,82.25301346836153,5
8,27,75,61,70,55.509400978650405,79.18301346836154,7
6,27,64,29,83,45.4494009786504,82.40301346836154,3
11,59,51,58,48,26.449400978650406,79.90301346836154,8
5,27,42,29,57,41.4494009786504,62.763013468361535,1
5,39,42,31,45,35.109400978650406,60.04301346836153,4
7,27,66,54,56,49.40940097865041,82.95301346836153,1
11,44,71,46,69,24.449400978650406,68.20301346836153,1
8,29,71,49,68,41.4494009786504,68.44301346836153,6
8,41,56,41,46,30.729400978650407,65.41301346836153,5
8,43,57,45,47,30.449400978650406,60.41301346836153,5
5,27,42,29,59,43.4494009786504,71.01301346836152,6
8,32,69,36,64,26.279400978650408,62.07301346836153,3
7,27,52,29,60,34.4494009786504,68.99301346836154,4
7,27,58,36,54,30.519400978650406,79.25301346836153,7
8,27,59,36,60,31.509400978650405,62.28301346836153,8
7,27,74,35,71,29.449400978650406,67.05301346836154,2
8,29,78,66,77,58.509400978650405,86.97301346836153,6
5,27,42,29,48,32.4494009786504,64.32301346836152,6
5,27,42,29,59,43.4494009786504,82.87301346836153,1
8,41,53,29,39,41.24940097865041,68.14301346836153,5
5,44,42,42,42,28.449400978650406,60.123013468361535,8
6,27,66,29,76,36.4494009786504,75.75301346836153,10
9,74,67,29,45,74.1494009786504,109.43301346836154,3
5,27,42,29,59,43.4494009786504,73.93301346836154,2
5,27,42,29,60,44.4494009786504,67.39301346836153,3
8,34,73,38,67,27.059400978650405,69.61301346836153,3
7,27,42,36,41,30.729400978650407,68.90301346836154,10
9,45,71,45,93,48.5294009786504,90.13301346836153,9
8,38,84,53,76,37.37940097865041,83.33301346836153,2
5,27,42,29,64,48.4494009786504,82.95301346836153,10
5,27,42,30,61,45.469400978650405,61.64301346836153,5
7,27,50,40,52,35.52940097865041,70.85301346836152,9
10,49,62,47,53,30.659400978650407,82.40301346836154,3
8,27,72,58,67,52.51940097865041,74.94301346836153,6
5,27,42,29,77,61.4494009786504,82.25301346836153,5
7,27,54,31,57,29.769400978650406,60.04301346836153,4
9,48,68,48,79,37.5894009786504,85.60301346836152,1
5,27,42,29,45,29.449400978650406,67.92301346836153,6
7,45,67,50,59,29.279400978650408,69.83301346836153,5
8,27,51,29,70,45.4494009786504,69.57301346836152,9
6,45,47,29,49,42.12940097865041,76.40301346836154,8
9,42,42,43,50,34.49940097865041,66.75301346836153,8
7,29,85,59,73,52.859400978650406,85.64301346836153,3
8,29,63,43,67,37.3394009786504,64.51301346836154,4
7,27,48,47,45,41.4494009786504,69.93301346836154,7
7,27,48,36,47,30.729400978650407,52.08301346836153,7
12,27,58,41,39,43.4494009786504,78.39301346836153,3
7,29,102,43,95,36.09940097865041,96.46301346836154,2
9,36,52,38,74,48.4494009786504,69.35301346836152,9
6,38,52,29,59,38.31940097865041,85.71301346836154,4
5,27,42,30,60,44.469400978650405,59.61301346836153,5
6,27,54,29,63,35.4494009786504,77.62301346836153,4
6,42,42,45,49,33.49940097865041,66.83301346836153,9
7,29,84,41,74,35.65940097865041,76.89301346836153,3
8,29,68,51,65,43.4494009786504,67.27301346836154,6
8,43,83,45,68,35.4494009786504,86.97301346836153,3
5,60,42,37,47,49.6994009786504,93.12301346836153,8
10,28,70,32,74,30.729400978650407,71.29301346836152,1
9,43,65,29,53,41.8094009786504,73.52301346836154,3
8,34,42,36,47,31.449400978650406,51.57301346836153,8
10,46,60,39,51,34.26940097865041,79.31301346836153,2
7,27,54,29,63,35.4494009786504,73.46301346836154,4
7,27,51,56,46,50.51940097865041,74.25301346836153,9
5,27,42,29,52,36.4494009786504,69.61301346836153,10
7,27,83,39,78,33.649400978650405,75.66301346836153,2
6,28,80,46,69,41.3394009786504,75.70301346836153,5
10,29,79,31,77,24.449400978650406,72.04301346836152,1
8,44,79,46,62,37.4494009786504,84.13301346836153,2
9,56,68,58,55,33.4494009786504,77.14301346836153,3
9,38,42,38,48,32.66940097865041,58.763013468361535,8
7,27,52,37,53,32.38940097865041,49.33301346836153,8
5,27,42,31,61,45.539400978650406,62.07301346836153,3
9,44,52,29,39,43.1694009786504,75.70301346836153,5
7,27,53,49,52,43.54940097865041,67.27301346836154,6
11,31,90,48,79,40.4494009786504,85.60301346836152,1
9,52,42,55,45,29.529400978650408,70.69301346836153,8
11,29,79,34,69,31.069400978650407,70.87301346836153,1
9,35,68,45,71,33.4494009786504,68.99301346836154,4
9,39,72,29,60,38.4494009786504,81.72301346836153,2
6,28,81,46,69,41.8094009786504,77.04301346836152,5
7,27,58,39,53,33.649400978650405,66.50301346836153,6
9,43,48,46,69,47.469400978650405,77.59301346836153,1
5,27,42,29,53,37.4494009786504,57.403013468361536,10
8,29,66,49,62,41.4794009786504,67.27301346836154,6
6,29,64,44,53,38.70940097865041,59.843013468361534,5
5,27,42,29,56,40.4494009786504,62.74301346836153,1
12,27,63,45,39,49.84940097865041,94.95301346836153,3
7,27,60,50,67,46.70940097865041,68.21301346836154,4
9,27,42,35,37,29.769400978650406,68.82301346836152,6
5,41,42,29,50,41.24940097865041,70.37301346836153,8
6,46,42,50,50,34.62940097865041,61.013013468361535,9
6,27,63,29,71,34.4494009786504,67.05301346836154,2
6,27,51,29,70,45.4494009786504,75.22301346836153,7
9,46,48,34,42,37.76940097865041,60.80301346836153,5
9,27,42,36,40,30.519400978650406,72.91301346836153,6
5,56,42,33,50,50.759400978650405,86.46301346836154,8
9,36,73,36,65,28.839400978650406,72.50301346836153,3
7,27,52,36,53,31.509400978650405,50.41301346836153,8
5,27,42,29,71,55.4494009786504,86.92301346836153,2
10,49,56,29,45,46.859400978650406,78.66301346836153,2
10,27,75,50,80,45.9194009786504,80.22301346836153,1
6,27,49,31,62,39.56940097865041,62.42301346836153,7
10,47,60,47,51,29.769400978650406,80.63301346836153,2
6,27,48,30,63,41.4794009786504,67.92301346836153,6
8,35,42,38,50,34.49940097865041,54.31301346836153,8
9,46,68,29,55,44.9194009786504,82.06301346836153,2
11,27,67,37,39,49.6994009786504,77.18301346836154,3
11,37,66,29,59,34.219400978650405,79.70301346836153,2
8,28,70,41,67,34.4494009786504,63.67301346836153,7
6,30,44,29,43,27.059400978650405,47.63301346836153,8
7,27,68,58,79,55.649400978650405,83.21301346836154,8
5,27,42,29,52,36.4494009786504,74.32301346836152,9
6,27,56,31,76,46.539400978650406,82.13301346836153,6
10,27,57,39,39,41.4794009786504,74.84301346836153,3
7,27,52,42,47,36.59940097865041,62.28301346836153,9
6,27,51,29,67,42.4494009786504,68.21301346836154,10
6,45,42,47,63,47.4494009786504,92.03301346836153,1
9,43,48,46,70,48.469400978650405,68.57301346836152,9
7,29,93,39,86,32.38940097865041,95.06301346836153,2
6,34,48,29,51,32.66940097865041,75.40301346836154,4
6,27,67,29,72,31.449400978650406,74.55301346836154,7
5,27,42,30,68,52.469400978650405,72.77301346836154,3
8,27,53,43,70,47.859400978650406,73.67301346836153,1
5,27,42,29,49,33.4494009786504,57.56301346836153,9
6,27,53,29,61,34.4494009786504,68.14301346836153,4
10,28,66,31,63,24.449400978650406,58.21301346836153,1
9,27,42,52,41,46.539400978650406,67.92301346836153,6
8,29,71,49,68,41.4494009786504,68.44301346836153,6
10,28,76,35,79,31.259400978650405,74.97301346836153,1
8,50,50,29,39,47.79940097865041,66.45301346836153,5
6,28,65,50,55,44.63940097865041,64.35301346836152,5
6,28,72,47,63,41.4794009786504,72.91301346836153,5
8,27,62,36,64,32.049400978650404,72.91301346836153,8
8,27,51,31,62,37.5894009786504,72.41301346836153,9
7,28,93,55,85,48.9494009786504,90.92301346836153,2
5,27,42,29,59,43.4494009786504,61.44301346836153,10
10,38,68,35,61,29.849400978650408,72.77301346836154,3
10,27,69,43,39,53.859400978650406,92.88301346836153,3
9,44,61,29,45,44.84940097865041,78.90301346836154,3
7,27,93,39,84,35.109400978650406,86.37301346836153,3
6,35,47,29,49,32.87940097865041,68.99301346836154,4
10,27,48,48,39,43.369400978650404,88.44301346836153,3
6,27,77,29,84,33.4494009786504,79.53301346836153,3
5,27,42,30,61,45.469400978650405,69.61301346836153,3
8,58,60,45,48,40.939400978650404,79.96301346836154,5
5,65,42,43,51,50.2794009786504,92.88301346836153,8
7,27,59,48,51,43.09940097865041,74.80301346836154,9
9,41,50,29,39,39.56940097865041,71.22301346836153,5
5,27,42,29,62,46.4494009786504,76.81301346836153,10
9,27,42,58,40,52.469400978650405,82.13301346836153,6
8,27,76,58,74,52.469400978650405,78.66301346836153,7
8,60,91,62,75,36.4494009786504,100.81301346836153,3
6,38,42,41,45,29.529400978650408,59.153013468361536,9
8,28,73,50,70,43.4494009786504,70.65301346836154,7
9,33,65,35,86,47.4494009786504,80.59301346836153,9
9,50,68,60,71,33.4494009786504,77.76301346836152,4
11,36,52,32,49,29.449400978650406,49.85301346836153,8
10,50,73,41,62,37.049400978650404,96.53301346836153,3
8,27,48,30,60,38.4794009786504,65.23301346836153,1
5,27,42,29,45,29.449400978650406,54.68301346836153,7
8,27,73,43,69,37.48940097865041,70.65301346836154,6
7,27,85,49,75,44.63940097865041,83.46301346836154,2
6,27,51,29,57,32.4494009786504,67.27301346836154,8
6,28,62,30,72,36.4494009786504,77.14301346836153,3
7,27,50,29,55,31.449400978650406,60.99301346836153,8
5,27,42,29,62,46.4494009786504,81.72301346836153,2
5,27,42,29,64,48.4494009786504,82.45301346836153,1
8,27,61,36,63,32.049400978650404,64.51301346836154,4
6,52,42,55,52,36.48940097865041,71.42301346836153,9
5,27,42,31,78,62.4994009786504,100.33301346836154,3
6,27,70,29,92,48.4494009786504,91.81301346836153,2
6,49,42,53,48,32.66940097865041,64.45301346836153,9
9,36,68,38,78,36.4494009786504,73.23301346836153,9
5,27,42,31,78,62.4994009786504,77.50301346836153,5
6,29,74,43,65,36.869400978650404,68.99301346836154,5
8,33,72,54,65,42.869400978650404,75.41301346836153,3
10,27,58,45,39,46.079400978650405,84.76301346836152,3
9,36,68,46,71,33.4494009786504,69.45301346836153,4
9,41,80,29,66,41.24940097865041,92.88301346836153,3
8,27,74,57,71,51.4494009786504,75.73301346836153,6
5,27,42,29,71,55.4494009786504,89.11301346836153,3
9,39,49,41,60,37.4494009786504,77.85301346836152,1
6,28,80,58,65,53.90940097865041,81.01301346836152,5
6,27,55,29,67,38.4494009786504,70.75301346836153,7
7,27,63,53,57,47.63940097865041,70.09301346836153,9
7,27,56,44,53,38.4494009786504,59.843013468361534,6
9,33,65,35,86,47.4494009786504,80.59301346836153,9
5,27,42,31,64,48.5294009786504,64.61301346836153,5
8,27,63,29,82,45.4494009786504,78.13301346836153,9
8,29,74,49,72,41.4794009786504,78.49301346836154,6
9,34,52,37,55,29.529400978650408,57.56301346836153,9
7,27,60,43,57,37.4494009786504,81.48301346836153,6
5,44,42,37,44,33.74940097865041,60.123013468361535,8
6,29,64,44,53,38.70940097865041,59.843013468361534,5
7,27,53,45,45,40.20940097865041,68.57301346836152,9
7,28,79,33,75,26.609400978650406,72.43301346836154,2
6,28,80,58,65,53.90940097865041,81.01301346836152,5
8,44,42,47,48,32.509400978650405,75.70301346836153,8
9,44,68,29,52,44.84940097865041,86.02301346836154,2
9,51,52,54,63,37.48940097865041,72.26301346836152,1
8,37,81,40,71,30.519400978650406,75.66301346836153,2
8,27,58,30,63,31.509400978650405,72.41301346836153,1
10,55,42,57,49,33.4494009786504,76.40301346836154,8
5,27,42,31,73,57.509400978650405,71.22301346836153,5
8,27,49,30,71,48.469400978650405,72.04301346836152,1
6,27,49,29,53,30.449400978650406,58.21301346836153,4
8,29,83,50,79,42.4794009786504,87.77301346836154,6
6,30,48,29,51,30.159400978650407,60.50301346836153,4
5,27,42,29,62,46.4494009786504,75.41301346836153,9
5,27,42,29,74,58.4494009786504,86.01301346836152,3
7,27,42,48,40,42.4794009786504,60.80301346836153,10
5,27,42,30,69,53.469400978650405,86.01301346836152,3
5,27,42,29,59,43.4494009786504,73.93301346836154,2
5,39,42,29,48,38.4494009786504,63.67301346836153,4
9,27,42,46,39,40.4494009786504,60.233013468361534,6
6,27,60,31,77,43.54940097865041,84.95301346836153,6
7,37,60,40,50,30.519400978650406,57.81301346836153,5
8,29,59,37,57,29.529400978650408,54.843013468361534,7
10,53,76,48,67,32.66940097865041,94.95301346836153,3
9,61,72,29,56,59.84940097865041,95.34301346836153,2
6,27,64,29,71,33.4494009786504,66.19301346836153,3
7,39,60,41,48,32.4494009786504,63.67301346836153,5
6,27,57,31,75,44.54940097865041,86.97301346836153,6
8,27,49,31,56,33.649400978650405,61.013013468361535,9
8,27,63,31,65,28.839400978650406,69.45301346836153,8
8,39,51,29,39,38.4494009786504,64.59301346836153,5
9,41,69,29,55,41.24940097865041,84.76301346836152,3
7,27,42,45,41,39.56940097865041,73.52301346836154,10
7,27,59,65,54,59.509400978650405,87.02301346836154,6
9,43,71,29,56,43.4494009786504,86.66301346836153,2
7,27,80,45,70,40.90940097865041,74.44301346836153,3
6,27,70,41,57,39.06940097865041,63.67301346836153,5
5,27,42,29,60,44.4494009786504,63.89301346836153,2
5,27,42,29,57,41.4494009786504,83.43301346836154,6
5,27,42,30,73,57.45940097865041,74.26301346836152,5
6,29,76,31,91,41.4494009786504,90.48301346836153,3
8,28,80,62,76,55.46940097865041,83.54301346836152,6
5,27,42,29,46,30.449400978650406,73.21301346836154,1
6,27,67,29,79,38.4494009786504,78.86301346836153,7
5,27,42,29,52,36.4494009786504,82.01301346836152,10
7,28,89,41,81,35.52940097865041,83.91301346836153,3
8,27,54,30,54,26.609400978650406,53.80301346836153,8
11,49,48,46,45,28.449400978650406,80.62301346836153,8
5,49,42,29,47,46.859400978650406,65.77301346836154,4
7,27,64,54,48,51.62940097865041,94.05301346836154,1
9,50,48,51,56,34.49940097865041,67.92301346836153,9
8,27,49,31,71,48.5294009786504,71.49301346836154,9
6,29,72,31,82,36.4494009786504,85.64301346836153,3
6,29,49,29,53,30.729400978650407,64.51301346836154,4
5,27,42,29,73,57.4494009786504,83.46301346836154,2
9,40,49,44,58,35.619400978650404,62.36301346836153,9
10,34,42,36,49,33.4494009786504,49.85301346836153,8
8,27,56,29,74,44.4494009786504,74.55301346836154,9
6,28,47,29,49,28.549400978650404,57.06301346836153,8
6,29,63,31,81,44.4494009786504,76.89301346836153,3
8,27,56,31,73,43.54940097865041,68.38301346836153,9
7,28,95,41,86,35.9794009786504,87.55301346836154,2
6,27,75,30,87,38.4794009786504,86.01301346836152,2
8,44,49,29,39,41.829400978650405,59.46301346836153,5
10,32,45,29,39,29.279400978650408,56.47301346836153,5
11,53,60,29,48,50.95940097865041,101.81301346836153,2
7,39,63,43,53,30.729400978650407,65.41301346836153,5
5,27,42,29,67,51.4494009786504,71.69301346836153,2
10,47,62,39,52,35.65940097865041,81.96301346836154,3
5,27,42,29,57,41.4494009786504,76.89301346836153,1
7,27,67,43,45,47.04940097865041,80.34301346836153,9
8,30,75,51,83,45.399400978650405,83.33301346836153,8
6,27,47,29,49,28.449400978650406,49.33301346836153,8
6,27,53,31,60,33.649400978650405,61.53301346836153,7
7,27,42,54,41,48.5294009786504,71.50301346836153,10
10,27,58,49,56,43.469400978650405,59.46301346836153,1
6,27,74,30,94,46.469400978650405,90.49301346836154,2
5,52,42,33,51,47.63940097865041,89.57301346836152,8
5,27,42,29,45,29.449400978650406,52.08301346836153,7
8,27,53,30,68,41.4794009786504,73.43301346836154,1
6,28,50,29,55,31.509400978650405,68.99301346836154,4
8,27,56,34,59,31.259400978650405,54.403013468361536,1
8,45,60,45,48,32.66940097865041,72.57301346836152,5
6,27,48,30,70,48.469400978650405,75.22301346836153,6
10,44,42,48,47,31.699400978650406,60.123013468361535,8
6,36,42,40,51,35.619400978650404,71.81301346836153,9
7,39,60,41,48,32.4494009786504,63.67301346836153,5
6,27,81,31,94,39.56940097865041,93.63301346836153,2
8,27,63,37,85,49.6994009786504,80.28301346836153,1
9,27,42,44,39,38.4494009786504,74.94301346836153,6
6,34,47,29,49,32.049400978650404,72.91301346836153,8
5,27,42,29,59,43.4494009786504,74.83301346836153,6
10,34,47,29,39,32.049400978650404,63.623013468361535,5
5,41,42,36,44,32.049400978650404,64.51301346836154,4
8,27,55,31,74,45.539400978650406,74.06301346836153,1
8,27,58,31,59,27.919400978650405,60.04301346836153,4
5,27,42,31,74,58.509400978650405,97.83301346836154,3
6,33,42,35,46,30.449400978650406,58.21301346836153,1
10,46,65,41,56,32.66940097865041,83.91301346836153,3
5,41,42,36,44,32.049400978650404,64.51301346836154,4
6,27,48,30,57,35.48940097865041,57.97301346836153,7
7,27,42,48,40,42.4794009786504,67.88301346836153,10
7,27,66,45,75,43.4494009786504,72.61301346836153,4
5,27,42,29,55,39.4494009786504,73.52301346836154,10
8,50,59,51,47,32.509400978650405,74.26301346836152,5
6,27,51,29,57,32.4494009786504,63.67301346836153,4
9,46,91,48,75,36.4494009786504,96.15301346836154,3
7,27,49,37,46,31.449400978650406,56.623013468361535,7
9,27,42,61,40,55.46940097865041,82.89301346836153,6
6,28,63,39,55,33.74940097865041,59.61301346836153,5
7,27,58,36,54,30.519400978650406,79.25301346836153,7
8,43,63,45,49,34.4494009786504,68.99301346836154,5
7,29,89,40,83,32.939400978650404,81.48301346836153,3
8,27,52,29,60,34.4494009786504,62.21301346836153,9
7,27,50,35,52,31.259400978650405,68.72301346836153,9
6,27,63,29,71,34.4494009786504,67.39301346836153,3
9,27,42,40,39,34.4494009786504,67.22301346836153,6
8,27,52,30,62,36.48940097865041,57.56301346836153,9
10,27,52,47,39,44.039400978650406,86.35301346836152,3
8,30,75,51,83,45.399400978650405,83.82301346836152,8
9,37,48,29,39,35.109400978650406,61.513013468361535,5
6,34,47,29,49,32.049400978650404,64.51301346836154,8
5,27,42,29,52,36.4494009786504,64.10301346836152,10
10,44,70,37,61,34.26940097865041,83.19301346836153,2
7,27,62,54,59,48.4494009786504,80.07301346836152,7
6,52,42,56,46,30.729400978650407,74.25301346836153,9
7,48,66,53,54,32.939400978650404,71.63301346836153,5
11,27,48,48,39,43.369400978650404,80.22301346836153,3
8,27,50,30,65,41.4794009786504,70.69301346836153,9
7,27,52,29,60,34.4494009786504,70.95301346836153,4
6,27,53,31,65,38.579400978650405,67.27301346836154,6
6,27,49,30,65,42.4794009786504,63.623013468361535,7
9,48,54,50,74,46.4494009786504,74.03301346836153,1
10,37,64,29,55,35.109400978650406,73.06301346836153,3
10,39,42,43,49,33.649400978650405,60.99301346836153,8
5,27,42,29,64,48.4494009786504,82.25301346836153,3
9,35,56,32,78,48.9494009786504,73.02301346836154,1
5,27,42,30,67,51.469400978650405,64.51301346836154,5
8,27,75,48,74,42.54940097865041,76.81301346836153,6
6,45,42,48,47,31.509400978650405,71.29301346836152,9
7,27,42,35,39,29.449400978650406,59.89301346836153,10
6,44,48,29,51,41.4794009786504,76.01301346836152,4
10,27,54,45,39,43.4494009786504,85.64301346836153,3
8,27,60,30,77,43.469400978650405,78.15301346836154,9
5,27,42,29,55,39.4494009786504,69.27301346836154,10
9,27,42,37,39,31.449400978650406,62.42301346836153,6
7,29,76,43,69,36.09940097865041,73.71301346836154,3
7,27,42,37,41,31.699400978650406,52.91301346836153,10
8,46,42,47,48,32.509400978650405,81.54301346836152,8
6,27,72,29,86,40.4494009786504,90.64301346836153,2
7,27,67,39,64,33.4494009786504,83.22301346836153,9
6,27,56,29,59,29.449400978650406,59.843013468361534,6
6,43,42,45,55,39.4494009786504,77.99301346836154,9
8,27,50,29,68,44.4494009786504,67.69301346836153,9
10,37,69,29,60,35.109400978650406,75.66301346836153,2
8,39,84,41,72,32.4494009786504,82.69301346836153,2
7,27,42,49,40,43.469400978650405,66.01301346836152,10
7,27,59,46,54,40.56940097865041,74.84301346836153,9
10,45,60,37,51,35.109400978650406,76.16301346836153,3
5,27,42,29,52,36.4494009786504,74.06301346836153,1
6,28,64,30,73,35.4494009786504,69.61301346836153,3
11,33,84,52,82,40.4794009786504,82.95301346836153,1
9,46,68,29,55,44.9194009786504,82.06301346836153,2
8,30,60,42,63,35.109400978650406,60.50301346836153,4
7,27,64,52,47,50.37940097865041,75.41301346836153,9
8,29,65,51,64,43.54940097865041,66.51301346836152,7
6,29,65,31,80,41.4494009786504,88.44301346836153,3
6,27,54,29,63,35.4494009786504,74.39301346836153,8
5,27,42,29,45,29.449400978650406,65.23301346836153,1
5,27,42,29,62,46.4494009786504,83.21301346836154,9
10,28,83,33,87,31.069400978650407,85.60301346836152,1
5,44,42,29,47,42.23940097865041,63.82301346836153,8
5,44,42,29,52,44.84940097865041,75.70301346836153,8
5,27,42,31,69,53.51940097865041,71.63301346836153,5
7,37,60,40,50,30.519400978650406,57.81301346836153,5
6,27,81,46,69,42.689400978650404,77.04301346836152,5
7,27,42,44,40,38.4794009786504,76.87301346836153,10
7,27,46,29,48,28.449400978650406,49.85301346836153,8
7,27,60,58,59,52.51940097865041,84.95301346836153,6
7,27,60,41,67,39.06940097865041,63.67301346836153,4
5,27,42,29,48,32.4494009786504,63.623013468361535,10
8,28,69,52,66,45.4494009786504,68.68301346836154,6
7,41,66,45,55,31.699400978650406,69.88301346836153,5
5,27,42,29,78,62.4494009786504,93.63301346836153,2
8,27,56,31,63,33.649400978650405,64.10301346836152,9
6,32,46,29,47,29.849400978650408,57.81301346836153,8
5,27,42,29,67,51.4494009786504,64.51301346836154,5
10,42,70,39,63,29.849400978650408,79.70301346836153,2
7,27,42,44,41,38.579400978650405,59.843013468361534,10
7,40,62,52,55,34.219400978650405,67.18301346836154,5
6,28,71,30,90,45.4494009786504,86.97301346836153,3
12,27,52,39,39,37.5894009786504,72.87301346836153,3
6,27,76,30,81,31.509400978650405,76.16301346836153,2
9,44,51,46,60,35.4494009786504,66.83301346836153,9
5,49,42,39,46,37.3394009786504,84.32301346836152,8
6,27,65,29,72,33.4494009786504,79.18301346836154,7
6,29,48,29,51,29.769400978650406,60.04301346836153,4
7,27,58,51,55,45.4494009786504,79.74301346836154,6
6,27,50,29,61,37.4494009786504,61.013013468361535,7
10,60,42,61,45,29.529400978650408,93.12301346836153,8
8,62,66,64,51,35.4494009786504,83.42301346836153,5
8,60,76,62,59,37.4494009786504,90.64301346836153,2
5,27,42,30,69,53.469400978650405,72.26301346836152,5
5,27,42,29,55,39.4494009786504,78.49301346836154,10
7,27,62,52,58,46.469400978650405,67.92301346836153,7
7,28,87,46,72,43.4494009786504,82.87301346836153,3
8,35,42,37,48,32.4494009786504,49.33301346836153,8
9,39,60,33,66,35.48940097865041,62.763013468361535,1
5,27,42,29,60,44.4494009786504,81.31301346836153,2
12,27,58,33,39,39.939400978650404,62.07301346836153,3
7,27,81,39,73,34.62940097865041,73.47301346836153,2
5,27,42,29,46,30.449400978650406,75.73301346836153,6
8,36,63,50,67,37.3394009786504,69.45301346836153,8
7,29,83,40,76,33.299400978650404,76.22301346836153,3
7,27,50,47,47,41.4494009786504,60.873013468361535,7
5,27,42,29,67,51.4494009786504,75.27301346836154,3
9,42,54,37,77,50.37940097865041,74.06301346836153,1
7,36,56,38,46,30.449400978650406,55.14301346836153,5
7,27,42,50,41,44.54940097865041,68.21301346836154,10
6,34,46,29,47,31.509400978650405,60.50301346836153,8
7,27,49,48,50,42.869400978650404,59.46301346836153,1
9,41,49,45,56,33.649400978650405,67.21301346836154,9
8,27,56,31,74,44.54940097865041,71.29301346836152,1
9,27,42,52,41,46.539400978650406,67.87301346836153,6
7,27,63,47,61,41.4794009786504,68.44301346836153,6
6,27,80,29,98,44.4494009786504,97.68301346836154,2
7,27,54,31,57,29.769400978650406,60.04301346836153,4
9,43,58,29,45,42.31940097865041,71.69301346836153,2
8,61,66,63,51,35.4494009786504,82.01301346836152,5
5,27,42,29,67,51.4494009786504,63.67301346836153,5
8,31,72,39,66,30.159400978650407,64.83301346836153,2
5,27,42,29,53,37.4494009786504,74.55301346836154,1
9,35,54,36,69,41.4794009786504,65.23301346836153,9
9,33,58,46,59,35.149400978650405,59.46301346836153,4
6,27,57,31,61,30.729400978650407,59.21301346836153,7
11,27,51,44,39,40.939400978650404,76.15301346836154,3
7,43,69,47,57,32.66940097865041,72.57301346836152,5
6,27,50,29,61,37.4494009786504,61.013013468361535,10
8,27,66,36,69,32.66940097865041,73.46301346836154,4
8,29,81,54,78,46.4494009786504,79.53301346836153,7
7,28,104,57,94,51.3394009786504,106.99301346836154,3
8,41,76,43,62,34.4494009786504,81.31301346836153,3
5,27,42,29,48,32.4494009786504,71.29301346836152,7
10,47,48,29,39,44.329400978650405,82.01301346836152,5
8,43,58,45,47,31.449400978650406,61.233013468361534,5
6,42,42,45,63,47.469400978650405,75.26301346836152,9
10,39,42,41,47,31.449400978650406,58.273013468361526,8
7,27,42,43,40,37.48940097865041,60.99301346836153,10
6,27,57,29,69,38.4494009786504,92.01301346836152,8
6,27,66,31,84,44.54940097865041,82.06301346836153,2
7,47,66,54,54,33.74940097865041,72.26301346836152,5
8,27,72,50,68,44.469400978650405,72.91301346836153,6
8,27,51,30,65,40.4794009786504,67.92301346836153,9
8,43,58,43,47,31.699400978650406,68.10301346836152,5
7,38,68,45,60,30.519400978650406,69.88301346836153,5
10,48,60,29,45,47.63940097865041,93.63301346836153,2
9,51,65,43,77,41.4794009786504,78.15301346836154,1
9,27,42,44,39,38.4494009786504,74.94301346836153,6
5,27,42,29,58,42.4494009786504,82.25301346836153,10
8,27,77,38,74,32.4494009786504,81.31301346836153,7
7,27,46,29,47,27.449400978650406,47.63301346836153,8
5,27,42,29,58,42.4494009786504,87.06301346836153,1
5,27,42,29,52,36.4494009786504,74.97301346836153,1
8,27,58,30,65,33.49940097865041,71.81301346836153,9
6,27,60,31,79,45.539400978650406,83.43301346836154,6
5,41,42,29,50,41.24940097865041,69.98301346836153,4
5,41,42,31,46,37.3394009786504,64.51301346836154,4
11,31,90,48,79,40.4494009786504,85.60301346836152,1
9,56,77,53,59,39.259400978650405,100.75301346836153,2
8,55,97,69,84,39.06940097865041,106.99301346836154,3
9,46,63,29,45,47.65940097865041,86.44301346836153,3
6,35,42,39,55,39.56940097865041,76.89301346836153,1
5,27,42,29,49,33.4494009786504,57.56301346836153,9
7,27,54,35,57,31.939400978650404,66.45301346836153,4
6,29,48,29,51,29.769400978650406,60.04301346836153,4
6,29,65,31,73,34.4494009786504,75.41301346836153,3
7,27,67,39,50,40.649400978650405,89.11301346836153,1
7,27,42,56,41,50.51940097865041,75.08301346836153,10
11,34,61,29,53,32.049400978650404,80.92301346836153,3
5,27,42,29,59,43.4494009786504,80.59301346836153,9
9,49,49,51,70,47.4494009786504,72.04301346836152,1
5,27,42,29,59,43.4494009786504,61.44301346836153,10
5,27,42,29,45,29.449400978650406,68.04301346836152,6
9,50,63,53,70,33.49940097865041,72.41301346836153,1
7,27,48,29,51,29.449400978650406,53.80301346836153,8
11,36,48,34,45,27.449400978650406,49.85301346836153,8
8,27,75,54,80,49.6994009786504,98.51301346836152,8
5,27,42,29,47,31.449400978650406,70.69301346836153,9
9,29,72,47,75,40.539400978650406,73.46301346836154,4
6,27,64,31,67,29.769400978650406,69.02301346836154,7
10,27,61,35,39,43.369400978650404,65.78301346836153,3
6,27,49,29,52,29.449400978650406,49.373013468361535,7
8,27,73,47,71,41.4794009786504,69.93301346836154,7
6,44,42,47,68,52.469400978650405,90.13301346836153,9
5,42,42,31,43,37.049400978650404,59.843013468361534,4
8,27,54,30,76,48.469400978650405,72.43301346836154,9
9,27,42,56,38,50.469400978650405,82.05301346836154,6
5,27,42,29,47,31.449400978650406,66.01301346836152,7
9,38,80,29,71,35.9794009786504,81.48301346836153,3
11,41,72,54,63,35.9794009786504,72.26301346836152,1
6,27,62,30,67,31.509400978650405,64.97301346836153,10
10,51,60,52,51,29.529400978650408,80.72301346836153,3
6,38,42,42,57,41.5594009786504,82.55301346836154,9
8,27,61,31,63,28.839400978650406,64.51301346836154,4
9,43,52,43,44,28.839400978650406,68.99301346836154,5
5,27,42,29,55,39.4494009786504,78.49301346836154,10
7,27,42,48,41,42.54940097865041,61.53301346836153,10
10,32,45,29,39,29.279400978650408,60.80301346836153,5
5,27,42,29,74,58.4494009786504,79.53301346836153,3
6,34,42,36,49,33.4494009786504,57.56301346836153,9
5,27,42,30,73,57.45940097865041,86.81301346836153,3
8,58,62,55,49,34.62940097865041,83.03301346836153,5
9,50,57,52,73,42.4494009786504,74.26301346836152,9
8,42,49,29,39,39.99940097865041,59.843013468361534,5
6,29,63,31,72,35.4494009786504,67.17301346836153,3
5,27,42,29,55,39.4494009786504,71.81301346836153,9
7,27,84,39,76,34.62940097865041,79.31301346836153,2
11,49,66,29,57,46.24940097865041,98.40301346836154,2
5,27,42,29,74,58.4494009786504,71.69301346836153,5
6,27,49,29,53,30.449400978650406,60.80301346836153,4
5,27,42,29,46,30.449400978650406,71.81301346836153,1
8,27,89,56,84,50.51940097865041,87.41301346836153,6
6,27,77,31,91,40.56940097865041,90.07301346836152,2
7,28,82,36,77,29.769400978650406,80.92301346836153,3
6,27,67,30,83,42.4794009786504,94.09301346836153,6
7,27,52,29,59,33.4494009786504,69.83301346836153,8
5,27,42,29,63,47.4494009786504,80.22301346836153,1
7,27,62,53,57,47.5294009786504,74.83301346836153,6
6,29,75,46,61,42.04940097865041,70.33301346836153,5
7,27,49,39,45,33.49940097865041,53.06301346836153,7
10,51,66,29,49,51.2294009786504,101.75301346836153,3
9,34,67,44,69,32.87940097865041,66.75301346836153,4
8,27,60,38,55,32.66940097865041,53.33301346836153,7
5,27,42,29,49,33.4494009786504,62.21301346836153,9
9,27,42,49,39,43.4494009786504,75.41301346836153,6
9,53,52,55,68,42.4494009786504,72.16301346836153,9
6,46,42,49,49,33.49940097865041,65.23301346836153,1
5,27,42,29,53,37.4494009786504,76.40301346836154,6
10,46,69,46,61,28.839400978650406,82.06301346836153,2
9,42,66,43,71,31.509400978650405,68.55301346836154,1
8,27,52,31,62,36.59940097865041,66.83301346836153,1
8,27,68,36,65,30.449400978650406,64.27301346836153,6
10,27,48,53,39,48.189400978650404,90.48301346836153,3
7,27,60,49,65,44.98940097865041,67.27301346836154,8
7,45,67,50,59,29.279400978650408,69.83301346836153,5
6,28,79,30,101,48.4494009786504,106.99301346836154,3
5,27,42,29,61,45.4494009786504,66.83301346836153,10
7,27,59,35,58,29.769400978650406,71.49301346836154,6
5,27,42,29,51,35.4494009786504,66.45301346836153,10
9,32,76,49,79,39.609400978650406,77.93301346836154,4
9,40,50,42,64,40.4494009786504,62.28301346836153,9
7,27,60,49,65,44.98940097865041,67.27301346836154,8
7,27,42,38,40,32.509400978650405,66.45301346836153,10
5,27,42,31,78,62.4994009786504,77.50301346836153,5
9,36,68,46,71,33.4494009786504,69.45301346836153,4
8,27,50,31,49,26.279400978650408,48.83301346836153,8
9,40,70,41,87,43.469400978650405,82.94301346836153,9
8,29,85,62,81,54.469400978650405,92.01301346836152,6
8,29,77,65,73,57.45940097865041,83.42301346836153,7
9,29,61,44,61,36.789400978650406,59.843013468361534,4
5,52,42,42,46,37.3394009786504,72.11301346836153,8
10,38,47,29,39,35.52940097865041,69.88301346836153,5
7,27,51,53,48,47.4494009786504,64.45301346836153,9
5,42,42,29,44,39.259400978650405,58.05301346836153,8
7,27,42,48,41,42.54940097865041,63.04301346836153,10
11,33,56,29,49,30.659400978650407,69.61301346836153,3
7,27,54,35,57,31.939400978650404,66.45301346836153,4
8,28,80,62,76,55.46940097865041,83.54301346836152,6
7,27,90,48,78,44.469400978650405,86.01301346836152,3
8,29,77,65,73,57.45940097865041,83.42301346836153,6
12,27,49,51,39,46.539400978650406,93.65301346836154,3
8,27,66,41,69,36.869400978650404,75.40301346836154,4
8,27,57,38,52,32.66940097865041,53.06301346836153,7
11,27,50,48,39,44.06940097865041,83.69301346836153,3
7,27,49,43,44,37.5894009786504,75.08301346836153,6
6,27,54,31,71,43.54940097865041,66.45301346836153,10
7,27,49,39,45,33.49940097865041,53.06301346836153,7
6,27,55,29,74,45.4494009786504,82.01301346836152,10
6,49,42,53,48,32.66940097865041,69.33301346836153,9
6,35,42,38,48,32.509400978650405,61.67301346836153,1
10,37,45,29,39,33.88940097865041,59.61301346836153,5
7,27,42,42,39,36.4494009786504,68.68301346836154,10
10,38,49,35,46,28.449400978650406,51.013013468361535,8
10,37,76,29,67,35.109400978650406,86.81301346836153,3
8,27,62,37,81,46.859400978650406,79.31301346836153,1
6,27,51,31,70,45.539400978650406,74.32301346836152,7
5,47,42,34,46,39.99940097865041,77.93301346836154,4
5,27,42,30,63,47.469400978650405,59.21301346836153,5
5,27,42,29,69,53.4494009786504,87.62301346836153,3
5,27,42,31,66,50.51940097865041,64.10301346836152,5
6,27,67,31,83,42.54940097865041,89.43301346836154,10
9,27,42,38,37,32.66940097865041,62.763013468361535,6
5,27,42,30,74,58.45940097865041,79.96301346836154,5
6,29,66,35,59,29.109400978650406,60.99301346836153,5
7,27,74,35,71,29.449400978650406,67.05301346836154,2
8,29,63,51,61,43.469400978650405,64.32301346836152,6
6,27,72,29,91,45.4494009786504,87.62301346836153,3
5,27,42,29,72,56.4494009786504,83.30301346836154,2
6,27,69,29,81,38.4494009786504,83.69301346836153,3
5,27,42,29,59,43.4494009786504,81.38301346836153,10
5,27,42,29,45,29.449400978650406,69.93301346836154,7
10,62,69,55,57,36.179400978650406,101.81301346836153,2
10,46,59,29,45,45.399400978650405,86.01301346836152,3
10,36,47,29,39,33.74940097865041,63.623013468361535,5
5,27,42,29,47,31.449400978650406,70.69301346836153,9
6,27,56,29,78,48.4494009786504,86.47301346836153,7
11,36,52,33,49,28.449400978650406,51.57301346836153,8
5,27,42,29,55,39.4494009786504,75.41301346836153,9
9,34,66,29,57,32.66940097865041,67.92301346836153,2
6,27,54,29,75,47.4494009786504,82.13301346836153,6
8,41,83,45,75,28.839400978650406,82.86301346836153,2
9,40,65,42,53,32.4494009786504,64.99301346836154,2
7,27,49,51,46,45.4494009786504,72.04301346836152,1
8,27,64,29,79,41.4494009786504,77.07301346836152,9
8,27,75,48,74,42.54940097865041,76.81301346836153,6
10,27,49,50,39,45.5894009786504,82.87301346836153,3
8,28,81,47,77,40.4794009786504,81.22301346836153,7
5,27,42,29,49,33.4494009786504,69.61301346836153,10
9,47,73,49,57,36.4494009786504,80.63301346836153,2
5,27,42,29,67,51.4494009786504,75.66301346836153,2
5,27,42,29,50,34.4494009786504,68.59301346836153,1
10,49,62,47,53,30.659400978650407,82.40301346836154,3
5,27,42,29,45,29.449400978650406,68.32301346836152,7
5,27,42,29,74,58.4494009786504,86.01301346836152,3
9,49,48,53,52,30.729400978650407,82.45301346836153,1
9,45,54,46,45,29.529400978650408,73.46301346836154,5
8,32,85,48,79,37.76940097865041,82.06301346836153,3
7,27,42,47,39,41.4494009786504,63.21301346836153,10
6,27,62,29,79,43.4494009786504,85.41301346836153,7
8,27,61,31,82,47.5294009786504,87.06301346836153,1
7,27,46,29,47,27.449400978650406,50.18301346836153,8
9,62,85,64,69,36.4494009786504,98.40301346836154,2
5,27,42,29,72,56.4494009786504,93.63301346836153,2
5,27,42,29,63,47.4494009786504,73.21301346836154,6
7,27,56,48,53,42.4494009786504,63.82301346836153,7
6,49,42,52,46,30.519400978650406,72.62301346836153,9
9,52,54,54,68,40.4494009786504,76.22301346836153,1
5,27,42,29,64,48.4494009786504,89.11301346836153,1
8,27,53,30,60,33.49940097865041,68.57301346836152,9
9,47,87,49,75,32.4494009786504,88.92301346836153,2
8,27,78,61,76,55.46940097865041,82.13301346836153,6
6,27,51,31,63,38.579400978650405,60.99301346836153,10
10,27,48,51,39,46.24940097865041,92.29301346836152,3
9,46,50,41,47,30.449400978650406,63.82301346836153,8
6,27,63,31,84,47.5294009786504,92.11301346836153,7
5,27,42,29,51,35.4494009786504,52.91301346836153,10
7,27,52,29,60,34.4494009786504,77.76301346836152,4
8,27,64,43,86,52.09940097865041,85.54301346836152,1
7,29,102,41,93,35.109400978650406,97.83301346836154,3
5,45,42,37,45,35.109400978650406,65.41301346836153,8
5,27,42,30,68,52.469400978650405,94.50301346836153,3
8,27,51,30,65,40.4794009786504,67.92301346836153,9
10,27,69,37,39,51.609400978650406,79.53301346836153,3
5,27,42,29,60,44.4494009786504,78.15301346836154,1
5,27,42,31,78,62.4994009786504,77.04301346836152,5
5,27,42,29,57,41.4494009786504,67.39301346836153,10
5,27,42,29,53,37.4494009786504,74.55301346836154,9
9,42,82,39,72,32.049400978650404,86.37301346836153,3
7,36,62,41,55,28.449400978650406,60.04301346836153,5
8,41,56,41,46,30.729400978650407,65.41301346836153,5
6,27,49,30,57,34.49940097865041,54.31301346836153,10
11,35,71,29,62,33.4494009786504,94.50301346836153,3
5,27,42,29,60,44.4494009786504,96.15301346836154,7
9,46,53,42,50,29.449400978650406,58.05301346836153,8
6,41,47,29,49,38.31940097865041,68.21301346836154,4
6,27,67,30,83,42.4794009786504,86.46301346836154,7
6,27,76,29,80,30.449400978650406,74.80301346836154,2
7,27,54,43,51,37.4494009786504,63.623013468361535,1
7,27,60,41,67,39.06940097865041,63.67301346836153,4
8,27,55,32,62,33.88940097865041,60.67301346836153,1
7,27,49,37,46,31.449400978650406,56.623013468361535,7
9,37,72,29,62,35.65940097865041,77.36301346836153,3
10,40,56,35,49,31.509400978650405,64.99301346836154,2
5,27,42,31,73,57.509400978650405,71.22301346836153,5
5,40,42,32,45,35.109400978650406,60.50301346836153,4
7,27,50,55,50,49.619400978650404,70.69301346836153,9
9,27,42,43,39,37.4494009786504,68.68301346836154,6
5,27,42,29,78,62.4494009786504,96.46301346836154,2
5,27,42,29,58,42.4494009786504,72.87301346836153,10
6,44,42,47,68,52.469400978650405,90.13301346836153,9
6,28,67,30,74,33.4494009786504,76.22301346836153,3
12,27,71,43,39,55.649400978650405,87.62301346836153,3
7,27,52,37,54,32.87940097865041,60.123013468361535,8
5,37,42,33,41,29.769400978650406,50.18301346836153,8
9,43,84,43,73,31.699400978650406,91.45301346836153,2
6,27,60,29,76,42.4494009786504,84.20301346836153,7
9,61,83,75,89,38.4494009786504,102.52301346836154,8
6,45,42,47,46,30.449400978650406,77.07301346836152,9
7,27,42,43,39,37.4494009786504,56.013013468361535,10
6,27,60,31,82,48.5294009786504,92.62301346836153,7
7,27,48,29,50,28.449400978650406,51.10301346836153,8
7,27,84,55,74,50.37940097865041,83.69301346836153,3
5,46,42,29,50,45.399400978650405,70.43301346836154,4
9,29,83,54,89,48.149400978650405,90.03301346836153,8
7,27,74,33,69,27.919400978650405,67.39301346836153,3
7,38,68,45,60,30.519400978650406,69.88301346836153,5
8,29,67,51,64,43.4494009786504,67.87301346836153,6
6,34,47,29,49,32.049400978650404,64.51301346836154,4
8,29,73,46,70,38.4494009786504,70.65301346836154,6
10,33,46,29,39,30.659400978650407,59.153013468361536,5
7,27,50,29,55,31.449400978650406,60.99301346836153,8
11,40,97,55,68,52.51940097865041,94.05301346836154,1
9,44,71,55,73,33.74940097865041,76.01301346836152,4
12,27,51,39,39,36.899400978650405,64.99301346836154,3
5,34,42,29,43,31.509400978650405,48.86301346836153,8
8,27,68,43,67,37.5894009786504,64.51301346836154,7
5,27,42,29,61,45.4494009786504,82.06301346836153,2
6,46,42,50,50,34.62940097865041,61.013013468361535,9
7,27,50,29,56,32.4494009786504,62.28301346836153,8
5,27,42,31,61,45.539400978650406,59.843013468361534,5
8,27,51,30,59,34.49940097865041,64.45301346836153,9
6,45,42,48,52,36.48940097865041,65.41301346836153,1
6,27,74,43,65,38.679400978650406,68.99301346836154,5
6,27,57,29,69,38.4494009786504,86.46301346836154,8
6,27,62,31,84,48.5294009786504,95.45301346836153,10
6,27,66,29,83,43.4494009786504,81.96301346836154,3
8,27,55,31,74,45.539400978650406,74.06301346836153,1
6,35,42,38,48,32.509400978650405,85.00301346836153,1
6,34,45,29,45,31.069400978650407,53.21301346836153,8
5,27,42,29,61,45.4494009786504,75.27301346836154,1
6,27,50,31,68,44.54940097865041,67.88301346836153,10
7,27,58,34,63,32.87940097865041,70.43301346836154,4
7,27,46,29,47,27.449400978650406,48.83301346836153,8
5,27,42,29,57,41.4494009786504,78.66301346836153,7
9,35,83,62,89,50.01940097865041,93.12301346836153,8
7,27,53,47,51,41.4794009786504,83.42301346836153,6
9,36,47,29,39,33.74940097865041,56.47301346836153,5
7,27,52,35,49,29.449400978650406,55.41301346836153,6
7,27,61,62,58,56.4494009786504,82.05301346836154,7
7,27,52,29,60,34.4494009786504,69.45301346836153,4
10,37,45,29,39,33.88940097865041,59.61301346836153,5
8,39,51,29,39,38.4494009786504,63.67301346836153,5
5,27,42,29,49,33.4494009786504,69.33301346836153,1
10,28,71,52,72,45.8094009786504,73.43301346836154,1
8,27,62,36,61,30.729400978650407,56.623013468361535,7
6,45,42,48,50,34.49940097865041,59.46301346836153,1
5,27,42,30,60,44.469400978650405,62.07301346836153,3
6,41,42,43,51,35.4494009786504,63.623013468361535,1
8,27,53,36,53,31.069400978650407,48.86301346836153,8
11,53,53,29,45,49.929400978650406,77.90301346836154,3
8,39,91,53,80,37.869400978650404,93.22301346836153,3
6,27,56,30,66,36.48940097865041,68.68301346836154,6
7,27,71,35,66,29.769400978650406,64.99301346836154,2
7,27,60,39,56,33.49940097865041,64.61301346836153,7
5,27,42,29,52,36.4494009786504,68.21301346836154,7
9,34,62,42,63,30.659400978650407,60.50301346836153,8
8,27,59,30,77,44.469400978650405,78.15301346836154,1
11,27,48,50,39,45.289400978650406,86.01301346836152,3
6,48,42,52,55,39.56940097865041,67.92301346836153,9
5,27,42,29,58,42.4494009786504,70.87301346836153,1
8,37,79,39,69,30.449400978650406,77.36301346836153,3
5,27,42,29,57,41.4494009786504,70.22301346836153,6
7,27,63,73,59,67.45940097865041,96.15301346836154,7
9,40,75,42,63,32.4494009786504,76.22301346836153,3
6,27,60,29,66,32.4494009786504,67.42301346836153,10
12,27,51,53,39,49.079400978650405,93.22301346836153,3
7,27,65,60,63,54.469400978650405,77.76301346836152,7
6,27,57,29,69,38.4494009786504,92.01301346836152,8
8,34,79,42,73,30.159400978650407,77.18301346836154,3
6,27,67,31,75,34.62940097865041,71.84301346836153,2
6,27,51,29,70,45.4494009786504,70.65301346836154,6
8,27,62,32,80,44.65940097865041,74.80301346836154,1
6,27,66,31,72,32.66940097865041,78.49301346836154,7
9,36,50,31,47,30.449400978650406,51.57301346836153,8
6,30,53,29,61,34.84940097865041,83.33301346836153,8
6,27,50,29,55,31.449400978650406,65.77301346836154,4
8,27,70,44,66,38.4794009786504,70.75301346836153,7
5,27,42,29,67,51.4494009786504,75.27301346836154,3
8,27,62,29,65,29.449400978650406,75.26301346836152,9
9,48,53,51,56,29.529400978650408,61.013013468361535,9
9,57,53,55,50,27.449400978650406,80.07301346836152,8
5,27,42,29,51,35.4494009786504,67.62301346836153,7
6,27,49,31,67,44.54940097865041,64.97301346836153,10
10,29,79,50,85,44.469400978650405,86.55301346836154,1
8,27,63,43,71,41.24940097865041,68.55301346836154,1
6,49,42,52,49,33.49940097865041,71.81301346836153,1
6,28,68,39,57,35.48940097865041,62.28301346836153,5
5,27,42,29,52,36.4494009786504,60.08301346836153,6
5,27,42,31,64,48.5294009786504,60.523013468361526,5
7,27,49,52,47,46.469400978650405,71.81301346836153,9
6,27,57,31,65,34.62940097865041,61.07301346836153,10
11,35,62,29,55,32.38940097865041,78.39301346836153,3
9,46,67,46,55,32.66940097865041,80.22301346836153,3
9,48,64,29,45,49.84940097865041,89.29301346836152,2
7,28,101,41,93,35.52940097865041,96.53301346836153,3
5,39,42,34,43,31.509400978650405,60.04301346836153,4
7,28,69,33,66,26.449400978650406,61.373013468361535,2
7,27,42,42,40,36.48940097865041,61.39301346836153,10
6,27,58,30,69,37.48940097865041,72.91301346836153,6
6,28,63,38,54,33.4494009786504,56.47301346836153,5
6,27,80,29,89,35.4494009786504,90.52301346836154,3
5,44,42,33,45,37.76940097865041,71.68301346836154,8
8,43,68,45,55,33.4494009786504,71.69301346836153,2
7,29,73,39,68,31.699400978650406,65.78301346836153,3
7,27,42,47,41,41.5594009786504,60.123013468361535,10
8,27,56,30,65,35.48940097865041,64.23301346836153,9
11,37,77,29,70,34.219400978650405,88.75301346836153,2
11,37,55,29,45,35.65940097865041,81.96301346836154,3
8,39,89,41,78,31.449400978650406,87.55301346836154,2
9,46,50,37,81,59.18940097865041,79.31301346836153,1
8,28,80,64,76,57.45940097865041,84.87301346836153,7
9,69,49,66,46,28.449400978650406,94.04301346836152,8
6,39,48,29,51,36.869400978650404,75.40301346836154,4
7,27,50,29,55,31.449400978650406,60.04301346836153,4
5,27,42,29,61,45.4494009786504,77.14301346836153,10
7,29,86,39,80,31.989400978650405,79.70301346836153,2
5,27,42,29,61,45.4494009786504,89.67301346836153,1
10,35,42,36,49,33.49940097865041,51.57301346836153,8
6,33,46,29,47,30.659400978650407,58.273013468361526,8
7,27,42,53,41,47.5294009786504,75.65301346836154,10
9,51,79,53,66,33.4494009786504,83.33301346836153,2
5,27,42,29,49,33.4494009786504,65.74301346836154,1
11,36,73,47,56,40.0894009786504,69.57301346836152,1
6,27,64,31,68,30.729400978650407,66.83301346836153,10
5,27,42,29,48,32.4494009786504,74.25301346836153,9
8,61,85,63,69,36.4494009786504,95.34301346836153,2
5,43,42,29,51,43.4494009786504,72.61301346836153,4
6,29,74,31,81,33.4494009786504,78.52301346836154,3
6,27,62,30,66,30.519400978650406,61.373013468361535,2
8,27,49,29,55,32.4494009786504,59.46301346836153,1
5,27,42,30,72,56.46940097865041,69.88301346836153,5
10,41,47,29,39,38.31940097865041,68.99301346836154,5
7,27,60,49,59,43.54940097865041,68.82301346836152,6
6,48,42,50,48,32.4494009786504,73.43301346836154,9
8,31,75,58,83,50.759400978650405,86.46301346836154,8
8,27,65,31,68,29.769400978650406,71.22301346836153,4
9,46,48,34,42,37.76940097865041,60.80301346836153,5
5,27,42,29,72,56.4494009786504,69.88301346836153,5
6,28,63,38,54,33.4494009786504,56.47301346836153,5
5,37,42,29,47,36.259400978650405,59.21301346836153,4
7,27,42,64,41,58.509400978650405,89.43301346836154,10
11,39,51,36,48,28.449400978650406,53.21301346836153,8
5,57,42,29,54,56.98940097865041,86.46301346836154,8
5,47,42,37,44,36.4494009786504,69.83301346836153,8
5,27,42,29,59,43.4494009786504,67.92301346836153,2
8,53,77,57,65,32.66940097865041,83.69301346836153,3
6,43,42,46,64,48.469400978650405,78.40301346836154,1
8,27,70,40,74,36.48940097865041,80.62301346836153,8
9,54,55,56,63,34.4494009786504,69.33301346836153,1
6,27,60,29,68,34.4494009786504,70.22301346836153,6
5,27,42,29,46,30.449400978650406,75.08301346836153,6
6,27,77,29,87,36.4494009786504,86.01301346836152,3
6,27,54,29,63,35.4494009786504,72.61301346836153,4
8,40,55,39,45,31.069400978650407,62.28301346836153,5
7,27,52,29,58,32.4494009786504,64.51301346836154,8
7,27,53,38,49,32.509400978650405,69.35301346836152,9
9,46,76,29,60,46.469400978650405,94.24301346836154,2
7,27,68,46,79,45.469400978650405,77.07301346836152,8
6,27,81,31,99,44.54940097865041,96.46301346836154,2
6,27,62,30,75,39.4794009786504,81.38301346836153,10
8,37,89,64,80,49.15940097865041,95.06301346836153,2
8,27,65,46,68,41.4794009786504,76.01301346836152,4
7,27,68,46,77,44.259400978650405,75.70301346836153,8
5,27,42,29,68,52.4494009786504,89.29301346836152,2
5,27,42,29,64,48.4494009786504,81.38301346836153,7
11,27,48,41,39,36.869400978650404,66.75301346836153,3
5,27,42,29,64,48.4494009786504,103.92301346836152,6
5,27,42,29,45,29.449400978650406,53.33301346836153,7
6,27,54,29,63,35.4494009786504,74.39301346836153,8
5,27,42,29,56,40.4494009786504,71.29301346836152,1
10,40,42,41,46,30.519400978650406,62.28301346836153,8
5,27,42,29,58,42.4494009786504,66.74301346836154,1
8,27,84,53,82,47.469400978650405,82.45301346836153,7
5,27,42,29,61,45.4494009786504,57.38301346836153,5
7,27,58,44,63,40.4494009786504,61.513013468361535,4
5,27,42,29,50,34.4494009786504,73.43301346836154,1
7,27,62,45,63,39.939400978650404,75.26301346836152,9
5,27,42,29,76,60.4494009786504,100.63301346836153,3
7,27,55,41,46,36.869400978650404,74.97301346836153,1
10,49,70,37,61,38.679400978650406,86.92301346836153,2
6,28,50,29,55,31.509400978650405,68.99301346836154,4
9,39,50,38,43,28.449400978650406,60.04301346836153,5
11,41,52,38,49,28.449400978650406,60.99301346836153,8
9,34,54,34,59,31.699400978650406,54.403013468361536,1
8,29,87,67,84,59.4494009786504,92.11301346836153,7
6,27,62,31,76,40.56940097865041,73.93301346836154,2
6,40,42,44,49,33.649400978650405,60.67301346836153,1
5,27,42,29,47,31.449400978650406,56.983013468361534,7
10,28,66,38,70,34.079400978650405,69.57301346836152,1
5,27,42,29,54,38.4494009786504,86.97301346836153,6
6,50,42,54,59,43.54940097865041,82.95301346836153,1
8,29,69,52,64,44.54940097865041,68.68301346836154,7
9,43,52,46,59,33.49940097865041,66.83301346836153,9
6,32,48,29,50,30.519400978650406,59.843013468361534,8
9,42,61,43,51,30.519400978650406,66.75301346836153,3
5,46,42,29,48,44.469400978650405,67.62301346836153,8
7,27,66,47,63,41.4494009786504,92.03301346836153,1
5,39,42,29,48,38.4494009786504,63.67301346836153,4
8,52,56,41,46,38.20940097865041,70.01301346836152,5
6,42,42,46,45,29.769400978650406,69.57301346836152,9
6,39,42,43,63,47.5294009786504,83.21301346836154,9
10,27,75,30,72,24.449400978650406,80.38301346836153,1
7,27,52,35,49,29.449400978650406,55.41301346836153,6
6,27,55,31,76,47.5294009786504,81.48301346836153,10
9,39,48,41,56,34.4494009786504,60.04301346836153,1
10,34,65,29,58,31.509400978650405,69.61301346836153,3
5,55,42,29,49,53.179400978650406,74.25301346836153,4
8,28,74,48,71,41.4494009786504,73.21301346836154,6
8,27,59,31,80,47.5294009786504,75.19301346836153,9
11,35,98,45,78,42.23940097865041,92.03301346836153,1
5,48,42,29,46,45.5894009786504,65.77301346836154,8
5,61,42,29,51,59.509400978650405,82.73301346836153,4
8,62,66,64,51,35.4494009786504,83.42301346836153,5
8,44,42,46,49,33.4494009786504,79.31301346836153,8
8,28,73,37,71,30.519400978650406,68.14301346836153,7
8,33,61,45,65,35.65940097865041,64.83301346836153,8
8,27,65,33,68,30.659400978650407,71.68301346836154,8
5,39,42,29,48,38.4494009786504,63.67301346836153,4
12,27,61,33,39,42.869400978650404,67.39301346836153,3
6,27,72,31,88,42.54940097865041,90.15301346836154,2
5,52,42,32,45,46.24940097865041,70.69301346836153,8
7,27,56,36,53,30.449400978650406,57.38301346836153,7
12,27,71,43,39,55.649400978650405,87.62301346836153,3
7,27,54,41,45,36.869400978650404,60.04301346836153,1
6,27,48,30,57,35.48940097865041,54.68301346836153,7
7,61,68,63,52,36.4494009786504,84.95301346836153,5
8,27,65,30,68,29.529400978650408,71.22301346836153,4
7,27,58,46,63,42.23940097865041,62.623013468361535,4
9,41,64,43,67,29.449400978650406,67.22301346836153,9
8,37,88,42,80,29.279400978650408,86.81301346836153,3
8,27,78,59,76,53.469400978650405,80.84301346836153,7
7,27,51,47,46,41.5594009786504,62.42301346836153,6
7,27,55,50,51,44.469400978650405,68.21301346836154,7
7,28,92,38,86,31.989400978650405,84.20301346836153,3
5,27,42,29,56,40.4494009786504,76.81301346836153,6
6,27,69,51,57,47.219400978650405,68.04301346836152,5
7,28,97,43,90,37.049400978650404,90.49301346836154,2
7,27,42,35,41,29.769400978650406,56.013013468361535,10
5,27,42,29,62,46.4494009786504,73.93301346836154,10
6,29,68,31,83,41.4494009786504,88.82301346836152,3
7,27,53,34,56,31.259400978650405,59.843013468361534,8
8,41,79,64,89,48.149400978650405,95.41301346836153,8
5,27,42,29,60,44.4494009786504,89.80301346836154,7
5,27,42,29,56,40.4494009786504,83.46301346836154,7
7,27,87,40,80,35.149400978650405,79.53301346836153,3
10,29,81,46,57,49.259400978650405,75.75301346836153,1
7,27,42,37,39,31.449400978650406,64.26301346836154,10
9,32,73,48,77,39.09940097865041,75.70301346836153,4
7,29,91,50,78,44.9194009786504,86.52301346836154,2
6,27,64,31,83,45.539400978650406,79.70301346836153,2
12,27,64,46,39,51.24940097865041,94.95301346836153,3
7,33,62,41,55,30.659400978650407,60.04301346836153,5
11,53,60,29,48,50.95940097865041,101.81301346836153,2
9,53,74,29,56,53.469400978650405,97.68301346836154,2
6,28,68,30,88,46.4494009786504,92.29301346836152,3
5,48,42,29,46,45.5894009786504,65.77301346836154,8
8,44,59,43,47,32.939400978650404,71.22301346836153,5
8,41,72,51,60,35.48940097865041,73.71301346836154,3
10,54,48,51,45,28.449400978650406,70.69301346836153,8
9,42,56,31,61,38.70940097865041,59.843013468361534,1
7,27,94,35,89,29.769400978650406,87.62301346836153,3
9,27,42,36,39,30.449400978650406,75.08301346836153,6
8,27,80,55,77,49.4494009786504,79.25301346836153,7
5,27,42,29,51,35.4494009786504,59.46301346836153,7
6,27,49,29,59,36.4494009786504,56.623013468361535,7
6,37,42,41,57,41.5594009786504,62.763013468361535,1
5,27,42,29,64,48.4494009786504,77.48301346836153,2
5,27,42,30,72,56.46940097865041,69.88301346836153,5
9,38,55,40,75,46.4494009786504,70.85301346836152,9
8,27,72,39,69,33.4494009786504,73.57301346836152,6
8,64,42,65,45,29.529400978650408,88.38301346836153,8
12,27,57,45,39,45.37940097865041,82.25301346836153,3
12,27,51,53,39,49.079400978650405,93.22301346836153,3
8,27,79,37,78,31.699400978650406,79.28301346836153,6
7,27,63,48,47,46.469400978650405,71.29301346836152,9
5,27,42,30,71,55.46940097865041,68.14301346836153,5
7,27,48,41,45,35.4494009786504,59.153013468361536,9
6,27,73,29,82,35.4494009786504,77.36301346836153,3
7,29,70,34,66,26.609400978650406,62.07301346836153,3
6,27,55,29,65,36.4494009786504,75.70301346836153,8
9,62,42,62,47,31.699400978650406,95.41301346836153,8
6,44,42,48,50,34.62940097865041,69.57301346836152,1
9,56,68,58,55,33.4494009786504,77.90301346836154,3
8,46,91,49,84,27.569400978650407,88.92301346836153,2
10,44,69,29,56,43.1694009786504,89.29301346836152,3
7,44,68,46,52,36.4494009786504,74.84301346836153,5
6,27,73,29,87,40.4494009786504,83.21301346836154,2
5,27,42,29,46,30.449400978650406,71.49301346836154,9
5,27,42,29,52,36.4494009786504,74.97301346836153,1
7,27,61,37,46,37.869400978650404,72.04301346836152,1
7,27,56,35,60,32.66940097865041,70.09301346836153,4
7,27,89,46,73,44.84940097865041,83.19301346836153,2
8,27,55,30,65,36.48940097865041,67.92301346836153,9
6,27,62,29,81,45.4494009786504,78.15301346836154,10
6,27,63,48,53,43.6994009786504,61.53301346836153,5
6,27,59,29,74,41.4494009786504,83.46301346836154,7
6,27,52,30,67,41.4794009786504,63.67301346836153,7
7,29,76,35,69,29.109400978650406,75.41301346836153,3
8,27,52,30,62,36.48940097865041,57.56301346836153,9
10,35,70,33,64,28.449400978650406,70.09301346836153,2
9,39,48,39,51,29.769400978650406,59.153013468361536,9
5,27,42,30,70,54.469400978650405,76.35301346836152,5
7,27,58,40,51,35.149400978650405,71.81301346836153,9
7,27,42,38,40,32.509400978650405,77.14301346836153,10
11,27,50,46,39,42.23940097865041,76.67301346836153,3
6,27,73,29,90,43.4494009786504,86.37301346836153,3
6,27,66,35,59,30.659400978650407,60.04301346836153,5
9,40,60,44,74,40.56940097865041,82.55301346836154,9
9,44,61,29,45,44.84940097865041,77.59301346836153,3
5,27,42,29,53,37.4494009786504,58.21301346836153,10
9,27,42,43,37,37.5894009786504,76.81301346836153,6
5,27,42,29,62,46.4494009786504,78.13301346836153,9
8,27,55,29,71,42.4494009786504,69.88301346836153,9
5,27,42,30,66,50.469400978650405,63.623013468361535,5
7,27,48,49,49,43.84940097865041,65.23301346836153,1
5,41,42,29,50,41.24940097865041,68.14301346836153,4
5,27,42,29,62,46.4494009786504,92.11301346836153,7
7,27,66,49,55,44.98940097865041,85.60301346836152,1
6,27,55,29,66,37.4494009786504,64.10301346836152,10
6,36,47,29,49,33.74940097865041,65.46301346836154,4
9,49,56,53,60,30.729400978650407,68.59301346836153,1
9,51,50,54,61,37.48940097865041,72.26301346836152,9
6,27,67,30,82,41.4794009786504,82.95301346836153,10
8,27,82,41,79,35.4494009786504,87.02301346836154,6
8,39,96,52,85,37.049400978650404,96.53301346836153,3
5,27,42,29,63,47.4494009786504,75.75301346836153,10
9,30,66,46,67,38.009400978650405,65.97301346836153,8
6,27,69,29,89,46.4494009786504,84.87301346836153,3
6,27,62,29,81,45.4494009786504,82.45301346836153,7
5,27,42,29,56,40.4494009786504,74.80301346836154,9
8,29,61,45,60,37.5894009786504,60.233013468361534,6
7,27,61,36,63,32.049400978650404,70.87301346836153,1
8,27,66,36,69,32.66940097865041,75.40301346836154,4
9,40,81,39,71,31.069400978650407,84.87301346836153,3
7,27,62,40,57,34.62940097865041,77.59301346836153,7
10,40,42,42,48,32.4494009786504,62.74301346836153,8
10,52,59,35,52,42.869400978650404,75.41301346836153,3
11,37,54,29,45,35.109400978650406,79.31301346836153,2
6,28,68,30,87,45.4494009786504,82.94301346836153,3
8,27,73,46,70,40.4494009786504,74.98301346836153,7
6,27,66,30,77,37.48940097865041,82.89301346836153,6
5,27,42,29,51,35.4494009786504,71.81301346836153,7
6,27,52,30,59,33.49940097865041,61.81301346836153,6
8,27,82,37,78,31.509400978650405,78.86301346836153,7
11,47,50,43,47,29.449400978650406,60.123013468361535,8
8,37,82,39,72,30.449400978650406,81.26301346836152,2
8,46,81,51,67,34.84940097865041,86.01301346836152,3
6,27,54,30,62,34.49940097865041,66.01301346836152,6
9,36,72,47,75,34.26940097865041,73.46301346836154,4
6,27,55,31,58,29.769400978650406,60.08301346836153,6
9,38,68,42,82,40.56940097865041,78.13301346836153,9
5,27,42,29,45,29.449400978650406,59.153013468361536,9
8,29,74,44,70,36.48940097865041,76.40301346836154,6
9,40,60,44,74,40.56940097865041,82.55301346836154,9
12,27,53,48,39,45.399400978650405,83.91301346836153,3
6,34,48,29,51,32.66940097865041,75.40301346836154,4
8,44,74,46,58,36.4494009786504,77.59301346836153,2
6,27,48,31,63,41.5594009786504,67.27301346836154,6
6,35,42,38,57,41.4794009786504,67.42301346836153,1
5,27,42,29,67,51.4494009786504,75.66301346836153,2
8,47,85,51,75,30.729400978650407,86.92301346836153,2
8,28,73,36,69,29.529400978650408,71.22301346836153,7
7,41,66,44,54,32.509400978650405,66.75301346836153,5
7,27,54,49,50,43.469400978650405,67.62301346836153,7
8,43,58,43,47,31.699400978650406,69.88301346836153,5
9,29,52,35,51,27.919400978650405,48.83301346836153,8
6,27,70,29,83,39.4494009786504,80.03301346836153,3
7,27,52,40,53,35.149400978650405,51.013013468361535,8
7,28,105,43,92,39.84940097865041,98.46301346836154,3
6,41,42,44,58,42.4794009786504,76.87301346836153,9
8,29,77,61,74,53.4494009786504,81.38301346836153,6
6,27,65,31,83,44.54940097865041,90.06301346836153,7
7,27,49,29,50,27.449400978650406,48.86301346836153,8
6,27,64,29,86,48.4494009786504,87.41301346836153,6
9,34,66,43,67,31.509400978650405,64.51301346836154,4
8,29,63,48,60,40.4494009786504,61.53301346836153,7
10,29,77,36,63,35.52940097865041,69.11301346836153,1
10,36,47,29,39,33.74940097865041,63.623013468361535,5
10,32,45,29,39,29.279400978650408,56.47301346836153,5
9,44,71,46,57,34.4494009786504,73.93301346836154,2
8,35,61,47,65,35.65940097865041,65.41301346836153,8
6,42,42,44,53,37.4494009786504,59.843013468361534,1
7,27,51,48,49,42.4794009786504,71.29301346836152,7
6,27,81,31,99,44.54940097865041,96.46301346836154,2
5,27,42,31,76,60.4994009786504,100.81301346836153,3
10,28,59,50,74,50.359400978650406,74.03301346836153,1
7,27,49,36,46,30.449400978650406,60.41301346836153,7
6,27,62,31,73,37.5894009786504,67.92301346836153,2
6,29,51,29,57,32.66940097865041,73.46301346836154,4
6,27,69,30,86,43.469400978650405,83.19301346836153,2
10,29,71,41,69,33.49940097865041,66.32301346836152,1
8,27,61,36,63,32.049400978650404,64.51301346836154,8
5,27,42,31,75,59.509400978650405,94.95301346836153,3
9,35,53,37,59,32.4494009786504,67.17301346836153,1
6,27,54,29,63,35.4494009786504,72.61301346836153,4
7,27,64,44,58,38.74940097865041,76.87301346836153,9
8,34,42,37,48,32.509400978650405,49.33301346836153,8
7,27,64,49,53,44.98940097865041,75.27301346836154,1
7,27,58,37,57,31.699400978650406,72.04301346836152,6
8,28,59,43,57,36.48940097865041,56.013013468361535,7
8,41,61,43,49,32.4494009786504,64.51301346836154,5
6,27,76,44,68,39.259400978650405,73.71301346836154,5
5,48,42,41,44,33.74940097865041,71.49301346836154,4
6,47,42,51,51,35.619400978650404,67.92301346836153,9
10,27,82,35,81,29.769400978650406,82.95301346836153,1
10,42,53,40,50,27.449400978650406,66.75301346836153,8
11,44,64,29,56,41.1694009786504,82.06301346836153,2
6,28,46,29,47,27.569400978650407,57.81301346836153,8
6,33,46,29,47,30.659400978650407,58.273013468361526,8
6,27,62,30,65,29.529400978650408,61.44301346836153,10
7,27,61,49,54,43.84940097865041,87.06301346836153,1
10,48,62,29,47,47.63940097865041,90.07301346836152,2
8,34,74,37,66,28.549400978650404,67.17301346836153,3
5,47,42,31,43,41.88940097865041,62.94301346836153,4
9,27,42,39,37,33.649400978650405,66.01301346836152,6
9,47,75,49,59,36.4494009786504,81.96301346836154,3
8,27,56,29,60,30.449400978650406,69.28301346836153,9
9,38,53,33,50,30.449400978650406,54.31301346836153,8
8,52,57,49,47,32.049400978650404,72.26301346836152,5
7,27,54,29,63,35.4494009786504,73.46301346836154,4
5,27,42,31,64,48.5294009786504,73.52301346836154,3
5,27,42,29,60,44.4494009786504,78.13301346836153,9
6,27,62,29,79,43.4494009786504,85.41301346836153,7
7,27,56,29,68,38.4494009786504,84.32301346836152,8
6,51,42,54,48,32.509400978650405,94.05301346836154,1
6,27,49,30,63,40.4794009786504,63.21301346836153,10
7,27,42,54,40,48.469400978650405,82.95301346836153,10
6,29,49,29,53,30.729400978650407,64.51301346836154,4
9,40,83,29,74,37.76940097865041,85.84301346836153,3
6,27,73,30,90,43.469400978650405,86.37301346836153,2
8,29,79,54,76,46.4494009786504,77.86301346836153,6
8,44,42,46,49,33.4494009786504,79.31301346836153,8
5,27,42,29,61,45.4494009786504,75.41301346836153,9
5,27,42,29,66,50.4494009786504,83.69301346836153,3
5,27,42,29,56,40.4494009786504,74.84301346836153,9
6,45,42,49,55,39.56940097865041,85.60301346836152,1
6,29,64,31,67,29.449400978650406,62.07301346836153,3
11,29,66,36,63,28.449400978650406,58.21301346836153,1
5,27,42,29,59,43.4494009786504,67.88301346836153,10
7,27,42,63,40,57.45940097865041,84.20301346836153,10
7,27,55,42,50,36.59940097865041,70.37301346836153,1
7,27,56,38,55,32.66940097865041,68.38301346836153,9
11,27,61,39,39,44.9194009786504,69.61301346836153,3
7,27,49,36,44,30.729400978650407,62.42301346836153,7
9,35,75,37,67,28.449400978650406,70.09301346836153,2
5,27,42,29,57,41.4494009786504,67.42301346836153,10
6,40,42,44,51,35.619400978650404,74.06301346836153,1
7,39,63,54,53,38.20940097865041,70.01301346836152,5
7,29,87,46,75,40.939400978650404,81.31301346836153,2
6,27,49,29,53,30.449400978650406,60.80301346836153,8
6,52,42,56,51,35.619400978650404,75.85301346836152,9
6,29,49,29,53,30.729400978650407,64.51301346836154,4
5,27,42,29,66,50.4494009786504,70.09301346836153,2
6,27,81,31,89,34.62940097865041,84.41301346836153,2
7,27,50,34,51,29.849400978650408,47.10301346836153,8
6,41,54,29,62,41.24940097865041,92.88301346836153,8
7,27,72,33,69,27.449400978650406,64.83301346836153,2
7,27,50,50,51,44.829400978650405,74.03301346836153,1
9,62,85,64,69,36.4494009786504,98.40301346836154,2
10,28,88,44,77,39.56940097865041,81.59301346836153,1
6,27,62,30,67,31.509400978650405,62.623013468361535,2
5,27,42,29,75,59.4494009786504,86.92301346836153,2
8,27,65,31,86,47.5294009786504,82.94301346836153,9
6,32,50,29,55,32.87940097865041,70.43301346836154,4
6,37,42,39,60,44.4494009786504,80.28301346836153,1
6,27,63,31,84,47.5294009786504,81.31301346836153,2
6,27,64,29,67,29.449400978650406,68.21301346836154,6
9,49,70,48,56,34.84940097865041,86.01301346836152,3
9,37,57,38,65,34.49940097865041,65.78301346836153,1
5,27,42,29,68,52.4494009786504,73.93301346836154,2
5,27,42,29,46,30.449400978650406,51.653013468361536,10
6,27,60,30,63,29.529400978650408,62.89301346836153,6
7,27,55,41,53,35.48940097865041,60.08301346836153,6
9,49,70,48,56,34.84940097865041,86.01301346836152,3
7,27,50,48,45,42.54940097865041,62.28301346836153,7
6,27,57,31,75,44.54940097865041,86.97301346836153,6
11,39,51,36,48,28.449400978650406,53.21301346836153,8
10,34,42,37,45,29.529400978650408,49.85301346836153,8
7,27,60,55,49,50.649400978650405,72.16301346836153,9
9,30,66,46,67,38.009400978650405,65.97301346836153,8
7,27,92,46,78,43.6994009786504,86.02301346836154,2
5,27,42,29,73,57.4494009786504,76.16301346836153,2
5,27,42,29,55,39.4494009786504,70.65301346836154,6
7,27,50,37,47,31.449400978650406,56.013013468361535,7
6,28,64,30,73,35.4494009786504,69.61301346836153,3
8,27,70,49,67,43.4494009786504,68.21301346836154,6
6,36,49,29,53,34.84940097865041,69.45301346836153,8
6,47,42,51,53,37.5894009786504,68.59301346836153,1
6,27,64,29,69,31.449400978650406,64.83301346836153,2
5,27,42,29,59,43.4494009786504,81.38301346836153,10
8,27,56,30,65,35.48940097865041,64.23301346836153,9
5,27,42,29,73,57.4494009786504,91.45301346836153,2
5,27,42,31,66,50.51940097865041,70.01301346836152,5
7,27,66,50,65,44.54940097865041,85.60301346836152,1
8,29,74,51,69,43.54940097865041,72.04301346836152,6
5,27,42,29,47,31.449400978650406,56.013013468361535,7
6,36,47,29,49,33.74940097865041,69.45301346836153,4
9,40,69,42,57,32.4494009786504,69.61301346836153,3
5,27,42,29,56,40.4494009786504,74.84301346836153,9
5,27,42,29,62,46.4494009786504,82.94301346836153,9
7,27,42,46,41,40.56940097865041,64.27301346836153,10
6,27,61,30,66,31.509400978650405,68.04301346836152,10
6,27,54,29,74,46.4494009786504,81.31301346836153,7
5,27,42,29,62,46.4494009786504,76.81301346836153,10
6,28,63,38,54,33.4494009786504,56.47301346836153,5
6,27,54,29,69,41.4494009786504,64.26301346836154,10
8,33,75,41,68,30.659400978650407,70.21301346836154,2
6,27,57,29,74,43.4494009786504,76.22301346836153,10
7,27,48,48,46,42.4794009786504,67.92301346836153,6
9,37,70,29,60,35.65940097865041,76.38301346836153,2
6,27,51,29,57,32.4494009786504,64.51301346836154,8
7,27,57,39,52,33.649400978650405,59.21301346836153,7
9,50,63,52,67,30.449400978650406,75.09301346836153,9
7,27,42,41,40,35.48940097865041,64.59301346836153,10
10,40,51,37,48,28.449400978650406,57.06301346836153,8
8,44,42,44,46,30.729400978650407,75.70301346836153,8
7,27,52,56,52,50.619400978650404,69.33301346836153,1
6,36,42,39,64,48.469400978650405,83.22301346836153,9
7,28,88,33,85,26.449400978650406,79.90301346836154,3
5,27,42,29,53,37.4494009786504,67.92301346836153,9
6,35,42,39,47,31.699400978650406,62.00301346836153,9
6,27,50,29,55,31.449400978650406,61.513013468361535,4
7,27,63,73,59,67.45940097865041,96.15301346836154,7
9,39,68,50,71,34.26940097865041,71.49301346836154,4
6,27,51,29,57,32.4494009786504,67.62301346836153,8
8,27,67,29,73,32.4494009786504,90.13301346836153,9
7,27,42,72,40,66.45940097865041,95.45301346836153,10
8,27,50,31,66,42.54940097865041,69.11301346836153,1
5,27,42,29,50,34.4494009786504,60.14301346836153,9
10,28,59,50,74,50.359400978650406,74.03301346836153,1
6,27,48,30,54,32.509400978650405,50.70301346836153,10
6,41,54,29,64,42.54940097865041,95.41301346836153,8
9,46,79,48,63,36.4494009786504,84.83301346836153,2
7,28,93,55,85,48.9494009786504,90.92301346836153,2
10,47,78,48,71,27.569400978650407,88.92301346836153,2
8,27,73,43,69,37.48940097865041,70.65301346836154,6
6,27,70,29,83,39.4494009786504,80.03301346836153,3
7,29,80,39,73,32.38940097865041,73.06301346836153,3
5,27,42,29,78,62.4494009786504,88.92301346836153,2
7,27,52,29,60,34.4494009786504,71.49301346836154,4
7,27,60,55,49,50.649400978650405,72.16301346836153,9
7,29,84,46,71,41.4794009786504,78.90301346836154,3
7,27,54,29,62,34.4494009786504,79.90301346836154,8
7,27,60,39,66,36.899400978650405,78.82301346836152,8
6,40,42,44,49,33.649400978650405,60.67301346836153,1
7,27,50,43,47,37.4494009786504,57.623013468361535,7
6,27,68,29,90,48.4494009786504,86.66301346836153,2
7,27,57,48,54,42.4494009786504,75.73301346836153,6
9,46,53,49,56,29.529400978650408,59.46301346836153,1
7,27,56,33,60,31.509400978650405,65.46301346836154,4
9,47,89,43,79,32.66940097865041,96.46301346836154,2
7,27,63,44,63,38.74940097865041,68.55301346836154,1
7,27,67,43,65,37.48940097865041,81.59301346836153,1
8,28,58,37,53,30.729400978650407,51.10301346836153,7
7,27,42,50,41,44.54940097865041,87.44301346836153,10
6,27,63,31,74,37.5894009786504,79.44301346836153,6
7,27,60,50,67,46.70940097865041,68.21301346836154,4
6,46,42,50,53,37.5894009786504,73.17301346836153,9
9,27,42,37,38,31.509400978650405,51.013013468361535,6
6,51,42,55,49,33.649400978650405,72.16301346836153,9
5,27,42,29,50,34.4494009786504,73.03301346836153,6
6,27,69,31,87,44.54940097865041,84.13301346836153,2
5,27,42,29,52,36.4494009786504,70.75301346836153,7
7,27,48,48,46,42.4794009786504,70.09301346836153,6
6,27,55,29,65,36.4494009786504,82.25301346836153,8
8,27,55,35,55,30.159400978650407,59.46301346836153,4
5,27,42,29,71,55.4494009786504,68.99301346836154,5
5,48,42,29,52,48.149400978650405,76.63301346836153,4
7,27,66,48,60,42.689400978650404,83.78301346836153,9
8,45,49,29,39,42.759400978650405,61.64301346836153,5
9,37,84,38,76,28.549400978650404,84.20301346836153,3
8,58,60,45,48,40.939400978650404,79.96301346836154,5
9,60,54,38,45,48.189400978650404,81.31301346836153,5
7,27,90,39,82,34.62940097865041,84.83301346836153,2
6,34,46,29,47,31.509400978650405,62.28301346836153,8
9,37,78,51,83,37.869400978650404,84.32301346836152,8
7,27,62,44,51,40.4494009786504,74.06301346836153,1
6,27,67,31,74,33.649400978650405,81.38301346836153,7
9,37,53,39,71,44.4494009786504,89.11301346836153,1
9,44,48,29,39,41.4794009786504,66.51301346836152,5
5,27,42,29,55,39.4494009786504,71.06301346836153,9
6,29,76,43,63,39.06940097865041,71.22301346836153,5
8,27,75,37,80,34.759400978650405,93.12301346836153,8
5,27,42,29,54,38.4494009786504,61.07301346836153,10
9,37,48,29,39,35.109400978650406,57.81301346836153,5
9,36,51,38,61,36.4494009786504,61.67301346836153,1
10,27,73,46,39,58.8094009786504,98.46301346836154,3
5,32,42,29,43,29.849400978650408,47.10301346836153,8
6,27,65,29,75,36.4494009786504,70.32301346836152,2
5,27,42,29,52,36.4494009786504,84.20301346836153,10
10,27,73,46,39,58.8094009786504,98.46301346836154,3
10,34,65,29,58,31.509400978650405,70.32301346836152,2
9,41,63,45,77,40.56940097865041,74.44301346836153,9
9,27,42,42,40,36.48940097865041,60.08301346836153,6
8,27,60,31,76,42.54940097865041,76.89301346836153,1
11,53,49,48,46,30.449400978650406,72.91301346836153,8
6,28,63,30,68,31.449400978650406,64.99301346836154,3
10,37,76,29,67,35.109400978650406,86.81301346836153,3
10,38,49,35,46,28.449400978650406,51.013013468361535,8
5,27,42,29,62,46.4494009786504,85.98301346836153,3
11,48,69,29,60,45.289400978650406,94.95301346836153,3
10,35,42,37,45,29.449400978650406,51.10301346836153,8
7,27,42,38,39,32.4494009786504,50.70301346836153,10
10,47,42,49,45,29.449400978650406,69.83301346836153,8
8,32,87,38,81,28.449400978650406,80.08301346836153,3
6,48,42,52,60,44.54940097865041,72.41301346836153,1
7,27,93,42,84,37.76940097865041,95.06301346836153,3
5,61,42,40,49,48.5294009786504,85.71301346836154,4
8,27,67,34,70,31.259400978650405,75.70301346836153,4
8,27,52,29,65,39.4494009786504,79.00301346836153,1
10,34,47,29,39,32.049400978650404,64.51301346836154,5
5,27,42,30,78,62.45940097865041,77.04301346836152,5
7,27,58,40,63,37.049400978650404,73.82301346836152,4
7,27,72,71,83,67.71940097865041,94.04301346836152,8
10,41,58,29,47,39.56940097865041,76.67301346836153,3
8,28,66,45,71,40.4494009786504,68.99301346836154,4
5,27,42,29,58,42.4494009786504,66.74301346836154,1
5,53,42,29,51,52.0894009786504,77.62301346836153,4
7,27,67,43,45,47.04940097865041,80.34301346836153,9
10,46,66,39,57,34.26940097865041,84.83301346836153,2
8,41,93,45,81,32.66940097865041,90.49301346836154,2
10,28,75,37,59,38.20940097865041,67.17301346836153,1
9,56,77,53,59,39.259400978650405,100.75301346836153,2
5,27,42,29,54,38.4494009786504,70.69301346836153,1
7,27,60,50,57,44.4494009786504,83.43301346836154,6
11,31,79,48,70,39.609400978650406,75.27301346836154,1
7,27,51,56,47,50.469400978650405,74.32301346836152,7
7,44,72,47,63,29.529400978650408,73.46301346836154,5
8,37,82,63,72,48.4494009786504,88.82301346836152,3
8,37,91,44,83,30.519400978650406,86.37301346836153,2
5,27,42,29,68,52.4494009786504,73.93301346836154,2
5,27,42,30,60,44.469400978650405,56.47301346836153,5
6,27,53,29,61,34.4494009786504,72.04301346836152,4
9,27,42,47,40,41.4794009786504,92.62301346836153,6
9,36,51,37,69,44.469400978650405,64.53301346836153,9
7,27,61,46,51,41.829400978650405,75.75301346836153,1
6,40,42,42,62,46.4494009786504,78.13301346836153,9
5,27,42,31,66,50.51940097865041,78.90301346836154,3
9,49,51,44,48,30.449400978650406,67.27301346836154,8
9,48,78,50,61,37.4494009786504,85.60301346836152,3
7,27,50,29,55,31.449400978650406,60.04301346836153,4
8,27,57,35,58,30.659400978650407,58.273013468361526,8
8,29,71,48,77,42.689400978650404,77.12301346836153,8
5,27,42,29,63,47.4494009786504,60.50301346836153,5
9,27,42,48,37,42.54940097865041,63.04301346836153,6
8,27,63,30,66,29.529400978650408,70.09301346836153,9
5,27,42,29,59,43.4494009786504,78.40301346836154,1
7,27,57,39,52,33.649400978650405,59.21301346836153,7
5,27,42,29,55,39.4494009786504,72.41301346836153,1
6,27,70,29,76,32.4494009786504,75.27301346836154,3
9,39,70,41,62,28.449400978650406,67.39301346836153,3
10,53,48,48,45,30.449400978650406,72.91301346836153,8
7,27,60,38,58,32.509400978650405,78.66301346836153,7
9,43,66,47,77,37.5894009786504,75.26301346836152,9
11,34,55,29,48,31.509400978650405,64.99301346836154,3
6,45,42,48,47,31.509400978650405,70.43301346836154,1
9,41,50,29,39,39.56940097865041,66.75301346836153,5
6,27,58,31,80,48.5294009786504,79.74301346836154,6
5,27,42,30,66,50.469400978650405,80.72301346836153,3
5,27,42,29,77,61.4494009786504,83.33301346836153,2
5,27,42,29,59,43.4494009786504,74.06301346836153,1
5,27,42,29,47,31.449400978650406,67.88301346836153,10
5,27,42,29,59,43.4494009786504,80.07301346836152,7
10,27,75,30,72,24.449400978650406,80.38301346836153,1
6,29,67,42,59,35.52940097865041,67.18301346836154,5
6,36,42,40,52,36.59940097865041,70.85301346836152,9
8,61,55,29,39,59.84940097865041,84.95301346836153,5
8,35,65,51,69,39.09940097865041,72.91301346836153,8
8,27,72,58,67,52.51940097865041,74.94301346836153,6
5,27,42,30,73,57.45940097865041,94.95301346836153,3
7,27,59,44,56,38.4494009786504,71.29301346836152,1
6,29,47,29,49,28.839400978650406,69.45301346836153,8
5,27,42,29,51,35.4494009786504,72.43301346836154,9
8,44,42,46,50,34.4494009786504,75.70301346836153,8
7,27,57,37,62,34.759400978650405,72.91301346836153,8
8,27,65,29,85,46.4494009786504,81.91301346836153,9
6,45,42,48,51,35.48940097865041,74.80301346836154,9
9,41,48,29,39,38.679400978650406,65.41301346836153,5
9,27,42,48,39,42.4494009786504,72.04301346836152,6
5,27,42,30,63,47.469400978650405,74.84301346836153,3
8,41,98,49,86,34.26940097865041,96.46301346836154,2
6,28,69,30,80,37.4494009786504,80.72301346836153,3
8,32,66,48,71,39.56940097865041,70.43301346836154,4
9,27,42,38,37,32.66940097865041,62.763013468361535,6
7,27,65,42,67,37.37940097865041,82.94301346836153,9
10,64,64,58,53,34.759400978650405,94.61301346836153,2
7,52,72,64,63,35.109400978650406,83.42301346836153,5
8,39,77,41,65,32.4494009786504,76.89301346836153,3
8,39,86,42,79,27.569400978650407,82.94301346836153,3
7,28,88,33,85,26.449400978650406,79.90301346836154,3
10,33,46,29,39,30.659400978650407,60.04301346836153,5
7,27,42,38,40,32.509400978650405,66.45301346836153,10
12,27,72,37,39,54.49940097865041,80.08301346836153,3
9,42,81,29,69,40.939400978650404,89.25301346836153,2
7,28,80,43,69,38.70940097865041,74.84301346836153,3
6,27,56,30,74,44.469400978650405,77.31301346836153,7
5,27,42,29,53,37.4494009786504,68.38301346836153,9
5,27,42,30,62,46.469400978650405,61.233013468361534,5
8,39,58,41,47,31.449400978650406,59.153013468361536,5
7,27,58,30,63,31.509400978650405,68.99301346836154,4
10,37,74,29,65,35.109400978650406,86.01301346836152,2
5,27,42,29,50,34.4494009786504,59.78301346836153,7
7,27,60,39,56,33.49940097865041,64.61301346836153,7
9,27,42,49,39,43.4494009786504,73.03301346836153,6
5,27,42,29,53,37.4494009786504,69.28301346836153,9
6,43,42,46,54,38.4794009786504,74.84301346836153,9
6,27,47,29,49,28.449400978650406,53.013013468361535,8
11,39,64,29,53,37.869400978650404,97.83301346836154,3
10,29,77,44,77,36.789400978650406,74.06301346836153,1
5,47,42,37,44,36.4494009786504,69.83301346836153,8
8,28,87,54,82,47.5294009786504,91.22301346836153,6
5,42,42,29,44,39.259400978650405,58.05301346836153,8
7,27,55,57,51,51.469400978650405,79.90301346836154,6
6,28,65,30,86,47.4494009786504,93.65301346836154,3
6,27,66,30,71,31.509400978650405,73.21301346836154,6
8,28,73,49,71,42.4794009786504,70.95301346836153,7
9,27,42,49,39,43.4494009786504,66.01301346836152,6
5,27,42,29,50,34.4494009786504,65.41301346836153,1
7,27,49,35,46,29.449400978650406,58.21301346836153,1
5,27,42,29,63,47.4494009786504,79.31301346836153,2
7,27,65,43,74,41.88940097865041,92.88301346836153,8
7,27,50,56,51,50.73940097865041,75.85301346836152,9
5,42,42,29,48,40.939400978650404,64.97301346836153,4
8,28,65,37,63,30.519400978650406,66.01301346836152,6
6,34,42,38,61,45.539400978650406,75.19301346836153,9
7,27,54,29,64,36.4494009786504,75.70301346836153,4
9,67,87,69,65,42.4494009786504,106.99301346836154,3
8,37,79,48,70,34.26940097865041,79.31301346836153,2
9,27,42,40,38,34.49940097865041,64.61301346836153,6
7,27,65,31,74,35.619400978650404,85.09301346836153,8
5,27,42,31,59,43.54940097865041,58.21301346836153,5
8,43,63,45,49,34.4494009786504,68.99301346836154,5
8,27,55,30,73,44.469400978650405,74.97301346836153,1
10,28,90,50,79,44.98940097865041,85.60301346836152,1
8,27,53,29,65,38.4494009786504,68.59301346836153,1
6,41,42,43,61,45.4494009786504,67.22301346836153,9
9,40,69,42,59,30.449400978650406,66.83301346836153,2
7,50,58,52,47,31.449400978650406,66.45301346836153,5
6,46,42,49,49,33.49940097865041,65.23301346836153,1
5,36,42,30,43,32.38940097865041,51.013013468361535,8
7,37,58,45,52,30.159400978650407,59.61301346836153,5
7,27,62,44,51,40.4494009786504,74.06301346836153,1
9,36,76,29,66,34.84940097865041,79.10301346836152,2
8,44,75,46,63,32.4494009786504,74.84301346836153,3
6,39,42,43,60,44.54940097865041,74.44301346836153,9
8,36,49,29,39,34.84940097865041,55.14301346836153,5
5,27,42,29,62,46.4494009786504,79.18301346836154,7
9,52,68,54,56,32.4494009786504,75.41301346836153,3
10,53,66,36,58,43.09940097865041,80.92301346836153,3
8,33,75,41,68,30.659400978650407,70.21301346836154,2
9,45,71,45,93,48.5294009786504,90.13301346836153,9
11,37,55,29,45,35.65940097865041,81.96301346836154,3
8,34,42,35,49,33.49940097865041,50.67301346836153,8
11,33,59,29,52,30.659400978650407,70.21301346836154,2
8,40,66,56,71,39.56940097865041,75.08301346836153,4
5,27,42,29,63,47.4494009786504,60.50301346836153,5
8,37,69,55,75,41.8094009786504,78.82301346836152,8
5,27,42,29,45,29.449400978650406,69.93301346836154,7
7,39,72,47,63,31.939400978650404,74.36301346836153,5
5,27,42,29,64,48.4494009786504,77.59301346836153,1
9,41,73,29,60,40.649400978650405,83.21301346836154,2
6,29,69,31,81,38.4494009786504,78.90301346836154,3
9,39,68,50,71,34.26940097865041,71.49301346836154,4
5,27,42,30,69,53.469400978650405,75.27301346836154,3
6,27,70,41,57,39.06940097865041,63.67301346836153,5
8,29,64,39,63,31.699400978650406,59.21301346836153,7
11,33,60,29,53,30.659400978650407,75.27301346836154,3
5,27,42,29,73,57.4494009786504,73.32301346836152,2
9,37,50,39,66,42.4494009786504,62.00301346836153,9
8,27,50,33,49,27.919400978650405,50.18301346836153,8
9,48,50,29,39,45.9194009786504,71.63301346836153,5
5,27,42,29,57,41.4494009786504,63.57301346836153,10
6,37,42,39,60,44.4494009786504,80.28301346836153,1
6,29,79,31,98,45.4494009786504,100.81301346836153,3
11,49,66,29,57,46.24940097865041,98.40301346836154,2
5,45,42,36,45,35.9794009786504,73.46301346836154,4
6,27,62,38,53,34.26940097865041,55.14301346836153,5
6,27,67,29,82,41.4494009786504,79.83301346836153,10
9,35,51,33,48,27.449400978650406,49.33301346836153,8
8,27,63,52,65,46.98940097865041,77.76301346836152,4
7,27,100,43,88,40.0894009786504,92.88301346836153,3
7,27,61,51,58,45.4494009786504,71.22301346836153,7
8,28,65,44,69,39.09940097865041,66.75301346836153,8
8,43,83,45,68,35.4494009786504,86.66301346836153,2
7,27,72,58,83,55.649400978650405,88.21301346836154,8
9,53,88,55,72,36.4494009786504,94.95301346836153,3
5,27,42,29,62,46.4494009786504,73.23301346836153,9
9,29,56,37,55,29.769400978650406,51.10301346836153,8
9,45,56,45,72,42.54940097865041,79.83301346836153,1
6,27,72,31,88,42.54940097865041,90.15301346836154,2
9,29,62,44,63,37.049400978650404,61.513013468361535,4
5,40,42,36,43,30.659400978650407,62.28301346836153,8
8,27,67,31,85,44.54940097865041,89.11301346836153,1
10,49,70,37,61,38.679400978650406,86.92301346836153,2
9,27,42,51,39,45.4494009786504,87.41301346836153,6
9,34,42,35,50,34.49940097865041,48.86301346836153,8
6,35,47,29,49,32.87940097865041,69.83301346836153,8
8,34,42,36,47,31.449400978650406,51.57301346836153,8
7,27,50,41,47,35.4494009786504,54.843013468361534,7
6,27,60,31,82,48.5294009786504,92.62301346836153,7
7,29,98,50,91,42.869400978650404,94.95301346836153,3
7,27,42,41,41,35.619400978650404,57.403013468361536,10
8,27,67,30,70,29.529400978650408,75.70301346836153,4
8,27,57,30,72,41.4794009786504,78.43301346836154,9
5,27,42,29,59,43.4494009786504,68.68301346836154,7
7,27,72,59,83,56.5594009786504,86.46301346836154,8
7,27,57,57,53,51.469400978650405,81.22301346836153,7
9,29,83,54,89,48.149400978650405,90.03301346836153,8
6,27,75,40,65,36.48940097865041,69.88301346836153,5
7,28,88,61,73,56.68940097865041,89.25301346836153,2
5,27,42,29,61,45.4494009786504,76.87301346836153,9
6,27,78,45,63,43.4494009786504,72.61301346836153,5
7,27,58,39,63,36.259400978650405,59.21301346836153,4
9,38,62,39,65,29.529400978650408,61.44301346836153,9
7,39,63,43,53,30.729400978650407,65.41301346836153,5
7,27,54,45,51,39.4494009786504,72.12301346836153,7
6,27,62,31,72,36.59940097865041,72.87301346836153,10
6,27,51,29,57,32.4494009786504,67.62301346836153,8
8,34,70,42,63,30.659400978650407,64.99301346836154,3
5,27,42,30,69,53.469400978650405,72.91301346836153,5
10,37,74,29,65,35.109400978650406,84.87301346836153,3
5,27,42,29,64,48.4494009786504,92.01301346836152,6
10,27,74,36,39,56.20940097865041,81.48301346836153,3
5,27,42,29,54,38.4494009786504,71.42301346836153,9
5,34,42,29,44,32.049400978650404,50.41301346836153,8
10,33,46,29,39,30.659400978650407,61.233013468361534,5
6,28,65,30,86,47.4494009786504,93.65301346836154,3
5,38,42,30,45,35.109400978650406,58.763013468361535,8
10,59,42,61,48,32.4494009786504,79.90301346836154,8
5,27,42,30,77,61.45940097865041,81.01301346836152,5
6,27,64,30,80,42.4794009786504,76.87301346836153,10
10,27,79,51,61,50.079400978650405,76.26301346836152,1
9,48,56,49,84,54.469400978650405,82.87301346836153,1
7,27,67,62,62,56.509400978650405,92.01301346836152,6
6,29,49,29,53,30.729400978650407,66.50301346836153,8
6,28,67,30,74,33.4494009786504,76.22301346836153,3
7,27,49,47,50,41.88940097865041,68.20301346836153,1
5,42,42,36,44,32.87940097865041,66.75301346836153,4
5,27,42,29,63,47.4494009786504,82.89301346836153,6
8,37,77,39,67,30.449400978650406,76.38301346836153,2
6,27,79,41,69,37.3394009786504,74.36301346836153,5
8,27,49,31,61,38.579400978650405,68.20301346836153,1
8,29,60,41,63,35.109400978650406,60.04301346836153,4
10,52,50,49,47,28.449400978650406,83.82301346836152,8
6,38,49,29,53,36.48940097865041,80.62301346836153,8
7,28,80,46,72,40.20940097865041,74.84301346836153,3
6,27,75,30,84,35.48940097865041,83.30301346836154,2
9,44,80,46,66,34.4494009786504,82.25301346836153,3
9,49,76,51,60,36.4494009786504,83.30301346836154,2
5,57,42,29,51,55.759400978650405,80.07301346836152,8
9,27,42,40,41,34.62940097865041,79.74301346836154,6
8,27,60,30,77,43.469400978650405,78.15301346836154,9
5,27,42,29,66,50.4494009786504,84.87301346836153,3
11,41,94,49,75,40.539400978650406,89.67301346836153,1
5,27,42,30,61,45.469400978650405,61.64301346836153,5
9,34,64,29,55,32.66940097865041,66.19301346836153,3
9,53,88,55,73,35.4494009786504,94.95301346836153,3
8,27,61,31,78,43.54940097865041,75.75301346836153,1
9,41,50,29,39,39.56940097865041,71.22301346836153,5
7,27,48,46,46,40.4794009786504,67.27301346836154,6
7,27,54,29,62,34.4494009786504,71.68301346836154,8
9,50,50,54,72,48.5294009786504,75.41301346836153,9
6,27,49,31,65,42.54940097865041,60.41301346836153,7
5,27,42,31,61,45.539400978650406,76.22301346836153,3
7,27,60,58,59,52.51940097865041,84.95301346836153,6
6,27,58,31,71,39.56940097865041,72.04301346836152,6
9,40,68,42,56,32.4494009786504,69.61301346836153,3
6,29,46,29,47,27.919400978650405,62.94301346836153,4
6,27,63,30,84,47.469400978650405,91.22301346836153,6
5,27,42,29,59,43.4494009786504,74.80301346836154,1
8,27,50,30,56,32.509400978650405,74.03301346836153,1
8,40,63,54,67,37.3394009786504,72.11301346836153,8
5,27,42,29,62,46.4494009786504,77.90301346836154,3
7,27,58,39,54,33.49940097865041,65.78301346836153,1
7,28,84,35,81,28.449400978650406,76.63301346836153,2
5,50,42,35,45,41.4794009786504,66.45301346836153,4
7,27,54,49,50,43.469400978650405,67.62301346836153,7
11,46,57,29,47,43.6994009786504,85.60301346836152,3
7,28,91,62,75,57.98940097865041,92.29301346836152,3
5,27,42,30,76,60.45940097865041,106.99301346836154,3
9,27,42,48,41,42.54940097865041,68.21301346836154,6
7,27,53,47,51,41.4794009786504,83.42301346836153,6
6,28,45,29,45,26.609400978650406,53.80301346836153,8
8,48,84,54,70,35.149400978650405,91.81301346836153,2
6,27,63,31,74,37.5894009786504,79.44301346836153,6
7,27,67,51,62,45.539400978650406,74.55301346836154,7
8,33,60,52,63,41.4794009786504,66.45301346836153,4
8,44,49,29,39,41.829400978650405,59.46301346836153,5
9,41,52,36,44,32.049400978650404,64.51301346836154,5
10,40,42,42,48,32.4494009786504,62.74301346836153,8
5,27,42,30,60,44.469400978650405,64.99301346836154,3
6,33,42,35,52,36.4494009786504,68.72301346836153,9
5,27,42,29,47,31.449400978650406,69.11301346836153,1
5,27,42,29,47,31.449400978650406,68.72301346836153,9
6,27,68,40,60,35.52940097865041,69.28301346836153,5
9,37,66,29,54,36.899400978650405,73.47301346836153,2
7,28,92,46,81,41.3394009786504,92.57301346836152,2
7,36,57,39,49,28.549400978650404,56.47301346836153,5
8,27,82,37,78,31.509400978650405,78.86301346836153,7
6,27,70,29,92,48.4494009786504,91.81301346836153,2
6,29,62,38,54,32.049400978650404,55.57301346836153,5
9,37,69,39,61,28.449400978650406,64.83301346836153,2
11,45,71,29,63,42.12940097865041,89.11301346836153,3
7,47,66,59,55,36.259400978650405,76.35301346836152,5
11,33,64,29,57,30.659400978650407,72.77301346836154,3
6,27,62,46,53,41.4794009786504,59.46301346836153,5
5,27,42,29,55,39.4494009786504,80.92301346836153,6
10,48,60,29,45,47.63940097865041,93.63301346836153,2
7,33,62,43,55,32.38940097865041,60.99301346836153,5
9,37,58,39,74,42.4494009786504,69.61301346836153,9
7,27,65,43,63,37.48940097865041,83.21301346836154,9
5,27,42,29,61,45.4494009786504,66.19301346836153,3
5,27,42,29,62,46.4494009786504,82.55301346836154,9
6,28,71,30,77,32.4494009786504,72.77301346836154,3
9,37,69,29,59,35.65940097865041,73.47301346836153,2
5,46,42,34,47,39.56940097865041,70.43301346836154,4
6,28,71,30,89,44.4494009786504,89.11301346836153,3
8,27,59,36,60,31.509400978650405,62.28301346836153,8
10,40,66,40,59,27.919400978650405,76.22301346836153,3
8,27,56,29,68,38.4494009786504,66.83301346836153,9
9,52,42,54,46,30.449400978650406,72.11301346836153,8
8,36,83,38,73,30.449400978650406,79.10301346836152,2
5,27,42,30,66,50.469400978650405,63.623013468361535,5
10,62,70,39,61,49.15940097865041,95.06301346836153,2
8,27,70,49,65,43.54940097865041,71.01301346836152,6
7,28,89,41,81,35.52940097865041,83.91301346836153,3
5,27,42,29,52,36.4494009786504,74.98301346836153,6
5,27,42,29,54,38.4494009786504,86.97301346836153,6
7,27,67,37,66,31.699400978650406,85.82301346836152,9
10,29,69,38,61,32.049400978650404,61.67301346836153,1
9,39,68,29,56,38.4494009786504,76.89301346836153,3
7,27,89,62,73,58.9194009786504,90.64301346836153,2
8,27,65,31,68,29.769400978650406,71.22301346836153,4
11,39,69,29,62,36.09940097865041,82.94301346836153,3
7,36,62,41,55,28.449400978650406,60.04301346836153,5
7,27,49,51,50,45.8094009786504,73.21301346836154,1
7,28,89,39,81,33.74940097865041,93.65301346836154,3
5,27,42,29,63,47.4494009786504,60.04301346836153,5
7,27,58,37,53,31.699400978650406,71.06301346836153,9
9,48,53,51,56,29.529400978650408,61.013013468361535,9
6,27,54,29,75,47.4494009786504,80.22301346836153,6
5,27,42,29,50,34.4494009786504,73.21301346836154,9
8,27,76,58,74,52.469400978650405,78.66301346836153,7
7,29,93,42,86,35.149400978650405,85.84301346836153,3
9,37,48,29,39,35.109400978650406,57.81301346836153,5
5,27,42,29,77,61.4494009786504,95.45301346836153,2
5,41,42,31,46,37.3394009786504,64.51301346836154,4
5,27,42,29,58,42.4494009786504,71.22301346836153,7
7,27,42,48,41,42.54940097865041,63.04301346836153,10
5,27,42,30,66,50.469400978650405,63.623013468361535,5
8,27,66,38,69,34.26940097865041,73.46301346836154,4
9,41,50,29,39,39.56940097865041,68.10301346836152,5
6,27,66,29,86,46.4494009786504,83.19301346836153,2
7,27,42,44,41,38.579400978650405,64.10301346836152,10
8,27,62,49,84,55.46940097865041,82.87301346836153,1
5,27,42,29,74,58.4494009786504,84.76301346836152,3
5,27,42,29,76,60.4494009786504,87.55301346836154,2
5,27,42,29,46,30.449400978650406,63.623013468361535,7
8,42,42,46,50,34.62940097865041,58.05301346836153,8
11,53,49,49,46,29.449400978650406,84.32301346836152,8
9,62,79,64,61,38.4494009786504,95.06301346836153,3
9,49,80,39,71,36.869400978650404,86.01301346836152,2
6,28,46,29,46,26.609400978650406,51.013013468361535,8
11,45,54,29,45,42.4194009786504,80.63301346836153,2
11,37,60,29,51,35.109400978650406,84.83301346836153,2
9,29,62,41,63,34.219400978650405,60.04301346836153,4
9,49,54,52,64,36.48940097865041,67.92301346836153,9
5,27,42,29,56,40.4494009786504,71.29301346836152,1
6,27,77,30,97,46.469400978650405,94.24301346836154,2
9,41,66,50,67,31.509400978650405,68.21301346836154,4
6,61,50,29,55,58.37940097865041,102.52301346836154,8
5,27,42,29,60,44.4494009786504,96.15301346836154,7
6,27,61,30,74,39.4794009786504,72.57301346836152,7
8,56,42,60,46,30.729400978650407,88.21301346836154,8
5,27,42,29,57,41.4494009786504,76.89301346836153,1
5,27,42,29,63,47.4494009786504,80.22301346836153,1
7,27,54,29,63,35.4494009786504,75.40301346836154,4
8,39,58,41,47,31.449400978650406,60.04301346836153,5
7,29,79,37,74,29.769400978650406,73.93301346836154,2
10,48,62,29,47,47.63940097865041,90.07301346836152,2
10,44,64,29,51,43.1694009786504,92.57301346836152,2
8,35,88,46,79,34.26940097865041,84.13301346836153,2
7,27,55,37,54,31.699400978650406,63.29301346836153,1
7,27,52,36,55,32.66940097865041,50.67301346836153,8
7,29,85,59,73,52.859400978650406,85.64301346836153,3
9,36,58,36,72,40.56940097865041,68.38301346836153,9
8,50,79,53,70,29.529400978650408,80.72301346836153,3
5,27,42,29,61,45.4494009786504,95.50301346836153,6
9,42,79,44,67,32.4494009786504,79.70301346836153,2
5,27,42,31,65,49.5294009786504,73.71301346836154,3
5,27,42,29,52,36.4494009786504,71.50301346836153,10
5,27,42,31,61,45.539400978650406,62.07301346836153,3
8,33,74,40,67,29.849400978650408,67.05301346836154,2
6,27,76,30,95,45.469400978650405,91.45301346836153,2
7,41,66,44,54,32.509400978650405,66.75301346836153,5
12,27,65,40,39,48.9494009786504,82.94301346836153,3
5,27,42,29,46,30.449400978650406,49.373013468361535,7
5,27,42,29,78,62.4494009786504,77.04301346836152,5
8,28,77,46,73,39.4794009786504,72.12301346836153,7
7,27,59,53,59,47.63940097865041,78.15301346836154,1
8,29,60,41,63,35.109400978650406,60.04301346836153,4
6,52,42,56,52,36.59940097865041,69.33301346836153,1
10,44,42,48,47,31.699400978650406,60.123013468361535,8
9,30,52,36,51,27.919400978650405,47.63301346836153,8
7,27,58,44,55,38.4494009786504,72.91301346836153,6
5,27,42,30,64,48.469400978650405,77.59301346836153,3
7,27,42,36,41,30.729400978650407,58.21301346836153,10
9,32,62,41,63,31.509400978650405,60.04301346836153,4
8,27,71,43,68,37.4494009786504,70.22301346836153,6
6,27,69,30,75,32.509400978650405,70.09301346836153,2
8,29,58,41,57,33.649400978650405,55.41301346836153,6
11,31,97,39,71,47.219400978650405,89.11301346836153,1
5,27,42,31,76,60.4994009786504,100.81301346836153,3
7,27,50,29,56,32.4494009786504,62.74301346836153,8
5,27,42,29,51,35.4494009786504,72.91301346836153,6
7,27,54,31,57,29.769400978650406,60.04301346836153,4
6,27,48,29,51,29.449400978650406,54.31301346836153,8
8,44,89,50,75,35.149400978650405,89.29301346836152,3
8,37,88,42,80,29.279400978650408,86.81301346836153,3
8,29,69,47,75,41.8094009786504,73.46301346836154,4
7,27,63,50,64,44.829400978650405,86.52301346836154,1
6,27,54,30,58,30.519400978650406,58.71301346836153,10
7,39,60,41,48,32.4494009786504,63.67301346836153,5
5,35,42,29,45,33.4494009786504,54.31301346836153,8
6,27,58,30,76,44.469400978650405,73.52301346836154,10
6,28,66,30,77,37.4494009786504,74.84301346836153,3
7,39,60,41,48,32.4494009786504,63.67301346836153,5
7,27,72,43,63,38.679400978650406,66.75301346836153,3
7,27,66,45,75,43.4494009786504,72.61301346836153,4
7,28,84,35,81,28.449400978650406,76.63301346836153,2
11,29,79,34,69,31.069400978650407,70.87301346836153,1
6,43,42,45,55,39.4494009786504,77.99301346836154,9
7,27,42,36,40,30.519400978650406,60.14301346836153,10
5,27,42,29,51,35.4494009786504,60.14301346836153,10
9,44,81,46,67,34.4494009786504,83.19301346836153,2
6,27,51,30,70,45.469400978650405,70.65301346836154,7
8,47,78,55,64,35.9794009786504,83.46301346836154,2
6,27,62,29,72,36.4494009786504,74.83301346836153,6
8,27,67,29,73,32.4494009786504,90.13301346836153,9
5,27,42,29,55,39.4494009786504,80.38301346836153,1
6,28,66,39,57,34.26940097865041,61.513013468361535,5
5,27,42,29,48,32.4494009786504,72.41301346836153,9
5,49,42,32,50,45.399400978650405,83.33301346836153,8
5,39,42,35,43,30.659400978650407,60.99301346836153,8
6,27,50,30,59,35.48940097865041,61.013013468361535,6
7,27,63,51,63,45.649400978650405,80.62301346836153,9
7,27,56,39,55,33.649400978650405,78.49301346836154,6
8,60,77,62,62,35.4494009786504,89.01301346836152,2
7,27,74,36,67,31.509400978650405,66.19301346836153,3
8,27,52,29,59,33.4494009786504,69.33301346836153,1
9,27,42,38,39,32.4494009786504,83.43301346836154,6
8,37,83,51,73,37.3394009786504,83.30301346836154,2
7,27,66,41,47,43.4494009786504,66.45301346836153,1
5,27,42,29,54,38.4494009786504,68.32301346836152,10
7,44,60,48,51,29.769400978650406,64.61301346836153,5
8,27,68,51,63,45.539400978650406,70.09301346836153,6
5,42,42,34,45,35.109400978650406,59.843013468361534,8
9,50,73,50,59,34.62940097865041,90.07301346836152,2
5,27,42,29,60,44.4494009786504,86.52301346836154,1
7,27,42,56,40,50.469400978650405,79.01301346836152,10
10,37,74,29,65,35.109400978650406,86.01301346836152,2
9,27,42,50,39,44.4494009786504,75.73301346836153,6
7,27,80,45,70,40.90940097865041,74.44301346836153,3
6,27,66,30,74,34.49940097865041,68.90301346836154,7
5,27,42,29,53,37.4494009786504,64.23301346836153,9
5,27,42,29,61,45.4494009786504,79.70301346836153,2
5,27,42,29,75,59.4494009786504,76.95301346836153,3
6,27,50,30,65,41.4794009786504,66.01301346836152,10
6,52,42,55,52,36.48940097865041,71.42301346836153,9
6,49,42,52,51,35.48940097865041,85.54301346836152,1
6,31,44,29,43,27.919400978650405,50.18301346836153,8
7,29,94,46,86,39.259400978650405,89.29301346836152,3
5,27,42,29,49,33.4494009786504,69.61301346836153,10
9,28,71,46,73,40.20940097865041,71.22301346836153,4
5,27,42,29,47,31.449400978650406,63.21301346836153,10
5,27,42,30,68,52.469400978650405,86.97301346836153,3
11,40,97,55,68,52.51940097865041,94.05301346836154,1
7,27,65,67,60,61.4994009786504,92.11301346836153,7
7,44,68,46,52,36.4494009786504,75.75301346836153,5
7,27,50,29,55,31.449400978650406,60.50301346836153,8
5,27,42,29,66,50.4494009786504,84.13301346836153,2
6,29,65,31,73,34.4494009786504,75.41301346836153,3
7,27,56,61,53,55.4494009786504,86.01301346836152,6
5,27,42,29,52,36.4494009786504,69.11301346836153,1
5,27,42,29,62,46.4494009786504,81.72301346836153,2
6,27,51,29,57,32.4494009786504,68.21301346836154,4
7,27,58,45,63,41.3394009786504,62.05301346836153,4
8,29,69,47,75,41.8094009786504,73.46301346836154,4
5,27,42,30,65,49.469400978650405,82.87301346836153,3
5,27,42,29,62,46.4494009786504,90.06301346836153,7
5,27,42,29,53,37.4494009786504,66.83301346836153,9
7,28,83,46,71,41.8094009786504,77.59301346836153,3
7,27,68,58,79,55.649400978650405,83.21301346836154,8
10,50,48,47,45,28.449400978650406,67.92301346836153,8
10,41,76,29,65,39.56940097865041,91.45301346836153,2
9,52,73,50,57,37.049400978650404,93.63301346836153,2
5,27,42,29,48,32.4494009786504,68.21301346836154,10
7,27,57,55,52,49.5294009786504,71.42301346836153,9
7,27,60,55,55,49.5294009786504,80.41301346836153,9
8,36,89,39,81,28.549400978650404,84.20301346836153,3
5,27,42,31,60,44.54940097865041,76.89301346836153,3
10,51,62,29,45,51.2294009786504,100.75301346836153,2
9,47,50,29,39,44.98940097865041,72.26301346836152,5
7,50,60,52,48,32.4494009786504,67.92301346836153,5
8,44,53,29,39,43.6994009786504,70.33301346836153,5
6,36,42,39,64,48.469400978650405,83.22301346836153,9
5,27,42,29,57,41.4494009786504,82.05301346836154,6
5,54,42,41,46,39.99940097865041,72.11301346836153,4
6,27,77,29,88,37.4494009786504,84.76301346836152,3
7,27,54,52,46,46.98940097865041,72.62301346836153,9
6,29,77,45,66,39.56940097865041,72.57301346836152,5
6,36,48,29,51,34.26940097865041,73.46301346836154,4
5,27,42,30,63,47.469400978650405,61.513013468361535,5
7,27,60,45,67,42.31940097865041,65.46301346836154,4
9,40,56,44,66,36.59940097865041,64.10301346836152,9
6,27,56,29,78,48.4494009786504,86.01301346836152,6
6,27,60,29,74,40.4494009786504,82.05301346836154,6
7,27,66,48,75,45.9194009786504,74.39301346836153,8
7,27,79,35,74,29.769400978650406,75.27301346836154,3
10,38,67,35,60,29.849400978650408,71.81301346836153,2
6,27,61,30,72,37.48940097865041,73.03301346836153,7
11,37,51,32,48,30.449400978650406,48.83301346836153,8
6,28,76,30,95,45.4494009786504,94.95301346836153,3
6,33,49,29,53,32.66940097865041,70.09301346836153,4
10,40,56,35,49,31.509400978650405,64.99301346836154,2
8,28,71,48,77,43.56940097865041,75.70301346836153,4
7,27,52,29,58,32.4494009786504,64.51301346836154,4
8,37,88,57,78,42.759400978650405,90.52301346836154,3
6,27,66,38,59,33.299400978650404,60.04301346836153,5
11,30,77,44,63,39.7294009786504,71.29301346836152,1
9,60,78,29,62,58.9194009786504,100.81301346836153,3
6,29,65,38,59,31.069400978650407,59.63301346836153,5
6,37,51,29,57,36.899400978650405,78.82301346836152,8
7,27,52,29,59,33.4494009786504,69.83301346836153,8
7,45,56,47,46,30.449400978650406,61.64301346836153,5
9,34,66,34,76,36.59940097865041,70.87301346836153,1
5,27,42,29,52,36.4494009786504,59.843013468361534,7
11,56,52,54,49,27.449400978650406,76.40301346836154,8
7,27,62,51,59,45.4494009786504,83.42301346836153,7
6,27,49,29,53,30.449400978650406,60.80301346836153,4
8,27,58,31,61,29.769400978650406,75.41301346836153,9
7,27,57,56,48,51.109400978650406,70.69301346836153,1
7,27,42,37,39,31.449400978650406,56.623013468361535,10
7,28,85,46,71,42.869400978650404,79.45301346836153,2
8,28,74,36,73,29.769400978650406,69.98301346836153,7
6,27,62,29,81,45.4494009786504,78.15301346836154,10
9,36,59,34,76,43.84940097865041,71.29301346836152,1
6,27,50,30,64,40.4794009786504,68.04301346836152,7
5,27,42,29,63,47.4494009786504,85.60301346836152,1
7,27,54,29,63,35.4494009786504,73.46301346836154,4
5,27,42,29,70,54.4494009786504,86.02301346836154,2
11,32,75,29,69,29.279400978650408,80.08301346836153,3
6,27,59,29,70,37.4494009786504,72.41301346836153,6
8,29,69,47,75,41.8094009786504,73.46301346836154,4
7,27,56,50,53,44.4494009786504,68.68301346836154,6
5,27,42,29,57,41.4494009786504,72.16301346836153,9
8,27,57,34,58,29.849400978650408,57.81301346836153,8
8,41,72,46,62,31.069400978650407,74.84301346836153,3
6,40,42,43,65,49.469400978650405,81.59301346836153,1
5,27,42,29,56,40.4494009786504,76.01301346836152,1
5,27,42,29,69,53.4494009786504,85.60301346836152,3
7,27,50,29,55,31.449400978650406,61.513013468361535,4
5,27,42,31,75,59.509400978650405,73.46301346836154,5
7,27,60,38,66,36.179400978650406,80.07301346836152,4
10,27,82,35,81,29.769400978650406,82.95301346836153,1
6,42,42,45,45,29.529400978650408,77.59301346836153,1
8,38,50,29,39,37.049400978650404,60.523013468361526,5
9,51,71,61,73,32.87940097865041,79.90301346836154,8
5,27,42,29,63,47.4494009786504,94.61301346836153,2
5,27,42,29,73,57.4494009786504,80.63301346836153,2
6,27,81,63,65,59.84940097865041,84.95301346836153,5
6,27,51,29,70,45.4494009786504,75.22301346836153,7
5,27,42,31,74,58.509400978650405,72.57301346836152,5
7,27,87,34,82,28.839400978650406,82.06301346836153,3
9,48,68,48,79,37.5894009786504,85.60301346836152,1
12,27,60,40,39,44.54940097865041,72.77301346836154,3
6,42,42,45,45,29.529400978650408,77.59301346836153,1
5,57,42,38,48,46.29940097865041,80.07301346836152,4
5,27,42,29,59,43.4494009786504,79.73301346836153,9
6,27,63,31,68,31.699400978650406,68.44301346836153,6
6,27,50,31,72,48.5294009786504,75.85301346836152,6
6,27,64,30,80,42.4794009786504,76.87301346836153,10
7,27,56,31,60,30.729400978650407,64.51301346836154,4
6,27,78,29,86,34.4494009786504,81.26301346836152,2
6,27,71,30,81,36.48940097865041,76.38301346836153,2
5,27,42,29,51,35.4494009786504,70.87301346836153,1
8,29,74,61,73,53.51940097865041,79.90301346836154,6
9,40,75,42,66,29.449400978650406,72.43301346836154,2
7,27,49,30,50,27.569400978650407,51.013013468361535,8
6,39,42,41,47,31.449400978650406,66.45301346836153,1
7,27,42,40,40,34.49940097865041,61.44301346836153,10
10,46,49,45,46,26.449400978650406,73.92301346836153,8
6,49,42,52,66,50.469400978650405,80.22301346836153,1
8,27,67,31,82,41.5594009786504,82.45301346836153,1
6,27,53,31,61,34.62940097865041,56.013013468361535,10
7,27,52,42,53,37.049400978650404,53.013013468361535,8
6,27,57,31,72,41.5594009786504,68.32301346836152,10
9,41,54,29,60,40.0894009786504,58.45301346836153,1
7,36,66,43,58,30.519400978650406,63.623013468361535,5
9,34,53,29,50,30.449400978650406,47.10301346836153,8
5,27,42,30,65,49.469400978650405,65.41301346836153,5
10,37,42,37,50,34.62940097865041,49.49301346836153,8
8,27,65,31,86,47.5294009786504,82.55301346836154,9
8,27,60,38,55,32.66940097865041,53.33301346836153,7
10,42,56,29,45,40.4494009786504,76.22301346836153,3
8,38,83,40,73,30.449400978650406,79.53301346836153,3
5,43,42,29,47,41.3394009786504,62.05301346836153,4
7,43,69,60,57,40.939400978650404,79.96301346836154,5
12,27,48,47,39,42.4194009786504,80.72301346836153,3
8,27,49,31,70,47.5294009786504,76.22301346836153,1
7,27,101,55,86,52.0894009786504,97.68301346836154,2
9,50,49,51,69,46.469400978650405,72.62301346836153,9
7,27,66,54,56,49.40940097865041,82.95301346836153,1
6,27,65,31,80,41.5594009786504,84.61301346836153,7
5,48,42,38,46,37.3394009786504,69.45301346836153,8
10,33,46,29,39,30.659400978650407,59.153013468361536,5
12,27,48,51,39,46.24940097865041,95.06301346836153,3
7,27,50,46,46,40.4794009786504,61.013013468361535,7
8,39,74,41,62,32.4494009786504,75.27301346836154,3
10,29,64,46,68,39.99940097865041,68.20301346836153,1
9,37,67,39,71,30.449400978650406,83.22301346836153,9
7,27,56,40,57,35.149400978650405,64.23301346836153,9
10,27,48,47,39,42.4194009786504,78.90301346836154,3
6,29,78,31,91,39.4494009786504,89.29301346836152,3
8,27,73,53,70,47.4494009786504,72.41301346836153,6
7,27,53,47,52,41.5594009786504,84.87301346836153,6
5,27,42,29,59,43.4494009786504,55.14301346836153,5
10,28,77,31,76,25.689400978650404,70.87301346836153,1
10,55,68,39,58,42.759400978650405,90.52301346836154,3
7,27,50,56,51,50.73940097865041,75.85301346836152,9
6,50,42,53,47,31.509400978650405,72.26301346836152,9
6,27,64,29,86,48.4494009786504,87.41301346836153,6
9,41,50,35,43,32.38940097865041,60.99301346836153,5
7,28,92,47,87,40.56940097865041,89.11301346836153,3
7,27,51,35,50,29.769400978650406,51.10301346836153,7
6,27,49,29,52,29.449400978650406,51.013013468361535,6
7,29,101,62,88,56.01940097865041,100.81301346836153,3
9,41,66,43,78,38.4494009786504,83.21301346836154,9
7,27,42,48,41,42.54940097865041,61.53301346836153,10
10,27,65,49,39,53.929400978650406,100.81301346836153,3
7,28,73,35,70,28.449400978650406,66.83301346836153,2
7,27,91,43,77,41.24940097865041,84.76301346836152,3
11,27,69,40,39,52.59940097865041,86.37301346836153,3
9,52,50,40,43,38.009400978650405,69.28301346836153,5
9,38,84,39,76,28.549400978650404,84.41301346836153,2
6,27,62,29,67,31.449400978650406,71.01301346836152,6
7,27,68,46,79,45.469400978650405,76.67301346836153,4
6,28,65,35,59,29.279400978650408,61.233013468361534,5
9,38,74,39,66,28.549400978650404,75.66301346836153,2
7,49,60,51,48,32.4494009786504,68.04301346836152,5
11,56,56,29,45,53.5294009786504,94.61301346836153,2
8,27,58,35,59,30.659400978650407,60.99301346836153,8
10,27,68,53,60,47.969400978650405,68.59301346836153,1
7,27,105,53,91,49.84940097865041,101.75301346836153,3
8,35,42,37,48,32.4494009786504,49.33301346836153,8
8,27,61,30,66,31.509400978650405,72.16301346836153,1
5,27,42,29,46,30.449400978650406,63.21301346836153,10
8,44,78,48,64,34.62940097865041,80.22301346836153,3
6,27,67,30,70,29.529400978650408,66.83301346836153,2
8,27,58,30,70,38.4794009786504,65.78301346836153,1
8,29,69,47,75,41.8094009786504,73.46301346836154,4
10,41,82,29,71,39.56940097865041,96.46301346836154,2
6,27,59,29,79,46.4494009786504,87.02301346836154,6
7,41,66,44,54,32.509400978650405,66.75301346836153,5
8,37,86,42,78,29.279400978650408,84.87301346836153,3
9,51,61,53,67,32.4494009786504,78.15301346836154,9
7,27,42,48,41,42.54940097865041,76.59301346836153,10
5,65,42,43,51,50.2794009786504,92.88301346836153,8
10,41,76,29,65,39.56940097865041,91.45301346836153,2
7,27,58,52,60,46.98940097865041,72.41301346836153,1
9,46,53,43,50,28.449400978650406,75.70301346836153,8
8,27,61,38,63,33.74940097865041,65.46301346836154,4
8,29,60,44,63,37.76940097865041,61.513013468361535,4
7,27,51,53,47,47.469400978650405,72.26301346836152,9
9,62,86,64,66,40.4494009786504,101.81301346836153,2
6,51,42,55,57,41.5594009786504,76.01301346836152,1
9,36,64,38,74,36.4494009786504,75.19301346836153,9
6,27,80,29,89,35.4494009786504,86.35301346836152,3
5,27,42,29,68,52.4494009786504,84.13301346836153,2
8,56,42,58,46,30.449400978650406,84.82301346836152,8
6,37,48,29,52,35.65940097865041,67.92301346836153,8
8,49,54,46,45,31.259400978650405,66.51301346836152,5
9,38,60,30,62,34.62940097865041,58.71301346836153,1
6,27,48,31,62,40.56940097865041,63.04301346836153,10
7,41,64,43,50,34.4494009786504,68.14301346836153,5
5,27,42,29,56,40.4494009786504,66.01301346836152,6
5,27,42,29,55,39.4494009786504,72.41301346836153,1
7,27,54,29,63,35.4494009786504,74.89301346836153,4
8,36,69,59,75,46.29940097865041,80.07301346836152,4
6,28,66,37,59,31.509400978650405,63.82301346836153,5
9,27,42,36,37,30.729400978650407,59.843013468361534,6
11,39,65,29,54,37.869400978650404,96.53301346836153,3
8,28,59,40,61,34.62940097865041,58.273013468361526,8
5,62,42,42,45,46.24940097865041,83.42301346836153,4
7,27,52,44,55,39.609400978650406,58.05301346836153,8
8,37,94,42,87,28.449400978650406,88.75301346836153,2
9,41,82,43,70,32.4494009786504,82.25301346836153,2
5,27,42,29,48,32.4494009786504,60.123013468361535,10
9,51,88,53,69,39.4494009786504,97.83301346836154,3
5,27,42,29,60,44.4494009786504,81.31301346836153,2
8,28,85,59,81,52.469400978650405,86.22301346836153,6
11,47,53,29,45,44.06940097865041,77.14301346836153,3
6,27,68,52,57,47.79940097865041,67.92301346836153,5
8,29,65,47,62,39.4494009786504,62.42301346836153,7
8,27,64,47,62,41.4794009786504,62.42301346836153,6
5,27,42,29,49,33.4494009786504,64.61301346836153,6
10,62,70,39,61,49.15940097865041,95.06301346836153,2
6,46,42,48,47,31.449400978650406,79.31301346836153,1
7,29,73,39,68,31.699400978650406,65.78301346836153,3
10,52,64,44,53,36.259400978650405,93.63301346836153,2
9,27,42,64,37,58.509400978650405,84.87301346836153,6
7,27,63,37,61,31.509400978650405,79.44301346836153,6
6,40,42,42,62,46.4494009786504,78.13301346836153,9
9,27,42,50,39,44.4494009786504,75.73301346836153,6
9,47,57,49,79,48.4494009786504,87.06301346836153,1
6,27,61,29,69,34.4494009786504,73.57301346836152,6
6,27,49,29,71,48.4494009786504,75.73301346836153,6
9,49,75,51,59,36.4494009786504,82.40301346836154,3
8,27,54,31,71,43.54940097865041,72.62301346836153,9
5,54,42,44,46,37.3394009786504,72.11301346836153,4
5,27,42,29,56,40.4494009786504,87.02301346836154,6
6,38,54,29,62,39.009400978650405,89.82301346836152,8
6,27,57,29,69,38.4494009786504,81.54301346836152,8
5,34,42,32,41,27.919400978650405,47.63301346836153,8
5,27,42,29,56,40.4494009786504,74.80301346836154,9
8,39,63,56,67,39.99940097865041,72.11301346836153,4
8,28,62,43,60,36.48940097865041,61.81301346836153,6
6,27,60,29,68,34.4494009786504,70.22301346836153,6
7,27,54,43,50,37.48940097865041,66.32301346836152,1
5,41,42,31,46,37.3394009786504,64.51301346836154,4
6,27,48,29,57,35.4494009786504,53.33301346836153,7
9,27,42,36,40,30.519400978650406,72.91301346836153,6
5,55,42,29,49,53.179400978650406,74.25301346836153,4
7,27,61,31,68,33.649400978650405,77.12301346836153,8
7,27,67,55,64,49.4494009786504,94.09301346836153,6
9,48,68,29,48,50.469400978650405,93.96301346836154,2
7,27,42,41,39,35.4494009786504,55.68301346836153,10
8,39,42,42,45,29.529400978650408,64.51301346836154,8
7,27,48,40,46,34.49940097865041,68.04301346836152,6
7,27,48,45,49,39.939400978650404,66.83301346836153,9
6,27,65,29,87,48.4494009786504,84.83301346836153,2
9,46,54,48,68,40.4494009786504,74.80301346836154,9
7,27,83,36,76,31.509400978650405,74.80301346836154,2
7,27,86,39,79,34.219400978650405,81.96301346836154,3
5,27,42,29,51,35.4494009786504,57.06301346836153,6
7,27,54,55,53,49.5294009786504,72.91301346836153,6
8,43,63,45,49,34.4494009786504,69.88301346836153,5
5,39,42,31,45,35.109400978650406,60.04301346836153,4
11,27,48,42,39,37.76940097865041,73.52301346836154,3
5,42,42,29,47,40.4494009786504,61.513013468361535,4
8,27,56,30,65,35.48940097865041,67.92301346836153,9
8,27,62,29,81,45.4494009786504,79.73301346836153,9
5,27,42,29,45,29.449400978650406,75.22301346836153,6
6,27,49,31,70,47.5294009786504,70.65301346836154,6
6,28,67,30,80,39.4494009786504,77.59301346836153,3
5,27,42,29,68,52.4494009786504,64.59301346836153,5
6,36,42,40,57,41.5594009786504,58.71301346836153,1
7,27,42,54,41,48.5294009786504,71.50301346836153,10
5,27,42,30,72,56.46940097865041,84.20301346836153,3
6,29,45,29,45,27.059400978650405,51.10301346836153,8
7,27,86,39,79,34.219400978650405,81.96301346836154,3
6,27,77,29,87,36.4494009786504,86.01301346836152,3
6,27,54,29,63,35.4494009786504,72.61301346836153,4
8,27,65,31,86,47.5294009786504,82.55301346836154,9
6,27,54,31,72,44.54940097865041,68.68301346836154,10
8,37,52,38,44,28.549400978650404,55.57301346836153,5
5,27,42,29,70,54.4494009786504,86.37301346836153,2
11,31,61,29,55,28.449400978650406,64.83301346836153,2
7,27,52,48,47,42.54940097865041,70.43301346836154,1
6,27,56,29,68,38.4494009786504,71.50301346836153,6
11,44,52,40,49,29.449400978650406,69.45301346836153,8
8,48,42,52,46,30.729400978650407,65.77301346836154,8
7,27,64,35,60,29.529400978650408,86.22301346836153,6
5,27,42,29,59,43.4494009786504,68.90301346836154,10
6,27,62,30,82,46.469400978650405,79.45301346836153,2
7,27,55,44,49,38.74940097865041,60.67301346836153,1
7,27,60,58,56,52.469400978650405,81.01301346836152,7
8,39,51,29,39,38.4494009786504,63.67301346836153,5
7,27,53,37,50,31.449400978650406,61.53301346836153,7
7,27,57,47,53,41.4794009786504,70.95301346836153,7
10,62,64,42,53,46.859400978650406,95.06301346836153,3
5,44,42,31,45,39.609400978650406,71.22301346836153,4
5,49,42,37,47,39.56940097865041,72.91301346836153,8
6,27,53,29,61,34.4494009786504,70.43301346836154,4
7,27,87,62,74,57.929400978650406,89.01301346836152,2
8,42,56,41,46,31.069400978650407,64.10301346836152,5
7,27,58,39,53,33.649400978650405,66.50301346836153,6
8,27,67,31,85,44.54940097865041,85.82301346836152,9
5,27,42,30,70,54.469400978650405,68.10301346836152,5
9,27,42,44,37,38.579400978650405,79.28301346836153,6
11,34,55,29,48,31.509400978650405,64.99301346836154,3
9,48,69,29,54,47.63940097865041,86.52301346836154,2
7,27,65,40,65,34.84940097865041,78.13301346836153,9
6,27,57,30,60,29.529400978650408,61.53301346836153,10
6,27,62,30,82,46.469400978650405,79.45301346836153,2
8,48,62,50,49,33.4494009786504,69.83301346836153,5
8,29,63,48,60,40.4494009786504,61.53301346836153,7
8,27,61,38,63,33.74940097865041,65.46301346836154,4
10,41,42,43,50,34.4494009786504,64.51301346836154,8
6,27,51,29,57,32.4494009786504,67.27301346836154,8
7,36,57,39,49,28.549400978650404,56.47301346836153,5
6,52,42,55,55,39.4794009786504,80.41301346836153,9
7,34,66,43,58,32.049400978650404,63.623013468361535,5
7,27,56,48,59,43.369400978650404,60.80301346836153,4
9,39,49,41,60,37.4494009786504,74.97301346836153,1
8,27,63,47,60,41.4494009786504,60.873013468361535,7
9,35,67,37,61,26.449400978650406,61.373013468361535,2
7,36,68,45,60,32.049400978650404,69.88301346836153,5
6,27,64,29,76,38.4494009786504,79.28301346836153,6
11,35,54,29,45,33.4494009786504,76.16301346836153,3
6,36,48,29,51,34.26940097865041,73.46301346836154,4
8,31,63,45,67,37.3394009786504,65.46301346836154,4
5,27,42,29,50,34.4494009786504,59.843013468361534,1
9,44,65,43,53,32.939400978650404,73.93301346836154,2
7,27,49,43,46,37.4494009786504,67.21301346836154,9
6,38,42,40,65,49.4494009786504,78.13301346836153,9
6,28,70,36,63,30.659400978650407,64.51301346836154,5
10,46,75,34,69,37.76940097865041,82.06301346836153,3
5,43,42,29,51,43.4494009786504,72.61301346836153,4
7,27,76,55,70,49.619400978650404,77.90301346836154,3
8,60,66,62,51,35.4494009786504,81.31301346836153,5
7,27,60,50,58,44.469400978650405,67.27301346836154,7
9,41,59,44,77,44.469400978650405,74.06301346836153,1
8,27,71,38,70,32.66940097865041,67.22301346836153,6
6,29,67,31,76,35.4494009786504,73.52301346836154,3
7,27,54,41,49,35.619400978650404,72.43301346836154,9
9,36,69,29,59,34.84940097865041,72.26301346836152,2
8,44,59,43,47,32.939400978650404,71.22301346836153,5
6,27,54,29,63,35.4494009786504,72.61301346836153,4
8,29,74,41,72,33.49940097865041,71.29301346836152,7
5,27,42,29,62,46.4494009786504,83.21301346836154,9
9,51,54,53,76,48.4494009786504,77.31301346836153,9
8,35,57,46,59,33.74940097865041,60.123013468361535,8
5,27,42,31,71,55.509400978650405,78.52301346836154,3
7,29,75,36,71,28.549400978650404,67.17301346836153,3
9,34,64,32,80,42.869400978650404,74.80301346836154,1
7,29,83,51,75,44.06940097865041,79.74301346836154,3
7,27,58,52,60,46.98940097865041,72.41301346836153,1
7,29,83,66,71,59.5894009786504,88.44301346836153,3
5,27,42,29,59,43.4494009786504,60.80301346836153,5
6,27,66,38,59,33.299400978650404,60.04301346836153,5
8,27,64,29,85,47.4494009786504,85.00301346836153,1
9,40,66,42,56,30.449400978650406,64.99301346836154,3
9,45,71,47,57,34.4494009786504,76.16301346836153,3
9,39,49,29,39,37.3394009786504,70.01301346836152,5
7,27,55,37,49,31.989400978650405,69.11301346836153,1
5,27,42,29,78,62.4494009786504,77.04301346836152,5
12,27,48,50,39,45.289400978650406,81.96301346836154,3
7,27,56,51,51,45.539400978650406,67.92301346836153,9
7,27,57,53,51,47.63940097865041,77.31301346836153,9
5,27,42,29,54,38.4494009786504,74.44301346836153,9
8,34,74,37,66,28.549400978650404,67.17301346836153,3
11,27,48,45,39,40.539400978650406,73.71301346836154,3
5,27,42,30,59,43.469400978650405,77.14301346836153,3
9,62,54,54,45,35.109400978650406,83.42301346836153,5
7,44,72,49,59,33.88940097865041,77.04301346836152,5
6,27,55,31,68,39.56940097865041,74.98301346836153,6
8,29,66,50,71,44.06940097865041,72.04301346836152,8
5,27,42,29,49,33.4494009786504,79.00301346836153,1
5,27,42,29,46,30.449400978650406,56.623013468361535,7
8,29,66,50,71,44.06940097865041,72.04301346836152,8
7,27,67,55,64,49.4494009786504,94.09301346836153,6
7,27,56,55,53,49.4494009786504,86.47301346836153,7
5,27,42,29,58,42.4494009786504,75.75301346836153,1
5,27,42,29,57,41.4494009786504,82.05301346836154,6
11,31,63,29,58,27.919400978650405,67.39301346836153,3
7,27,51,39,46,33.649400978650405,63.67301346836153,1
7,27,50,48,45,42.54940097865041,62.28301346836153,7
9,36,47,29,39,33.74940097865041,56.47301346836153,5
11,33,59,29,52,30.659400978650407,70.21301346836154,2
8,28,75,38,74,31.699400978650406,71.49301346836154,6
6,29,70,31,77,33.4494009786504,73.06301346836153,3
7,27,84,39,76,34.62940097865041,79.31301346836153,2
5,27,42,29,51,35.4494009786504,72.43301346836154,9
6,27,50,29,55,31.449400978650406,62.623013468361535,4
9,65,42,67,48,32.4494009786504,92.88301346836153,8
6,36,42,40,54,38.579400978650405,73.73301346836153,9
10,29,77,44,77,36.789400978650406,74.06301346836153,1
5,27,42,29,45,29.449400978650406,69.83301346836153,1
11,54,50,51,47,28.449400978650406,90.03301346836153,8
6,29,50,29,55,31.699400978650406,72.04301346836152,8
5,33,42,31,41,27.919400978650405,48.83301346836153,8
6,27,78,29,88,36.4494009786504,86.92301346836153,2
8,27,53,31,61,34.62940097865041,59.843013468361534,1
9,27,42,42,40,36.48940097865041,60.08301346836153,6
9,51,61,53,67,32.4494009786504,78.15301346836154,9
7,27,63,37,61,31.509400978650405,79.44301346836153,6
5,27,42,29,63,47.4494009786504,65.77301346836154,5
10,41,47,29,39,38.31940097865041,68.99301346836154,5
9,39,49,29,39,37.3394009786504,65.41301346836153,5
6,27,70,30,91,47.469400978650405,95.34301346836153,2
9,46,67,46,55,32.66940097865041,80.22301346836153,3
5,47,42,34,44,39.259400978650405,70.95301346836153,4
5,27,42,29,73,57.4494009786504,76.16301346836153,2
10,41,56,29,45,39.56940097865041,73.71301346836154,3
7,37,56,39,46,30.449400978650406,57.38301346836153,5
5,61,42,40,49,48.5294009786504,85.71301346836154,4
7,27,52,29,60,34.4494009786504,70.95301346836153,4
7,27,66,54,64,48.469400978650405,87.77301346836154,6
9,41,50,29,39,39.56940097865041,71.22301346836153,5
6,35,42,38,63,47.469400978650405,75.41301346836153,9
9,56,77,43,66,40.4494009786504,90.15301346836154,2
9,47,53,51,61,34.62940097865041,76.26301346836152,1
5,27,42,29,46,30.449400978650406,61.013013468361535,9
6,27,66,29,81,41.4494009786504,79.31301346836153,2
7,27,56,54,47,49.15940097865041,69.28301346836153,9
6,34,46,29,47,31.509400978650405,60.50301346836153,8
8,29,75,62,71,54.469400978650405,79.88301346836153,7
8,27,61,30,74,39.4794009786504,79.83301346836153,1
8,44,74,46,58,36.4494009786504,79.45301346836153,2
5,27,42,29,72,56.4494009786504,83.30301346836154,2
7,29,79,45,71,38.31940097865041,73.52301346836154,3
11,39,59,29,50,36.869400978650404,83.91301346836153,3
5,27,42,29,73,57.4494009786504,74.80301346836154,2
5,27,42,29,71,55.4494009786504,77.59301346836153,2
6,27,78,29,82,30.449400978650406,76.95301346836153,3
5,27,42,29,66,50.4494009786504,87.34301346836153,2
9,39,71,41,60,31.449400978650406,70.21301346836154,2
6,31,48,29,51,30.659400978650407,71.68301346836154,8
12,27,53,48,39,45.399400978650405,83.91301346836153,3
7,27,49,50,50,44.829400978650405,61.013013468361535,9
7,27,42,44,40,38.4794009786504,70.37301346836153,10
6,27,55,29,65,36.4494009786504,76.67301346836153,4
8,32,59,44,61,34.62940097865041,59.843013468361534,8
5,27,42,29,60,44.4494009786504,91.22301346836153,6
12,27,52,39,39,37.5894009786504,72.87301346836153,3
5,48,42,40,46,35.65940097865041,80.62301346836153,8
7,27,63,51,60,45.4494009786504,91.22301346836153,6
10,28,66,53,63,46.4494009786504,72.41301346836153,1
5,53,42,43,46,37.3394009786504,71.42301346836153,4
7,27,57,37,62,34.759400978650405,72.91301346836153,8
7,27,52,29,60,34.4494009786504,68.99301346836154,4
6,27,62,29,68,32.4494009786504,67.88301346836153,10
5,27,42,29,77,61.4494009786504,82.25301346836153,5
5,27,42,30,75,59.45940097865041,109.43301346836154,3
9,48,78,50,61,37.4494009786504,85.60301346836152,3
9,48,56,39,46,36.48940097865041,77.50301346836153,5
6,27,61,30,72,37.48940097865041,73.03301346836153,7
5,27,42,29,71,55.4494009786504,77.59301346836153,2
6,27,60,30,81,47.469400978650405,83.69301346836153,10
5,44,42,31,45,39.609400978650406,71.22301346836153,4
7,27,50,35,47,29.449400978650406,60.233013468361534,6
5,27,42,29,64,48.4494009786504,81.59301346836153,1
10,49,42,53,46,30.729400978650407,84.32301346836152,8
7,27,59,43,56,37.4494009786504,72.91301346836153,6
7,27,51,35,50,29.769400978650406,51.10301346836153,7
5,27,42,29,52,36.4494009786504,69.61301346836153,9
10,38,46,29,39,35.149400978650405,69.28301346836153,5
7,27,62,57,69,53.179400978650406,74.25301346836153,4
7,27,54,40,49,34.62940097865041,57.06301346836153,6
5,27,42,29,61,45.4494009786504,69.02301346836154,7
5,27,42,29,51,35.4494009786504,72.12301346836153,7
6,27,77,30,81,30.519400978650406,76.16301346836153,2
5,27,42,29,72,56.4494009786504,93.63301346836153,2
5,27,42,29,45,29.449400978650406,57.97301346836153,7
10,41,54,29,45,38.679400978650406,66.75301346836153,3
5,27,42,29,70,54.4494009786504,76.63301346836153,2
6,37,42,41,57,41.5594009786504,62.763013468361535,1
6,27,50,29,59,35.4494009786504,57.623013468361535,7
9,27,42,46,39,40.4494009786504,70.65301346836154,6
6,27,53,29,61,34.4494009786504,68.14301346836153,4
8,27,61,36,63,32.049400978650404,64.51301346836154,8
7,28,77,44,69,38.31940097865041,76.22301346836153,3
7,27,52,36,55,32.66940097865041,51.57301346836153,8
8,29,65,48,63,40.4794009786504,64.61301346836153,6
6,29,46,29,47,27.919400978650405,59.843013468361534,4
8,31,79,54,89,48.149400978650405,89.57301346836152,8
7,27,42,36,41,30.729400978650407,68.90301346836154,10
9,50,50,42,43,34.219400978650405,67.18301346836154,5
10,64,50,60,47,29.449400978650406,95.41301346836153,8
8,27,55,37,52,31.449400978650406,51.013013468361535,6
6,28,63,30,79,42.4494009786504,80.92301346836153,3
8,28,71,51,68,44.4494009786504,73.52301346836154,7
5,27,42,29,55,39.4494009786504,73.52301346836154,10
8,29,69,47,75,41.8094009786504,73.46301346836154,4
9,27,42,58,39,52.4494009786504,76.40301346836154,6
8,38,84,53,76,37.37940097865041,83.33301346836153,2
8,38,86,40,77,29.449400978650406,81.48301346836153,3
8,27,66,31,69,29.769400978650406,73.46301346836154,4
6,29,52,29,58,32.66940097865041,77.63301346836153,8
7,28,98,43,89,37.76940097865041,91.45301346836153,2
7,27,54,29,62,34.4494009786504,71.22301346836153,4
6,27,62,31,74,38.579400978650405,83.42301346836153,7
5,52,42,42,46,37.3394009786504,72.11301346836153,8
9,44,61,29,45,44.84940097865041,77.59301346836153,2
9,40,90,42,78,32.4494009786504,88.75301346836153,2
5,27,42,30,72,56.46940097865041,69.88301346836153,5
10,27,48,53,39,48.189400978650404,90.48301346836153,3
8,27,63,43,77,45.469400978650405,78.15301346836154,1
10,42,49,39,46,28.449400978650406,59.843013468361534,8
6,27,51,29,57,32.4494009786504,63.67301346836153,4
9,36,68,38,78,36.4494009786504,73.23301346836153,9
6,27,53,31,74,47.5294009786504,83.42301346836153,6
7,27,46,29,47,27.449400978650406,49.49301346836153,8
5,49,42,29,48,47.219400978650405,67.27301346836154,8
11,33,59,29,52,30.659400978650407,67.05301346836154,2
9,27,42,60,40,54.469400978650405,81.48301346836153,6
8,29,74,51,69,43.54940097865041,72.04301346836152,6
5,27,42,29,57,41.4494009786504,68.14301346836153,7
7,27,58,29,72,40.4494009786504,102.52301346836154,8
7,27,60,41,46,39.7294009786504,77.85301346836152,1
5,27,42,31,64,48.5294009786504,67.18301346836154,5
7,27,42,60,39,54.4494009786504,82.25301346836153,10
7,27,58,44,55,38.4494009786504,72.91301346836153,6
10,29,54,50,69,49.619400978650404,69.83301346836153,1
9,47,56,48,70,40.4794009786504,75.27301346836154,1
9,28,71,46,73,40.20940097865041,71.22301346836153,4
7,28,76,35,70,29.279400978650408,69.61301346836153,3
7,27,54,29,63,35.4494009786504,73.46301346836154,4
10,50,73,41,62,37.049400978650404,96.53301346836153,3
8,28,69,52,66,45.4494009786504,68.68301346836154,6
5,27,42,29,51,35.4494009786504,60.14301346836153,10
9,64,61,29,45,62.6694009786504,88.44301346836153,3
7,27,54,57,50,51.469400978650405,74.94301346836153,6
6,27,51,29,57,32.4494009786504,63.67301346836153,4
8,37,55,39,45,30.449400978650406,56.47301346836153,5
9,43,88,45,76,32.4494009786504,87.62301346836153,3
8,47,42,49,48,32.4494009786504,67.27301346836154,8
5,27,42,29,54,38.4494009786504,70.95301346836153,7
6,28,75,43,63,39.259400978650405,69.88301346836153,5
6,28,75,30,89,40.4494009786504,84.20301346836153,3
6,27,67,30,85,44.469400978650405,89.25301346836153,2
7,27,58,55,57,49.5294009786504,80.92301346836153,6
5,57,42,44,44,39.259400978650405,77.07301346836152,4
6,27,49,29,71,48.4494009786504,75.73301346836153,6
11,37,55,29,45,35.65940097865041,88.82301346836152,3
9,48,52,50,63,37.4494009786504,71.49301346836154,9
7,27,58,52,60,46.98940097865041,75.09301346836153,9
9,43,50,35,43,34.219400978650405,61.233013468361534,5
9,46,42,50,47,31.699400978650406,77.12301346836153,8
9,27,42,49,40,43.469400978650405,71.50301346836153,6
9,49,57,49,75,44.54940097865041,89.67301346836153,1
10,36,78,34,72,28.449400978650406,80.08301346836153,3
6,27,56,31,63,33.649400978650405,58.21301346836153,10
11,39,59,29,48,37.869400978650404,93.22301346836153,3
7,27,42,46,40,40.4794009786504,73.93301346836154,10
5,43,42,29,48,41.8094009786504,65.46301346836154,4
9,38,74,40,64,30.449400978650406,71.81301346836153,2
8,34,42,37,48,32.509400978650405,49.33301346836153,8
11,37,64,29,55,35.109400978650406,95.06301346836153,2
6,27,54,29,69,41.4494009786504,72.91301346836153,6
7,27,63,51,60,45.4494009786504,91.22301346836153,6
5,27,42,29,63,47.4494009786504,78.49301346836154,7
8,27,62,29,65,29.449400978650406,75.26301346836152,9
10,27,76,33,39,57.679400978650406,76.95301346836153,3
6,40,42,42,53,37.4494009786504,64.10301346836152,9
11,59,51,58,48,26.449400978650406,79.90301346836154,8
7,27,76,55,70,49.619400978650404,77.90301346836154,3
8,28,68,41,66,34.49940097865041,63.623013468361535,7
8,27,66,36,69,32.66940097865041,73.46301346836154,4
9,27,42,65,40,59.45940097865041,87.77301346836154,6
10,40,51,35,48,30.449400978650406,58.763013468361535,8
7,27,66,60,62,54.469400978650405,82.89301346836153,6
6,46,42,49,54,38.4794009786504,87.06301346836153,1
6,38,42,40,65,49.4494009786504,78.13301346836153,9
8,27,48,31,51,29.769400978650406,69.83301346836153,1
6,29,62,39,54,32.87940097865041,58.21301346836153,5
9,46,49,43,46,28.449400978650406,75.70301346836153,8
7,27,49,48,50,42.869400978650404,59.46301346836153,1
9,42,42,43,50,34.49940097865041,66.75301346836153,8
6,27,78,30,90,38.4794009786504,90.92301346836153,2
7,27,90,43,80,39.09940097865041,83.21301346836154,2
8,32,85,48,79,37.76940097865041,82.06301346836153,3
8,27,77,40,72,34.62940097865041,80.63301346836153,7
11,27,51,44,39,40.939400978650404,76.15301346836154,3
6,27,58,30,67,35.48940097865041,70.65301346836154,6
9,44,52,29,39,43.1694009786504,77.04301346836152,5
5,27,42,29,48,32.4494009786504,60.123013468361535,10
6,28,72,30,87,41.4494009786504,86.01301346836152,3
9,36,70,36,62,28.839400978650406,69.61301346836153,3
6,50,42,54,59,43.54940097865041,82.95301346836153,1
7,28,93,45,80,41.4794009786504,86.97301346836153,3
6,28,69,36,63,30.159400978650407,63.623013468361535,5
9,46,79,48,66,33.4494009786504,82.06301346836153,2
5,39,42,31,43,34.219400978650405,60.04301346836153,4
6,27,48,30,53,31.509400978650405,52.08301346836153,7
5,53,42,39,48,41.8094009786504,78.82301346836152,8
7,47,72,63,63,38.679400978650406,82.01301346836152,5
6,28,74,43,61,39.84940097865041,68.14301346836153,5
8,46,42,47,49,33.49940097865041,67.62301346836153,8
11,40,72,29,63,37.76940097865041,96.15301346836154,3
6,49,42,52,60,44.469400978650405,75.09301346836153,9
7,27,55,39,55,33.88940097865041,69.61301346836153,9
9,36,73,36,65,28.839400978650406,72.50301346836153,3
9,45,56,45,72,42.54940097865041,79.83301346836153,1
7,27,58,31,63,31.699400978650406,68.99301346836154,4
5,27,42,29,64,48.4494009786504,82.95301346836153,10
7,27,61,36,63,32.049400978650404,70.87301346836153,1
7,27,42,36,41,30.729400978650407,58.21301346836153,10
5,27,42,29,49,33.4494009786504,62.28301346836153,9
8,28,80,52,79,45.539400978650406,79.86301346836153,7
5,27,42,29,48,32.4494009786504,63.67301346836153,1
7,27,60,43,60,37.76940097865041,74.44301346836153,9
8,44,42,44,46,30.729400978650407,75.70301346836153,8
8,27,65,33,68,30.659400978650407,71.68301346836154,8
8,27,62,30,70,34.49940097865041,74.89301346836153,9
9,54,80,56,62,38.4494009786504,90.92301346836153,2
8,42,57,43,47,30.519400978650406,66.75301346836153,5
10,29,79,31,77,24.449400978650406,72.04301346836152,1
8,29,74,51,71,43.4494009786504,77.76301346836152,7
11,37,71,29,63,34.62940097865041,86.37301346836153,2
5,27,42,29,55,39.4494009786504,62.28301346836153,9
8,27,79,63,77,57.45940097865041,84.20301346836153,7
9,36,51,38,61,36.4494009786504,61.67301346836153,1
5,56,42,29,53,55.649400978650405,84.82301346836152,8
5,27,42,29,57,41.4494009786504,84.20301346836153,7
9,29,61,49,61,41.6994009786504,62.94301346836153,4
8,30,61,54,65,46.539400978650406,70.69301346836153,8
9,41,52,36,44,32.049400978650404,64.51301346836154,5
5,27,42,29,74,58.4494009786504,86.35301346836152,2
7,27,52,29,60,34.4494009786504,68.99301346836154,4
7,27,54,29,63,35.4494009786504,73.46301346836154,4
8,39,58,41,47,31.449400978650406,60.04301346836153,5
10,51,69,40,61,37.37940097865041,83.33301346836153,2
7,37,60,44,51,31.259400978650405,61.513013468361535,5
5,38,42,30,45,35.109400978650406,58.763013468361535,8
8,28,83,68,78,61.4994009786504,89.80301346836154,7
6,27,62,30,72,36.48940097865041,70.33301346836153,10
11,31,67,29,61,28.449400978650406,70.09301346836153,2
6,32,48,29,50,30.519400978650406,59.843013468361534,8
6,27,72,52,59,48.5294009786504,71.01301346836152,5
7,27,67,51,63,45.469400978650405,78.86301346836153,7
9,27,42,53,41,47.5294009786504,77.86301346836153,6
7,27,92,46,78,43.6994009786504,86.02301346836154,2
5,27,42,29,54,38.4494009786504,75.73301346836153,6
8,37,85,39,75,30.449400978650406,83.22301346836153,2
7,27,59,45,56,39.4494009786504,72.41301346836153,6
7,27,58,29,72,40.4494009786504,98.51301346836152,8
7,28,91,49,82,43.369400978650404,86.92301346836153,2
6,27,50,31,61,37.5894009786504,56.983013468361534,7
5,39,42,31,45,35.109400978650406,60.04301346836153,4
9,27,42,43,39,37.4494009786504,68.68301346836154,6
10,45,53,42,50,28.449400978650406,60.123013468361535,8
7,27,42,41,39,35.4494009786504,63.67301346836153,10
10,28,55,34,61,33.299400978650404,59.21301346836153,1
5,27,42,29,51,35.4494009786504,66.01301346836152,6
7,27,48,39,47,33.649400978650405,62.00301346836153,9
7,38,63,54,56,38.009400978650405,69.28301346836153,5
6,28,66,39,57,34.26940097865041,61.513013468361535,5
5,27,42,29,50,34.4494009786504,61.67301346836153,1
9,45,78,29,68,42.759400978650405,86.35301346836152,2
8,28,70,50,69,43.54940097865041,70.65301346836154,6
7,27,56,38,60,34.84940097865041,69.45301346836153,8
5,39,42,31,43,34.219400978650405,60.04301346836153,4
5,43,42,35,45,35.109400978650406,64.83301346836153,8
5,27,42,30,74,58.45940097865041,79.96301346836154,5
5,27,42,29,64,48.4494009786504,89.11301346836153,1
7,37,57,44,49,30.519400978650406,58.21301346836153,5
8,27,55,30,72,43.469400978650405,67.17301346836153,1
5,27,42,29,64,48.4494009786504,94.04301346836152,6
5,27,42,29,74,58.4494009786504,92.88301346836153,3
7,27,42,50,41,44.54940097865041,87.44301346836153,10
5,27,42,29,56,40.4494009786504,69.61301346836153,9
7,27,61,54,59,48.469400978650405,82.95301346836153,1
7,27,50,53,46,47.469400978650405,67.87301346836153,6
6,27,51,31,72,47.5294009786504,79.88301346836153,7
8,33,73,42,66,31.509400978650405,66.83301346836153,2
9,39,72,51,75,35.109400978650406,75.40301346836154,4
7,27,70,33,66,27.569400978650407,62.33301346836153,2
7,27,64,38,48,39.259400978650405,85.00301346836153,1
7,27,59,55,57,49.469400978650405,76.81301346836153,6
7,56,68,58,52,36.4494009786504,81.01301346836152,5
9,40,53,44,69,42.54940097865041,70.37301346836153,1
9,46,50,47,56,32.509400978650405,71.29301346836152,9
6,27,53,31,74,47.5294009786504,81.38301346836153,6
8,27,62,37,81,46.859400978650406,79.31301346836153,1
10,45,50,44,47,26.449400978650406,64.83301346836153,8
8,28,80,64,76,57.45940097865041,84.87301346836153,7
6,49,42,51,63,47.4494009786504,80.62301346836153,9
9,42,68,59,71,39.609400978650406,77.07301346836152,4
5,27,42,29,61,45.4494009786504,82.40301346836154,3
5,27,42,29,52,36.4494009786504,70.37301346836153,1
9,27,42,48,41,42.54940097865041,68.21301346836154,6
7,27,56,35,60,32.66940097865041,70.09301346836153,4
6,27,58,29,77,45.4494009786504,79.25301346836153,7
5,27,42,29,60,44.4494009786504,86.52301346836154,1
7,27,50,38,47,32.4494009786504,68.04301346836152,7
7,27,64,32,72,34.84940097865041,83.82301346836152,8
11,37,55,29,45,35.65940097865041,88.82301346836152,3
6,27,64,29,69,31.449400978650406,64.83301346836153,2
5,27,42,30,78,62.45940097865041,77.04301346836152,5
11,27,48,41,39,36.869400978650404,66.75301346836153,3
5,47,42,29,48,45.37940097865041,67.27301346836154,8
8,29,63,43,67,37.3394009786504,64.51301346836154,4
9,48,64,29,45,49.84940097865041,90.48301346836153,3
7,27,54,29,63,35.4494009786504,75.40301346836154,4
7,27,85,47,76,42.4194009786504,80.63301346836153,2
5,27,42,31,72,56.509400978650405,81.48301346836153,3
5,46,42,29,46,43.6994009786504,60.80301346836153,4
9,27,42,35,41,29.769400978650406,70.22301346836153,6
5,27,42,29,65,49.4494009786504,86.52301346836154,2
6,52,42,56,48,32.66940097865041,70.69301346836153,1
7,27,56,50,46,45.5894009786504,74.55301346836154,9
9,48,42,50,50,34.4494009786504,72.04301346836152,8
7,27,53,53,45,47.969400978650405,73.21301346836154,9
8,44,74,46,58,36.4494009786504,78.52301346836154,3
5,27,42,29,63,47.4494009786504,92.03301346836153,1
6,27,48,30,54,32.509400978650405,52.42301346836153,10
9,35,69,36,91,48.469400978650405,85.82301346836152,9
7,29,77,36,70,29.849400978650408,69.61301346836153,3
6,27,64,30,82,44.469400978650405,86.22301346836153,6
8,42,72,54,60,36.899400978650405,76.22301346836153,3
8,27,57,30,62,31.509400978650405,58.71301346836153,1
10,44,58,29,45,43.1694009786504,80.22301346836153,3
9,47,73,49,57,36.4494009786504,80.63301346836153,2
9,46,49,43,46,28.449400978650406,75.70301346836153,8
5,27,42,29,48,32.4494009786504,71.29301346836152,7
9,43,52,43,44,28.839400978650406,68.99301346836154,5
10,42,76,39,68,30.519400978650406,86.37301346836153,2
6,27,60,31,76,42.54940097865041,77.86301346836153,6
8,28,68,41,66,34.49940097865041,63.623013468361535,7
7,27,59,57,56,51.4494009786504,73.52301346836154,7
9,27,42,37,40,31.509400978650405,61.44301346836153,6
5,44,42,38,44,32.87940097865041,69.45301346836153,4
9,44,65,29,48,45.469400978650405,84.13301346836153,2
6,43,42,46,49,33.49940097865041,58.71301346836153,9
9,54,51,52,65,40.90940097865041,70.69301346836153,1
8,29,85,70,82,62.4494009786504,92.62301346836153,7
10,28,90,50,79,44.98940097865041,85.60301346836152,1
5,52,42,40,47,39.56940097865041,73.82301346836152,4
6,27,54,30,57,29.529400978650408,52.91301346836153,10
7,27,55,52,48,46.79940097865041,66.45301346836153,9
6,42,42,44,55,39.4494009786504,71.29301346836152,1
6,43,42,46,64,48.469400978650405,78.40301346836154,1
5,27,42,29,66,50.4494009786504,72.87301346836153,3
9,33,55,35,74,45.4494009786504,68.72301346836153,9
8,37,79,48,69,34.84940097865041,76.59301346836153,2
9,35,67,37,59,28.449400978650406,62.33301346836153,2
8,33,92,45,85,34.219400978650405,87.62301346836153,3
5,27,42,29,48,32.4494009786504,72.26301346836152,9
5,27,42,29,48,32.4494009786504,70.65301346836154,6
7,27,48,50,49,44.829400978650405,69.83301346836153,1
5,27,42,29,48,32.4494009786504,63.623013468361535,10
9,37,58,41,63,31.699400978650406,76.89301346836153,1
7,28,100,48,86,44.54940097865041,94.24301346836154,2
6,27,64,29,76,38.4494009786504,79.28301346836153,6
6,29,44,29,43,26.279400978650408,48.83301346836153,8
6,42,42,45,57,41.4794009786504,69.88301346836153,9
8,27,67,34,70,31.259400978650405,75.70301346836153,4
5,27,42,29,55,39.4494009786504,65.78301346836153,1
5,27,42,29,62,46.4494009786504,73.23301346836153,9
7,27,64,50,59,44.54940097865041,68.21301346836154,6
6,27,52,30,67,41.4794009786504,63.67301346836153,7
9,47,89,43,79,32.66940097865041,96.46301346836154,2
9,44,62,29,46,44.84940097865041,82.87301346836153,3
7,27,42,48,41,42.54940097865041,67.88301346836153,10
7,27,72,33,69,27.449400978650406,64.83301346836153,2
7,27,63,39,60,33.4494009786504,80.28301346836153,1
7,27,42,41,41,35.619400978650404,67.39301346836153,10
5,27,42,29,67,51.4494009786504,76.59301346836153,2
10,38,42,41,48,32.509400978650405,53.21301346836153,8
5,43,42,29,51,43.4494009786504,72.61301346836153,4
9,37,69,39,61,28.449400978650406,64.83301346836153,2
7,27,83,39,78,33.649400978650405,75.66301346836153,2
5,27,42,29,54,38.4494009786504,81.22301346836153,7
11,27,64,39,39,47.619400978650404,72.50301346836153,3
9,65,48,61,45,29.449400978650406,88.38301346836153,8
9,50,52,32,70,52.4494009786504,71.81301346836153,1
7,27,54,29,62,34.4494009786504,71.22301346836153,4
9,39,50,35,43,30.659400978650407,59.153013468361536,5
7,27,60,41,46,39.7294009786504,77.85301346836152,1
9,28,53,36,53,30.159400978650407,49.85301346836153,8
5,51,42,35,46,42.759400978650405,70.09301346836153,4
9,60,49,55,46,30.449400978650406,88.21301346836154,8
6,36,48,29,51,34.26940097865041,73.46301346836154,4
8,29,64,38,60,30.519400978650406,56.983013468361534,7
8,41,91,43,77,34.4494009786504,92.88301346836153,3
9,34,66,43,67,31.509400978650405,64.51301346836154,8
7,27,56,46,59,41.4794009786504,60.80301346836153,8
8,39,84,48,75,32.66940097865041,83.91301346836153,3
9,27,42,53,39,47.4494009786504,79.90301346836154,6
8,28,73,40,71,33.49940097865041,75.22301346836153,6
8,27,55,35,54,29.769400978650406,49.373013468361535,7
9,57,65,29,51,55.399400978650405,85.64301346836153,3
5,44,42,29,46,41.829400978650405,60.80301346836153,8
7,27,90,39,82,34.62940097865041,84.83301346836153,2
9,51,54,53,76,48.4494009786504,77.31301346836153,9
5,27,42,29,67,51.4494009786504,63.67301346836153,5
7,27,52,29,60,34.4494009786504,68.99301346836154,4
7,27,51,53,47,47.469400978650405,72.26301346836152,9
7,27,67,51,62,45.539400978650406,74.55301346836154,7
9,46,42,50,45,29.769400978650406,77.63301346836153,8
10,50,48,45,45,30.449400978650406,77.63301346836153,8
9,50,50,52,70,46.4494009786504,71.81301346836153,9
6,35,42,39,55,39.56940097865041,76.89301346836153,1
7,61,68,63,52,36.4494009786504,84.95301346836153,5
6,30,53,29,61,34.84940097865041,83.82301346836152,8
10,47,58,29,45,45.8094009786504,83.46301346836154,2
6,28,66,37,59,31.509400978650405,63.82301346836153,5
9,50,88,52,70,38.4494009786504,96.53301346836153,3
5,27,42,29,77,61.4494009786504,83.33301346836153,2
12,27,58,41,39,43.4494009786504,76.22301346836153,3
5,27,42,29,58,42.4494009786504,72.04301346836152,1
8,27,68,43,67,37.5894009786504,64.51301346836154,7
8,29,73,37,72,29.769400978650406,68.32301346836152,7
8,44,84,48,76,28.839400978650406,82.06301346836153,2
7,27,61,48,57,42.4794009786504,72.16301346836153,1
7,27,56,44,53,38.4494009786504,59.843013468361534,6
6,47,42,51,47,31.699400978650406,74.55301346836154,1
9,46,42,50,45,29.769400978650406,77.63301346836153,8
10,62,72,51,63,37.76940097865041,98.40301346836154,2
6,27,62,30,67,31.509400978650405,64.97301346836153,10
8,35,79,50,72,37.049400978650404,78.39301346836153,3
8,32,59,44,61,34.62940097865041,59.843013468361534,8
7,27,59,40,54,34.62940097865041,73.73301346836153,9
9,33,61,41,61,30.159400978650407,58.273013468361526,8
9,38,42,40,45,29.449400978650406,58.273013468361526,8
9,51,83,53,64,39.4494009786504,93.22301346836153,3
5,27,42,29,64,48.4494009786504,82.95301346836153,9
5,27,42,29,57,41.4494009786504,81.01301346836152,7
5,27,42,29,56,40.4494009786504,87.02301346836154,6
7,27,49,52,49,46.63940097865041,71.81301346836153,1
5,27,42,31,66,50.51940097865041,70.01301346836152,5
7,27,67,61,66,55.509400978650405,81.38301346836153,7
6,27,51,29,57,32.4494009786504,68.21301346836154,4
6,44,42,47,51,35.48940097865041,69.93301346836154,1
7,27,49,39,44,33.649400978650405,64.27301346836153,6
9,34,63,42,65,31.259400978650405,62.28301346836153,8
8,27,55,30,73,44.469400978650405,74.97301346836153,1
5,46,42,30,45,42.4194009786504,75.70301346836153,4
5,27,42,29,59,43.4494009786504,68.68301346836154,7
8,27,52,39,71,47.619400978650404,70.43301346836154,1
9,46,73,48,57,36.4494009786504,79.31301346836153,2
8,29,71,52,70,44.54940097865041,75.73301346836153,6
7,27,48,29,51,29.449400978650406,60.123013468361535,8
5,27,42,29,45,29.449400978650406,66.83301346836153,9
8,29,78,52,74,44.469400978650405,82.05301346836154,7
7,27,42,51,39,45.4494009786504,68.04301346836152,10
7,35,62,48,55,35.149400978650405,63.82301346836153,5
6,27,79,29,99,46.4494009786504,96.15301346836154,3
7,27,48,29,50,28.449400978650406,51.57301346836153,8
9,27,42,53,37,47.5294009786504,70.09301346836153,6
9,34,66,43,67,31.509400978650405,64.51301346836154,8
6,27,54,29,57,29.449400978650406,57.29301346836153,7
6,27,50,29,64,40.4494009786504,67.18301346836154,10
6,29,48,29,51,29.769400978650406,60.04301346836153,4
5,27,42,29,76,60.4494009786504,93.22301346836153,3
6,27,62,29,69,33.4494009786504,66.75301346836153,3
5,37,42,30,44,33.74940097865041,57.06301346836153,8
9,41,63,35,65,32.87940097865041,62.74301346836153,1
8,27,67,30,85,44.469400978650405,81.59301346836153,1
9,45,53,46,69,42.4794009786504,68.20301346836153,1
5,27,42,30,65,49.469400978650405,82.87301346836153,3
6,44,42,48,45,29.769400978650406,62.21301346836153,9
7,27,60,36,59,30.729400978650407,84.20301346836153,7
7,27,60,31,66,32.66940097865041,73.46301346836154,4
7,27,89,36,84,30.729400978650407,82.25301346836153,2
9,49,54,44,45,32.66940097865041,73.71301346836154,5
8,46,78,48,65,33.4494009786504,82.06301346836153,2
5,27,42,29,70,54.4494009786504,86.37301346836153,3
9,46,53,46,69,42.54940097865041,74.80301346836154,1
8,27,61,29,70,35.4494009786504,70.87301346836153,1
5,27,42,29,66,50.4494009786504,70.09301346836153,2
5,44,42,29,47,42.23940097865041,62.623013468361535,4
9,66,52,63,49,28.449400978650406,92.01301346836152,8
9,52,42,55,45,29.529400978650408,70.69301346836153,8
7,28,99,50,82,47.859400978650406,93.96301346836154,2
6,27,51,29,57,32.4494009786504,68.21301346836154,4
6,37,42,41,46,30.729400978650407,74.97301346836153,1
5,27,42,29,61,45.4494009786504,76.87301346836153,9
6,49,42,51,54,38.4494009786504,89.67301346836153,1
7,27,42,44,40,38.4794009786504,64.97301346836153,10
5,27,42,29,59,43.4494009786504,67.22301346836153,6
9,39,50,35,43,30.659400978650407,59.153013468361536,5
5,42,42,35,44,33.74940097865041,68.72301346836153,8
7,29,78,39,74,31.509400978650405,71.84301346836153,2
10,27,58,37,39,41.3394009786504,66.19301346836153,3
7,37,72,47,63,33.4494009786504,74.36301346836153,5
5,40,42,36,43,30.659400978650407,62.74301346836153,8
8,29,66,41,64,33.49940097865041,62.763013468361535,6
7,29,79,45,71,38.31940097865041,73.52301346836154,3
8,47,62,46,49,33.88940097865041,77.04301346836152,5
10,46,66,39,57,34.26940097865041,84.83301346836153,2
8,27,61,36,63,32.049400978650404,64.51301346836154,4
5,43,42,38,44,32.049400978650404,65.46301346836154,4
9,52,81,54,61,40.4494009786504,93.63301346836153,2
8,29,78,48,75,40.4494009786504,84.87301346836153,6
10,65,63,39,53,52.3094009786504,93.65301346836154,3
5,27,42,29,50,34.4494009786504,58.843013468361534,10
10,46,52,43,49,28.449400978650406,65.41301346836153,8
9,42,86,44,73,33.4494009786504,86.37301346836153,2
9,39,50,35,70,47.219400978650405,66.45301346836153,1
5,27,42,29,60,44.4494009786504,81.68301346836154,9
5,27,42,29,52,36.4494009786504,83.54301346836152,6
11,69,53,64,50,30.449400978650406,98.51301346836152,8
11,37,64,29,55,35.109400978650406,95.06301346836153,2
7,39,63,54,53,38.20940097865041,70.01301346836152,5
10,35,42,37,45,29.449400978650406,51.10301346836153,8
9,27,42,39,37,33.649400978650405,66.01301346836152,6
8,27,50,36,49,30.729400978650407,49.49301346836153,8
7,27,66,52,66,46.63940097865041,80.22301346836153,1
6,32,47,29,49,30.519400978650406,70.95301346836153,4
5,27,42,29,54,38.4494009786504,61.53301346836153,10
8,29,60,41,63,35.109400978650406,60.04301346836153,4
7,37,76,50,66,36.48940097865041,77.50301346836153,5
6,40,42,42,45,29.449400978650406,67.22301346836153,9
6,33,49,29,53,32.66940097865041,70.09301346836153,4
5,27,42,29,55,39.4494009786504,80.92301346836153,6
7,27,74,36,67,31.509400978650405,66.19301346836153,3
5,27,42,29,60,44.4494009786504,81.72301346836153,7
9,53,52,55,68,42.4494009786504,72.16301346836153,9
10,55,42,57,49,33.4494009786504,76.40301346836154,8
5,46,42,30,49,44.039400978650406,75.70301346836153,4
7,27,54,45,51,39.4494009786504,72.91301346836153,6
11,39,50,35,47,29.449400978650406,50.18301346836153,8
10,41,47,29,39,38.31940097865041,68.99301346836154,5
5,27,42,29,53,37.4494009786504,71.50301346836153,6
7,41,66,46,56,31.069400978650407,71.22301346836153,5
6,27,60,30,68,34.49940097865041,63.57301346836153,10
9,60,62,29,45,59.29940097865041,90.64301346836153,2
7,27,56,38,57,33.299400978650404,67.42301346836153,1
7,27,50,29,55,31.449400978650406,60.04301346836153,4
9,60,63,29,45,59.6994009786504,92.29301346836152,3
6,43,42,47,50,34.62940097865041,68.20301346836153,1
9,38,60,40,68,34.4494009786504,64.23301346836153,9
6,49,42,52,47,31.509400978650405,71.81301346836153,9
7,28,83,52,76,45.8094009786504,80.72301346836153,3
8,28,53,38,53,31.989400978650405,51.013013468361535,8
9,37,78,29,68,35.65940097865041,83.22301346836153,2
9,51,56,52,78,48.469400978650405,79.00301346836153,1
6,27,53,31,60,33.649400978650405,61.53301346836153,7
5,27,42,29,55,39.4494009786504,73.52301346836154,10
8,27,61,30,66,31.509400978650405,72.16301346836153,1
9,46,50,39,71,49.079400978650405,70.43301346836154,1
11,33,69,29,62,30.659400978650407,76.63301346836153,2
5,27,42,29,60,44.4494009786504,92.11301346836153,7
8,29,77,52,85,47.15940097865041,85.09301346836153,8
6,35,42,38,48,32.509400978650405,85.00301346836153,1
5,27,42,29,59,43.4494009786504,70.33301346836153,10
8,29,78,52,74,44.469400978650405,82.05301346836154,7
5,44,42,29,52,44.84940097865041,75.70301346836153,8
9,27,42,40,39,34.4494009786504,51.013013468361535,6
8,28,73,37,71,30.519400978650406,68.14301346836153,7
5,39,42,31,45,35.109400978650406,60.04301346836153,4
8,42,57,43,47,30.519400978650406,66.75301346836153,5
6,27,72,29,78,32.4494009786504,73.47301346836153,2
7,43,66,45,51,35.4494009786504,72.61301346836153,5
8,27,75,36,74,30.729400978650407,74.55301346836154,7
6,27,54,29,63,35.4494009786504,72.61301346836153,4
7,27,42,51,40,45.469400978650405,72.87301346836153,10
9,28,56,37,55,30.729400978650407,51.57301346836153,8
7,27,67,62,62,56.509400978650405,92.01301346836152,6
5,36,42,30,43,32.38940097865041,51.013013468361535,8
8,39,63,56,67,39.99940097865041,72.11301346836153,4
5,27,42,29,49,33.4494009786504,69.33301346836153,1
11,60,48,57,45,28.449400978650406,93.12301346836153,8
8,37,85,39,75,30.449400978650406,83.22301346836153,2
11,48,48,46,45,27.449400978650406,69.83301346836153,8
7,27,58,55,57,49.5294009786504,80.92301346836153,6
8,41,74,46,64,31.069400978650407,76.67301346836153,3
5,44,42,33,45,37.76940097865041,71.68301346836154,8
5,27,42,29,55,39.4494009786504,75.41301346836153,9
9,41,50,29,39,39.56940097865041,66.75301346836153,5
7,27,58,52,60,46.98940097865041,75.09301346836153,9
7,27,61,48,57,42.4794009786504,72.16301346836153,1
6,45,42,48,57,41.4794009786504,72.16301346836153,1
10,34,68,29,61,31.509400978650405,72.50301346836153,3
6,27,55,29,66,37.4494009786504,64.10301346836152,10
7,29,79,37,74,29.769400978650406,73.93301346836154,2
7,27,89,36,84,30.729400978650407,85.98301346836153,3
5,38,42,29,44,35.52940097865041,51.013013468361535,8
6,39,42,43,60,44.54940097865041,62.74301346836153,1
6,31,49,29,53,31.509400978650405,65.46301346836154,4
5,27,42,29,63,47.4494009786504,82.06301346836153,2
11,37,56,29,46,35.65940097865041,83.30301346836154,2
5,27,42,29,48,32.4494009786504,60.99301346836153,10
9,49,49,53,70,47.5294009786504,72.41301346836153,9
7,27,52,29,60,34.4494009786504,68.99301346836154,4
6,29,51,29,57,32.66940097865041,73.46301346836154,4
9,50,51,50,58,33.649400978650405,66.45301346836153,9
9,35,68,45,71,33.4494009786504,68.99301346836154,4
8,33,69,42,62,31.509400978650405,64.99301346836154,2
6,50,47,29,49,46.98940097865041,77.76301346836152,4
6,27,69,51,57,47.219400978650405,68.04301346836152,5
6,27,51,29,57,32.4494009786504,67.27301346836154,8
7,27,65,31,74,35.619400978650404,85.09301346836153,8
5,27,42,29,47,31.449400978650406,54.61301346836153,10
6,27,47,29,49,28.449400978650406,49.33301346836153,8
11,29,66,36,63,28.449400978650406,58.21301346836153,1
9,46,55,46,65,36.59940097865041,65.41301346836153,1
5,27,42,30,60,44.469400978650405,62.07301346836153,3
9,43,50,35,43,34.219400978650405,62.05301346836153,5
10,34,71,29,64,31.509400978650405,77.18301346836154,3
7,44,60,48,51,29.769400978650406,64.61301346836153,5
7,27,50,29,54,30.449400978650406,57.81301346836153,8
5,27,42,29,69,53.4494009786504,85.60301346836152,3
11,41,94,49,75,40.539400978650406,89.67301346836153,1
5,27,42,29,52,36.4494009786504,69.88301346836153,9
8,27,55,31,63,34.62940097865041,66.45301346836153,9
7,27,50,50,51,44.829400978650405,74.03301346836153,1
10,27,48,51,39,46.24940097865041,92.29301346836152,3
9,52,85,54,73,32.4494009786504,89.11301346836153,3
6,27,52,29,55,29.449400978650406,55.14301346836153,6
6,27,75,31,94,45.539400978650406,93.63301346836153,2
6,27,47,29,49,28.449400978650406,51.57301346836153,8
8,28,66,45,64,38.4794009786504,62.89301346836153,6
8,46,58,48,47,31.449400978650406,63.82301346836153,5
8,50,58,52,47,31.449400978650406,67.18301346836154,5
8,34,73,51,66,38.969400978650405,72.87301346836153,3
6,27,64,29,68,30.449400978650406,64.99301346836154,2
5,27,42,29,64,48.4494009786504,94.09301346836153,6
8,27,62,36,64,32.049400978650404,66.75301346836153,4
5,27,42,29,47,31.449400978650406,69.33301346836153,9
9,39,52,42,74,48.469400978650405,72.43301346836154,9
6,45,42,48,60,44.469400978650405,83.78301346836153,9
5,61,42,53,45,35.109400978650406,84.20301346836153,4
8,29,74,56,70,48.469400978650405,75.08301346836153,6
10,37,65,29,56,35.109400978650406,71.84301346836153,2
8,50,58,52,47,31.449400978650406,67.18301346836154,5
9,34,67,53,69,41.1694009786504,72.91301346836153,8
7,53,72,60,59,34.62940097865041,83.03301346836153,5
7,27,66,35,52,35.9794009786504,63.80301346836153,1
11,27,52,54,39,50.37940097865041,101.75301346836153,3
8,27,60,30,73,39.4794009786504,74.44301346836153,9
7,27,60,31,66,32.66940097865041,73.46301346836154,4
9,32,61,40,61,30.159400978650407,57.81301346836153,8
7,27,65,59,62,53.4494009786504,79.18301346836154,7
8,27,48,31,57,35.619400978650404,58.71301346836153,9
11,27,64,39,39,47.619400978650404,72.50301346836153,3
6,29,68,31,73,31.449400978650406,73.71301346836154,3
11,31,66,29,60,28.449400978650406,72.43301346836154,2
5,44,42,29,52,44.84940097865041,75.70301346836153,8
8,28,71,40,70,33.649400978650405,66.45301346836153,7
8,51,90,58,74,37.37940097865041,102.56301346836153,2
7,27,65,42,57,37.37940097865041,82.55301346836154,9
7,27,60,50,67,46.70940097865041,68.21301346836154,4
7,27,48,39,46,33.49940097865041,54.68301346836153,7
5,38,42,36,42,28.449400978650406,53.21301346836153,8
9,43,62,44,83,47.469400978650405,81.91301346836153,9
10,36,78,34,72,28.449400978650406,80.08301346836153,3
7,27,53,40,49,34.49940097865041,81.38301346836153,6
11,37,84,41,63,41.5594009786504,76.89301346836153,1
8,46,89,48,73,36.4494009786504,94.24301346836154,2
6,36,51,29,57,36.179400978650406,80.07301346836152,4
8,27,82,60,81,54.509400978650405,85.41301346836153,7
8,27,61,29,70,35.4494009786504,70.87301346836153,1
7,27,56,31,60,30.729400978650407,64.51301346836154,4
8,28,62,43,60,36.48940097865041,60.873013468361535,7
8,29,79,39,76,31.449400978650406,82.13301346836153,6
8,27,63,44,65,39.259400978650405,77.07301346836152,4
7,29,77,35,72,27.919400978650405,70.21301346836154,2
10,60,51,58,48,27.449400978650406,89.82301346836152,8
10,60,51,58,48,27.449400978650406,89.82301346836152,8
6,27,78,30,87,35.48940097865041,89.29301346836152,2
9,41,42,45,49,33.649400978650405,66.50301346836153,8
7,33,62,41,55,30.659400978650407,60.04301346836153,5
6,27,65,31,71,32.66940097865041,69.93301346836154,10
9,51,71,61,73,32.87940097865041,79.90301346836154,8
5,27,42,29,53,37.4494009786504,75.93301346836154,7
6,27,65,35,59,30.159400978650407,59.153013468361536,5
7,27,72,48,83,47.04940097865041,81.54301346836152,8
5,27,42,30,65,49.469400978650405,92.29301346836152,3
6,35,50,29,54,34.079400978650405,72.91301346836153,8
7,44,72,49,59,33.88940097865041,77.04301346836152,5
9,36,66,45,67,31.509400978650405,65.46301346836154,4
9,43,71,29,56,43.4494009786504,86.97301346836153,3
7,27,56,31,60,30.729400978650407,66.50301346836153,8
5,27,42,29,71,55.4494009786504,93.96301346836154,2
8,27,62,30,70,34.49940097865041,74.89301346836153,9
11,43,55,29,45,40.90940097865041,89.29301346836152,2
8,27,84,36,80,30.519400978650406,79.73301346836153,6
8,27,73,52,68,46.539400978650406,71.81301346836153,7
5,27,42,29,67,51.4494009786504,86.44301346836153,3
8,49,51,29,39,47.219400978650405,68.04301346836152,5
7,39,60,41,48,32.4494009786504,63.67301346836153,5
8,56,42,57,47,31.509400978650405,83.21301346836154,8
11,33,70,41,67,29.449400978650406,63.67301346836153,1
8,29,74,44,70,36.48940097865041,76.40301346836154,6
5,27,42,29,47,31.449400978650406,66.01301346836152,10
8,42,72,54,60,36.899400978650405,76.22301346836153,3
6,49,42,53,49,33.649400978650405,72.26301346836152,1
6,27,65,29,73,34.4494009786504,77.90301346836154,3
6,27,71,41,57,39.7294009786504,64.59301346836153,5
5,27,42,29,45,29.449400978650406,68.59301346836153,6
5,49,42,32,50,45.399400978650405,83.82301346836152,8
9,45,66,45,78,38.579400978650405,92.03301346836153,1
5,27,42,29,63,47.4494009786504,82.86301346836153,2
5,27,42,29,45,29.449400978650406,62.00301346836153,9
6,27,57,29,69,38.4494009786504,88.21301346836154,8
6,35,50,29,55,34.759400978650405,93.12301346836153,8
8,27,53,30,65,38.4794009786504,74.26301346836152,9
7,27,42,52,39,46.4494009786504,67.18301346836154,10
8,47,62,46,49,33.88940097865041,77.04301346836152,5
9,49,57,49,75,44.54940097865041,89.67301346836153,1
6,27,51,29,61,36.4494009786504,63.623013468361535,10
6,39,42,42,46,30.519400978650406,64.08301346836153,1
8,27,66,30,87,47.469400978650405,85.60301346836152,1
5,27,42,29,51,35.4494009786504,73.71301346836154,1
6,27,69,31,79,36.59940097865041,75.59301346836153,2
9,44,52,44,58,32.66940097865041,58.71301346836153,9
7,27,60,55,55,49.5294009786504,80.41301346836153,9
8,45,66,47,51,35.4494009786504,74.36301346836153,5
7,27,60,53,58,47.469400978650405,78.15301346836154,9
6,29,50,29,55,31.699400978650406,90.03301346836153,8
8,41,83,45,75,28.839400978650406,82.86301346836153,2
5,27,42,29,77,61.4494009786504,97.68301346836154,2
8,27,50,33,49,27.919400978650405,50.18301346836153,8
5,27,42,29,63,47.4494009786504,80.08301346836153,9
5,55,42,47,44,34.62940097865041,76.40301346836154,8
5,27,42,29,56,40.4494009786504,86.55301346836154,1
9,45,58,48,80,48.469400978650405,78.40301346836154,1
6,27,58,30,76,44.469400978650405,73.52301346836154,10
11,27,48,45,39,40.539400978650406,73.71301346836154,3
9,27,42,37,39,31.449400978650406,72.41301346836153,6
6,27,80,31,96,42.54940097865041,95.45301346836153,2
9,39,49,29,39,37.3394009786504,64.10301346836152,5
12,27,56,52,39,50.37940097865041,97.83301346836154,3
6,27,70,29,74,30.449400978650406,78.66301346836153,2
7,27,56,50,46,45.5894009786504,74.55301346836154,9
6,27,50,31,61,37.5894009786504,56.983013468361534,7
9,48,64,29,45,49.84940097865041,90.48301346836153,3
6,28,48,29,50,28.549400978650404,58.763013468361535,8
8,27,74,57,71,51.4494009786504,75.73301346836153,6
8,41,92,45,81,31.699400978650406,91.45301346836153,2
8,44,75,46,63,32.4494009786504,74.84301346836153,3
8,46,89,48,79,30.449400978650406,88.57301346836152,2
6,29,75,31,86,37.4494009786504,81.48301346836153,3
5,43,42,29,47,41.3394009786504,62.05301346836153,4
6,27,50,31,64,40.56940097865041,67.87301346836153,6
6,34,42,37,46,30.519400978650406,64.83301346836153,9
7,27,53,44,53,38.74940097865041,59.843013468361534,1
11,46,74,29,67,42.869400978650404,88.92301346836153,2
5,27,42,29,50,34.4494009786504,58.843013468361534,10
6,27,76,30,95,45.469400978650405,91.45301346836153,2
9,27,42,60,40,54.469400978650405,78.49301346836154,6
7,27,48,29,51,29.449400978650406,60.123013468361535,8
11,33,70,41,67,29.449400978650406,63.67301346836153,1
10,27,52,47,39,44.039400978650406,86.35301346836152,3
9,52,73,50,57,37.049400978650404,93.63301346836153,2
9,37,49,38,63,40.4794009786504,59.21301346836153,1
10,40,60,35,53,31.509400978650405,69.61301346836153,3
10,34,62,34,57,26.279400978650408,62.07301346836153,3
8,27,52,29,72,46.4494009786504,73.43301346836154,9
7,27,42,44,41,38.579400978650405,59.843013468361534,10
7,27,53,38,48,32.66940097865041,61.67301346836153,1
5,27,42,29,53,37.4494009786504,71.50301346836153,6
7,27,56,29,68,38.4494009786504,84.32301346836152,8
7,27,60,41,57,35.4494009786504,62.763013468361535,1
9,38,50,36,47,27.449400978650406,51.013013468361535,8
6,27,57,30,70,39.4794009786504,70.95301346836153,7
9,44,61,29,45,44.84940097865041,78.90301346836154,3
10,46,65,41,56,32.66940097865041,83.91301346836153,3
7,27,61,35,56,29.769400978650406,73.57301346836152,6
6,27,60,30,81,47.469400978650405,83.69301346836153,10
8,53,88,56,77,31.509400978650405,90.92301346836153,2
8,27,79,50,74,44.54940097865041,79.61301346836153,6
5,27,42,29,46,30.449400978650406,54.31301346836153,10
5,41,42,36,44,32.049400978650404,64.51301346836154,8
6,35,47,29,49,32.87940097865041,68.99301346836154,4
5,39,42,31,45,35.109400978650406,60.04301346836153,4
9,49,56,53,60,30.729400978650407,68.59301346836153,1
8,58,61,54,49,34.26940097865041,82.25301346836153,5
7,27,65,38,65,32.939400978650404,73.23301346836153,9
5,27,42,29,58,42.4494009786504,82.95301346836153,10
6,38,42,41,49,33.49940097865041,72.43301346836154,9
6,27,48,31,63,41.5594009786504,67.27301346836154,6
5,27,42,29,70,54.4494009786504,86.37301346836153,3
8,27,49,31,54,31.699400978650406,73.21301346836154,1
9,39,49,41,60,37.4494009786504,74.97301346836153,1
9,49,63,43,53,34.079400978650405,73.71301346836154,3
7,36,62,42,55,29.109400978650406,60.50301346836153,5
5,27,42,29,51,35.4494009786504,80.22301346836153,6
5,27,42,29,57,41.4494009786504,67.27301346836154,7
7,27,63,39,60,33.4494009786504,80.28301346836153,1
8,29,74,56,70,48.469400978650405,75.08301346836153,6
5,27,42,29,52,36.4494009786504,69.61301346836153,9
6,41,42,43,51,35.4494009786504,58.45301346836153,1
6,27,49,29,53,30.449400978650406,60.80301346836153,8
7,27,50,29,54,30.449400978650406,57.81301346836153,8
5,27,42,29,63,47.4494009786504,65.77301346836154,5
11,40,49,39,46,26.449400978650406,62.28301346836153,8
8,27,63,43,77,45.469400978650405,78.15301346836154,1
10,50,52,47,49,28.449400978650406,69.45301346836153,8
8,36,63,50,67,37.3394009786504,69.45301346836153,8
6,27,65,31,71,32.66940097865041,69.93301346836154,10
10,27,68,53,60,47.969400978650405,68.59301346836153,1
7,29,87,38,80,31.509400978650405,79.10301346836152,2
5,43,42,38,44,32.049400978650404,65.46301346836154,4
6,46,42,50,53,37.5894009786504,82.87301346836153,1
9,35,85,37,77,28.449400978650406,79.90301346836154,3
6,29,81,46,69,40.939400978650404,77.04301346836152,5
6,47,42,51,51,35.619400978650404,67.92301346836153,9
7,43,66,45,51,35.4494009786504,72.61301346836153,5
6,27,54,29,63,35.4494009786504,82.05301346836154,4
8,28,80,44,77,37.4494009786504,82.89301346836153,6
5,27,42,29,66,50.4494009786504,75.59301346836153,2
6,28,48,29,51,29.529400978650408,71.22301346836153,4
6,27,55,29,65,36.4494009786504,82.25301346836153,8
7,27,50,53,46,47.469400978650405,67.87301346836153,6
9,27,42,47,40,41.4794009786504,92.62301346836153,6
8,29,73,46,70,38.4494009786504,70.65301346836154,6
7,27,92,39,83,35.109400978650406,84.20301346836153,2
8,29,85,70,82,62.4494009786504,92.62301346836153,7
9,42,66,43,71,31.509400978650405,68.55301346836154,1
5,27,42,30,61,45.469400978650405,78.40301346836154,3
5,35,42,30,42,31.069400978650407,51.57301346836153,8
5,27,42,29,68,52.4494009786504,89.29301346836152,2
6,27,54,29,57,29.449400978650406,57.29301346836153,7
6,42,42,46,51,35.619400978650404,81.68301346836154,9
7,27,51,56,47,50.469400978650405,74.32301346836152,7
5,27,42,29,75,59.4494009786504,86.92301346836153,2
8,39,51,29,39,38.4494009786504,64.59301346836153,5
5,39,42,29,48,38.4494009786504,63.67301346836153,4
8,34,87,43,79,32.049400978650404,82.25301346836153,2
10,29,76,38,82,34.84940097865041,82.95301346836153,1
7,27,42,42,39,36.4494009786504,68.68301346836154,10
6,45,42,48,50,34.49940097865041,74.80301346836154,1
7,28,87,39,80,33.299400978650404,83.30301346836154,2
8,46,61,46,49,32.66940097865041,75.70301346836153,5
5,27,42,29,59,43.4494009786504,71.81301346836153,2
9,34,66,34,76,36.59940097865041,70.87301346836153,1
9,45,49,47,71,48.4494009786504,77.07301346836152,9
6,28,71,30,93,48.4494009786504,94.50301346836153,3
7,32,58,39,52,29.279400978650408,56.47301346836153,5
8,27,57,31,67,36.59940097865041,77.31301346836153,9
6,27,76,29,82,32.4494009786504,80.63301346836153,2
9,37,69,29,59,35.65940097865041,73.47301346836153,2
6,28,69,36,63,30.159400978650407,63.623013468361535,5
9,43,71,29,56,43.4494009786504,86.97301346836153,3
5,27,42,29,56,40.4494009786504,73.52301346836154,7
9,43,50,43,43,27.919400978650405,60.41301346836153,5
7,27,60,41,67,39.06940097865041,63.67301346836153,4
9,34,62,42,63,30.659400978650407,60.50301346836153,8
7,37,76,50,66,36.48940097865041,77.50301346836153,5
11,41,85,45,72,33.649400978650405,79.83301346836153,1
9,27,42,42,41,36.59940097865041,55.41301346836153,6
5,38,42,30,45,35.109400978650406,58.273013468361526,8
7,27,66,50,65,44.54940097865041,85.60301346836152,1
10,50,64,41,53,37.049400978650404,87.34301346836153,2
5,34,42,30,41,29.769400978650406,49.85301346836153,8
6,48,42,51,54,38.4794009786504,73.43301346836154,1
6,29,80,46,65,42.65940097865041,74.84301346836153,5
5,27,42,29,52,36.4494009786504,74.98301346836153,6
8,69,42,70,46,30.519400978650406,94.04301346836152,8
8,37,52,38,44,28.549400978650404,56.47301346836153,5
6,27,71,29,79,34.4494009786504,78.39301346836153,3
5,27,42,29,50,34.4494009786504,67.27301346836154,6
5,27,42,29,50,34.4494009786504,73.03301346836153,6
5,27,42,29,54,38.4494009786504,59.21301346836153,7
8,29,81,54,78,46.4494009786504,79.53301346836153,7
12,27,66,43,39,51.2294009786504,89.11301346836153,3
12,27,61,33,39,42.869400978650404,67.39301346836153,3
8,29,74,41,72,33.49940097865041,71.29301346836152,7
9,44,66,29,54,42.689400978650404,74.84301346836153,3
6,29,67,40,55,36.179400978650406,60.523013468361526,5
8,49,54,39,45,36.869400978650404,65.77301346836154,5
12,27,48,45,39,40.539400978650406,77.14301346836153,3
5,27,42,29,63,47.4494009786504,60.50301346836153,5
5,27,42,29,75,59.4494009786504,79.10301346836152,2
7,27,54,29,64,36.4494009786504,75.70301346836153,4
6,27,70,29,80,36.4494009786504,75.66301346836153,2
9,27,42,53,38,47.469400978650405,68.59301346836153,6
9,44,61,29,45,44.84940097865041,77.59301346836153,2
5,27,42,31,73,57.509400978650405,90.48301346836153,3
5,27,42,29,62,46.4494009786504,84.83301346836153,2
7,27,52,37,49,31.449400978650406,63.67301346836153,7
9,39,70,39,61,29.769400978650406,73.06301346836153,3
7,27,61,30,68,33.49940097865041,75.70301346836153,4
5,49,42,29,47,46.859400978650406,65.77301346836154,4
6,51,42,53,57,41.4494009786504,70.09301346836153,9
9,49,54,44,45,32.66940097865041,73.71301346836154,5
6,27,72,43,63,38.679400978650406,66.75301346836153,5
8,28,62,43,60,36.48940097865041,61.81301346836153,6
8,37,82,49,72,35.65940097865041,81.96301346836154,3
7,27,60,43,57,37.4494009786504,81.48301346836153,6
9,40,56,41,78,48.469400978650405,74.32301346836152,9
7,29,84,46,71,41.4794009786504,78.52301346836154,3
8,27,53,30,58,31.509400978650405,69.35301346836152,9
8,27,63,47,65,42.12940097865041,76.40301346836154,8
8,27,62,39,61,33.649400978650405,57.38301346836153,7
5,35,42,31,42,30.159400978650407,51.10301346836153,8
7,27,64,44,61,38.4494009786504,69.02301346836154,7
8,29,66,41,64,33.49940097865041,62.763013468361535,6
8,33,73,42,66,31.509400978650405,69.61301346836153,3
6,27,48,29,64,42.4494009786504,68.04301346836152,6
7,27,42,49,41,43.54940097865041,69.27301346836154,10
6,34,42,38,65,49.5294009786504,73.23301346836153,9
9,27,42,42,38,36.48940097865041,71.49301346836154,6
5,27,42,29,63,47.4494009786504,85.60301346836152,1
12,27,51,42,39,39.259400978650405,69.61301346836153,3
8,27,59,29,73,40.4494009786504,76.01301346836152,1
5,39,42,31,45,35.109400978650406,60.04301346836153,4
5,27,42,29,64,48.4494009786504,71.84301346836153,2
5,27,42,29,47,31.449400978650406,75.85301346836152,9
10,34,62,34,57,26.279400978650408,62.07301346836153,3
9,45,54,49,69,41.5594009786504,79.73301346836153,9
5,27,42,29,65,49.4494009786504,73.47301346836153,2
5,27,42,29,51,35.4494009786504,72.91301346836153,6
7,27,62,45,61,39.56940097865041,85.41301346836153,7
7,27,57,55,52,49.5294009786504,71.42301346836153,9
5,27,42,29,64,48.4494009786504,87.44301346836153,10
10,37,42,39,47,31.449400978650406,50.18301346836153,8
9,52,71,50,57,35.149400978650405,89.11301346836153,3
9,74,67,29,45,74.1494009786504,109.43301346836154,3
10,56,58,55,50,29.279400978650408,77.90301346836154,3
7,27,42,41,41,35.619400978650404,57.403013468361536,10
10,49,63,49,53,30.729400978650407,86.92301346836153,2
7,29,103,53,83,51.24940097865041,100.33301346836154,3
6,29,63,34,55,29.279400978650408,56.47301346836153,5
10,29,80,34,82,29.279400978650408,77.85301346836152,1
6,52,42,55,55,39.4794009786504,80.41301346836153,9
9,56,42,58,46,30.449400978650406,86.46301346836154,8
8,48,80,50,61,39.4494009786504,89.29301346836152,2
8,40,42,41,46,30.519400978650406,53.013013468361535,8
5,27,42,29,51,35.4494009786504,73.71301346836154,1
7,29,83,40,76,33.299400978650404,76.22301346836153,3
6,27,57,29,63,32.4494009786504,65.86301346836153,6
8,27,51,30,59,34.49940097865041,64.45301346836153,9
6,27,67,30,89,48.469400978650405,103.92301346836152,6
9,41,48,41,54,32.66940097865041,80.34301346836153,9
7,27,42,44,41,38.579400978650405,64.97301346836153,10
8,29,84,51,81,43.4494009786504,81.58301346836153,7
6,27,66,29,86,46.4494009786504,83.19301346836153,2
9,49,69,29,57,47.219400978650405,79.74301346836154,3
6,27,69,30,75,32.509400978650405,70.09301346836153,2
8,50,51,29,39,48.149400978650405,67.92301346836153,5
5,27,42,30,59,43.469400978650405,74.84301346836153,3
5,27,42,29,57,41.4494009786504,63.57301346836153,10
11,31,77,29,71,28.449400978650406,79.90301346836154,3
5,27,42,29,63,47.4494009786504,76.16301346836153,3
7,27,59,53,59,47.63940097865041,78.15301346836154,1
5,41,42,31,44,36.4494009786504,64.51301346836154,4
9,27,42,55,41,49.5294009786504,72.91301346836153,6
8,28,78,59,75,52.4494009786504,80.07301346836152,7
5,27,42,29,51,35.4494009786504,66.01301346836152,6
9,42,56,31,61,38.70940097865041,59.843013468361534,1
11,27,69,40,39,52.59940097865041,86.37301346836153,3
5,27,42,29,48,32.4494009786504,74.32301346836152,7
7,27,42,50,41,44.54940097865041,75.75301346836153,10
6,27,52,31,62,36.59940097865041,64.61301346836153,6
8,49,65,51,51,34.4494009786504,73.71301346836154,5
6,33,48,29,51,31.939400978650404,66.45301346836153,4
9,29,66,43,67,36.09940097865041,64.51301346836154,4
5,27,42,29,68,52.4494009786504,72.43301346836154,2
6,27,52,29,59,33.4494009786504,74.25301346836153,4
12,27,48,42,39,37.76940097865041,77.90301346836154,3
7,27,61,40,58,34.4494009786504,72.57301346836152,7
6,28,71,41,60,37.049400978650404,65.41301346836153,5
9,49,42,51,45,29.449400978650406,83.33301346836153,8
5,46,42,34,45,38.679400978650406,75.70301346836153,4
10,29,61,32,63,28.549400978650404,60.04301346836153,1
8,29,86,71,81,63.4994009786504,94.04301346836152,6
6,40,42,44,56,40.56940097865041,71.29301346836152,1
7,27,42,38,39,32.4494009786504,50.70301346836153,10
7,27,52,54,49,48.4494009786504,75.41301346836153,6
8,27,68,40,67,34.62940097865041,67.62301346836153,7
9,46,79,48,63,36.4494009786504,84.83301346836153,2
5,27,42,29,71,55.4494009786504,82.25301346836153,2
5,34,42,29,44,32.049400978650404,49.33301346836153,8
7,29,94,48,86,41.1694009786504,88.57301346836152,2
5,27,42,29,51,35.4494009786504,66.32301346836152,1
5,48,42,29,48,46.29940097865041,68.21301346836154,4
8,27,57,31,58,27.919400978650405,62.94301346836153,4
7,27,64,41,60,35.48940097865041,79.53301346836153,7
5,27,42,29,54,38.4494009786504,59.21301346836153,7
5,27,42,30,65,49.469400978650405,65.41301346836153,5
5,27,42,29,48,32.4494009786504,68.21301346836154,10
8,27,63,34,65,30.519400978650406,70.95301346836153,4
8,48,86,52,70,36.59940097865041,90.07301346836152,2
8,28,62,37,61,30.729400978650407,61.013013468361535,6
6,27,77,29,89,38.4494009786504,86.35301346836152,2
6,27,62,30,66,30.519400978650406,61.373013468361535,2
7,27,42,48,40,42.4794009786504,67.88301346836153,10
5,27,42,29,53,37.4494009786504,66.45301346836153,1
7,27,66,55,75,52.0894009786504,77.62301346836153,4
7,28,71,39,63,33.74940097865041,63.89301346836153,2
5,27,42,29,62,46.4494009786504,70.32301346836152,2
7,50,58,52,47,31.449400978650406,66.45301346836153,5
6,27,53,30,59,32.509400978650405,56.04301346836153,10
6,35,42,38,57,41.4794009786504,67.42301346836153,1
5,27,42,29,74,58.4494009786504,84.20301346836153,2
5,27,42,29,68,52.4494009786504,76.38301346836153,2
6,50,42,52,53,37.4494009786504,65.74301346836154,1
10,28,74,51,70,44.469400978650405,72.04301346836152,1
5,27,42,29,51,35.4494009786504,80.22301346836153,6
6,27,62,29,71,35.4494009786504,75.08301346836153,10
7,27,50,40,45,34.62940097865041,66.01301346836152,7
9,41,80,29,66,41.24940097865041,92.88301346836153,3
5,53,42,46,45,34.26940097865041,76.01301346836152,4
7,29,87,46,75,40.939400978650404,81.31301346836153,2
6,43,42,47,50,34.62940097865041,68.20301346836153,1
6,28,63,39,55,33.74940097865041,59.61301346836153,5
5,27,42,29,74,58.4494009786504,82.69301346836153,2
5,34,42,32,41,27.919400978650405,49.85301346836153,8
5,27,42,29,60,44.4494009786504,68.99301346836154,10
5,45,42,31,48,41.8094009786504,73.46301346836154,4
9,40,90,42,78,32.4494009786504,88.75301346836153,2
11,37,77,29,70,34.219400978650405,88.75301346836153,2
5,39,42,31,45,35.109400978650406,60.04301346836153,4
8,39,81,41,69,32.4494009786504,81.72301346836153,2
7,27,55,45,57,40.20940097865041,69.88301346836153,9
8,28,75,38,74,31.699400978650406,73.03301346836153,7
7,27,72,48,83,47.04940097865041,81.54301346836152,8
8,32,42,34,50,34.4494009786504,47.10301346836153,8
6,28,64,43,58,36.789400978650406,60.41301346836153,5
9,46,50,37,43,35.149400978650405,63.82301346836153,5
9,36,78,36,70,28.839400978650406,76.16301346836153,2
7,27,42,60,39,54.4494009786504,82.25301346836153,10
9,27,42,37,39,31.449400978650406,62.42301346836153,6
8,27,58,44,55,38.4494009786504,55.14301346836153,6
6,49,42,52,48,32.509400978650405,66.45301346836153,9
6,27,65,30,76,37.48940097865041,73.93301346836154,10
6,27,54,31,57,29.769400978650406,56.013013468361535,10
8,27,52,30,63,37.48940097865041,69.57301346836152,1
9,49,75,51,59,36.4494009786504,82.40301346836154,3
5,38,42,36,42,28.449400978650406,53.21301346836153,8
5,34,42,32,41,27.919400978650405,47.63301346836153,8
7,27,56,53,53,47.4494009786504,77.31301346836153,7
7,27,54,44,51,38.4494009786504,71.81301346836153,7
11,33,84,52,82,40.4794009786504,82.95301346836153,1
8,27,61,31,76,41.5594009786504,72.04301346836152,1
10,36,46,29,39,33.299400978650404,60.04301346836153,5
5,27,42,29,47,31.449400978650406,68.04301346836152,7
5,27,42,29,51,35.4494009786504,77.86301346836153,9
8,27,61,32,63,29.279400978650408,65.97301346836153,8
7,27,53,55,50,49.4494009786504,73.67301346836153,1
7,27,92,39,85,34.219400978650405,90.52301346836154,3
5,27,42,29,59,43.4494009786504,79.31301346836153,1
7,27,42,56,41,50.51940097865041,75.08301346836153,10
6,27,67,31,81,40.56940097865041,77.48301346836153,2
7,27,59,55,57,49.469400978650405,76.81301346836153,6
7,27,48,29,52,30.449400978650406,59.46301346836153,4
6,27,57,29,69,38.4494009786504,86.46301346836154,8
7,27,59,48,51,43.09940097865041,74.80301346836154,9
7,27,68,66,79,63.009400978650405,88.38301346836153,8
9,28,56,37,55,30.729400978650407,51.57301346836153,8
9,34,72,51,75,39.609400978650406,75.40301346836154,4
7,27,53,50,52,44.54940097865041,73.03301346836153,6
5,33,42,31,41,27.919400978650405,48.83301346836153,8
8,27,78,35,75,29.449400978650406,80.22301346836153,6
9,41,50,29,39,39.56940097865041,71.22301346836153,5
8,27,79,37,78,31.699400978650406,79.28301346836153,6
5,27,42,30,69,53.469400978650405,69.43301346836154,3
5,27,42,29,61,45.4494009786504,82.40301346836154,3
6,27,53,31,75,48.5294009786504,84.87301346836153,6
8,51,86,53,64,42.4494009786504,100.33301346836154,3
11,32,85,41,60,46.539400978650406,77.85301346836152,1
10,49,56,29,45,46.859400978650406,78.66301346836153,2
9,36,66,39,80,40.4794009786504,75.41301346836153,9
9,52,89,54,73,36.4494009786504,95.45301346836153,2
9,37,67,39,71,30.449400978650406,83.22301346836153,9
5,27,42,29,75,59.4494009786504,72.61301346836153,5
7,27,42,41,41,35.619400978650404,68.32301346836152,10
6,27,50,31,64,40.56940097865041,67.87301346836153,6
11,30,66,41,56,34.84940097865041,60.04301346836153,1
5,27,42,29,47,31.449400978650406,67.42301346836153,10
6,30,44,29,43,27.059400978650405,49.85301346836153,8
8,27,57,38,52,32.66940097865041,53.06301346836153,7
9,27,42,49,39,43.4494009786504,75.41301346836153,6
5,27,42,29,76,60.4494009786504,73.52301346836154,5
7,27,51,47,46,41.5594009786504,62.42301346836153,6
6,27,51,30,55,30.519400978650406,51.10301346836153,7
10,52,48,29,39,49.15940097865041,83.42301346836153,5
11,47,56,29,46,44.63940097865041,86.92301346836153,2
5,27,42,31,69,53.51940097865041,79.74301346836154,3
5,27,42,31,67,51.51940097865041,73.06301346836153,3
8,27,66,29,78,38.4494009786504,80.08301346836153,9
7,27,42,50,40,44.469400978650405,67.42301346836153,10
9,46,51,42,48,29.449400978650406,75.70301346836153,8
9,41,50,29,39,39.56940097865041,69.88301346836153,5
6,27,73,29,89,42.4494009786504,86.02301346836154,2
7,27,42,47,41,41.5594009786504,79.83301346836153,10
9,27,42,38,39,32.4494009786504,103.92301346836152,6
6,36,42,38,56,40.4494009786504,71.29301346836152,1
8,45,85,47,75,30.449400978650406,86.35301346836152,2
5,27,42,29,45,29.449400978650406,54.68301346836153,7
8,47,62,46,49,33.88940097865041,77.04301346836152,5
8,27,66,31,85,45.539400978650406,83.78301346836153,9
10,44,70,37,61,34.26940097865041,83.19301346836153,2
5,27,42,29,62,46.4494009786504,59.153013468361536,5
6,27,76,44,68,39.259400978650405,73.71301346836154,5
5,27,42,30,75,59.45940097865041,79.90301346836154,3
6,41,42,43,50,34.4494009786504,68.10301346836152,9
6,27,64,31,82,44.54940097865041,77.14301346836153,10
6,27,66,39,57,35.109400978650406,65.77301346836154,5
7,28,70,38,63,32.38940097865041,62.623013468361535,2
8,42,52,39,44,30.519400978650406,58.21301346836153,5
7,27,49,36,46,30.449400978650406,60.41301346836153,7
9,60,65,29,50,58.5594009786504,89.01301346836152,2
9,52,89,54,73,36.4494009786504,95.45301346836153,2
5,27,42,31,62,46.539400978650406,59.63301346836153,5
10,28,76,35,79,31.259400978650405,74.97301346836153,1
7,27,59,38,56,32.4494009786504,71.29301346836152,1
6,27,55,31,59,30.729400978650407,59.843013468361534,7
8,27,52,30,61,35.48940097865041,64.08301346836153,1
10,33,42,37,48,32.66940097865041,48.83301346836153,8
6,35,42,37,49,33.4494009786504,69.11301346836153,1
8,48,50,29,39,45.9194009786504,64.35301346836152,5
5,27,42,29,67,51.4494009786504,81.31301346836153,3
8,37,55,39,45,30.449400978650406,56.47301346836153,5
5,27,42,29,61,45.4494009786504,66.83301346836153,10
9,38,60,40,68,34.4494009786504,64.23301346836153,9
11,32,75,29,69,29.279400978650408,80.08301346836153,3
8,27,62,40,58,34.49940097865041,57.623013468361535,7
5,27,42,29,57,41.4494009786504,62.36301346836153,9
9,27,42,36,40,30.519400978650406,55.14301346836153,6
10,42,49,39,46,28.449400978650406,59.843013468361534,8
10,52,76,47,68,32.049400978650404,89.11301346836153,3
7,27,50,40,45,34.62940097865041,66.01301346836152,7
9,43,52,40,44,30.519400978650406,69.88301346836153,5
9,41,69,29,55,41.24940097865041,84.76301346836152,3
7,27,54,45,51,39.4494009786504,57.29301346836153,7
6,27,80,29,84,30.449400978650406,89.01301346836152,2
6,27,66,31,80,40.56940097865041,87.77301346836154,6
8,29,71,48,77,42.689400978650404,77.12301346836153,8
11,39,64,29,53,37.869400978650404,97.83301346836154,3
6,27,73,30,81,34.49940097865041,76.63301346836153,2
7,27,61,48,58,42.4494009786504,73.03301346836153,7
7,27,49,29,50,27.449400978650406,48.86301346836153,8
5,27,42,29,48,32.4494009786504,69.57301346836152,9
8,29,71,57,70,49.5294009786504,74.98301346836153,6
6,27,58,30,69,37.48940097865041,69.27301346836154,10
7,27,67,37,66,31.699400978650406,85.82301346836152,9
6,35,47,29,49,32.87940097865041,60.123013468361535,8
7,27,58,51,63,46.859400978650406,65.77301346836154,4
8,27,64,43,86,52.09940097865041,85.54301346836152,1
7,28,102,76,83,72.1494009786504,109.43301346836154,3
8,37,87,44,79,30.519400978650406,86.37301346836153,3
6,34,48,29,51,32.66940097865041,73.46301346836154,4
6,49,42,53,59,43.54940097865041,78.15301346836154,1
11,32,60,29,55,28.839400978650406,62.07301346836153,3
6,27,54,29,57,29.449400978650406,57.06301346836153,6
9,35,52,36,63,37.48940097865041,69.11301346836153,1
5,27,42,29,76,60.4494009786504,100.75301346836153,2
6,27,62,31,76,40.56940097865041,73.93301346836154,2
8,53,57,47,47,34.079400978650405,72.91301346836153,5
11,35,54,29,45,33.4494009786504,73.93301346836154,2
7,27,63,46,64,40.90940097865041,78.40301346836154,1
5,27,42,29,45,29.449400978650406,69.83301346836153,1
6,27,73,30,90,43.469400978650405,86.37301346836153,2
11,33,52,29,45,30.659400978650407,64.99301346836154,2
5,42,42,29,46,39.99940097865041,58.21301346836153,4
9,27,42,38,39,32.4494009786504,66.50301346836153,6
5,27,42,29,58,42.4494009786504,70.87301346836153,1
7,29,89,43,80,36.869400978650404,82.86301346836153,2
6,27,77,30,97,46.469400978650405,94.24301346836154,2
7,27,53,30,56,29.529400978650408,58.763013468361535,8
6,27,47,29,49,28.449400978650406,58.05301346836153,8
6,27,58,30,68,36.48940097865041,73.52301346836154,10
6,27,49,30,65,42.4794009786504,63.623013468361535,7
10,34,68,29,61,31.509400978650405,72.50301346836153,3
5,27,42,29,57,41.4494009786504,78.15301346836154,9
9,44,48,48,63,41.5594009786504,69.57301346836152,9
9,52,83,54,63,40.4494009786504,93.63301346836153,2
5,27,42,30,75,59.45940097865041,109.43301346836154,3
9,36,60,35,72,38.74940097865041,67.42301346836153,1
9,63,75,29,59,61.7294009786504,100.63301346836153,3
9,41,52,36,44,32.049400978650404,64.51301346836154,5
6,27,72,43,63,38.679400978650406,66.75301346836153,5
6,27,67,31,80,39.56940097865041,80.72301346836153,10
10,27,62,56,63,50.73940097865041,69.33301346836153,1
9,36,77,36,69,28.839400978650406,76.16301346836153,2
8,36,49,29,39,34.84940097865041,55.14301346836153,5
10,51,72,41,61,37.869400978650404,97.83301346836154,3
8,27,73,54,68,48.5294009786504,73.03301346836153,6
7,27,56,51,47,46.24940097865041,74.55301346836154,1
7,27,60,41,57,35.4494009786504,62.763013468361535,1
6,27,66,29,83,43.4494009786504,81.96301346836154,3
9,27,42,68,38,62.45940097865041,92.01301346836152,6
9,40,49,40,67,44.54940097865041,64.08301346836153,1
6,27,64,29,84,46.4494009786504,82.06301346836153,2
9,46,64,48,84,46.4494009786504,82.06301346836153,9
5,27,42,29,52,36.4494009786504,74.06301346836153,1
6,28,68,30,73,31.449400978650406,69.61301346836153,3
10,46,78,42,69,31.939400978650404,96.15301346836154,3
10,27,62,47,39,50.359400978650406,100.63301346836153,3
7,27,42,50,40,44.469400978650405,67.42301346836153,10
9,53,60,55,69,35.4494009786504,76.01301346836152,1
7,27,72,71,83,67.71940097865041,94.04301346836152,8
5,27,42,29,78,62.4494009786504,84.41301346836153,2
8,29,75,46,71,38.4794009786504,76.81301346836153,6
10,28,79,46,69,40.90940097865041,74.80301346836154,1
6,33,42,35,46,30.449400978650406,58.21301346836153,1
5,27,42,29,74,58.4494009786504,92.88301346836153,3
7,28,104,57,94,51.3394009786504,106.99301346836154,3
8,27,61,43,63,38.31940097865041,68.21301346836154,4
7,27,60,44,67,41.4794009786504,64.97301346836153,4
8,48,94,55,85,31.259400978650405,94.95301346836153,3
11,33,55,29,48,30.659400978650407,69.61301346836153,3
8,35,94,58,85,45.289400978650406,94.50301346836153,3
12,27,56,42,39,42.54940097865041,80.92301346836153,3
6,27,57,31,69,38.579400978650405,75.73301346836153,6
6,27,63,48,53,43.6994009786504,61.53301346836153,5
5,27,42,29,49,33.4494009786504,61.81301346836153,6
8,43,86,46,77,29.529400978650408,82.25301346836153,3
9,34,67,44,69,32.87940097865041,66.75301346836153,4
6,27,69,31,88,45.539400978650406,87.34301346836153,2
8,29,62,46,58,38.4794009786504,59.46301346836153,7
9,40,59,40,63,30.729400978650407,69.61301346836153,9
6,27,57,30,78,47.469400978650405,81.22301346836153,7
8,37,83,44,76,29.849400978650408,79.70301346836153,2
8,43,95,54,86,34.26940097865041,95.45301346836153,2
9,44,71,55,73,33.74940097865041,76.01301346836152,4
5,27,42,29,55,39.4494009786504,66.50301346836153,6
9,60,49,55,46,30.449400978650406,88.21301346836154,8
5,27,42,29,58,42.4494009786504,67.22301346836153,9
6,27,65,31,81,42.54940097865041,81.58301346836153,7
9,42,79,44,67,32.4494009786504,79.70301346836153,2
5,46,42,34,47,39.56940097865041,70.43301346836154,4
11,35,98,45,78,42.23940097865041,92.03301346836153,1
5,46,42,30,49,44.039400978650406,75.70301346836153,4
9,35,79,29,73,31.989400978650405,76.95301346836153,3
8,27,57,35,58,30.659400978650407,58.273013468361526,8
8,29,75,57,71,49.469400978650405,78.49301346836154,7
9,45,50,29,39,43.149400978650405,72.91301346836153,5
8,42,54,39,45,31.259400978650405,61.513013468361535,5
7,27,67,45,45,48.289400978650406,77.59301346836153,1
5,27,42,29,55,39.4494009786504,79.61301346836153,6
9,47,52,47,64,38.579400978650405,65.23301346836153,1
9,48,52,50,69,43.4494009786504,69.83301346836153,1
7,27,52,40,53,35.149400978650405,51.013013468361535,8
8,47,85,51,75,30.729400978650407,86.92301346836153,2
6,27,60,29,73,39.4494009786504,78.66301346836153,7
5,27,42,29,65,49.4494009786504,86.66301346836153,2
10,55,53,50,50,30.449400978650406,78.82301346836152,8
6,32,50,29,55,32.87940097865041,72.04301346836152,4
7,27,59,35,58,29.769400978650406,71.49301346836154,6
6,50,42,53,45,29.529400978650408,73.21301346836154,9
5,27,42,29,50,34.4494009786504,59.843013468361534,10
5,27,42,29,76,60.4494009786504,100.63301346836153,3
6,28,80,30,98,44.4494009786504,96.53301346836153,3
7,27,102,42,94,37.37940097865041,96.15301346836154,3
5,27,42,29,58,42.4494009786504,72.87301346836153,10
5,27,42,29,62,46.4494009786504,92.11301346836153,7
6,27,78,29,86,34.4494009786504,81.26301346836152,2
7,27,60,31,66,32.66940097865041,73.46301346836154,4
5,27,42,29,53,37.4494009786504,67.42301346836153,1
11,30,66,41,56,34.84940097865041,60.04301346836153,1
6,27,65,31,84,45.539400978650406,92.11301346836153,7
8,43,73,45,63,30.449400978650406,74.44301346836153,3
6,28,77,49,69,43.09940097865041,82.01301346836152,5
9,27,42,36,40,30.519400978650406,55.14301346836153,6
8,27,81,40,80,34.62940097865041,86.01301346836152,6
6,27,56,29,67,37.4494009786504,84.82301346836152,8
7,27,65,59,62,53.4494009786504,79.18301346836154,7
9,65,42,67,48,32.4494009786504,92.88301346836153,8
8,29,88,71,83,63.4994009786504,95.50301346836153,6
7,44,64,46,50,34.4494009786504,70.33301346836153,5
8,29,67,51,64,43.4494009786504,67.87301346836153,6
5,27,42,29,74,58.4494009786504,84.20301346836153,2
5,27,42,29,61,45.4494009786504,74.80301346836154,1
5,27,42,29,54,38.4494009786504,77.31301346836153,9
11,31,60,29,55,27.919400978650405,62.33301346836153,2
9,34,56,40,55,27.919400978650405,53.21301346836153,8
6,27,77,31,90,39.56940097865041,95.06301346836153,2
9,46,60,48,73,39.4494009786504,72.16301346836153,1
8,43,63,45,49,34.4494009786504,69.88301346836153,5
5,54,42,42,47,39.56940097865041,75.08301346836153,4
10,53,48,49,45,29.449400978650406,89.57301346836152,8
7,27,52,42,46,36.789400978650406,64.08301346836153,1
10,34,42,35,45,29.529400978650408,47.63301346836153,8
9,44,51,44,69,44.54940097865041,67.69301346836153,9
6,52,42,54,57,41.4494009786504,82.95301346836153,9
8,27,63,31,66,29.769400978650406,78.40301346836154,1
8,38,86,40,77,29.449400978650406,81.48301346836153,3
10,40,42,42,47,31.449400978650406,60.50301346836153,8
8,27,48,31,70,48.5294009786504,67.22301346836153,9
5,27,42,31,62,46.539400978650406,75.41301346836153,3
7,27,56,29,67,37.4494009786504,80.62301346836153,8
9,52,42,53,45,29.529400978650408,89.57301346836152,8
6,29,65,31,80,41.4494009786504,88.44301346836153,3
9,40,49,44,58,35.619400978650404,62.36301346836153,9
6,29,75,46,61,42.04940097865041,70.33301346836153,5
9,35,83,62,89,50.01940097865041,93.12301346836153,8
5,27,42,29,45,29.449400978650406,59.153013468361536,9
5,43,42,29,51,43.4494009786504,72.61301346836153,4
8,27,61,29,79,44.4494009786504,82.95301346836153,1
5,27,42,29,60,44.4494009786504,71.29301346836152,9
8,44,42,46,50,34.4494009786504,75.70301346836153,8
8,27,73,53,70,47.4494009786504,72.41301346836153,6
10,46,78,42,69,31.939400978650404,96.15301346836154,3
7,27,64,54,48,51.62940097865041,94.05301346836154,1
11,36,52,32,49,29.449400978650406,49.85301346836153,8
9,49,42,52,47,31.509400978650405,83.82301346836152,8
6,27,54,30,62,34.49940097865041,66.01301346836152,6
9,49,57,52,72,41.4794009786504,73.43301346836154,1
5,53,42,39,48,41.8094009786504,78.82301346836152,8
7,28,90,45,81,39.609400978650406,89.29301346836152,2
6,27,52,30,59,33.49940097865041,61.81301346836153,6
6,29,44,29,43,26.279400978650408,48.83301346836153,8
7,27,66,57,63,51.4494009786504,74.98301346836153,7
5,27,42,29,59,43.4494009786504,71.01301346836152,6
5,27,42,29,61,45.4494009786504,79.53301346836153,7
6,27,50,31,56,32.66940097865041,54.61301346836153,10
7,27,55,37,50,31.699400978650406,67.17301346836153,1
6,28,71,30,90,45.4494009786504,86.97301346836153,3
6,28,71,41,60,37.049400978650404,65.41301346836153,5
7,27,65,37,62,31.449400978650406,90.06301346836153,7
6,27,66,30,77,37.48940097865041,82.89301346836153,6
8,37,85,48,76,34.26940097865041,84.83301346836153,2
11,40,50,38,47,27.449400978650406,60.50301346836153,8
7,27,42,51,40,45.469400978650405,72.87301346836153,10
11,45,56,29,47,42.4194009786504,82.40301346836154,3
10,38,42,39,49,33.49940097865041,57.81301346836153,8
9,62,42,62,47,31.699400978650406,95.41301346836153,8
7,27,54,39,51,33.4494009786504,59.46301346836153,7
6,27,62,31,74,38.579400978650405,70.21301346836154,2
7,45,66,55,54,35.48940097865041,72.91301346836153,5
6,27,62,29,75,39.4494009786504,79.01301346836152,6
8,43,83,45,68,35.4494009786504,86.97301346836153,3
5,27,42,29,54,38.4494009786504,77.31301346836153,6
9,53,88,55,73,35.4494009786504,94.95301346836153,3
9,38,74,40,64,30.449400978650406,71.81301346836153,2
5,27,42,29,52,36.4494009786504,63.29301346836153,1
8,31,88,37,82,28.449400978650406,79.90301346836154,3
7,27,68,59,77,55.759400978650405,82.25301346836153,8
5,37,42,36,41,27.059400978650405,49.49301346836153,8
5,27,42,30,68,52.469400978650405,89.11301346836153,3
6,27,51,29,57,32.4494009786504,64.97301346836153,4
5,27,42,29,59,43.4494009786504,75.08301346836153,10
5,27,42,29,47,31.449400978650406,69.33301346836153,9
7,49,60,51,48,32.4494009786504,68.04301346836152,5
6,27,60,31,68,34.62940097865041,75.73301346836153,6
6,28,81,46,69,41.8094009786504,77.04301346836152,5
9,41,50,35,43,32.38940097865041,60.99301346836153,5
6,27,55,31,59,30.729400978650407,59.843013468361534,7
9,44,48,48,63,41.5594009786504,69.57301346836152,9
8,27,63,30,81,44.469400978650405,80.62301346836153,9
5,27,42,30,64,48.469400978650405,76.22301346836153,3
7,27,61,43,50,39.56940097865041,68.10301346836152,9
10,37,49,29,39,35.65940097865041,77.50301346836153,5
8,27,58,35,59,30.659400978650407,60.99301346836153,8
9,41,53,41,69,42.54940097865041,66.32301346836152,1
11,40,56,29,45,38.70940097865041,95.06301346836153,3
8,39,81,41,69,32.4494009786504,81.72301346836153,2
7,28,96,37,91,30.729400978650407,94.50301346836153,3
5,27,42,31,60,44.54940097865041,69.61301346836153,3
6,27,75,30,94,45.469400978650405,93.63301346836153,2
6,28,76,51,63,46.70940097865041,74.26301346836152,5
10,29,57,53,71,51.24940097865041,73.21301346836154,1
5,27,42,29,51,35.4494009786504,60.04301346836153,1
7,27,63,53,62,47.5294009786504,78.15301346836154,1
5,27,42,29,47,31.449400978650406,61.013013468361535,6
7,27,50,35,47,29.449400978650406,60.233013468361534,6
8,27,63,31,66,29.769400978650406,78.40301346836154,1
10,42,56,29,45,40.4494009786504,76.22301346836153,3
5,40,42,36,43,30.659400978650407,62.28301346836153,8
8,43,58,45,47,31.449400978650406,61.233013468361534,5
9,40,69,42,57,32.4494009786504,69.61301346836153,3
7,27,60,41,67,39.06940097865041,64.51301346836154,8
7,27,62,48,51,44.06940097865041,74.89301346836153,9
5,27,42,29,59,43.4494009786504,74.89301346836153,9
6,27,51,29,57,32.4494009786504,63.67301346836153,4
6,27,53,31,61,34.62940097865041,56.013013468361535,10
12,27,48,47,39,42.4194009786504,80.72301346836153,3
8,27,57,30,72,41.4794009786504,78.43301346836154,9
6,27,78,29,90,38.4494009786504,95.06301346836153,3
7,27,56,43,60,39.09940097865041,71.42301346836153,4
9,37,67,29,59,34.62940097865041,65.78301346836153,2
11,47,56,29,46,44.63940097865041,86.92301346836153,2
5,27,42,29,59,43.4494009786504,76.15301346836154,3
8,27,66,31,73,33.649400978650405,82.95301346836153,1
9,35,68,45,71,33.4494009786504,68.99301346836154,4
5,27,42,29,45,29.449400978650406,75.22301346836153,6
7,27,50,29,55,31.449400978650406,60.50301346836153,8
9,37,49,41,67,44.54940097865041,63.67301346836153,1
5,56,42,29,52,55.2294009786504,83.21301346836154,8
9,37,63,37,85,48.5294009786504,80.28301346836153,1
7,39,60,41,48,32.4494009786504,64.59301346836153,5
12,27,51,42,39,39.259400978650405,69.61301346836153,3
7,53,72,60,59,34.62940097865041,83.03301346836153,5
6,40,42,43,48,32.509400978650405,60.14301346836153,9
5,27,42,29,58,42.4494009786504,75.75301346836153,1
5,27,42,29,46,30.449400978650406,54.31301346836153,10
9,43,50,43,43,27.919400978650405,60.41301346836153,5
6,33,45,29,45,30.159400978650407,59.46301346836153,4
7,27,61,37,46,37.869400978650404,72.04301346836152,1
7,27,56,48,53,42.4494009786504,63.82301346836153,7
7,27,63,42,60,36.4494009786504,71.63301346836153,6
9,49,70,48,56,34.84940097865041,86.01301346836152,3
5,27,42,30,65,49.469400978650405,62.28301346836153,5
7,41,68,45,60,28.839400978650406,68.99301346836154,5
6,27,58,30,75,43.469400978650405,80.92301346836153,6
8,41,53,29,39,41.24940097865041,68.14301346836153,5
8,49,42,51,45,29.449400978650406,67.27301346836154,8
8,37,49,29,39,35.65940097865041,57.38301346836153,5
11,28,75,54,79,48.4494009786504,80.38301346836153,1
5,27,42,29,56,40.4494009786504,72.91301346836153,6
9,47,58,50,79,47.469400978650405,85.60301346836152,1
9,33,55,35,74,45.4494009786504,68.72301346836153,9
8,27,57,31,67,36.59940097865041,77.31301346836153,9
6,27,66,31,86,46.539400978650406,82.86301346836153,2
7,27,81,39,76,33.649400978650405,76.59301346836153,2
5,27,42,29,48,32.4494009786504,70.65301346836154,7
10,29,79,39,81,32.87940097865041,76.89301346836153,1
6,27,74,31,80,32.66940097865041,77.59301346836153,2
11,44,64,29,56,41.1694009786504,82.06301346836153,2
5,27,42,29,66,50.4494009786504,83.19301346836153,2
5,27,42,29,48,32.4494009786504,62.42301346836153,6
6,27,59,31,63,30.729400978650407,66.01301346836152,6
7,27,52,37,53,32.38940097865041,49.33301346836153,8
6,27,65,31,81,42.54940097865041,81.58301346836153,7
5,40,42,29,44,37.37940097865041,53.013013468361535,8
5,27,42,30,78,62.45940097865041,75.75301346836153,5
7,27,56,41,53,35.4494009786504,75.93301346836154,7
5,27,42,29,68,52.4494009786504,78.39301346836153,3
7,27,54,29,62,34.4494009786504,79.90301346836154,8
11,35,48,34,45,26.449400978650406,51.10301346836153,8
8,29,69,47,75,41.8094009786504,73.46301346836154,4
5,27,42,29,74,58.4494009786504,84.76301346836152,3
5,37,42,33,41,29.769400978650406,50.18301346836153,8
9,33,49,36,63,40.4794009786504,58.21301346836153,1
9,40,69,42,59,30.449400978650406,66.83301346836153,2
5,45,42,38,45,34.26940097865041,73.46301346836154,4
8,27,71,39,75,35.65940097865041,84.32301346836152,8
5,27,42,29,74,58.4494009786504,90.07301346836152,2
6,28,62,38,53,33.4494009786504,55.14301346836153,5
9,27,42,61,39,55.4494009786504,82.13301346836153,6
5,27,42,29,45,29.449400978650406,50.70301346836153,10
6,29,76,43,63,39.06940097865041,71.22301346836153,5
10,51,72,41,61,37.869400978650404,97.83301346836154,3
7,27,87,62,74,57.929400978650406,89.01301346836152,2
10,34,42,37,45,29.529400978650408,49.85301346836153,8
6,35,42,39,54,38.579400978650405,65.78301346836153,1
9,49,42,52,47,31.509400978650405,83.82301346836152,8
7,27,54,44,51,38.4494009786504,71.81301346836153,7
7,29,97,41,88,35.109400978650406,93.63301346836153,2
6,38,49,29,53,36.48940097865041,80.62301346836153,8
9,51,48,51,61,39.56940097865041,73.21301346836154,9
11,34,61,29,53,32.049400978650404,80.92301346836153,3
7,27,52,46,53,40.90940097865041,66.83301346836153,1
7,27,55,37,49,31.989400978650405,69.11301346836153,1
10,42,76,39,68,30.519400978650406,86.37301346836153,2
8,27,66,42,69,37.76940097865041,83.42301346836153,4
8,48,81,50,66,35.4494009786504,86.52301346836154,2
9,34,50,31,47,28.449400978650406,47.10301346836153,8
6,27,66,31,86,46.539400978650406,82.86301346836153,2
8,27,65,30,68,29.529400978650408,75.41301346836153,9
12,27,48,46,39,41.4794009786504,78.40301346836154,3
7,27,55,41,53,35.48940097865041,60.08301346836153,6
6,36,47,29,49,33.74940097865041,65.46301346836154,4
8,42,63,56,67,37.3394009786504,72.11301346836153,4
11,33,75,29,68,30.659400978650407,87.62301346836153,3
6,28,77,45,66,40.4494009786504,79.96301346836154,5
5,27,42,29,49,33.4494009786504,73.43301346836154,9
7,27,51,55,46,49.5294009786504,75.22301346836153,7
9,38,55,40,75,46.4494009786504,70.85301346836152,9
7,27,42,55,39,49.4494009786504,76.81301346836153,10
7,27,52,50,48,44.469400978650405,73.43301346836154,9
5,27,42,30,68,52.469400978650405,72.77301346836154,3
7,27,85,37,79,31.989400978650405,76.95301346836153,3
7,27,66,47,63,41.4494009786504,92.03301346836153,1
7,27,54,31,57,29.769400978650406,60.04301346836153,4
8,27,77,38,74,32.4494009786504,81.31301346836153,7
6,27,55,29,65,36.4494009786504,77.07301346836152,8
9,57,52,56,49,26.449400978650406,86.46301346836154,8
9,52,50,53,65,41.4794009786504,69.28301346836153,9
9,43,58,47,80,48.5294009786504,77.99301346836154,9
7,27,60,40,51,35.9794009786504,66.10301346836152,1
6,27,57,29,69,38.4494009786504,81.54301346836152,8
6,27,62,29,68,32.4494009786504,67.88301346836153,10
5,27,42,29,49,33.4494009786504,55.41301346836153,6
5,43,42,30,47,40.4494009786504,68.99301346836154,4
5,27,42,29,46,30.449400978650406,71.49301346836154,9
9,49,50,29,39,46.859400978650406,74.26301346836152,5
11,31,62,29,57,27.919400978650405,61.373013468361535,2
7,27,64,35,60,29.529400978650408,86.22301346836153,6
9,36,47,29,39,33.74940097865041,56.47301346836153,5
5,39,42,29,48,38.4494009786504,64.51301346836154,8
6,27,63,29,81,44.4494009786504,79.73301346836153,6
9,27,42,36,39,30.449400978650406,67.27301346836154,6
6,27,50,29,55,31.449400978650406,59.21301346836153,4
8,27,57,29,67,36.4494009786504,71.42301346836153,9
8,29,71,57,70,49.5294009786504,74.98301346836153,6
8,27,67,38,64,32.4494009786504,59.78301346836153,7
8,28,66,45,71,40.4494009786504,68.99301346836154,4
5,27,42,31,64,48.5294009786504,67.18301346836154,5
6,30,47,29,49,29.279400978650408,65.97301346836153,8
9,42,54,37,77,50.37940097865041,74.06301346836153,1
5,27,42,29,73,57.4494009786504,91.45301346836153,2
5,27,42,29,63,47.4494009786504,81.96301346836154,3
7,42,71,51,62,32.66940097865041,73.71301346836154,5
7,27,42,50,40,44.469400978650405,67.42301346836153,10
5,27,42,29,48,32.4494009786504,60.99301346836153,10
9,41,65,29,51,41.24940097865041,81.31301346836153,3
6,27,54,29,74,46.4494009786504,81.31301346836153,7
10,27,70,33,39,51.7294009786504,69.43301346836154,3
5,27,42,29,65,49.4494009786504,67.92301346836153,5
8,27,59,30,67,34.49940097865041,71.29301346836152,1
5,27,42,29,53,37.4494009786504,78.49301346836154,6
8,37,75,39,63,32.4494009786504,73.47301346836153,2
8,27,81,63,80,57.509400978650405,86.47301346836153,7
8,42,49,29,39,39.99940097865041,59.843013468361534,5
5,27,42,29,62,46.4494009786504,73.52301346836154,3
5,27,42,29,46,30.449400978650406,68.20301346836153,1
11,40,53,38,50,27.449400978650406,60.50301346836153,8
7,27,56,47,52,41.4794009786504,60.873013468361535,7
9,40,50,38,43,29.109400978650406,60.50301346836153,5
7,27,68,50,77,47.63940097865041,76.63301346836153,4
10,27,56,41,39,41.88940097865041,73.52301346836154,3
10,44,48,29,39,41.4794009786504,73.46301346836154,5
6,28,46,29,47,27.569400978650407,57.81301346836153,8
7,27,42,41,39,35.4494009786504,63.67301346836153,10
10,59,42,61,48,32.4494009786504,79.90301346836154,8
6,27,57,29,76,45.4494009786504,77.31301346836153,6
7,27,46,29,47,27.449400978650406,49.49301346836153,8
9,48,54,50,74,46.4494009786504,74.03301346836153,1
6,27,77,45,63,42.869400978650404,71.69301346836153,5
7,27,66,48,60,42.689400978650404,83.78301346836153,9
9,50,56,42,62,36.899400978650405,65.74301346836154,1
6,38,42,42,51,35.619400978650404,76.22301346836153,1
6,27,52,31,73,47.5294009786504,75.41301346836153,6
5,27,42,31,78,62.4994009786504,100.33301346836154,3
6,27,67,30,85,44.469400978650405,89.25301346836153,2
7,27,52,36,49,30.449400978650406,57.56301346836153,9
8,44,42,46,47,31.449400978650406,63.82301346836153,8
7,27,49,43,46,37.4494009786504,63.623013468361535,7
5,45,42,31,48,41.8094009786504,73.46301346836154,4
6,27,65,35,59,30.159400978650407,59.153013468361536,5
6,29,68,31,73,31.449400978650406,73.71301346836154,3
10,29,69,37,74,33.4494009786504,69.11301346836153,1
8,64,74,66,58,36.4494009786504,88.44301346836153,3
5,27,42,29,46,30.449400978650406,72.04301346836152,1
8,27,58,31,59,27.919400978650405,60.04301346836153,4
8,27,48,31,51,29.769400978650406,69.83301346836153,1
8,37,76,39,66,30.449400978650406,73.47301346836153,2
7,33,62,45,55,34.219400978650405,62.05301346836153,5
6,27,54,29,75,47.4494009786504,82.13301346836153,6
6,27,69,29,89,46.4494009786504,84.87301346836153,3
7,27,65,45,59,39.7294009786504,81.91301346836153,9
7,27,51,47,50,41.5594009786504,79.88301346836153,7
5,27,42,30,65,49.469400978650405,82.94301346836153,3
7,27,66,35,52,35.9794009786504,63.80301346836153,1
5,27,42,29,57,41.4494009786504,64.61301346836153,7
9,62,83,64,67,36.4494009786504,95.06301346836153,2
5,41,42,36,44,32.049400978650404,64.51301346836154,4
9,44,51,46,60,35.4494009786504,66.83301346836153,9
5,49,42,41,45,35.109400978650406,75.40301346836154,4
6,29,72,50,63,43.369400978650404,71.63301346836153,5
9,51,65,43,77,41.4794009786504,78.15301346836154,1
6,27,48,30,57,35.48940097865041,54.68301346836153,7
7,27,62,36,61,30.729400978650407,74.80301346836154,1
6,27,62,31,66,30.729400978650407,68.68301346836154,7
5,27,42,29,69,53.4494009786504,69.83301346836153,5
7,27,55,35,58,31.939400978650404,64.83301346836153,8
5,27,42,29,45,29.449400978650406,62.00301346836153,9
5,27,42,29,47,31.449400978650406,57.623013468361535,7
7,27,50,38,47,32.4494009786504,62.763013468361535,6
8,48,85,50,65,40.4494009786504,93.96301346836154,2
7,27,62,50,53,45.289400978650406,82.87301346836153,1
6,38,42,42,56,40.56940097865041,69.61301346836153,9
5,27,42,29,52,36.4494009786504,69.61301346836153,10
5,27,42,29,53,37.4494009786504,76.40301346836154,6
9,45,54,43,71,43.84940097865041,69.93301346836154,1
6,48,42,52,60,44.54940097865041,72.41301346836153,1
11,33,75,29,68,30.659400978650407,87.62301346836153,3
7,29,77,36,70,29.849400978650408,69.61301346836153,3
8,28,58,37,53,30.729400978650407,51.10301346836153,7
7,28,105,53,87,50.90940097865041,102.56301346836153,2
8,27,50,30,65,41.4794009786504,70.69301346836153,9
9,44,68,29,52,44.84940097865041,86.02301346836154,2
9,61,75,63,59,36.4494009786504,88.82301346836152,3
7,27,67,44,63,38.4794009786504,86.46301346836154,7
11,37,56,29,46,35.65940097865041,93.65301346836154,3
6,28,66,39,55,35.48940097865041,59.21301346836153,5
9,52,51,55,68,43.469400978650405,94.05301346836154,1
6,27,56,31,71,41.5594009786504,78.49301346836154,6
9,44,62,29,45,45.469400978650405,83.19301346836153,2
8,34,72,36,63,29.449400978650406,67.92301346836153,2
7,27,61,39,52,35.109400978650406,66.74301346836154,1
8,45,79,49,70,29.769400978650406,80.63301346836153,2
8,37,71,39,63,28.449400978650406,65.78301346836153,3
6,27,57,30,78,47.469400978650405,81.22301346836153,7
9,50,69,50,80,37.5894009786504,80.22301346836153,1
8,27,55,31,68,39.56940097865041,63.29301346836153,1
8,44,76,46,59,37.4494009786504,83.19301346836153,2
11,45,50,42,47,28.449400978650406,71.68301346836154,8
5,52,42,31,47,47.79940097865041,90.03301346836153,8
5,27,42,29,56,40.4494009786504,71.29301346836152,1
5,27,42,30,60,44.469400978650405,56.47301346836153,5
9,37,63,37,85,48.5294009786504,80.28301346836153,1
6,27,60,31,71,37.5894009786504,67.39301346836153,10
5,41,42,29,50,41.24940097865041,70.37301346836153,8
7,27,46,29,48,28.449400978650406,49.85301346836153,8
7,27,61,35,56,29.769400978650406,73.57301346836152,6
7,28,96,44,87,38.679400978650406,89.25301346836153,2
10,34,47,29,39,32.049400978650404,64.51301346836154,5
5,41,42,31,46,37.3394009786504,64.51301346836154,4
9,34,67,36,59,28.449400978650406,62.07301346836153,3
7,39,63,43,53,30.729400978650407,65.41301346836153,5
10,28,83,46,69,42.869400978650404,77.59301346836153,1
6,35,42,38,48,32.509400978650405,64.53301346836153,9
6,27,66,52,55,47.79940097865041,66.45301346836153,5
5,27,42,29,47,31.449400978650406,61.013013468361535,7
11,33,56,29,49,30.659400978650407,69.61301346836153,3
8,27,79,53,76,47.4494009786504,77.31301346836153,6
6,27,76,30,81,31.509400978650405,76.16301346836153,2
5,27,42,29,62,46.4494009786504,85.98301346836153,3
10,44,64,29,51,43.1694009786504,92.57301346836152,2
7,27,58,49,53,43.54940097865041,70.65301346836154,6
9,41,49,38,46,28.449400978650406,53.013013468361535,8
9,46,50,42,47,29.449400978650406,60.80301346836153,8
8,29,63,43,67,37.3394009786504,64.51301346836154,4
12,27,48,57,39,52.0894009786504,106.99301346836154,3
8,36,66,38,56,30.449400978650406,62.623013468361535,2
10,50,48,47,45,28.449400978650406,67.92301346836153,8
9,27,42,48,41,42.54940097865041,77.31301346836153,6
5,27,42,29,71,55.4494009786504,90.49301346836154,2
9,41,50,29,39,39.56940097865041,66.75301346836153,5
7,27,64,44,61,38.4494009786504,69.02301346836154,7
8,29,77,47,75,39.4794009786504,81.38301346836153,7
9,51,49,49,46,27.449400978650406,65.77301346836154,8
10,39,48,29,39,36.869400978650404,74.36301346836153,5
7,27,57,48,54,42.4494009786504,75.73301346836153,6
6,27,65,30,70,31.509400978650405,65.78301346836153,2
8,57,42,59,50,34.4494009786504,80.07301346836152,8
5,27,42,29,45,29.449400978650406,59.21301346836153,1
5,27,42,29,67,51.4494009786504,86.44301346836153,3
5,50,42,31,51,47.63940097865041,85.09301346836153,8
7,27,57,55,51,49.619400978650404,74.44301346836153,9
6,27,67,31,74,33.649400978650405,81.38301346836153,7
8,51,57,50,47,31.069400978650407,71.63301346836153,5
5,27,42,29,56,40.4494009786504,71.49301346836154,6
10,39,48,37,45,27.449400978650406,58.273013468361526,8
10,48,66,37,59,37.049400978650404,78.39301346836153,3
6,29,81,55,69,49.079400978650405,83.03301346836153,5
7,27,52,53,53,47.7794009786504,79.00301346836153,1
7,27,60,41,67,39.06940097865041,63.67301346836153,4
8,47,62,46,49,33.88940097865041,77.04301346836152,5
6,28,47,29,49,28.549400978650404,57.06301346836153,8
8,40,89,42,80,29.449400978650406,85.84301346836153,3
6,27,51,31,55,30.729400978650407,53.21301346836153,10
12,27,74,35,39,56.009400978650405,79.90301346836154,3
6,27,63,30,81,44.469400978650405,81.58301346836153,10
5,27,42,29,56,40.4494009786504,71.29301346836152,1
7,27,60,41,67,39.06940097865041,63.67301346836153,4
7,27,42,46,40,40.4794009786504,58.71301346836153,10
8,27,57,52,65,48.9494009786504,70.69301346836153,1
5,27,42,29,61,45.4494009786504,85.54301346836152,1
5,27,42,29,60,44.4494009786504,71.29301346836152,9
10,35,62,33,57,27.919400978650405,62.33301346836153,2
6,27,78,45,63,43.4494009786504,72.61301346836153,5
7,27,51,46,45,40.70940097865041,69.57301346836152,9
8,27,58,30,63,31.509400978650405,62.28301346836153,9
7,27,66,45,75,43.4494009786504,72.61301346836153,4
8,46,50,29,39,44.06940097865041,64.61301346836153,5
8,37,76,41,67,29.769400978650406,73.06301346836153,3
9,35,68,45,71,33.4494009786504,68.99301346836154,4
9,41,50,29,39,39.56940097865041,71.22301346836153,5
7,34,66,43,58,32.049400978650404,63.623013468361535,5
10,27,69,43,39,53.859400978650406,92.88301346836153,3
9,56,77,53,59,39.259400978650405,102.56301346836153,2
8,37,77,43,67,31.509400978650405,71.84301346836153,2
9,41,64,29,50,41.24940097865041,77.48301346836153,2
9,54,49,57,69,46.469400978650405,74.25301346836153,9
5,34,42,29,43,31.509400978650405,48.86301346836153,8
11,27,50,48,39,44.06940097865041,83.69301346836153,3
8,27,59,35,65,34.26940097865041,62.74301346836153,1
9,27,42,43,41,37.5894009786504,68.44301346836153,6
10,51,67,41,56,37.869400978650404,93.22301346836153,3
5,27,42,29,49,33.4494009786504,64.08301346836153,1
8,27,53,30,60,33.49940097865041,68.57301346836152,9
7,27,64,42,61,36.4494009786504,92.62301346836153,6
7,27,57,30,62,31.509400978650405,66.75301346836153,8
8,27,62,39,61,33.649400978650405,57.38301346836153,7
6,28,63,38,54,33.4494009786504,56.47301346836153,5
5,27,42,29,60,44.4494009786504,62.33301346836153,2
5,27,42,29,60,44.4494009786504,79.73301346836153,6
12,27,69,38,39,51.90940097865041,82.06301346836153,3
8,44,49,29,39,41.829400978650405,59.46301346836153,5
5,27,42,29,55,39.4494009786504,64.27301346836153,10
8,43,54,29,39,43.4494009786504,72.61301346836153,5
6,27,76,31,79,29.769400978650406,73.32301346836152,2
8,27,77,57,76,51.51940097865041,83.46301346836154,7
5,27,42,29,46,30.449400978650406,53.06301346836153,7
7,28,90,45,81,39.609400978650406,89.29301346836152,2
11,34,68,29,60,32.049400978650404,82.25301346836153,2
5,27,42,29,71,55.4494009786504,89.11301346836153,3
8,41,58,43,47,31.449400978650406,60.99301346836153,5
5,35,42,29,45,33.4494009786504,54.31301346836153,8
6,27,60,29,63,29.449400978650406,64.61301346836153,7
6,28,50,29,54,30.519400978650406,66.75301346836153,8
8,43,63,45,49,34.4494009786504,68.99301346836154,5
5,27,42,29,58,42.4494009786504,79.83301346836153,1
10,38,63,35,56,29.849400978650408,67.05301346836154,2
7,27,62,40,69,38.31940097865041,85.71301346836154,4
7,27,53,30,56,29.529400978650408,58.273013468361526,8
5,27,42,29,46,30.449400978650406,64.27301346836153,6
6,27,61,30,72,37.48940097865041,72.87301346836153,10
9,53,58,57,73,41.5594009786504,80.41301346836153,9
5,27,42,30,68,52.469400978650405,86.97301346836153,3
7,28,101,41,93,35.52940097865041,96.53301346836153,3
7,27,42,42,40,36.48940097865041,61.39301346836153,10
9,44,56,44,67,37.5894009786504,66.83301346836153,1
6,27,57,29,69,38.4494009786504,94.04301346836152,8
8,34,73,38,67,27.059400978650405,69.61301346836153,3
8,27,56,31,74,44.54940097865041,71.29301346836152,1
7,28,84,39,74,34.84940097865041,76.38301346836153,2
6,29,67,42,59,35.52940097865041,67.18301346836154,5
5,27,42,29,54,38.4494009786504,70.69301346836153,1
7,27,46,29,47,27.449400978650406,48.83301346836153,8
5,27,42,29,64,48.4494009786504,89.25301346836153,2
9,34,66,43,67,31.509400978650405,64.51301346836154,8
8,40,55,39,45,31.069400978650407,62.28301346836153,5
7,29,93,42,86,35.149400978650405,85.84301346836153,3
7,27,42,37,39,31.449400978650406,56.623013468361535,10
8,37,91,40,81,30.519400978650406,84.41301346836153,2
10,40,42,42,47,31.449400978650406,60.50301346836153,8
7,28,89,37,84,30.729400978650407,83.19301346836153,2
8,27,54,31,68,40.56940097865041,66.32301346836152,1
6,33,42,36,63,47.469400978650405,70.87301346836153,1
8,27,58,30,70,38.4794009786504,65.78301346836153,1
5,27,42,29,60,44.4494009786504,68.55301346836154,1
10,36,46,29,39,33.299400978650404,60.50301346836153,5
8,37,88,57,78,42.759400978650405,90.52301346836154,3
6,48,42,50,49,33.4494009786504,71.49301346836154,9
8,46,55,43,45,32.049400978650404,65.41301346836153,5
11,35,48,31,45,29.449400978650406,47.63301346836153,8
6,35,48,29,52,34.079400978650405,65.41301346836153,8
9,27,42,43,38,37.48940097865041,80.22301346836153,6
10,27,62,56,63,50.73940097865041,69.33301346836153,1
5,27,42,29,54,38.4494009786504,58.71301346836153,1
12,27,57,52,39,50.90940097865041,96.53301346836153,3
9,53,75,55,63,32.4494009786504,80.92301346836153,3
5,27,42,31,67,51.51940097865041,73.06301346836153,3
9,52,63,44,53,35.65940097865041,76.22301346836153,3
8,27,58,44,55,38.4494009786504,55.14301346836153,6
8,51,86,53,64,42.4494009786504,100.33301346836154,3
6,27,51,29,70,45.4494009786504,70.65301346836154,6
6,27,74,30,94,46.469400978650405,90.49301346836154,2
6,44,42,48,51,35.619400978650404,74.89301346836153,9
8,48,80,50,61,39.4494009786504,90.48301346836153,3
7,27,49,52,49,46.63940097865041,71.81301346836153,1
6,27,63,31,84,47.5294009786504,92.11301346836153,7
8,44,53,29,39,43.6994009786504,70.33301346836153,5
7,48,66,53,54,32.939400978650404,71.63301346836153,5
7,27,60,42,46,40.4794009786504,62.36301346836153,9
5,27,42,29,64,48.4494009786504,83.22301346836153,9
7,41,64,43,50,34.4494009786504,68.14301346836153,5
7,27,64,49,53,44.98940097865041,75.27301346836154,1
5,27,42,29,55,39.4494009786504,66.83301346836153,10
5,27,42,29,53,37.4494009786504,73.02301346836154,1
8,27,55,31,70,41.5594009786504,69.61301346836153,9
9,49,81,51,67,34.4494009786504,86.92301346836153,2
9,35,53,37,68,41.4494009786504,69.11301346836153,1
5,27,42,29,74,58.4494009786504,83.22301346836153,2
9,27,42,64,37,58.509400978650405,84.87301346836153,6
6,37,42,41,45,29.769400978650406,60.04301346836153,1
8,28,66,38,65,31.699400978650406,67.92301346836153,6
7,27,50,38,47,32.4494009786504,68.04301346836152,7
8,29,86,65,82,57.45940097865041,90.06301346836153,7
5,46,42,31,49,43.1694009786504,77.63301346836153,8
9,41,62,29,48,41.24940097865041,75.59301346836153,2
6,27,50,31,56,32.66940097865041,54.843013468361534,7
9,51,83,53,64,39.4494009786504,93.22301346836153,3
8,37,82,39,72,30.449400978650406,81.26301346836152,2
8,47,62,46,49,33.88940097865041,77.04301346836152,5
9,27,42,49,39,43.4494009786504,66.01301346836152,6
7,36,57,39,49,28.549400978650404,56.47301346836153,5
7,27,42,55,39,49.4494009786504,76.81301346836153,10
6,27,80,29,84,30.449400978650406,82.06301346836153,3
5,27,42,29,49,33.4494009786504,63.67301346836153,7
6,33,48,29,51,31.939400978650404,66.45301346836153,4
11,39,50,37,47,27.449400978650406,58.273013468361526,8
5,27,42,29,46,30.449400978650406,68.20301346836153,1
6,27,81,29,98,43.4494009786504,101.81301346836153,2
7,27,62,47,51,43.149400978650405,79.73301346836153,9
7,29,91,41,84,34.219400978650405,87.34301346836153,2
7,28,105,43,92,39.84940097865041,98.46301346836154,3
5,43,42,30,47,40.4494009786504,68.99301346836154,4
6,27,48,30,70,48.469400978650405,75.22301346836153,6
11,48,88,56,57,52.0894009786504,86.55301346836154,1
6,28,69,38,63,31.989400978650405,63.623013468361535,5
9,65,77,67,60,37.4494009786504,93.65301346836154,3
7,27,55,44,49,38.74940097865041,60.67301346836153,1
6,27,79,29,99,46.4494009786504,96.15301346836154,3
5,27,42,29,45,29.449400978650406,65.23301346836153,1
6,32,50,29,55,32.87940097865041,70.43301346836154,4
6,27,65,29,86,47.4494009786504,85.98301346836153,3
9,40,82,42,70,32.4494009786504,82.94301346836153,3
7,37,58,39,47,31.449400978650406,59.21301346836153,5
7,27,50,46,47,40.4494009786504,61.013013468361535,6
8,57,42,59,50,34.4494009786504,80.07301346836152,8
7,27,92,39,83,35.109400978650406,84.87301346836153,3
5,35,42,31,42,30.159400978650407,51.10301346836153,8
7,27,93,45,80,42.31940097865041,86.66301346836153,2
9,41,73,29,60,40.649400978650405,83.21301346836154,2
5,49,42,41,45,35.109400978650406,75.40301346836154,4
9,40,65,42,53,32.4494009786504,64.99301346836154,2
9,47,73,49,61,32.4494009786504,75.27301346836154,3
9,56,77,58,59,38.4494009786504,89.29301346836152,2
5,45,42,38,45,34.26940097865041,73.46301346836154,4
11,31,77,29,71,28.449400978650406,79.90301346836154,3
11,32,72,29,66,29.279400978650408,82.06301346836153,3
9,36,51,37,69,44.469400978650405,64.53301346836153,9
6,27,60,29,76,42.4494009786504,81.48301346836153,6
8,33,74,40,67,29.849400978650408,67.05301346836154,2
7,27,56,40,57,35.149400978650405,64.23301346836153,9
5,41,42,31,46,37.3394009786504,64.51301346836154,4
5,46,42,29,46,43.6994009786504,60.80301346836153,4
5,27,42,30,68,52.469400978650405,65.41301346836153,5
6,27,50,30,58,34.49940097865041,55.68301346836153,10
5,27,42,29,75,59.4494009786504,81.26301346836152,2
9,36,59,29,49,34.84940097865041,62.623013468361535,2
9,46,53,43,50,28.449400978650406,75.70301346836153,8
9,33,67,44,69,33.74940097865041,68.72301346836153,8
7,44,56,46,46,30.449400978650406,59.46301346836153,5
8,27,56,29,74,44.4494009786504,74.55301346836154,9
7,27,46,29,47,27.449400978650406,47.63301346836153,8
6,27,66,38,59,33.299400978650404,60.50301346836153,5
8,27,55,31,70,41.5594009786504,69.61301346836153,9
8,44,74,46,58,36.4494009786504,78.90301346836154,3
8,34,70,42,63,30.659400978650407,64.99301346836154,3
10,49,60,36,53,38.969400978650405,72.87301346836153,3
6,27,60,31,71,37.5894009786504,67.39301346836153,10
8,36,89,39,81,28.549400978650404,84.20301346836153,3
7,27,55,42,50,36.59940097865041,70.37301346836153,1
6,27,65,29,72,33.4494009786504,79.18301346836154,7
5,27,42,29,47,31.449400978650406,68.72301346836153,9
9,37,48,29,39,35.109400978650406,61.513013468361535,5
5,27,42,30,66,50.469400978650405,83.91301346836153,3
5,27,42,29,55,39.4494009786504,63.67301346836153,10
6,27,50,29,55,31.449400978650406,62.623013468361535,4
7,27,52,29,59,33.4494009786504,72.91301346836153,8
5,27,42,30,64,48.469400978650405,64.61301346836153,5
5,27,42,29,59,43.4494009786504,59.46301346836153,5
7,27,70,58,81,55.649400978650405,84.82301346836152,8
6,27,55,30,77,48.469400978650405,83.54301346836152,6
9,49,78,51,60,38.4494009786504,86.92301346836153,2
5,27,42,29,54,38.4494009786504,65.86301346836153,6
8,27,51,29,69,44.4494009786504,72.26301346836152,9
5,27,42,31,71,55.509400978650405,78.52301346836154,3
8,39,91,54,80,38.70940097865041,93.63301346836153,2
6,27,55,31,60,31.699400978650406,63.04301346836153,6
7,27,53,48,52,42.54940097865041,65.41301346836153,1
5,27,42,29,59,43.4494009786504,71.81301346836153,2
8,44,59,43,47,32.939400978650404,71.22301346836153,5
9,48,78,46,66,33.299400978650404,89.29301346836152,3
8,27,70,45,68,39.4794009786504,72.91301346836153,6
5,57,42,29,54,56.98940097865041,86.46301346836154,8
7,27,54,29,62,34.4494009786504,76.01301346836152,4
6,27,74,30,88,40.4794009786504,86.92301346836153,2
6,50,42,54,47,31.699400978650406,69.28301346836153,9
11,37,54,29,45,35.109400978650406,79.31301346836153,2
7,27,53,55,50,49.4494009786504,73.67301346836153,1
8,29,63,43,67,37.3394009786504,66.50301346836153,8
5,27,42,29,56,40.4494009786504,75.19301346836153,9
6,28,62,30,77,41.4494009786504,74.84301346836153,3
8,27,53,31,53,27.059400978650405,51.10301346836153,8
8,28,59,40,61,34.62940097865041,58.763013468361535,8
7,27,60,41,57,35.4494009786504,82.05301346836154,6
9,46,50,39,71,49.079400978650405,70.43301346836154,1
8,27,55,31,63,34.62940097865041,66.45301346836153,9
10,62,72,51,63,37.76940097865041,98.40301346836154,2
5,55,42,29,51,53.90940097865041,78.82301346836152,4
8,29,73,37,72,29.769400978650406,68.32301346836152,7
6,52,42,55,55,39.4794009786504,78.43301346836154,9
5,27,42,29,75,59.4494009786504,81.26301346836152,2
6,34,45,29,45,31.069400978650407,53.21301346836153,8
5,27,42,29,64,48.4494009786504,77.86301346836153,10
5,27,42,29,64,48.4494009786504,89.25301346836153,2
6,27,54,29,59,31.449400978650406,60.80301346836153,10
8,29,83,60,80,52.4494009786504,84.61301346836153,7
5,27,42,29,58,42.4494009786504,79.83301346836153,1
7,28,91,49,82,43.369400978650404,86.92301346836153,2
8,27,60,29,64,30.449400978650406,62.36301346836153,9
8,29,62,44,61,36.59940097865041,59.843013468361534,7
5,69,42,29,54,68.04940097865041,94.04301346836152,8
7,29,89,40,83,32.939400978650404,81.48301346836153,3
6,27,80,31,96,42.54940097865041,95.45301346836153,2
5,27,42,29,51,35.4494009786504,82.13301346836153,6
8,27,75,36,74,30.729400978650407,74.55301346836154,7
11,42,56,29,45,40.4494009786504,93.63301346836153,2
12,27,66,47,39,53.4494009786504,96.15301346836154,3
9,53,50,54,70,46.469400978650405,80.08301346836153,9
10,29,88,42,94,37.65940097865041,94.05301346836154,1
5,27,42,30,67,51.469400978650405,63.67301346836153,5
9,49,42,51,45,29.449400978650406,83.33301346836153,8
11,27,67,37,39,49.6994009786504,77.18301346836154,3
5,27,42,29,52,36.4494009786504,63.04301346836153,6
5,27,42,29,78,62.4494009786504,84.95301346836153,5
6,27,51,29,57,32.4494009786504,65.46301346836154,4
6,32,48,29,51,31.259400978650405,75.70301346836153,4
5,27,42,29,51,35.4494009786504,72.62301346836153,9
8,29,54,40,53,32.66940097865041,51.013013468361535,6
6,27,58,30,77,45.469400978650405,84.87301346836153,7
12,27,65,39,39,48.5294009786504,80.03301346836153,3
9,52,60,54,79,45.4494009786504,80.38301346836153,1
7,28,90,39,83,33.299400978650404,86.01301346836152,2
8,41,85,58,74,40.4494009786504,90.15301346836154,2
8,27,56,31,73,43.54940097865041,68.38301346836153,9
9,61,54,49,45,38.679400978650406,82.01301346836152,5
6,29,75,31,86,37.4494009786504,81.48301346836153,3
6,35,42,37,66,50.4494009786504,85.82301346836152,9
7,27,97,51,88,46.24940097865041,98.40301346836154,2
8,27,66,29,72,32.4494009786504,80.22301346836153,1
6,27,77,29,89,38.4494009786504,84.20301346836153,2
5,46,42,29,54,47.65940097865041,81.54301346836152,8
10,43,73,44,66,27.569400978650407,80.03301346836153,3
5,27,42,29,48,32.4494009786504,70.65301346836154,7
8,27,63,34,65,30.519400978650406,70.95301346836153,4
6,27,60,29,66,32.4494009786504,67.42301346836153,10
7,27,65,38,65,32.939400978650404,73.23301346836153,9
7,27,42,39,41,33.649400978650405,69.61301346836153,10
7,27,59,43,56,37.4494009786504,72.91301346836153,6
7,39,60,41,48,32.4494009786504,63.67301346836153,5
5,27,42,29,60,44.4494009786504,67.39301346836153,3
6,27,56,30,64,34.49940097865041,61.39301346836153,10
5,27,42,29,59,43.4494009786504,79.01301346836152,6
11,36,66,46,65,31.699400978650406,65.41301346836153,1
5,27,42,29,47,31.449400978650406,75.85301346836152,6
7,27,89,62,73,58.9194009786504,90.64301346836153,2
7,33,62,45,55,34.219400978650405,61.233013468361534,5
6,31,53,29,61,35.149400978650405,86.46301346836154,8
5,27,42,30,63,47.469400978650405,63.82301346836153,5
5,27,42,29,59,43.4494009786504,67.92301346836153,7
8,41,95,43,81,34.4494009786504,98.46301346836154,3
11,36,85,53,79,38.74940097865041,82.95301346836153,1
7,36,68,45,60,32.049400978650404,69.88301346836153,5
5,27,42,31,60,44.54940097865041,67.17301346836153,3
12,27,48,50,39,45.289400978650406,88.82301346836152,3
6,27,51,31,71,46.539400978650406,71.29301346836152,7
6,27,55,29,68,39.4494009786504,71.50301346836153,10
9,29,61,44,61,36.789400978650406,59.843013468361534,4
5,27,42,29,51,35.4494009786504,60.80301346836153,10
5,27,42,29,52,36.4494009786504,70.75301346836153,7
6,27,66,38,59,33.299400978650404,60.50301346836153,5
7,27,67,39,64,33.4494009786504,83.22301346836153,9
8,27,60,31,77,43.54940097865041,77.85301346836152,1
7,27,51,56,46,50.51940097865041,74.25301346836153,9
5,42,42,34,45,35.109400978650406,59.843013468361534,8
6,49,42,52,47,31.509400978650405,75.41301346836153,9
5,27,42,29,53,37.4494009786504,77.31301346836153,7
8,27,66,31,69,29.769400978650406,63.80301346836153,1
8,27,67,30,82,41.4794009786504,82.95301346836153,9
8,37,86,51,77,36.869400978650404,86.01301346836152,2
5,27,42,29,54,38.4494009786504,75.65301346836154,10
12,27,60,40,39,44.54940097865041,72.77301346836154,3
7,27,42,64,41,58.509400978650405,89.43301346836154,10
6,28,74,43,61,39.84940097865041,68.14301346836153,5
5,52,42,31,47,47.79940097865041,90.03301346836153,8
9,53,60,55,69,35.4494009786504,76.01301346836152,1
10,34,73,29,66,31.509400978650405,76.16301346836153,2
8,34,81,38,75,27.059400978650405,76.16301346836153,2
9,38,77,50,81,35.65940097865041,80.62301346836153,8
9,44,54,47,71,43.469400978650405,81.68301346836154,9
5,27,42,29,59,43.4494009786504,77.59301346836153,7
11,45,56,29,47,42.4194009786504,82.40301346836154,3
7,29,94,50,83,44.06940097865041,90.07301346836152,2
6,27,53,31,61,34.62940097865041,59.843013468361534,10
5,27,42,29,59,43.4494009786504,67.92301346836153,7
9,56,63,51,53,33.34940097865041,78.66301346836153,2
5,27,42,29,69,53.4494009786504,66.75301346836153,5
5,27,42,30,75,59.45940097865041,79.90301346836154,3
7,39,63,43,53,30.729400978650407,65.41301346836153,5
5,27,42,29,63,47.4494009786504,66.45301346836153,5
5,27,42,29,74,58.4494009786504,82.69301346836153,2
8,37,91,44,83,30.519400978650406,86.37301346836153,2
5,44,42,29,47,42.23940097865041,62.623013468361535,4
9,48,67,50,88,47.4494009786504,86.52301346836154,1
11,27,62,35,39,44.329400978650405,67.17301346836153,3
5,27,42,31,73,57.509400978650405,71.22301346836153,5
9,51,67,29,45,54.0594009786504,100.33301346836154,3
5,27,42,29,45,29.449400978650406,66.45301346836153,7
7,27,59,54,49,49.40940097865041,86.55301346836154,1
5,50,42,35,45,41.4794009786504,66.45301346836153,4
7,27,56,42,60,38.20940097865041,72.11301346836153,8
8,27,63,29,72,35.4494009786504,71.29301346836152,9
10,53,59,29,47,50.95940097865041,83.69301346836153,3
6,27,79,30,93,40.4794009786504,89.25301346836153,2
9,27,42,48,39,42.4494009786504,83.42301346836153,6
8,44,78,46,62,36.4494009786504,81.31301346836153,2
9,35,68,45,71,33.4494009786504,68.99301346836154,4
8,29,73,53,69,45.469400978650405,74.32301346836152,7
9,40,48,43,53,31.509400978650405,67.22301346836153,9
10,39,65,33,60,31.699400978650406,67.39301346836153,3
9,35,69,36,63,26.609400978650406,67.17301346836153,3
7,27,56,44,59,39.609400978650406,58.21301346836153,4
8,27,66,39,64,33.49940097865041,65.86301346836153,6
9,53,58,53,76,44.54940097865041,78.43301346836154,9
8,27,60,33,80,46.79940097865041,76.22301346836153,1
6,27,80,29,83,29.449400978650406,83.33301346836153,2
7,27,49,53,49,47.63940097865041,72.26301346836152,1
8,27,51,29,58,33.4494009786504,74.25301346836153,9
10,35,64,33,59,27.919400978650405,61.373013468361535,2
7,27,55,41,53,35.48940097865041,59.843013468361534,7
11,42,69,29,62,38.969400978650405,80.03301346836153,3
7,27,67,54,57,49.40940097865041,82.95301346836153,9
5,27,42,29,46,30.449400978650406,70.65301346836154,6
5,27,42,29,54,38.4494009786504,65.23301346836153,7
7,27,64,40,62,34.49940097865041,95.50301346836153,6
6,27,67,31,83,42.54940097865041,94.04301346836152,6
7,27,55,35,58,31.939400978650404,64.83301346836153,8
7,27,87,46,81,40.70940097865041,82.06301346836153,2
9,36,52,38,74,48.4494009786504,69.35301346836152,9
8,34,80,55,72,43.09940097865041,80.92301346836153,3
9,44,48,29,39,41.4794009786504,66.51301346836152,5
8,37,85,48,76,34.26940097865041,84.83301346836153,2
7,34,66,43,58,32.049400978650404,64.51301346836154,5
6,29,77,31,99,48.4494009786504,97.83301346836154,3
8,39,86,42,79,27.569400978650407,82.94301346836153,3
5,27,42,29,64,48.4494009786504,74.44301346836153,3
9,41,50,29,39,39.56940097865041,66.75301346836153,5
5,27,42,29,51,35.4494009786504,64.26301346836154,10
6,47,42,50,65,49.469400978650405,85.60301346836152,1
6,28,68,30,88,46.4494009786504,92.29301346836152,3
8,27,73,52,68,46.539400978650406,71.81301346836153,7
9,37,48,29,39,35.109400978650406,60.50301346836153,5
8,30,76,32,70,26.449400978650406,69.43301346836154,3
6,28,51,29,57,32.509400978650405,73.92301346836153,8
9,37,60,39,80,46.4494009786504,75.41301346836153,9
9,36,64,38,74,36.4494009786504,75.19301346836153,9
8,27,50,30,72,48.469400978650405,75.85301346836152,9
8,33,72,42,65,31.509400978650405,69.61301346836153,3
6,27,50,29,59,35.4494009786504,57.623013468361535,7
9,47,66,43,56,32.66940097865041,76.15301346836154,3
7,27,90,48,82,43.09940097865041,85.60301346836152,3
5,39,42,31,43,34.219400978650405,60.50301346836153,8
8,27,66,31,87,47.5294009786504,92.03301346836153,1
7,29,82,32,76,26.609400978650406,73.32301346836152,2
10,27,59,37,39,42.23940097865041,74.44301346836153,3
5,27,42,29,62,46.4494009786504,84.61301346836153,7
6,33,42,37,53,37.5894009786504,71.06301346836153,9
8,27,61,36,63,32.049400978650404,64.51301346836154,4
9,37,58,41,63,31.699400978650406,76.89301346836153,1
8,27,62,29,76,40.4494009786504,76.26301346836152,1
8,27,64,31,68,30.729400978650407,75.27301346836154,1
5,27,42,29,77,61.4494009786504,82.06301346836153,3
5,27,42,29,47,31.449400978650406,67.69301346836153,9
6,28,51,29,57,32.509400978650405,73.92301346836153,8
7,27,58,42,63,38.70940097865041,75.08301346836153,4
9,28,73,48,77,42.759400978650405,75.70301346836153,4
6,50,42,53,51,35.48940097865041,77.31301346836153,9
8,29,68,37,65,29.449400978650406,60.41301346836153,7
7,27,49,47,45,41.4794009786504,75.73301346836153,6
7,27,52,29,58,32.4494009786504,68.21301346836154,4
8,50,51,29,39,48.149400978650405,67.92301346836153,5
6,35,50,29,54,34.079400978650405,72.91301346836153,8
10,27,59,46,39,47.48940097865041,86.97301346836153,3
5,27,42,29,48,32.4494009786504,63.67301346836153,1
6,27,48,30,57,35.48940097865041,57.97301346836153,7
6,29,71,31,81,36.4494009786504,77.18301346836154,3
9,38,50,36,47,27.449400978650406,51.013013468361535,8
5,27,42,29,57,41.4494009786504,67.42301346836153,10
8,27,53,31,66,39.56940097865041,61.67301346836153,1
5,46,42,29,51,45.9194009786504,74.39301346836153,8
11,27,70,40,39,53.5294009786504,86.81301346836153,3
6,27,65,29,73,34.4494009786504,77.90301346836154,3
5,49,42,29,50,48.04940097865041,72.04301346836152,4
5,27,42,29,46,30.449400978650406,71.81301346836153,1
7,27,57,55,55,49.469400978650405,78.43301346836154,9
7,27,48,37,43,31.699400978650406,51.013013468361535,6
5,27,42,29,53,37.4494009786504,86.01301346836152,6
7,27,52,29,58,32.4494009786504,64.51301346836154,4
8,28,85,59,81,52.469400978650405,86.22301346836153,6
8,27,50,29,54,30.449400978650406,68.72301346836153,9
9,35,79,29,73,31.989400978650405,76.95301346836153,3
5,27,42,30,77,61.45940097865041,96.53301346836153,3
9,27,42,52,38,46.469400978650405,86.97301346836153,6
5,27,42,29,50,34.4494009786504,56.623013468361535,10
6,42,42,45,49,33.49940097865041,66.83301346836153,9
5,27,42,29,58,42.4494009786504,82.95301346836153,10
8,35,42,38,50,34.49940097865041,54.31301346836153,8
5,48,42,32,45,42.4194009786504,74.89301346836153,4
9,57,49,53,46,29.449400978650406,84.82301346836152,8
5,27,42,29,52,36.4494009786504,63.29301346836153,1
6,29,54,29,62,34.62940097865041,85.09301346836153,8
8,27,67,49,62,43.54940097865041,65.23301346836153,7
7,27,62,48,57,42.54940097865041,71.01301346836152,6
5,56,42,29,53,55.649400978650405,84.82301346836152,8
7,27,58,51,55,45.4494009786504,79.74301346836154,6
8,27,55,29,60,31.449400978650406,58.45301346836153,1
5,27,42,29,77,61.4494009786504,89.01301346836152,2
10,27,69,37,39,51.609400978650406,79.53301346836153,3
7,34,66,43,58,32.049400978650404,64.51301346836154,5
9,57,52,56,49,26.449400978650406,86.46301346836154,8
8,34,80,38,74,27.059400978650405,76.16301346836153,2
10,27,48,52,39,47.219400978650405,86.44301346836153,3
7,27,62,48,47,45.9194009786504,79.31301346836153,1
9,49,69,51,57,32.4494009786504,72.87301346836153,3
7,27,53,53,51,47.469400978650405,68.59301346836153,1
9,43,80,45,70,30.449400978650406,80.03301346836153,3
7,27,52,29,60,34.4494009786504,77.07301346836152,4
9,45,54,46,45,29.529400978650408,73.46301346836154,5
8,27,49,31,54,31.699400978650406,73.21301346836154,1
5,27,42,29,60,44.4494009786504,67.05301346836154,2
8,27,63,31,70,33.649400978650405,86.52301346836154,1
5,27,42,29,52,36.4494009786504,81.48301346836153,10
5,27,42,29,51,35.4494009786504,66.45301346836153,10
5,27,42,29,60,44.4494009786504,70.09301346836153,9
7,27,54,29,64,36.4494009786504,75.70301346836153,4
8,27,59,34,76,44.06940097865041,71.29301346836152,1
9,64,61,29,45,62.6694009786504,88.44301346836153,3
7,27,67,45,55,41.8094009786504,77.99301346836154,9
6,27,50,29,65,41.4494009786504,59.89301346836153,10
5,46,42,29,51,45.9194009786504,74.39301346836153,8
12,27,65,45,39,51.469400978650405,94.50301346836153,3
5,27,42,29,51,35.4494009786504,57.29301346836153,7
5,27,42,29,53,37.4494009786504,86.47301346836153,7
5,27,42,30,67,51.469400978650405,78.90301346836154,3
8,56,55,29,39,55.2294009786504,81.01301346836152,5
7,29,75,36,71,28.549400978650404,67.17301346836153,3
10,37,48,29,39,35.109400978650406,74.36301346836153,5
7,44,68,46,52,36.4494009786504,74.84301346836153,5
8,34,73,51,66,38.969400978650405,72.87301346836153,3
5,27,42,29,56,40.4494009786504,76.81301346836153,6
7,27,61,46,51,41.829400978650405,75.75301346836153,1
6,27,60,29,68,34.4494009786504,64.59301346836153,10
5,27,42,29,50,34.4494009786504,61.53301346836153,7
7,27,56,29,67,37.4494009786504,80.62301346836153,8
6,27,58,30,68,36.48940097865041,73.52301346836154,10
9,38,75,40,65,30.449400978650406,72.77301346836154,3
7,27,54,29,62,34.4494009786504,71.22301346836153,4
6,30,48,29,51,30.159400978650407,60.50301346836153,4
6,27,54,29,75,47.4494009786504,80.22301346836153,6
6,27,56,29,59,29.449400978650406,57.38301346836153,7
5,27,42,29,64,48.4494009786504,80.34301346836153,9
8,27,60,30,77,43.469400978650405,80.41301346836153,9
6,28,72,30,75,29.449400978650406,69.43301346836154,3
9,43,58,47,80,48.5294009786504,77.99301346836154,9
5,27,42,29,61,45.4494009786504,76.87301346836153,10
7,27,55,43,51,37.48940097865041,58.45301346836153,1
7,27,56,31,60,30.729400978650407,64.51301346836154,4
10,29,88,33,94,32.66940097865041,89.11301346836153,1
5,27,42,29,64,48.4494009786504,81.59301346836153,1
8,37,79,39,69,30.449400978650406,77.36301346836153,3
6,27,51,29,72,47.4494009786504,76.81301346836153,6
5,46,42,29,54,47.65940097865041,81.54301346836152,8
10,51,73,36,65,41.1694009786504,85.98301346836153,3
6,36,48,29,51,34.26940097865041,73.46301346836154,4
8,44,74,46,58,36.4494009786504,78.52301346836154,3
5,27,42,29,76,60.4494009786504,73.52301346836154,5
6,28,81,30,102,47.4494009786504,98.46301346836154,3
6,50,42,54,49,33.649400978650405,86.55301346836154,1
7,27,42,56,41,50.51940097865041,83.98301346836153,10
7,27,50,46,48,40.4794009786504,67.69301346836153,9
10,64,50,60,47,29.449400978650406,95.41301346836153,8
8,39,58,41,47,31.449400978650406,59.153013468361536,5
8,33,73,42,66,31.509400978650405,66.83301346836153,2
10,36,46,29,39,33.299400978650404,60.04301346836153,5
8,27,66,38,69,34.26940097865041,73.46301346836154,4
7,29,97,50,81,46.469400978650405,93.63301346836153,2
7,27,85,47,76,42.4194009786504,80.63301346836153,2
8,38,66,54,71,39.56940097865041,73.82301346836152,4
7,27,62,57,69,53.179400978650406,74.25301346836153,4
8,41,61,43,49,32.4494009786504,63.623013468361535,5
8,27,50,30,71,47.469400978650405,70.85301346836152,9
9,43,66,29,56,40.90940097865041,74.44301346836153,3
5,27,42,29,55,39.4494009786504,62.28301346836153,9
8,33,92,45,85,34.219400978650405,87.62301346836153,3
6,50,42,54,49,33.649400978650405,86.55301346836154,1
5,27,42,29,75,59.4494009786504,89.29301346836152,2
11,39,50,35,47,29.449400978650406,50.18301346836153,8
5,27,42,29,63,47.4494009786504,80.08301346836153,9
6,27,48,29,65,43.4494009786504,70.09301346836153,6
10,34,65,29,58,31.509400978650405,69.61301346836153,3
9,52,42,54,46,30.449400978650406,72.11301346836153,8
5,27,42,29,50,34.4494009786504,73.67301346836153,1
6,27,60,31,76,42.54940097865041,77.86301346836153,6
8,27,64,48,59,42.54940097865041,62.28301346836153,7
7,27,56,44,60,39.99940097865041,72.11301346836153,4
5,27,42,29,64,48.4494009786504,82.45301346836153,1
7,27,48,39,46,33.49940097865041,54.68301346836153,7
5,27,42,29,74,58.4494009786504,83.22301346836153,2
6,27,80,29,89,35.4494009786504,90.52301346836154,3
5,27,42,29,76,60.4494009786504,87.55301346836154,2
6,27,56,30,77,47.469400978650405,79.86301346836153,7
11,31,62,29,57,27.919400978650405,61.373013468361535,2
11,27,68,41,39,52.0894009786504,84.87301346836153,3
7,29,82,43,70,38.4494009786504,75.59301346836153,2
7,27,55,37,58,33.4494009786504,65.41301346836153,8
10,43,73,44,66,27.569400978650407,80.03301346836153,3
7,27,57,41,56,35.619400978650404,86.97301346836153,6
8,27,49,29,55,32.4494009786504,59.46301346836153,1
9,37,70,29,60,35.65940097865041,76.38301346836153,2
6,27,48,29,65,43.4494009786504,70.09301346836153,6
6,34,42,36,49,33.4494009786504,57.56301346836153,9
7,27,68,46,77,44.259400978650405,75.70301346836153,8
6,27,56,29,63,33.4494009786504,63.82301346836153,7
9,45,42,48,46,30.519400978650406,73.92301346836153,8
6,27,50,29,55,31.449400978650406,63.82301346836153,8
5,27,42,29,50,34.4494009786504,68.59301346836153,1
6,39,48,29,51,36.869400978650404,75.40301346836154,4
6,27,60,29,73,39.4494009786504,70.37301346836153,10
7,27,50,29,54,30.449400978650406,62.94301346836153,4
9,37,42,40,48,32.509400978650405,57.06301346836153,8
7,27,53,34,56,31.259400978650405,59.843013468361534,8
7,27,64,33,72,35.149400978650405,86.46301346836154,8
6,27,72,29,94,48.4494009786504,98.40301346836154,2
5,46,42,34,45,38.679400978650406,75.70301346836153,4
7,27,52,44,55,39.609400978650406,58.05301346836153,8
5,44,42,29,53,45.469400978650405,79.31301346836153,8
8,37,79,48,69,34.84940097865041,76.59301346836153,2
9,40,83,29,74,37.76940097865041,85.84301346836153,3
8,27,54,37,66,40.4494009786504,63.623013468361535,1
7,27,81,39,76,33.649400978650405,76.59301346836153,2
6,29,48,29,51,29.769400978650406,73.46301346836154,4
5,27,42,29,56,40.4494009786504,71.49301346836154,6
5,58,42,52,44,32.87940097865041,77.76301346836152,4
5,27,42,29,54,38.4494009786504,77.31301346836153,9
7,27,61,43,50,39.56940097865041,68.10301346836152,9
8,27,66,51,65,45.539400978650406,68.82301346836152,6
10,28,74,51,70,44.469400978650405,72.04301346836152,1
7,27,60,53,58,47.469400978650405,78.15301346836154,9
5,27,42,29,62,46.4494009786504,81.58301346836153,7
9,46,50,37,43,35.149400978650405,63.82301346836153,5
8,49,78,51,66,32.4494009786504,79.74301346836154,3
5,27,42,29,55,39.4494009786504,79.25301346836153,7
6,27,53,31,61,34.62940097865041,59.843013468361534,10
5,27,42,29,49,33.4494009786504,66.83301346836153,1
5,56,42,33,50,50.759400978650405,86.46301346836154,8
12,27,48,50,39,45.289400978650406,81.96301346836154,3
7,27,54,41,49,35.619400978650404,72.43301346836154,9
10,34,42,35,45,29.529400978650408,47.63301346836153,8
8,37,84,67,74,52.3094009786504,93.65301346836154,3
6,51,42,55,51,35.619400978650404,74.44301346836153,9
8,27,54,30,54,26.609400978650406,53.80301346836153,8
5,27,42,29,46,30.449400978650406,64.97301346836153,10
6,35,42,37,46,30.449400978650406,72.04301346836152,1
8,27,61,36,63,32.049400978650404,64.51301346836154,8
6,27,56,31,63,33.649400978650405,58.21301346836153,10
5,27,42,29,50,34.4494009786504,69.35301346836152,9
7,27,77,48,69,43.09940097865041,73.52301346836154,3
5,49,42,29,48,47.219400978650405,67.27301346836154,8
5,27,42,29,64,48.4494009786504,81.38301346836153,7
9,45,54,49,69,41.5594009786504,79.73301346836153,9
7,27,52,29,58,32.4494009786504,64.51301346836154,4
8,27,53,31,61,34.62940097865041,59.843013468361534,1
7,27,52,29,60,34.4494009786504,68.99301346836154,4
6,34,42,37,54,38.4794009786504,63.29301346836153,1
7,28,88,34,84,27.569400978650407,80.08301346836153,3
7,27,54,29,63,35.4494009786504,73.46301346836154,4
11,33,64,29,57,30.659400978650407,72.77301346836154,3
8,32,66,51,71,42.23940097865041,72.04301346836152,4
7,27,42,63,40,57.45940097865041,84.20301346836153,10
6,35,50,29,55,34.759400978650405,93.12301346836153,8
9,45,54,41,45,31.939400978650404,74.36301346836153,5
9,44,54,47,71,43.469400978650405,81.68301346836154,9
10,49,63,39,53,37.3394009786504,83.30301346836154,2
8,27,57,34,58,29.849400978650408,57.81301346836153,8
7,27,42,53,41,47.5294009786504,81.58301346836153,10
7,27,42,46,40,40.4794009786504,58.71301346836153,10
6,27,65,29,75,36.4494009786504,70.32301346836152,2
8,27,49,29,65,42.4494009786504,72.26301346836152,1
8,27,58,30,65,33.49940097865041,71.81301346836153,9
5,27,42,29,57,41.4494009786504,81.48301346836153,6
5,27,42,29,60,44.4494009786504,68.55301346836154,1
6,27,62,29,67,31.449400978650406,71.01301346836152,6
5,27,42,29,50,34.4494009786504,74.26301346836152,9
7,27,97,41,88,36.869400978650404,93.22301346836153,3
6,32,48,29,51,31.259400978650405,75.70301346836153,4
7,27,42,57,40,51.469400978650405,73.52301346836154,10
7,27,59,46,54,40.56940097865041,74.84301346836153,9
5,27,42,29,67,51.4494009786504,81.31301346836153,3
7,27,42,54,40,48.469400978650405,76.22301346836153,10
10,39,48,29,39,36.869400978650404,74.36301346836153,5
6,27,63,31,68,31.699400978650406,68.44301346836153,6
6,40,48,29,51,37.76940097865041,83.42301346836153,4
6,27,77,45,63,42.869400978650404,71.69301346836153,5
9,27,42,61,39,55.4494009786504,82.13301346836153,6
8,27,71,38,70,32.66940097865041,67.22301346836153,6
5,27,42,30,68,52.469400978650405,65.41301346836153,5
5,27,42,29,46,30.449400978650406,67.21301346836154,9
8,51,90,58,74,37.37940097865041,100.75301346836153,2
5,27,42,29,54,38.4494009786504,75.65301346836154,10
5,27,42,29,55,39.4494009786504,71.06301346836153,9
8,27,53,30,61,34.49940097865041,60.14301346836153,9
9,37,55,39,71,42.4494009786504,66.74301346836154,1
9,51,51,53,66,41.4494009786504,69.33301346836153,9
6,28,62,38,53,33.4494009786504,55.14301346836153,5
6,49,42,52,54,38.4794009786504,74.26301346836152,9
6,27,62,31,66,30.729400978650407,68.68301346836154,7
5,27,42,29,57,41.4494009786504,83.69301346836153,10
8,29,66,51,65,43.54940097865041,67.27301346836154,7
6,27,52,31,58,32.66940097865041,53.13301346836153,10
5,27,42,29,57,41.4494009786504,78.15301346836154,9
6,37,42,40,59,43.469400978650405,61.44301346836153,9
8,46,72,49,60,32.509400978650405,73.52301346836154,3
10,27,54,46,39,44.259400978650405,81.31301346836153,3
6,29,63,34,55,29.279400978650408,56.47301346836153,5
8,29,77,65,73,57.45940097865041,83.42301346836153,6
6,29,62,39,54,32.87940097865041,58.21301346836153,5
10,42,48,29,39,39.609400978650406,73.71301346836154,5
9,56,63,51,53,33.34940097865041,78.66301346836153,2
7,27,42,38,39,32.4494009786504,63.57301346836153,10
6,29,49,29,53,30.729400978650407,64.51301346836154,4
7,28,90,41,83,35.149400978650405,82.94301346836153,3
5,27,42,30,62,46.469400978650405,61.233013468361534,5
10,37,75,29,66,35.109400978650406,86.37301346836153,3
5,27,42,29,57,41.4494009786504,92.62301346836153,7
9,32,61,40,61,30.159400978650407,57.81301346836153,8
9,39,50,35,43,30.659400978650407,60.04301346836153,5
7,27,50,29,55,31.449400978650406,60.50301346836153,8
6,27,54,29,59,31.449400978650406,60.80301346836153,10
7,27,53,53,45,47.969400978650405,73.21301346836154,9
10,29,65,35,67,29.849400978650408,63.67301346836153,1
8,63,88,65,72,36.4494009786504,100.63301346836153,3
6,27,62,29,71,35.4494009786504,75.08301346836153,10
9,33,61,41,61,30.159400978650407,58.273013468361526,8
8,29,72,57,69,49.4494009786504,75.73301346836153,6
7,27,50,34,51,29.849400978650408,47.10301346836153,8
8,34,42,35,49,33.49940097865041,50.67301346836153,8
10,28,83,33,87,31.069400978650407,85.60301346836152,1
10,33,46,29,39,30.659400978650407,62.05301346836153,5
10,56,58,49,50,33.74940097865041,77.14301346836153,3
5,45,42,31,45,40.539400978650406,73.46301346836154,4
5,27,42,29,45,29.449400978650406,58.71301346836153,9
9,44,71,46,57,34.4494009786504,73.93301346836154,2
7,27,60,31,66,32.66940097865041,73.46301346836154,4
6,29,81,31,100,45.4494009786504,100.33301346836154,3
8,27,75,37,80,34.759400978650405,93.12301346836153,8
7,28,75,49,70,42.54940097865041,77.14301346836153,3
6,27,63,30,84,47.469400978650405,96.15301346836154,7
5,27,42,29,53,37.4494009786504,79.86301346836153,7
9,34,49,34,69,46.539400978650406,70.87301346836153,1
7,27,54,39,51,33.4494009786504,59.46301346836153,7
8,41,95,43,81,34.4494009786504,98.46301346836154,3
9,41,63,35,65,32.87940097865041,62.74301346836153,1
5,38,42,34,43,30.659400978650407,57.81301346836153,8
5,27,42,29,69,53.4494009786504,69.83301346836153,5
9,39,49,29,39,37.3394009786504,65.41301346836153,5
9,34,49,34,69,46.539400978650406,70.87301346836153,1
10,37,64,33,58,30.159400978650407,64.83301346836153,2
9,34,64,32,80,42.869400978650404,74.80301346836154,1
7,27,59,38,56,32.4494009786504,71.29301346836152,1
7,27,56,31,60,30.729400978650407,64.51301346836154,4
5,27,42,30,69,53.469400978650405,80.22301346836153,3
5,27,42,30,68,52.469400978650405,65.41301346836153,5
7,27,42,38,40,32.509400978650405,77.14301346836153,10
10,54,49,50,46,29.449400978650406,72.11301346836153,8
5,27,42,29,69,53.4494009786504,90.15301346836154,2
6,28,68,39,57,35.48940097865041,62.28301346836153,5
8,27,49,32,70,47.63940097865041,71.81301346836153,1
5,27,42,29,62,46.4494009786504,81.91301346836153,9
9,48,75,50,63,32.4494009786504,78.39301346836153,3
8,44,59,43,47,32.939400978650404,71.22301346836153,5
7,27,56,44,59,39.609400978650406,58.21301346836153,4
5,27,42,29,58,42.4494009786504,72.16301346836153,1
8,27,63,30,84,47.469400978650405,81.68301346836154,9
6,27,79,29,100,47.4494009786504,100.75301346836153,2
5,27,42,29,55,39.4494009786504,73.52301346836154,10
5,27,42,29,52,36.4494009786504,60.67301346836153,1
7,27,64,51,71,47.619400978650404,72.04301346836152,4
5,60,42,29,51,58.5594009786504,82.05301346836154,4
10,51,67,41,56,37.869400978650404,93.22301346836153,3
7,27,57,43,54,37.4494009786504,77.31301346836153,6
11,31,67,29,61,28.449400978650406,70.09301346836153,2
11,41,53,38,50,28.449400978650406,64.51301346836154,8
8,30,75,51,83,45.399400978650405,83.82301346836152,8
10,46,52,43,49,28.449400978650406,65.41301346836153,8
7,27,99,65,85,61.0894009786504,100.63301346836153,3
6,44,48,29,51,41.4794009786504,76.01301346836152,4
8,27,50,30,56,32.509400978650405,74.03301346836153,1
9,40,81,39,71,31.069400978650407,84.87301346836153,3
9,48,56,50,70,40.4494009786504,73.17301346836153,9
6,36,47,29,49,33.74940097865041,69.45301346836153,4
5,27,42,29,68,52.4494009786504,84.13301346836153,2
7,41,66,44,54,32.509400978650405,66.75301346836153,5
8,34,76,38,70,27.059400978650405,72.50301346836153,3
6,43,42,46,48,32.509400978650405,66.83301346836153,9
8,46,85,50,75,30.729400978650407,85.60301346836152,3
10,27,58,37,39,41.3394009786504,66.19301346836153,3
5,40,42,32,45,35.109400978650406,60.50301346836153,4
5,27,42,29,62,46.4494009786504,84.61301346836153,7
7,27,65,45,62,39.4494009786504,84.61301346836153,7
6,40,42,42,53,37.4494009786504,64.10301346836152,9
8,31,69,37,64,27.919400978650405,61.373013468361535,2
7,27,56,39,55,33.649400978650405,78.49301346836154,6
7,27,54,31,57,29.769400978650406,60.04301346836153,4
8,29,63,43,67,37.3394009786504,64.51301346836154,4
7,27,52,29,58,32.4494009786504,64.51301346836154,4
7,27,57,53,51,47.63940097865041,77.31301346836153,9
5,27,42,31,73,57.509400978650405,71.22301346836153,5
10,27,75,50,80,45.9194009786504,80.22301346836153,1
7,27,53,49,52,43.54940097865041,67.27301346836154,6
5,41,42,31,46,37.3394009786504,64.51301346836154,4
5,27,42,29,45,29.449400978650406,51.013013468361535,6
5,27,42,29,45,29.449400978650406,53.33301346836153,7
6,52,42,54,57,41.4494009786504,80.38301346836153,1
9,38,54,36,70,42.869400978650404,66.10301346836152,1
7,27,60,38,66,36.179400978650406,80.07301346836152,4
11,27,70,40,39,53.5294009786504,86.81301346836153,3
6,27,49,29,65,42.4494009786504,64.27301346836153,6
5,27,42,29,56,40.4494009786504,61.44301346836153,9
9,47,49,43,46,29.449400978650406,74.39301346836153,8
5,27,42,29,47,31.449400978650406,57.623013468361535,7
6,29,78,31,95,43.4494009786504,94.95301346836153,3
8,27,78,48,77,42.54940097865041,81.01301346836152,7
10,27,88,33,90,29.849400978650408,85.00301346836153,1
10,46,69,46,61,28.839400978650406,82.06301346836153,2
6,27,58,31,63,31.699400978650406,61.44301346836153,6
5,27,42,29,49,33.4494009786504,69.57301346836152,1
6,50,42,54,45,29.769400978650406,77.86301346836153,9
6,27,54,31,72,44.54940097865041,68.68301346836154,10
5,41,42,29,50,41.24940097865041,68.14301346836153,4
8,46,78,48,65,33.4494009786504,82.06301346836153,2
7,27,64,51,71,47.619400978650404,72.04301346836152,4
6,49,42,53,62,46.539400978650406,78.15301346836154,1
5,27,42,30,59,43.469400978650405,55.14301346836153,5
8,29,64,39,63,31.699400978650406,59.21301346836153,7
5,40,42,36,43,30.659400978650407,60.50301346836153,8
5,27,42,29,59,43.4494009786504,85.41301346836153,7
9,27,42,50,39,44.4494009786504,70.65301346836154,6
6,27,76,31,91,41.5594009786504,88.57301346836152,2
10,44,69,45,60,29.529400978650408,82.25301346836153,3
9,49,57,52,72,41.4794009786504,73.43301346836154,1
10,36,47,29,39,33.74940097865041,69.88301346836153,5
5,27,42,29,47,31.449400978650406,60.233013468361534,6
8,27,77,40,72,34.62940097865041,80.63301346836153,7
6,35,42,38,48,32.509400978650405,61.67301346836153,1
7,27,59,57,56,51.4494009786504,80.84301346836153,7
5,27,42,29,58,42.4494009786504,82.95301346836153,1
6,28,69,30,86,43.4494009786504,83.91301346836153,3
6,27,55,30,77,48.469400978650405,84.20301346836153,10
8,27,48,31,70,48.5294009786504,67.22301346836153,9
6,28,68,30,87,45.4494009786504,82.94301346836153,3
5,27,42,29,47,31.449400978650406,55.68301346836153,10
5,27,42,29,46,30.449400978650406,52.00301346836153,7
5,27,42,29,59,43.4494009786504,79.31301346836153,1
6,27,50,30,65,41.4794009786504,66.01301346836152,10
8,29,63,40,60,32.4494009786504,63.04301346836153,6
8,28,68,36,65,29.449400978650406,67.92301346836153,7
9,46,82,48,72,30.449400978650406,82.06301346836153,3
8,45,90,54,82,32.049400978650404,89.11301346836153,3
8,29,62,44,61,36.59940097865041,59.843013468361534,7
7,27,58,29,72,40.4494009786504,102.52301346836154,8
6,28,75,30,89,40.4494009786504,84.20301346836153,3
6,29,76,31,91,41.4494009786504,90.48301346836153,3
6,27,77,31,91,40.56940097865041,90.07301346836152,2
5,27,42,29,63,47.4494009786504,63.80301346836153,1
5,55,42,47,44,34.62940097865041,76.40301346836154,8
8,28,86,59,82,52.469400978650405,86.46301346836154,7
9,40,65,42,80,41.4494009786504,78.13301346836153,9
8,52,56,41,46,38.20940097865041,70.01301346836152,5
7,27,61,37,46,37.869400978650404,64.83301346836153,9
6,35,42,37,66,50.4494009786504,85.82301346836152,9
5,27,42,29,74,58.4494009786504,90.07301346836152,2
8,29,60,44,63,37.76940097865041,61.513013468361535,4
7,41,66,45,55,31.699400978650406,69.88301346836153,5
10,27,56,42,39,42.54940097865041,75.27301346836154,3
6,27,48,30,54,32.509400978650405,52.42301346836153,10
6,27,55,29,65,36.4494009786504,75.70301346836153,8
5,27,42,29,46,30.449400978650406,71.81301346836153,9
7,44,56,46,46,30.449400978650406,59.46301346836153,5
5,34,42,30,41,29.769400978650406,49.85301346836153,8
6,27,50,29,55,31.449400978650406,62.05301346836153,4
6,27,56,31,71,41.5594009786504,76.40301346836154,6
8,27,55,31,68,39.56940097865041,63.29301346836153,1
6,27,72,30,77,31.509400978650405,72.26301346836152,2
9,52,68,54,56,32.4494009786504,75.41301346836153,3
9,27,42,40,39,34.4494009786504,51.013013468361535,6
5,27,42,29,58,42.4494009786504,72.57301346836152,7
5,27,42,29,49,33.4494009786504,62.28301346836153,9
12,27,51,41,39,38.4494009786504,75.41301346836153,3
10,65,51,63,48,27.449400978650406,92.88301346836153,8
9,53,75,55,63,32.4494009786504,80.92301346836153,3
7,27,64,42,61,36.4494009786504,92.62301346836153,6
7,27,48,48,46,42.4794009786504,67.92301346836153,6
5,27,42,29,63,47.4494009786504,62.05301346836153,5
6,29,66,35,59,29.109400978650406,60.04301346836153,5
10,37,49,29,39,35.65940097865041,77.50301346836153,5
9,40,50,38,43,29.109400978650406,59.63301346836153,5
6,32,49,29,53,32.049400978650404,77.93301346836154,4
5,27,42,29,57,41.4494009786504,76.22301346836153,1
6,33,42,35,52,36.4494009786504,68.72301346836153,9
9,30,73,29,67,27.689400978650404,69.43301346836154,3
8,27,55,31,73,44.54940097865041,70.37301346836153,1
6,48,42,50,49,33.4494009786504,71.49301346836154,9
8,27,73,39,72,33.649400978650405,75.22301346836153,7
7,27,48,29,52,30.449400978650406,59.46301346836153,4
9,40,54,33,80,53.8094009786504,76.22301346836153,1
10,50,48,45,45,30.449400978650406,77.63301346836153,8
5,27,42,30,61,45.469400978650405,60.41301346836153,5
8,48,42,52,46,30.729400978650407,65.77301346836154,8
7,27,52,29,58,32.4494009786504,64.51301346836154,4
7,27,82,43,71,39.56940097865041,76.67301346836153,3
6,27,72,43,63,38.679400978650406,66.75301346836153,5
8,27,61,30,74,39.4794009786504,79.83301346836153,1
8,29,86,65,82,57.45940097865041,90.06301346836153,7
5,27,42,29,57,41.4494009786504,81.48301346836153,6
9,40,49,40,67,44.54940097865041,64.08301346836153,1
6,27,81,63,65,59.84940097865041,84.95301346836153,5
6,27,62,30,76,40.4794009786504,71.81301346836153,2
9,37,48,34,42,29.279400978650408,56.47301346836153,5
7,27,57,43,54,37.4494009786504,77.31301346836153,6
9,38,57,40,78,47.4494009786504,73.73301346836153,9
8,43,57,45,47,30.449400978650406,60.41301346836153,5
9,27,42,50,39,44.4494009786504,65.86301346836153,6
5,27,42,29,46,30.449400978650406,76.22301346836153,1
6,29,46,29,47,27.919400978650405,60.04301346836153,4
6,49,42,52,54,38.4794009786504,74.26301346836152,9
6,45,47,29,49,42.12940097865041,76.40301346836154,8
8,29,74,51,71,43.4494009786504,77.76301346836152,7
6,29,69,41,60,35.109400978650406,64.10301346836152,5
6,29,46,29,47,27.919400978650405,61.513013468361535,4
7,27,57,56,48,51.109400978650406,70.69301346836153,1
9,35,56,37,76,46.4494009786504,71.06301346836153,9
6,27,60,29,73,39.4494009786504,70.37301346836153,10
5,27,42,31,65,49.5294009786504,73.71301346836154,3
8,27,60,29,64,30.449400978650406,62.36301346836153,9
8,27,59,35,65,34.26940097865041,62.74301346836153,1
7,27,42,40,41,34.62940097865041,56.04301346836153,10
6,39,42,42,46,30.519400978650406,64.08301346836153,1
7,27,95,50,81,47.15940097865041,91.81301346836153,2
7,27,66,54,64,48.469400978650405,87.77301346836154,6
7,37,60,42,51,30.159400978650407,60.50301346836153,5
10,40,46,29,39,37.049400978650404,67.18301346836154,5
9,46,42,50,47,31.699400978650406,77.12301346836153,8
6,27,49,31,70,47.5294009786504,70.65301346836154,6
9,31,71,46,73,37.37940097865041,71.68301346836154,8
7,44,72,49,59,33.88940097865041,77.04301346836152,5
8,52,59,54,47,32.4494009786504,69.28301346836153,5
5,54,42,41,46,39.99940097865041,72.11301346836153,4
11,47,53,29,45,44.06940097865041,77.14301346836153,3
9,49,42,53,45,29.769400978650406,72.91301346836153,8
7,27,56,53,53,47.4494009786504,77.31301346836153,7
10,43,79,35,72,34.219400978650405,87.62301346836153,3
8,27,49,32,70,47.63940097865041,71.81301346836153,1
8,27,63,41,65,36.4494009786504,71.49301346836154,4
7,27,42,54,39,48.4494009786504,82.95301346836153,10
5,27,42,29,61,45.4494009786504,79.53301346836153,7
5,57,42,29,52,56.149400978650405,82.25301346836153,8
5,27,42,29,72,56.4494009786504,93.63301346836153,2
6,27,53,29,70,43.4494009786504,73.03301346836153,6
10,41,82,29,71,39.56940097865041,96.46301346836154,2
6,28,63,30,68,31.449400978650406,64.99301346836154,3
9,36,47,29,39,33.74940097865041,55.57301346836153,5
9,36,72,47,75,34.26940097865041,73.46301346836154,4
7,27,52,29,59,33.4494009786504,66.75301346836153,4
7,27,59,40,59,34.84940097865041,61.44301346836153,9
10,27,54,46,39,44.259400978650405,81.31301346836153,3
7,29,86,39,79,32.38940097865041,88.82301346836152,3
5,27,42,29,49,33.4494009786504,53.13301346836153,10
8,39,84,48,75,32.66940097865041,83.91301346836153,3
5,27,42,29,77,61.4494009786504,86.35301346836152,3
5,27,42,29,52,36.4494009786504,58.45301346836153,1
9,49,50,36,74,54.3394009786504,74.55301346836154,1
10,42,48,29,39,39.609400978650406,73.71301346836154,5
6,27,60,29,75,41.4494009786504,81.01301346836152,7
7,27,87,43,73,41.24940097865041,81.31301346836153,3
7,27,52,42,53,37.049400978650404,53.013013468361535,8
9,29,72,47,75,40.539400978650406,73.46301346836154,4
7,27,42,42,39,36.4494009786504,54.61301346836153,10
6,27,73,29,89,42.4494009786504,86.02301346836154,2
5,27,42,30,59,43.469400978650405,74.84301346836153,3
11,31,66,29,60,28.449400978650406,72.43301346836154,2
6,27,71,29,87,42.4494009786504,84.13301346836153,2
9,59,42,59,48,32.66940097865041,89.82301346836152,8
8,28,60,46,57,39.4494009786504,57.97301346836153,7
7,29,102,41,93,35.109400978650406,97.83301346836154,3
9,44,48,29,39,41.4794009786504,64.61301346836153,5
8,27,60,29,67,33.4494009786504,72.16301346836153,9
7,27,58,39,63,36.259400978650405,59.21301346836153,4
5,27,42,29,58,42.4494009786504,71.22301346836153,7
10,41,58,29,47,39.56940097865041,76.67301346836153,3
7,28,102,76,83,72.1494009786504,109.43301346836154,3
6,50,42,52,53,37.4494009786504,65.74301346836154,1
7,27,50,36,47,30.449400978650406,56.983013468361534,7
7,27,48,50,45,44.4494009786504,75.22301346836153,6
9,52,54,54,68,40.4494009786504,76.22301346836153,1
11,41,51,39,48,27.449400978650406,62.74301346836153,8
10,28,73,38,65,32.87940097865041,65.78301346836153,1
7,27,63,40,61,34.49940097865041,81.72301346836153,7
5,43,42,31,44,38.31940097865041,69.45301346836153,8
6,31,54,29,64,37.049400978650404,89.57301346836152,8
9,38,60,30,62,34.62940097865041,58.71301346836153,1
6,27,64,31,83,45.539400978650406,79.70301346836153,2
6,46,42,49,50,34.49940097865041,76.26301346836152,1
9,36,51,37,69,44.469400978650405,85.00301346836153,1
7,27,59,42,56,36.4494009786504,69.61301346836153,9
9,27,42,40,41,34.62940097865041,79.74301346836154,6
7,27,48,29,50,28.449400978650406,53.21301346836153,8
7,27,54,36,46,32.049400978650404,70.87301346836153,1
7,28,92,38,86,31.989400978650405,84.20301346836153,3
6,27,80,29,84,30.449400978650406,82.06301346836153,3
6,51,42,53,51,35.4494009786504,68.59301346836153,1
8,31,79,54,89,48.149400978650405,89.57301346836152,8
7,27,49,54,51,48.9494009786504,76.22301346836153,1
7,27,53,36,49,30.519400978650406,59.78301346836153,7
5,39,42,34,43,31.509400978650405,60.04301346836153,4
10,56,62,45,52,38.20940097865041,89.29301346836152,2
10,61,62,39,52,48.4494009786504,88.82301346836152,3
8,27,62,29,76,40.4494009786504,76.26301346836152,1
6,44,42,48,50,34.62940097865041,69.57301346836152,1
6,27,47,29,49,28.449400978650406,58.05301346836153,8
5,27,42,29,69,53.4494009786504,72.26301346836152,2
5,27,42,29,54,38.4494009786504,71.42301346836153,9
9,29,72,47,75,40.539400978650406,73.46301346836154,4
8,29,75,57,71,49.469400978650405,78.49301346836154,7
7,39,63,44,53,31.069400978650407,64.10301346836152,5
8,43,74,45,62,32.4494009786504,73.52301346836154,3
5,57,42,29,51,55.759400978650405,80.07301346836152,8
7,27,77,48,69,43.09940097865041,73.52301346836154,3
7,27,54,41,45,36.869400978650404,60.04301346836153,1
6,27,65,29,87,48.4494009786504,84.83301346836153,2
7,27,42,54,40,48.469400978650405,77.86301346836153,10
8,34,70,36,62,28.449400978650406,62.07301346836153,3
7,27,58,31,63,31.699400978650406,72.04301346836152,8
10,44,60,37,51,34.26940097865041,73.93301346836154,2
7,27,62,47,55,41.88940097865041,78.40301346836154,1
6,38,42,42,47,31.699400978650406,62.28301346836153,9
7,27,42,46,41,40.56940097865041,66.83301346836153,10
10,37,67,29,58,35.109400978650406,76.59301346836153,2
11,27,74,38,39,56.68940097865041,84.20301346836153,3
8,64,42,68,49,33.649400978650405,92.01301346836152,8
11,37,56,29,46,35.65940097865041,83.30301346836154,2
6,27,60,29,63,29.449400978650406,64.61301346836153,7
7,29,83,51,75,44.06940097865041,79.74301346836154,3
5,27,42,29,63,47.4494009786504,60.04301346836153,5
8,42,57,43,47,30.519400978650406,66.75301346836153,5
9,46,50,47,56,32.509400978650405,71.29301346836152,9
7,27,56,31,60,30.729400978650407,64.51301346836154,4
5,45,42,38,45,34.26940097865041,73.46301346836154,4
7,27,54,31,57,29.769400978650406,60.04301346836153,4
11,40,72,29,63,37.76940097865041,96.15301346836154,3
5,27,42,29,68,52.4494009786504,92.57301346836152,2
5,27,42,29,62,46.4494009786504,81.91301346836153,9
10,54,48,51,45,28.449400978650406,70.69301346836153,8
6,30,47,29,49,29.279400978650408,65.97301346836153,8
9,40,57,46,57,28.449400978650406,60.123013468361535,8
7,27,88,45,83,39.56940097865041,82.25301346836153,3
7,37,72,47,63,33.4494009786504,74.36301346836153,5
8,27,65,31,86,47.5294009786504,82.94301346836153,9
9,45,54,39,45,33.4494009786504,74.36301346836153,5
6,27,59,29,75,42.4494009786504,80.84301346836153,7
6,29,78,46,69,39.609400978650406,73.46301346836154,5
6,27,74,29,93,45.4494009786504,88.75301346836153,2
7,27,67,44,63,38.4794009786504,86.46301346836154,7
6,45,42,48,47,31.509400978650405,71.29301346836152,9
9,40,76,36,68,31.259400978650405,77.18301346836154,3
9,50,58,52,62,30.449400978650406,67.92301346836153,9
5,56,42,29,52,55.2294009786504,83.21301346836154,8
5,27,42,29,64,48.4494009786504,80.34301346836153,9
5,27,42,31,65,49.5294009786504,72.50301346836153,3
9,52,52,29,39,50.37940097865041,82.25301346836153,5
5,34,42,29,44,32.049400978650404,50.67301346836153,8
9,27,42,52,41,46.539400978650406,67.92301346836153,6
5,27,42,29,61,45.4494009786504,85.00301346836153,1
7,27,63,53,57,47.63940097865041,70.09301346836153,9
8,27,64,31,85,47.5294009786504,94.05301346836154,1
12,27,65,45,39,51.469400978650405,94.50301346836153,3
6,27,48,31,62,40.56940097865041,63.04301346836153,10
8,29,88,59,84,51.469400978650405,88.13301346836153,7
11,56,52,54,49,27.449400978650406,76.40301346836154,8
8,27,69,34,73,32.049400978650404,77.93301346836154,4
7,41,60,48,52,30.519400978650406,65.41301346836153,5
7,27,63,44,63,38.74940097865041,68.55301346836154,1
10,40,73,41,66,27.569400978650407,82.94301346836153,3
5,27,42,29,51,35.4494009786504,74.94301346836153,6
8,43,54,29,39,43.4494009786504,71.69301346836153,5
7,27,53,37,50,31.449400978650406,61.53301346836153,7
5,27,42,29,48,32.4494009786504,72.26301346836152,9
8,27,67,30,88,47.469400978650405,83.22301346836153,9
5,47,42,39,45,35.109400978650406,67.92301346836153,8
5,41,42,31,46,37.3394009786504,64.51301346836154,4
10,29,85,53,52,60.649400978650405,82.45301346836153,1
7,27,48,29,50,28.449400978650406,53.21301346836153,8
9,39,75,29,63,38.4494009786504,82.69301346836153,2
9,52,83,68,89,40.0894009786504,98.51301346836152,8
7,27,58,46,63,42.23940097865041,62.623013468361535,4
5,27,42,29,50,34.4494009786504,59.843013468361534,10
9,34,63,42,65,31.259400978650405,62.28301346836153,8
8,28,72,43,67,36.59940097865041,72.91301346836153,6
6,27,54,30,57,29.529400978650408,52.91301346836153,10
6,39,42,43,46,30.729400978650407,67.21301346836154,9
5,27,42,29,71,55.4494009786504,88.75301346836153,2
5,27,42,29,75,59.4494009786504,95.06301346836153,3
5,27,42,29,62,46.4494009786504,81.58301346836153,7
5,27,42,30,60,44.469400978650405,80.92301346836153,3
5,27,42,29,63,47.4494009786504,78.49301346836154,7
9,60,63,29,45,59.6994009786504,92.29301346836152,3
5,46,42,30,45,42.4194009786504,75.70301346836153,4
5,42,42,29,47,40.4494009786504,61.513013468361535,4
5,27,42,29,56,40.4494009786504,83.46301346836154,7
11,33,63,29,56,30.659400978650407,71.81301346836153,2
6,35,42,39,47,31.699400978650406,62.00301346836153,9
8,27,64,30,76,38.4794009786504,74.80301346836154,1
6,27,49,30,56,33.49940097865041,52.00301346836153,7
11,34,56,29,49,31.509400978650405,72.87301346836153,3
5,43,42,31,47,39.56940097865041,68.99301346836154,4
6,29,48,29,51,29.769400978650406,73.46301346836154,4
6,28,76,30,85,35.4494009786504,80.08301346836153,3
6,27,72,29,78,32.4494009786504,73.47301346836153,2
9,41,70,39,62,29.849400978650408,71.84301346836153,2
7,27,56,53,52,47.469400978650405,79.86301346836153,7
9,28,61,40,61,33.88940097865041,57.81301346836153,8
9,54,49,57,69,46.469400978650405,74.25301346836153,9
9,27,42,50,39,44.4494009786504,70.65301346836154,6
5,38,42,30,43,34.219400978650405,57.81301346836153,8
8,53,89,55,71,38.4494009786504,97.68301346836154,2
5,27,42,29,59,43.4494009786504,83.42301346836153,7
6,35,42,39,57,41.5594009786504,75.41301346836153,9
6,27,57,29,76,45.4494009786504,82.79301346836152,10
10,66,42,69,50,34.49940097865041,98.51301346836152,8
6,28,78,54,69,48.189400978650404,83.42301346836153,5
8,27,58,29,74,42.4494009786504,75.09301346836153,9
7,27,51,42,49,36.48940097865041,53.06301346836153,7
9,49,48,48,45,26.449400978650406,67.27301346836154,8
8,53,95,64,83,36.179400978650406,101.81301346836153,2
7,28,75,49,70,42.54940097865041,77.14301346836153,3
6,27,62,29,72,36.4494009786504,74.83301346836153,6
9,36,59,34,76,43.84940097865041,71.29301346836152,1
5,27,42,29,59,43.4494009786504,74.80301346836154,1
7,27,52,48,47,42.54940097865041,70.43301346836154,1
7,27,48,41,47,35.619400978650404,66.45301346836153,7
11,40,50,38,47,27.449400978650406,60.50301346836153,8
6,27,64,31,85,47.5294009786504,92.62301346836153,6
9,43,42,47,47,31.699400978650406,64.83301346836153,8
11,39,92,49,79,36.259400978650405,87.06301346836153,1
8,49,42,51,45,29.449400978650406,67.27301346836154,8
8,46,49,29,39,43.6994009786504,61.53301346836153,5
8,27,54,30,76,48.469400978650405,72.43301346836154,9
8,28,77,47,74,40.4494009786504,72.57301346836152,7
5,37,42,29,47,36.259400978650405,59.21301346836153,4
6,29,48,29,51,29.769400978650406,71.22301346836153,4
9,49,53,53,71,44.54940097865041,73.21301346836154,1
7,28,87,39,80,33.299400978650404,83.30301346836154,2
5,61,42,53,45,35.109400978650406,84.20301346836153,4
9,27,42,40,39,34.4494009786504,83.54301346836152,6
6,27,55,30,61,32.509400978650405,57.81301346836153,10
7,27,57,40,56,34.62940097865041,65.23301346836153,7
5,27,42,30,60,44.469400978650405,56.47301346836153,5
8,44,49,29,39,41.829400978650405,59.46301346836153,5
5,27,42,29,53,37.4494009786504,68.68301346836154,6
6,39,42,41,53,37.4494009786504,62.28301346836153,9
5,27,42,29,53,37.4494009786504,73.02301346836154,1
6,27,55,29,65,36.4494009786504,75.70301346836153,8
7,27,42,52,40,46.469400978650405,78.49301346836154,10
11,33,82,41,60,43.369400978650404,74.97301346836153,1
6,46,42,48,61,45.4494009786504,82.06301346836153,9
6,33,42,35,52,36.4494009786504,63.80301346836153,1
8,44,42,45,47,31.509400978650405,77.07301346836152,8
6,36,42,39,52,36.48940097865041,66.74301346836154,1
7,27,56,42,53,36.4494009786504,64.10301346836152,9
7,27,50,37,45,31.699400978650406,64.51301346836154,7
9,41,48,39,45,27.449400978650406,64.51301346836154,8
7,27,51,53,48,47.4494009786504,64.45301346836153,9
9,29,62,41,63,34.219400978650405,60.04301346836153,4
6,27,55,29,65,36.4494009786504,83.21301346836154,8
6,27,60,29,76,42.4494009786504,84.20301346836153,7
6,49,42,52,60,44.469400978650405,75.09301346836153,9
5,27,42,29,60,44.4494009786504,80.62301346836153,9
6,27,63,30,71,34.49940097865041,69.98301346836153,7
5,27,42,29,56,40.4494009786504,72.41301346836153,6
11,53,49,49,46,29.449400978650406,84.32301346836152,8
7,27,64,50,59,44.54940097865041,87.41301346836153,6
9,67,87,69,65,42.4494009786504,106.99301346836154,3
6,52,42,56,46,30.729400978650407,74.25301346836153,9
8,52,59,54,47,32.4494009786504,69.28301346836153,5
9,50,73,50,59,34.62940097865041,90.07301346836152,2
6,34,42,36,46,30.449400978650406,70.87301346836153,1
8,27,63,30,81,44.469400978650405,80.62301346836153,9
10,36,46,29,39,33.299400978650404,60.50301346836153,5
10,28,66,38,70,34.079400978650405,69.57301346836152,1
5,27,42,29,48,32.4494009786504,76.81301346836153,6
9,50,79,52,61,38.4494009786504,87.34301346836153,2
6,36,42,38,55,39.4494009786504,68.38301346836153,9
10,27,70,33,39,51.7294009786504,69.43301346836154,3
10,29,65,53,65,45.649400978650405,68.59301346836153,1
6,27,53,29,61,34.4494009786504,72.04301346836152,4
7,27,59,46,56,40.4494009786504,66.01301346836152,6
9,35,75,37,67,28.449400978650406,70.09301346836153,2
6,27,68,29,78,36.4494009786504,73.47301346836153,2
8,27,72,50,68,44.469400978650405,72.91301346836153,6
9,46,54,48,68,40.4494009786504,74.80301346836154,9
11,35,62,29,55,32.38940097865041,78.39301346836153,3
7,27,54,45,51,39.4494009786504,57.29301346836153,7
10,41,56,29,45,39.56940097865041,73.93301346836154,2
6,27,49,29,53,30.449400978650406,51.653013468361536,10
8,27,52,42,62,41.829400978650405,65.74301346836154,1
9,41,52,36,44,32.049400978650404,64.51301346836154,5
7,27,68,46,77,44.259400978650405,75.70301346836153,8
6,38,42,42,53,37.5894009786504,74.32301346836152,9
8,27,70,49,65,43.54940097865041,71.01301346836152,6
7,27,50,29,56,32.4494009786504,62.74301346836153,8
9,44,52,29,39,43.1694009786504,75.70301346836153,5
9,43,52,43,44,28.839400978650406,68.99301346836154,5
11,31,61,29,55,28.449400978650406,64.83301346836153,2
5,27,42,29,48,32.4494009786504,79.88301346836153,7
5,27,42,29,47,31.449400978650406,62.763013468361535,6
10,38,42,41,48,32.509400978650405,53.21301346836153,8
7,27,42,51,41,45.539400978650406,69.61301346836153,10
9,27,42,37,40,31.509400978650405,61.44301346836153,6
7,27,42,40,41,34.62940097865041,57.81301346836153,10
10,27,48,56,39,51.109400978650406,109.43301346836154,3
8,59,76,61,60,36.4494009786504,89.25301346836153,2
5,27,42,29,51,35.4494009786504,70.87301346836153,1
6,35,47,29,49,32.87940097865041,60.123013468361535,8
7,27,60,43,58,37.48940097865041,68.14301346836153,7
8,29,80,51,78,43.469400978650405,84.95301346836153,6
9,27,42,44,40,38.4794009786504,61.013013468361535,6
7,27,65,60,63,54.469400978650405,77.76301346836152,7
7,27,52,37,48,31.509400978650405,64.61301346836153,6
7,27,42,54,40,48.469400978650405,82.95301346836153,10
8,37,86,39,74,32.4494009786504,84.20301346836153,2
8,27,82,41,79,35.4494009786504,87.02301346836154,6
7,27,42,38,40,32.509400978650405,58.843013468361534,10
6,27,69,30,86,43.469400978650405,83.19301346836153,2
10,28,70,32,74,30.729400978650407,71.29301346836152,1
6,27,62,31,74,38.579400978650405,68.90301346836154,10
7,28,76,35,69,29.849400978650408,69.61301346836153,3
7,27,56,33,60,31.509400978650405,65.46301346836154,4
6,27,80,29,83,29.449400978650406,83.33301346836153,2
6,27,72,43,63,38.679400978650406,66.75301346836153,5
7,27,49,43,46,37.4494009786504,63.623013468361535,7
8,27,56,35,72,43.369400978650404,67.42301346836153,1
7,29,94,50,77,47.04940097865041,90.48301346836153,3
11,32,72,29,66,29.279400978650408,82.06301346836153,3
7,44,72,49,59,33.88940097865041,77.04301346836152,5
7,27,66,35,61,29.769400978650406,68.90301346836154,7
7,27,42,52,40,46.469400978650405,75.09301346836153,10
7,27,53,43,48,37.5894009786504,60.14301346836153,9
5,43,42,37,44,32.87940097865041,68.99301346836154,4
6,27,56,31,71,41.5594009786504,78.49301346836154,6
9,46,79,48,66,33.4494009786504,82.06301346836153,2
8,36,49,29,39,34.84940097865041,55.14301346836153,5
11,37,61,29,51,35.65940097865041,90.52301346836154,3
10,51,62,29,45,51.2294009786504,102.56301346836153,2
7,27,49,40,46,34.4494009786504,51.013013468361535,6
8,27,50,31,61,37.5894009786504,69.33301346836153,9
8,41,83,43,70,33.4494009786504,83.21301346836154,2
9,45,42,46,49,33.49940097865041,65.41301346836153,8
7,27,65,40,74,39.7294009786504,89.82301346836152,8
6,45,42,47,46,30.449400978650406,77.07301346836152,9
10,52,76,47,68,32.049400978650404,89.11301346836153,3
7,41,61,45,54,27.919400978650405,60.41301346836153,5
5,27,42,29,52,36.4494009786504,57.81301346836153,10
6,32,46,29,47,29.849400978650408,60.04301346836153,4
6,51,42,53,57,41.4494009786504,70.09301346836153,9
7,27,90,43,80,39.09940097865041,83.21301346836154,2
8,27,50,31,61,37.5894009786504,69.33301346836153,9
9,39,59,43,77,44.54940097865041,73.71301346836154,1
6,33,42,37,50,34.62940097865041,67.17301346836153,1
10,52,76,45,67,34.26940097865041,95.45301346836153,2
9,50,51,50,58,33.649400978650405,66.45301346836153,9
6,44,42,48,51,35.619400978650404,74.89301346836153,9
9,35,51,34,48,26.449400978650406,49.33301346836153,8
8,29,67,49,65,41.4794009786504,66.01301346836152,7
6,27,66,31,72,32.66940097865041,78.49301346836154,7
7,27,52,29,59,33.4494009786504,72.91301346836153,8
9,27,42,51,38,45.469400978650405,81.38301346836153,6
5,27,42,29,50,34.4494009786504,84.87301346836153,6
8,27,50,29,68,44.4494009786504,67.69301346836153,9
7,27,87,43,73,41.24940097865041,81.31301346836153,3
8,27,61,31,82,47.5294009786504,87.06301346836153,1
6,51,48,29,51,48.189400978650404,84.20301346836153,4
6,27,65,29,78,39.4494009786504,76.59301346836153,10
8,27,72,55,68,49.469400978650405,72.91301346836153,6
5,34,42,29,44,32.049400978650404,50.67301346836153,8
5,27,42,29,63,47.4494009786504,82.95301346836153,1
5,41,42,29,50,41.24940097865041,69.98301346836153,4
8,56,42,58,46,30.449400978650406,84.82301346836152,8
6,27,55,31,62,33.649400978650405,66.51301346836152,7
6,52,42,54,57,41.4494009786504,80.38301346836153,1
5,27,42,29,47,31.449400978650406,65.23301346836153,9
7,27,56,44,55,38.579400978650405,71.29301346836152,1
11,43,55,29,45,40.90940097865041,89.29301346836152,2
9,51,62,30,77,52.65940097865041,78.15301346836154,1
5,46,42,31,49,43.1694009786504,77.12301346836153,8
5,27,42,30,63,47.469400978650405,74.84301346836153,3
6,27,64,31,85,47.5294009786504,95.50301346836153,6
9,47,49,43,46,29.449400978650406,74.39301346836153,8
5,43,42,31,44,38.31940097865041,69.45301346836153,8
6,38,42,41,46,30.519400978650406,77.85301346836152,1
9,51,73,63,77,35.65940097865041,84.20301346836153,4
7,27,59,45,56,39.4494009786504,72.41301346836153,6
6,27,52,31,62,36.59940097865041,64.61301346836153,6
6,27,79,30,92,39.4794009786504,87.55301346836154,2
5,27,42,29,57,41.4494009786504,67.39301346836153,10
7,28,71,36,67,29.529400978650408,64.99301346836154,3
5,27,42,29,57,41.4494009786504,74.44301346836153,9
8,41,75,43,61,34.4494009786504,77.48301346836153,2
9,29,71,46,73,39.259400978650405,71.22301346836153,4
10,54,49,50,46,29.449400978650406,72.11301346836153,8
9,34,72,47,75,35.9794009786504,73.46301346836154,4
9,27,42,52,41,46.539400978650406,67.87301346836153,6
6,28,76,30,91,41.4494009786504,86.81301346836153,3
11,40,53,38,50,27.449400978650406,60.50301346836153,8
5,27,42,29,51,35.4494009786504,77.86301346836153,9
6,29,54,29,62,34.62940097865041,85.09301346836153,8
9,49,49,53,70,47.5294009786504,72.41301346836153,9
7,27,63,47,61,41.4794009786504,68.44301346836153,6
5,27,42,29,63,47.4494009786504,68.90301346836154,7
9,57,50,54,47,28.449400978650406,83.21301346836154,8
7,27,58,34,63,32.87940097865041,72.04301346836152,4
8,27,55,29,58,29.449400978650406,74.32301346836152,9
9,37,47,29,39,34.62940097865041,58.21301346836153,5
5,27,42,29,77,61.4494009786504,89.01301346836152,2
6,27,65,31,84,45.539400978650406,92.11301346836153,7
7,27,60,52,57,46.4494009786504,70.22301346836153,6
8,27,60,38,56,32.509400978650405,57.29301346836153,7
8,33,78,40,71,29.849400978650408,71.81301346836153,2
6,27,55,29,67,38.4494009786504,70.75301346836153,7
9,27,42,60,41,54.509400978650405,86.22301346836153,6
8,27,49,31,70,47.5294009786504,76.22301346836153,1
6,27,58,31,78,46.539400978650406,78.49301346836154,10
9,27,42,57,38,51.469400978650405,75.73301346836153,6
7,28,84,36,78,30.159400978650407,76.16301346836153,2
9,27,42,48,37,42.54940097865041,63.04301346836153,6
7,27,42,46,39,40.4494009786504,70.33301346836153,10
7,27,48,39,46,33.49940097865041,59.21301346836153,1
7,27,52,29,60,34.4494009786504,69.45301346836153,8
10,46,59,29,45,45.399400978650405,86.01301346836152,3
8,39,51,29,39,38.4494009786504,63.67301346836153,5
7,27,67,61,66,55.509400978650405,81.38301346836153,7
6,27,74,30,96,48.469400978650405,93.96301346836154,2
7,46,58,48,47,31.449400978650406,64.61301346836153,5
6,27,70,30,91,47.469400978650405,95.34301346836153,2
5,27,42,30,78,62.45940097865041,77.04301346836152,5
8,27,68,51,63,45.539400978650406,70.09301346836153,6
8,41,76,43,62,34.4494009786504,81.31301346836153,3
6,28,73,49,63,43.6994009786504,76.35301346836152,5
10,37,48,29,39,35.109400978650406,74.36301346836153,5
9,52,62,52,82,46.539400978650406,82.95301346836153,1
5,27,42,29,46,30.449400978650406,58.21301346836153,1
7,27,59,43,60,38.009400978650405,62.74301346836153,1
11,37,71,29,63,34.62940097865041,86.37301346836153,2
6,27,67,30,89,48.469400978650405,87.44301346836153,10
7,28,84,39,74,34.84940097865041,76.38301346836153,2
11,36,48,34,45,27.449400978650406,49.85301346836153,8
9,48,49,51,60,37.48940097865041,74.55301346836154,9
9,41,49,45,56,33.649400978650405,67.21301346836154,9
10,49,60,36,53,38.969400978650405,72.87301346836153,3
8,60,76,62,59,37.4494009786504,90.64301346836153,2
9,27,42,52,38,46.469400978650405,86.97301346836153,6
6,27,53,30,61,34.49940097865041,56.623013468361535,10
12,27,51,41,39,38.4494009786504,75.41301346836153,3
8,27,58,30,63,31.509400978650405,72.41301346836153,1
5,27,42,29,67,51.4494009786504,91.81301346836153,2
10,34,66,29,59,31.509400978650405,67.17301346836153,3
5,27,42,29,52,36.4494009786504,63.04301346836153,6
5,27,42,29,46,30.449400978650406,61.013013468361535,9
9,38,75,40,65,30.449400978650406,72.77301346836154,3
9,40,66,42,56,30.449400978650406,64.99301346836154,3
10,27,67,39,71,35.65940097865041,66.74301346836154,1
6,27,79,29,96,43.4494009786504,100.63301346836153,3
6,29,63,31,81,44.4494009786504,76.89301346836153,3
11,47,77,54,68,31.259400978650405,76.22301346836153,1
6,27,58,31,71,39.56940097865041,72.04301346836152,6
7,29,90,37,85,29.769400978650406,84.13301346836153,2
7,27,55,45,57,40.20940097865041,69.88301346836153,9
6,27,47,29,49,28.449400978650406,53.013013468361535,8
6,27,67,30,83,42.4794009786504,94.09301346836153,6
5,43,42,29,51,43.4494009786504,72.61301346836153,4
8,27,66,38,63,32.4494009786504,63.82301346836153,7
10,52,76,45,67,34.26940097865041,95.45301346836153,2
10,41,56,29,45,39.56940097865041,73.71301346836154,3
5,27,42,31,59,43.54940097865041,59.46301346836153,5
8,29,59,37,57,29.529400978650408,54.843013468361534,7
9,27,42,56,38,50.469400978650405,82.05301346836154,6
8,29,61,48,58,40.4494009786504,60.08301346836153,6
6,27,57,29,74,43.4494009786504,75.65301346836154,10
7,27,53,50,52,44.54940097865041,73.03301346836153,6
10,36,79,29,71,33.74940097865041,84.20301346836153,3
8,56,42,57,47,31.509400978650405,83.21301346836154,8
5,27,42,29,59,43.4494009786504,72.87301346836153,10
7,27,66,60,62,54.469400978650405,78.49301346836154,7
7,27,42,52,40,46.469400978650405,75.09301346836153,10
5,27,42,29,56,40.4494009786504,78.15301346836154,1
6,27,54,29,63,35.4494009786504,80.07301346836152,8
5,44,42,32,44,38.31940097865041,65.97301346836153,8
5,47,42,39,45,35.109400978650406,67.92301346836153,8
6,43,42,47,55,39.56940097865041,78.40301346836154,1
7,27,67,47,68,41.88940097865041,90.13301346836153,9
7,27,48,39,46,33.49940097865041,59.21301346836153,1
6,29,49,29,53,30.729400978650407,64.51301346836154,4
6,27,53,30,66,39.4794009786504,66.81301346836153,10
7,27,63,42,60,36.4494009786504,71.63301346836153,6
5,27,42,29,48,32.4494009786504,67.92301346836153,9
7,27,42,49,41,43.54940097865041,66.81301346836153,10
9,27,42,55,41,49.5294009786504,76.81301346836153,6
9,43,66,47,77,37.5894009786504,75.26301346836152,9
5,27,42,29,50,34.4494009786504,73.67301346836153,1
7,27,56,37,53,31.449400978650406,73.02301346836154,1
7,27,60,35,55,29.769400978650406,62.89301346836153,6
8,27,78,52,75,46.4494009786504,75.93301346836154,7
9,42,52,32,62,41.13940097865041,60.67301346836153,1
6,29,47,29,49,28.839400978650406,64.51301346836154,4
5,27,42,31,75,59.509400978650405,85.84301346836153,3
6,29,72,31,80,34.4494009786504,79.74301346836154,3
7,29,94,48,88,40.70940097865041,88.92301346836153,2
6,27,57,29,69,38.4494009786504,88.21301346836154,8
6,27,65,31,71,32.66940097865041,77.76301346836152,7
6,36,42,39,52,36.48940097865041,66.74301346836154,1
7,27,64,50,61,44.4494009786504,79.28301346836153,6
5,27,42,29,54,38.4494009786504,75.73301346836153,6
8,35,57,46,59,33.74940097865041,60.123013468361535,8
5,27,42,29,69,53.4494009786504,90.64301346836153,2
5,27,42,29,59,43.4494009786504,78.40301346836154,1
6,27,64,29,68,30.449400978650406,64.99301346836154,2
5,27,42,29,47,31.449400978650406,59.89301346836153,10
7,27,65,42,57,37.37940097865041,82.55301346836154,9
7,27,52,29,60,34.4494009786504,71.49301346836154,4
6,27,66,35,59,30.659400978650407,62.05301346836153,5
8,39,74,41,62,32.4494009786504,75.27301346836154,3
6,27,65,29,74,35.4494009786504,73.52301346836154,3
6,27,57,29,74,43.4494009786504,75.65301346836154,10
5,27,42,30,61,45.469400978650405,60.41301346836153,5
5,27,42,29,78,62.4494009786504,93.63301346836153,2
6,49,42,53,49,33.649400978650405,72.26301346836152,1
7,27,92,39,83,35.109400978650406,84.87301346836153,3
9,27,42,53,41,47.5294009786504,77.86301346836153,6
8,27,61,31,78,43.54940097865041,75.75301346836153,1
5,27,42,29,61,45.4494009786504,75.41301346836153,9
10,47,60,47,51,29.769400978650406,80.63301346836153,2
7,27,65,43,74,41.88940097865041,92.88301346836153,8
10,42,70,39,63,29.849400978650408,79.70301346836153,2
6,27,54,30,58,30.519400978650406,58.71301346836153,10
7,27,42,38,39,32.4494009786504,63.57301346836153,10
9,47,52,43,49,29.449400978650406,67.62301346836153,8
9,39,59,43,77,44.54940097865041,73.71301346836154,1
7,44,72,47,63,29.529400978650408,73.46301346836154,5
9,37,48,29,39,35.109400978650406,65.77301346836154,5
7,27,62,40,69,38.31940097865041,85.71301346836154,4
8,27,61,29,79,44.4494009786504,82.95301346836153,1
7,29,103,53,83,51.24940097865041,100.33301346836154,3
6,27,54,29,63,35.4494009786504,72.61301346836153,4
5,27,42,29,45,29.449400978650406,68.32301346836152,7
10,41,56,29,45,39.56940097865041,74.84301346836153,3
6,27,62,29,76,40.4494009786504,79.01301346836152,10
7,27,50,46,47,40.4494009786504,61.013013468361535,6
7,28,80,38,73,32.38940097865041,72.26301346836152,2
5,27,42,30,65,49.469400978650405,92.29301346836152,3
6,27,60,31,68,34.62940097865041,75.73301346836153,6
9,52,83,54,63,40.4494009786504,93.63301346836153,2
7,27,48,29,50,28.449400978650406,51.57301346836153,8
5,27,42,29,60,44.4494009786504,62.33301346836153,2
7,27,64,43,73,41.88940097865041,70.37301346836153,8
10,48,42,50,45,29.449400978650406,80.62301346836153,8
10,53,76,48,67,32.66940097865041,94.95301346836153,3
10,27,68,52,78,49.869400978650404,79.00301346836153,1
7,27,72,58,83,55.649400978650405,88.21301346836154,8
10,28,73,38,65,32.87940097865041,65.78301346836153,1
9,27,42,56,41,50.51940097865041,73.57301346836152,6
5,27,42,29,59,43.4494009786504,82.87301346836153,1
6,40,49,29,53,38.20940097865041,72.11301346836153,8
5,27,42,29,52,36.4494009786504,68.21301346836154,7
6,39,42,43,45,29.769400978650406,80.34301346836153,9
9,53,53,43,70,46.76940097865041,73.67301346836153,1
7,27,99,65,85,61.0894009786504,100.63301346836153,3
10,37,79,29,70,35.109400978650406,84.41301346836153,2
9,27,42,45,40,39.4794009786504,75.85301346836152,6
5,27,42,30,73,57.45940097865041,86.81301346836153,3
6,32,49,29,53,32.049400978650404,77.93301346836154,4
7,27,52,39,50,33.49940097865041,55.14301346836153,6
7,27,42,43,40,37.48940097865041,60.99301346836153,10
9,41,84,29,70,41.24940097865041,98.46301346836154,3
5,27,42,29,59,43.4494009786504,70.21301346836154,2
9,44,61,29,45,44.84940097865041,78.52301346836154,3
9,52,62,52,82,46.539400978650406,82.95301346836153,1
6,27,54,29,63,35.4494009786504,82.73301346836153,4
9,39,49,41,60,37.4494009786504,77.85301346836152,1
6,27,53,29,61,34.4494009786504,68.14301346836153,4
7,28,89,39,81,33.74940097865041,93.65301346836154,3
9,34,66,29,57,32.66940097865041,67.92301346836153,2
5,27,42,29,50,34.4494009786504,61.67301346836153,1
5,27,42,29,76,60.4494009786504,74.36301346836153,5
7,27,42,35,41,29.769400978650406,53.13301346836153,10
8,46,42,47,49,33.49940097865041,67.62301346836153,8
10,48,60,29,45,47.63940097865041,89.11301346836153,3
7,27,58,34,63,32.87940097865041,70.43301346836154,4
5,27,42,29,49,33.4494009786504,53.13301346836153,10
5,27,42,29,66,50.4494009786504,68.04301346836152,5
7,27,48,29,51,29.449400978650406,53.80301346836153,8
10,53,59,29,47,50.95940097865041,83.69301346836153,3
5,69,42,29,54,68.04940097865041,94.04301346836152,8
9,27,42,49,40,43.469400978650405,71.50301346836153,6
5,27,42,29,62,46.4494009786504,77.76301346836152,7
6,27,63,29,71,34.4494009786504,68.99301346836154,10
6,27,62,30,75,39.4794009786504,80.07301346836152,7
6,27,62,30,82,46.469400978650405,77.59301346836153,7
7,27,50,37,51,32.38940097865041,65.23301346836153,9
6,27,55,31,76,47.5294009786504,81.48301346836153,10
5,27,42,29,69,53.4494009786504,98.40301346836154,2
9,42,82,39,72,32.049400978650404,86.37301346836153,3
6,27,53,29,61,34.4494009786504,69.98301346836153,4
7,27,42,41,40,35.48940097865041,52.42301346836153,10
8,44,74,46,58,36.4494009786504,78.90301346836154,3
9,27,42,48,38,42.4794009786504,79.44301346836153,6
5,27,42,29,62,46.4494009786504,65.78301346836153,2
7,27,48,35,43,29.769400978650406,57.97301346836153,7
5,48,42,29,52,48.149400978650405,76.63301346836153,4
5,34,42,29,44,32.049400978650404,51.57301346836153,8
10,44,48,29,39,41.4794009786504,73.46301346836154,5
5,27,42,29,47,31.449400978650406,62.28301346836153,7
5,27,42,29,61,45.4494009786504,77.14301346836153,10
7,27,60,31,66,32.66940097865041,73.46301346836154,4
7,27,51,50,48,44.4494009786504,70.65301346836154,6
9,43,65,29,53,41.8094009786504,73.52301346836154,3
9,36,50,31,47,30.449400978650406,51.57301346836153,8
6,28,62,30,77,41.4494009786504,74.84301346836153,3
6,27,54,29,63,35.4494009786504,80.07301346836152,8
5,27,42,29,54,38.4494009786504,70.95301346836153,7
5,52,42,32,45,46.24940097865041,70.69301346836153,8
5,27,42,29,46,30.449400978650406,60.41301346836153,7
8,27,64,29,80,42.4494009786504,76.87301346836153,9
7,27,56,37,57,32.38940097865041,66.45301346836153,1
5,27,42,31,75,59.509400978650405,73.46301346836154,5
5,27,42,29,64,48.4494009786504,90.13301346836153,9
9,40,56,44,66,36.59940097865041,64.10301346836152,9
6,29,46,29,47,27.919400978650405,60.50301346836153,8
6,39,42,43,60,44.54940097865041,62.74301346836153,1
10,29,65,42,68,35.9794009786504,66.83301346836153,1
5,27,42,29,53,37.4494009786504,67.92301346836153,9
9,27,42,53,37,47.5294009786504,70.09301346836153,6
5,27,42,29,53,37.4494009786504,71.29301346836152,1
7,27,50,37,50,31.989400978650405,69.11301346836153,1
6,48,42,51,45,29.529400978650408,82.45301346836153,1
6,28,63,30,79,42.4494009786504,80.92301346836153,3
6,48,42,51,54,38.4794009786504,73.43301346836154,1
5,27,42,29,60,44.4494009786504,69.98301346836153,7
9,36,69,29,59,34.84940097865041,72.26301346836152,2
9,41,52,36,44,32.049400978650404,63.623013468361535,5
11,27,48,50,39,45.289400978650406,86.01301346836152,3
9,29,68,45,71,38.679400978650406,69.45301346836153,8
11,53,57,29,46,50.649400978650405,90.92301346836153,2
6,52,42,55,50,34.49940097865041,70.69301346836153,9
5,27,42,29,65,49.4494009786504,86.66301346836153,2
5,27,42,29,56,40.4494009786504,76.01301346836152,1
5,27,42,29,48,32.4494009786504,53.06301346836153,7
8,27,58,34,59,29.849400978650408,60.04301346836153,4
9,50,50,42,43,34.219400978650405,67.18301346836154,5
10,39,42,42,50,34.49940097865041,60.50301346836153,8
7,27,68,50,77,47.63940097865041,76.63301346836153,4
11,33,60,29,53,30.659400978650407,75.27301346836154,3
9,46,60,48,73,39.4494009786504,72.16301346836153,1
7,27,56,41,60,37.3394009786504,72.11301346836153,4
6,28,72,30,79,33.4494009786504,75.27301346836154,3
6,27,53,30,59,32.509400978650405,56.04301346836153,10
5,27,42,29,63,47.4494009786504,66.45301346836153,1
7,27,64,48,71,44.9194009786504,70.43301346836154,4
9,27,42,35,37,29.769400978650406,68.82301346836152,6
6,27,60,31,77,43.54940097865041,84.95301346836153,6
10,28,76,43,77,37.049400978650404,73.71301346836154,1
9,27,42,60,41,54.509400978650405,86.22301346836153,6
8,27,67,31,72,31.699400978650406,77.99301346836154,9
9,41,49,38,46,28.449400978650406,53.013013468361535,8
10,45,47,29,39,42.12940097865041,69.83301346836153,5
8,27,61,32,63,29.279400978650408,65.97301346836153,8
6,34,47,29,49,32.049400978650404,64.51301346836154,8
7,27,52,29,60,34.4494009786504,76.40301346836154,8
10,33,46,29,39,30.659400978650407,62.05301346836153,5
6,29,64,31,80,42.4494009786504,76.22301346836153,3
5,27,42,29,52,36.4494009786504,79.90301346836154,6
11,54,50,51,47,28.449400978650406,90.03301346836153,8
5,27,42,29,59,43.4494009786504,95.45301346836153,10
6,29,48,29,51,29.769400978650406,60.04301346836153,4
7,27,56,42,60,38.20940097865041,72.11301346836153,8
9,27,42,54,37,48.5294009786504,80.92301346836153,6
7,27,48,41,45,35.4494009786504,68.32301346836152,7
7,27,42,45,41,39.56940097865041,73.52301346836154,10
6,52,42,55,47,31.509400978650405,80.08301346836153,9
7,28,90,41,81,35.9794009786504,82.69301346836153,2
7,27,56,45,51,39.56940097865041,71.50301346836153,6
6,29,69,41,60,35.109400978650406,70.01301346836152,5
10,28,75,37,59,38.20940097865041,67.17301346836153,1
9,48,78,46,66,33.299400978650404,89.29301346836152,3
6,29,48,29,51,29.769400978650406,73.46301346836154,4
5,27,42,29,59,43.4494009786504,55.14301346836153,5
6,49,42,52,45,29.529400978650408,67.92301346836153,9
8,37,86,42,78,29.279400978650408,84.87301346836153,3
7,27,62,38,60,32.509400978650405,68.68301346836154,7
7,27,87,34,82,28.839400978650406,82.06301346836153,3
8,41,80,43,66,34.4494009786504,84.76301346836152,3
11,31,63,29,58,27.919400978650405,67.39301346836153,3
5,27,42,29,59,43.4494009786504,72.87301346836153,10
6,27,77,30,87,36.48940097865041,82.69301346836153,2
9,36,84,38,75,29.449400978650406,80.08301346836153,3
5,27,42,29,53,37.4494009786504,75.93301346836154,7
6,37,42,40,57,41.4794009786504,64.23301346836153,9
7,27,42,46,39,40.4494009786504,61.013013468361535,10
7,27,67,33,76,36.09940097865041,89.57301346836152,8
6,51,48,29,51,48.189400978650404,79.90301346836154,8
6,27,66,31,88,48.5294009786504,94.61301346836153,2
8,27,66,51,65,45.539400978650406,68.82301346836152,6
8,27,66,31,85,45.539400978650406,83.78301346836153,9
5,27,42,29,51,35.4494009786504,68.68301346836154,10
10,66,42,69,50,34.49940097865041,98.51301346836152,8
8,28,78,59,75,52.4494009786504,80.07301346836152,7
9,51,60,53,67,33.4494009786504,70.09301346836153,9
5,27,42,29,61,45.4494009786504,68.21301346836154,6
8,48,62,50,49,33.4494009786504,69.83301346836153,5
6,27,62,29,75,39.4494009786504,79.01301346836152,6
5,27,42,29,61,45.4494009786504,68.21301346836154,6
8,42,89,54,78,36.259400978650405,93.63301346836153,2
5,27,42,29,59,43.4494009786504,78.15301346836154,10
8,29,77,61,74,53.4494009786504,81.38301346836153,6
7,27,51,38,46,32.66940097865041,70.65301346836154,7
5,27,42,31,78,62.4994009786504,77.04301346836152,5
7,27,50,37,47,31.449400978650406,56.013013468361535,7
5,27,42,29,60,44.4494009786504,80.28301346836153,1
8,27,66,35,70,32.66940097865041,66.45301346836153,1
10,29,85,53,52,60.649400978650405,82.45301346836153,1
9,46,50,37,81,59.18940097865041,79.31301346836153,1
5,41,42,31,46,37.3394009786504,66.50301346836153,8
5,27,42,29,69,53.4494009786504,87.62301346836153,3
5,27,42,29,53,37.4494009786504,61.39301346836153,10
5,27,42,29,63,47.4494009786504,81.96301346836154,3
10,27,48,52,39,47.219400978650405,86.44301346836153,3
9,44,61,29,45,44.84940097865041,79.45301346836153,2
8,29,69,47,75,41.8094009786504,73.46301346836154,4
7,27,58,51,63,46.859400978650406,65.77301346836154,4
8,27,67,31,85,44.54940097865041,85.82301346836152,9
5,27,42,29,58,42.4494009786504,68.10301346836152,9
7,27,58,47,54,41.4794009786504,79.61301346836153,6
5,44,42,42,42,28.449400978650406,60.123013468361535,8
9,38,54,36,70,42.869400978650404,66.10301346836152,1
5,27,42,30,62,46.469400978650405,64.35301346836152,5
6,27,48,29,51,29.449400978650406,54.31301346836153,8
8,27,59,36,60,31.509400978650405,62.74301346836153,8
9,34,42,35,50,34.49940097865041,48.86301346836153,8
8,27,52,42,62,41.829400978650405,65.74301346836154,1
5,27,42,29,59,43.4494009786504,62.623013468361535,2
9,41,50,29,39,39.56940097865041,68.10301346836152,5
6,27,71,30,76,31.509400978650405,72.43301346836154,2
6,28,65,35,59,29.279400978650408,61.233013468361534,5
5,27,42,29,47,31.449400978650406,62.763013468361535,6
7,27,60,45,67,42.31940097865041,65.46301346836154,4
5,27,42,29,46,30.449400978650406,59.46301346836153,1
6,27,70,29,78,34.4494009786504,76.59301346836153,2
5,27,42,29,53,37.4494009786504,58.21301346836153,10
9,51,48,51,61,39.56940097865041,73.21301346836154,9
8,29,75,56,70,48.5294009786504,75.85301346836152,6
10,40,69,33,63,32.939400978650404,72.43301346836154,2
7,27,70,46,81,45.469400978650405,79.31301346836153,8
8,27,52,31,62,36.59940097865041,66.83301346836153,1
7,29,89,43,80,36.869400978650404,82.86301346836153,2
10,45,52,41,49,29.449400978650406,66.50301346836153,8
8,34,70,36,62,28.449400978650406,62.07301346836153,3
8,43,83,45,68,35.4494009786504,86.66301346836153,2
6,41,42,43,56,40.4494009786504,74.06301346836153,1
5,27,42,29,50,34.4494009786504,65.41301346836153,1
8,27,58,31,59,27.919400978650405,61.513013468361535,4
9,46,73,48,57,36.4494009786504,78.40301346836154,3
9,35,49,35,69,46.539400978650406,72.04301346836152,1
6,27,48,30,53,31.509400978650405,52.08301346836153,7
10,27,68,52,78,49.869400978650404,79.00301346836153,1
9,27,42,54,38,48.469400978650405,72.91301346836153,6
6,34,47,29,49,32.049400978650404,64.51301346836154,8
8,27,63,37,85,49.6994009786504,80.28301346836153,1
9,45,50,42,47,28.449400978650406,77.07301346836152,8
8,46,81,51,67,34.84940097865041,86.01301346836152,3
10,36,48,29,39,34.26940097865041,81.31301346836153,5
7,27,42,49,41,43.54940097865041,69.27301346836154,10
7,27,55,39,58,35.109400978650406,67.92301346836153,8
7,27,56,36,51,30.729400978650407,54.403013468361536,1
7,44,56,46,46,30.449400978650406,59.46301346836153,5
8,27,59,30,77,44.469400978650405,78.15301346836154,1
10,29,69,37,74,33.4494009786504,69.11301346836153,1
5,27,42,29,55,39.4494009786504,75.09301346836153,9
5,27,42,29,58,42.4494009786504,64.83301346836153,9
6,27,62,30,65,29.529400978650408,61.44301346836153,10
5,27,42,29,47,31.449400978650406,69.11301346836153,1
6,27,59,30,72,39.4794009786504,71.49301346836154,6
7,27,62,50,53,45.289400978650406,82.87301346836153,1
10,27,56,42,39,42.54940097865041,75.27301346836154,3
7,37,56,39,46,30.449400978650406,57.38301346836153,5
6,42,42,45,63,47.469400978650405,75.26301346836152,9
9,41,48,41,54,32.66940097865041,80.34301346836153,9
7,27,59,44,56,38.4494009786504,71.29301346836152,1
6,38,42,42,51,35.619400978650404,76.22301346836153,1
5,44,42,38,44,32.87940097865041,69.45301346836153,4
11,37,50,35,47,27.449400978650406,53.80301346836153,8
10,29,65,35,67,29.849400978650408,63.67301346836153,1
5,27,42,29,53,37.4494009786504,63.82301346836153,7
8,31,69,37,64,27.919400978650405,61.373013468361535,2
9,59,63,29,47,57.98940097865041,89.25301346836153,2
7,27,42,50,41,44.54940097865041,63.623013468361535,10
5,27,42,29,57,41.4494009786504,77.85301346836152,1
7,27,52,48,50,42.4794009786504,69.57301346836152,1
7,27,42,54,40,48.469400978650405,76.22301346836153,10
5,27,42,29,55,39.4494009786504,80.08301346836153,9
6,27,62,30,65,29.529400978650408,67.92301346836153,7
6,27,70,29,84,40.4494009786504,81.31301346836153,3
10,27,58,45,39,46.079400978650405,84.76301346836152,3
9,38,74,39,66,28.549400978650404,75.66301346836153,2
5,27,42,29,50,34.4494009786504,68.57301346836152,9
6,27,51,29,67,42.4494009786504,68.21301346836154,10
11,55,58,29,45,53.179400978650406,106.99301346836154,3
7,28,98,43,89,37.76940097865041,91.45301346836153,2
6,27,57,31,72,41.5594009786504,68.32301346836152,10
9,29,62,41,63,34.219400978650405,60.50301346836153,8
9,41,50,29,39,39.56940097865041,66.75301346836153,5
7,27,53,44,53,38.74940097865041,59.843013468361534,1
8,27,66,48,64,42.4794009786504,64.61301346836153,7
5,27,42,29,51,35.4494009786504,68.68301346836154,10
7,27,66,59,75,55.759400978650405,80.07301346836152,8
7,27,42,44,40,38.4794009786504,76.87301346836153,10
7,27,63,40,61,34.49940097865041,81.72301346836153,7
5,27,42,29,61,45.4494009786504,80.63301346836153,7
6,27,71,30,89,44.469400978650405,92.57301346836152,2
12,27,63,40,39,47.15940097865041,85.98301346836153,3
6,36,48,29,51,34.26940097865041,73.46301346836154,4
7,27,54,41,56,36.4494009786504,73.71301346836154,1
7,27,53,52,54,46.79940097865041,74.26301346836152,9
7,27,63,43,60,37.4494009786504,69.98301346836153,7
8,60,77,62,62,35.4494009786504,89.01301346836152,2
7,44,72,49,59,33.88940097865041,77.04301346836152,5
8,44,42,45,47,31.509400978650405,77.07301346836152,8
6,27,61,30,70,35.48940097865041,71.22301346836153,7
6,46,42,49,54,38.4794009786504,87.06301346836153,1
7,27,42,41,41,35.619400978650404,67.39301346836153,10
6,27,56,30,60,30.519400978650406,57.403013468361536,10
6,27,55,29,65,36.4494009786504,68.21301346836154,7
5,27,42,29,59,43.4494009786504,95.45301346836153,10
8,27,66,38,63,32.4494009786504,63.82301346836153,7
5,27,42,30,66,50.469400978650405,63.623013468361535,5
5,48,42,40,46,35.65940097865041,80.62301346836153,8
5,27,42,29,59,43.4494009786504,75.08301346836153,10
9,55,68,55,56,32.66940097865041,83.69301346836153,3
5,56,42,29,54,56.09940097865041,88.21301346836154,8
5,27,42,29,59,43.4494009786504,79.45301346836153,2
11,38,52,35,49,28.449400978650406,57.81301346836153,8
8,42,42,46,46,30.729400978650407,58.05301346836153,8
8,27,54,43,71,47.859400978650406,69.93301346836154,1
7,28,77,45,65,40.939400978650404,71.69301346836153,2
7,27,56,46,48,41.1694009786504,66.83301346836153,9
8,27,51,32,50,27.059400978650405,49.85301346836153,8
6,27,47,29,49,28.449400978650406,49.33301346836153,8
5,52,42,40,47,39.56940097865041,73.82301346836152,4
8,45,90,54,82,32.049400978650404,89.11301346836153,3
8,27,78,59,76,53.469400978650405,80.84301346836153,7
7,28,94,63,82,57.65940097865041,95.34301346836153,2
9,51,73,53,57,36.4494009786504,80.72301346836153,3
6,27,51,31,71,46.539400978650406,71.29301346836152,7
5,27,42,29,53,37.4494009786504,68.68301346836154,6
5,27,42,29,51,35.4494009786504,59.46301346836153,7
6,27,70,36,63,31.509400978650405,64.51301346836154,5
8,27,50,36,49,30.729400978650407,49.49301346836153,8
5,27,42,29,57,41.4494009786504,68.82301346836152,6
10,35,42,36,49,33.49940097865041,51.57301346836153,8
7,29,92,39,88,31.509400978650405,84.41301346836153,2
5,27,42,29,61,45.4494009786504,92.62301346836153,6
8,44,55,29,39,44.84940097865041,75.75301346836153,5
8,41,56,41,46,30.729400978650407,65.41301346836153,5
6,37,49,29,53,35.65940097865041,84.32301346836152,8
6,46,42,50,53,37.5894009786504,73.17301346836153,9
6,27,59,29,74,41.4494009786504,83.46301346836154,7
11,53,57,29,46,50.649400978650405,90.92301346836153,2
8,39,58,41,47,31.449400978650406,60.04301346836153,5
9,39,56,42,65,35.48940097865041,62.28301346836153,9
10,27,56,41,39,41.88940097865041,73.52301346836154,3
5,27,42,29,52,36.4494009786504,58.45301346836153,1
8,61,55,29,39,59.84940097865041,84.95301346836153,5
8,53,89,55,71,38.4494009786504,97.68301346836154,2
6,37,42,39,46,30.449400978650406,59.21301346836153,1
8,27,53,30,53,26.609400978650406,51.57301346836153,8
6,35,42,39,57,41.5594009786504,75.41301346836153,9
7,27,89,36,84,30.729400978650407,82.25301346836153,2
5,51,42,35,46,42.759400978650405,70.09301346836153,4
7,27,51,38,48,32.4494009786504,76.81301346836153,6
6,27,66,35,59,30.659400978650407,62.05301346836153,5
7,27,86,40,81,34.62940097865041,83.33301346836153,2
5,27,42,29,45,29.449400978650406,52.08301346836153,7
7,27,65,38,63,32.509400978650405,75.41301346836153,9
5,27,42,29,51,35.4494009786504,72.12301346836153,7
8,40,97,48,88,31.939400978650404,96.15301346836154,3
5,27,42,29,54,38.4494009786504,78.43301346836154,9
8,47,62,46,49,33.88940097865041,77.04301346836152,5
9,48,52,47,44,29.279400978650408,69.83301346836153,5
7,27,57,55,51,49.619400978650404,74.44301346836153,9
6,52,42,56,48,32.66940097865041,70.69301346836153,1
5,27,42,31,63,47.5294009786504,60.04301346836153,5
8,33,61,45,65,35.65940097865041,64.83301346836153,8
8,41,74,46,64,31.069400978650407,76.67301346836153,3
5,27,42,29,61,45.4494009786504,85.00301346836153,1
5,27,42,29,57,41.4494009786504,66.10301346836152,1
6,27,66,31,84,44.54940097865041,82.06301346836153,2
10,40,59,36,52,30.659400978650407,64.99301346836154,3
5,27,42,29,47,31.449400978650406,61.013013468361535,6
7,33,62,41,55,30.659400978650407,59.153013468361536,5
8,27,56,31,70,40.56940097865041,66.45301346836153,1
9,27,42,70,38,64.45940097865041,94.09301346836153,6
5,27,42,29,72,56.4494009786504,93.63301346836153,2
6,27,49,31,62,39.56940097865041,62.42301346836153,7
8,27,78,53,76,47.469400978650405,79.01301346836152,6
9,37,50,39,66,42.4494009786504,62.00301346836153,9
6,27,63,29,69,32.4494009786504,71.63301346836153,6
9,41,51,42,62,37.48940097865041,60.14301346836153,9
6,27,55,31,71,42.54940097865041,79.90301346836154,6
9,52,42,53,45,29.529400978650408,89.57301346836152,8
8,27,70,40,74,36.48940097865041,80.62301346836153,8
5,27,42,29,57,41.4494009786504,76.22301346836153,1
9,36,70,36,62,28.839400978650406,70.32301346836152,2
9,47,87,49,75,32.4494009786504,88.92301346836153,2
6,27,72,29,79,33.4494009786504,76.67301346836153,3
6,27,67,31,83,42.54940097865041,94.04301346836152,6
11,38,62,29,55,35.149400978650405,76.22301346836153,3
6,43,42,46,48,32.509400978650405,66.83301346836153,9
10,47,78,48,71,27.569400978650407,88.92301346836153,2
9,50,56,42,62,36.899400978650405,65.74301346836154,1
8,27,60,33,80,46.79940097865041,76.22301346836153,1
7,41,68,45,60,28.839400978650406,68.99301346836154,5
6,27,50,30,66,42.4794009786504,67.42301346836153,10
5,27,42,29,67,51.4494009786504,76.59301346836153,2
6,28,78,30,85,33.4494009786504,79.90301346836154,3
8,33,63,53,67,42.759400978650405,70.09301346836153,4
7,36,66,43,58,30.519400978650406,63.623013468361535,5
6,27,63,30,80,43.469400978650405,89.80301346836154,7
8,27,61,31,63,28.839400978650406,64.51301346836154,4
9,49,51,44,48,30.449400978650406,67.27301346836154,8
7,27,93,45,80,42.31940097865041,86.66301346836153,2
6,45,42,48,50,34.49940097865041,74.80301346836154,1
5,27,42,29,48,32.4494009786504,67.92301346836153,9
5,27,42,29,63,47.4494009786504,83.19301346836153,2
6,28,48,29,50,28.549400978650404,58.763013468361535,8
5,27,42,29,69,53.4494009786504,66.75301346836153,5
9,52,52,56,57,31.699400978650406,86.55301346836154,1
8,50,50,29,39,47.79940097865041,66.45301346836153,5
10,29,87,43,91,37.3394009786504,89.67301346836153,1
6,27,47,29,49,28.449400978650406,51.013013468361535,8
9,59,74,46,61,41.4794009786504,92.57301346836152,2
6,35,42,37,53,37.4494009786504,73.02301346836154,1
9,27,42,55,40,49.469400978650405,94.04301346836152,6
5,27,42,30,77,61.45940097865041,75.70301346836153,5
5,27,42,29,55,39.4494009786504,84.87301346836153,7
7,28,90,48,78,43.56940097865041,86.01301346836152,3
9,44,62,29,45,45.469400978650405,83.19301346836153,2
5,27,42,30,72,56.46940097865041,69.88301346836153,5
7,27,54,29,63,35.4494009786504,74.89301346836153,4
8,27,50,30,72,48.469400978650405,75.85301346836152,9
6,29,49,29,53,30.729400978650407,66.50301346836153,8
5,27,42,31,68,52.51940097865041,77.18301346836154,3
6,51,42,53,51,35.4494009786504,68.59301346836153,1
7,27,52,29,59,33.4494009786504,66.75301346836153,4
5,27,42,29,55,39.4494009786504,66.83301346836153,10
9,53,52,29,39,51.3094009786504,83.03301346836153,5
9,53,53,56,65,38.4794009786504,70.69301346836153,9
6,27,49,30,63,40.4794009786504,63.21301346836153,10
8,40,58,42,47,31.449400978650406,60.50301346836153,5
7,27,53,36,49,30.519400978650406,59.78301346836153,7
7,27,53,38,49,32.509400978650405,69.35301346836152,9
7,27,58,46,63,42.23940097865041,62.623013468361535,4
5,27,42,31,77,61.4994009786504,74.84301346836153,5
6,27,51,29,61,36.4494009786504,63.623013468361535,10
8,27,55,32,62,33.88940097865041,60.67301346836153,1
7,27,54,37,57,33.4494009786504,54.31301346836153,8
9,48,56,50,70,40.4494009786504,73.17301346836153,9
11,33,59,29,52,30.659400978650407,67.05301346836154,2
8,48,80,50,61,39.4494009786504,90.48301346836153,3
5,27,42,29,45,29.449400978650406,67.22301346836153,9
9,41,53,45,56,29.769400978650406,68.10301346836152,9
8,49,51,29,39,47.219400978650405,68.04301346836152,5
8,37,79,48,70,34.26940097865041,78.40301346836154,3
6,27,70,30,74,30.519400978650406,71.69301346836153,2
9,37,66,29,58,34.62940097865041,65.78301346836153,3
9,49,70,48,56,34.84940097865041,86.01301346836152,3
10,36,46,29,39,33.299400978650404,59.63301346836153,5
8,27,55,30,65,36.48940097865041,67.92301346836153,9
6,27,67,29,82,41.4494009786504,79.83301346836153,10
5,27,42,30,69,53.469400978650405,72.26301346836152,5
7,28,70,38,63,32.38940097865041,62.623013468361535,2
5,27,42,29,59,43.4494009786504,75.26301346836152,9
10,48,60,29,45,47.63940097865041,89.11301346836153,3
7,52,72,60,58,35.9794009786504,82.25301346836153,5
6,28,72,47,63,41.4794009786504,72.91301346836153,5
5,27,42,29,53,37.4494009786504,79.86301346836153,7
8,29,67,46,62,38.579400978650405,68.59301346836153,6
6,34,42,36,46,30.449400978650406,70.87301346836153,1
11,38,48,37,45,26.449400978650406,57.81301346836153,8
5,27,42,29,56,40.4494009786504,80.84301346836153,7
5,27,42,30,74,58.45940097865041,81.31301346836153,5
8,29,71,48,77,42.689400978650404,77.63301346836153,8
5,27,42,29,77,61.4494009786504,101.75301346836153,3
9,37,78,29,68,35.65940097865041,83.22301346836153,2
6,27,68,29,90,48.4494009786504,86.66301346836153,2
8,28,56,39,55,32.66940097865041,52.08301346836153,7
7,28,70,36,67,29.449400978650406,62.07301346836153,3
7,27,42,41,40,35.48940097865041,51.653013468361536,10
6,27,67,31,75,34.62940097865041,71.84301346836153,2
6,42,47,29,49,39.259400978650405,77.07301346836152,4
7,27,93,42,84,37.76940097865041,95.06301346836153,3
10,56,77,37,68,45.289400978650406,94.50301346836153,3
9,41,50,29,39,39.56940097865041,71.22301346836153,5
12,27,72,37,39,54.49940097865041,80.08301346836153,3
7,27,54,31,57,29.769400978650406,60.04301346836153,4
7,29,90,37,85,29.769400978650406,84.13301346836153,2
7,48,58,50,47,31.449400978650406,64.35301346836152,5
10,52,42,53,47,31.509400978650405,90.03301346836153,8
8,27,48,31,62,40.56940097865041,59.153013468361536,9
7,27,56,41,60,37.3394009786504,72.11301346836153,4
6,27,56,30,59,29.529400978650408,60.873013468361535,7
8,27,78,48,77,42.54940097865041,81.01301346836152,7
6,27,58,31,63,31.699400978650406,61.44301346836153,6
7,28,76,35,70,29.279400978650408,69.61301346836153,3
6,27,72,47,64,42.12940097865041,69.83301346836153,5
5,56,42,29,54,56.09940097865041,88.21301346836154,8
5,27,42,29,61,45.4494009786504,79.70301346836153,2
6,29,62,46,53,39.609400978650406,59.46301346836153,5
7,27,48,48,46,42.4794009786504,70.09301346836153,6
5,27,42,29,59,43.4494009786504,73.17301346836153,9
9,30,73,29,67,27.689400978650404,69.43301346836154,3
5,27,42,29,50,34.4494009786504,60.14301346836153,9
8,27,89,56,84,50.51940097865041,87.41301346836153,6
10,46,56,29,45,44.06940097865041,73.52301346836154,3
7,41,66,44,54,32.509400978650405,66.75301346836153,5
8,41,61,43,49,32.4494009786504,64.51301346836154,5
6,49,42,52,45,29.529400978650408,67.92301346836153,9
7,27,64,32,72,34.84940097865041,83.33301346836153,8
6,29,66,35,59,29.109400978650406,60.04301346836153,5
6,27,48,30,54,32.509400978650405,50.70301346836153,10
5,27,42,30,60,44.469400978650405,64.99301346836154,3
8,44,74,46,58,36.4494009786504,78.90301346836154,3
7,27,63,42,62,36.59940097865041,78.13301346836153,9
7,27,56,42,55,36.59940097865041,76.40301346836154,6
6,29,78,31,95,43.4494009786504,94.95301346836153,3
7,33,62,41,55,30.659400978650407,60.04301346836153,5
8,27,64,29,79,41.4494009786504,77.07301346836152,9
6,29,76,43,63,39.06940097865041,71.22301346836153,5
8,44,78,48,64,34.62940097865041,80.22301346836153,3
7,28,82,41,71,37.049400978650404,75.27301346836154,3
6,27,49,31,65,42.54940097865041,60.41301346836153,7
5,27,42,29,63,47.4494009786504,62.05301346836153,5
9,44,52,29,39,43.1694009786504,77.04301346836152,5
9,27,42,55,41,49.5294009786504,76.81301346836153,6
9,57,50,54,47,28.449400978650406,83.21301346836154,8
8,27,59,30,77,44.469400978650405,74.84301346836153,9
8,29,64,38,60,30.519400978650406,56.983013468361534,7
5,49,42,39,46,37.3394009786504,84.32301346836152,8
9,36,76,29,66,34.84940097865041,79.10301346836152,2
7,27,65,67,60,61.4994009786504,92.11301346836153,7
6,27,76,29,82,32.4494009786504,83.46301346836154,2
8,42,42,46,46,30.729400978650407,58.05301346836153,8
6,44,42,46,51,35.4494009786504,75.75301346836153,1
6,28,65,50,55,44.63940097865041,64.35301346836152,5
7,27,57,50,55,44.469400978650405,65.86301346836153,6
7,27,60,54,57,48.4494009786504,92.62301346836153,7
6,29,64,31,67,29.449400978650406,62.07301346836153,3
8,27,57,30,58,27.569400978650407,57.81301346836153,8
6,27,65,29,86,47.4494009786504,85.98301346836153,3
11,39,59,29,50,36.869400978650404,83.91301346836153,3
6,27,55,30,61,32.509400978650405,57.81301346836153,10
7,29,86,39,80,31.989400978650405,79.70301346836153,2
8,43,55,45,45,30.449400978650406,59.61301346836153,5
9,56,77,43,66,40.4494009786504,90.15301346836154,2
8,27,67,30,88,47.469400978650405,83.22301346836153,9
9,37,49,38,63,40.4794009786504,59.21301346836153,1
8,28,86,59,82,52.469400978650405,86.46301346836154,7
5,27,42,29,58,42.4494009786504,72.04301346836152,1
9,62,79,64,61,38.4494009786504,95.06301346836153,3
8,44,42,47,48,32.509400978650405,75.70301346836153,8
7,27,62,35,62,30.159400978650407,80.59301346836153,9
5,27,42,29,50,34.4494009786504,83.42301346836153,6
8,27,53,36,53,31.069400978650407,53.21301346836153,8
5,27,42,29,49,33.4494009786504,63.67301346836153,7
8,31,78,42,72,32.939400978650404,72.43301346836154,2
8,27,50,31,49,26.279400978650408,48.83301346836153,8
8,46,94,55,85,32.66940097865041,94.95301346836153,3
11,36,66,46,65,31.699400978650406,65.41301346836153,1
7,27,78,36,70,32.049400978650404,70.32301346836152,2
9,48,50,29,39,45.9194009786504,71.63301346836153,5
9,27,42,38,39,32.4494009786504,83.43301346836154,6
6,27,50,29,55,31.449400978650406,65.77301346836154,4
6,27,58,29,65,33.4494009786504,66.50301346836153,6
7,27,42,51,41,45.539400978650406,69.61301346836153,10
6,35,42,37,53,37.4494009786504,73.02301346836154,1
9,51,51,53,66,41.4494009786504,69.33301346836153,9
5,27,42,31,59,43.54940097865041,59.46301346836153,5
5,41,42,36,44,32.049400978650404,64.51301346836154,8
7,27,66,45,75,43.4494009786504,72.61301346836153,4
8,47,62,46,49,33.88940097865041,77.04301346836152,5
6,33,42,37,53,37.5894009786504,71.06301346836153,9
8,27,52,30,63,37.48940097865041,69.57301346836152,1
5,27,42,31,74,58.509400978650405,72.57301346836152,5
7,27,54,29,63,35.4494009786504,73.46301346836154,4
10,34,62,29,55,31.509400978650405,62.07301346836153,3
7,44,64,46,50,34.4494009786504,70.33301346836153,5
5,27,42,29,53,37.4494009786504,68.38301346836153,9
10,27,60,43,39,46.24940097865041,79.74301346836154,3
7,44,72,49,59,33.88940097865041,77.04301346836152,5
7,28,84,46,71,42.31940097865041,78.90301346836154,3
11,48,69,29,60,45.289400978650406,94.95301346836153,3
10,35,46,29,39,32.38940097865041,63.82301346836153,5
9,36,72,47,75,34.26940097865041,73.46301346836154,4
7,27,55,41,46,36.869400978650404,74.97301346836153,1
9,48,52,47,44,29.279400978650408,69.83301346836153,5
8,44,81,46,65,36.4494009786504,86.02301346836154,2
5,41,42,31,46,37.3394009786504,64.51301346836154,4
5,64,42,29,52,62.6694009786504,88.38301346836153,8
5,27,42,29,50,34.4494009786504,59.78301346836153,7
6,28,64,47,53,42.23940097865041,61.64301346836153,5
10,27,59,46,39,47.48940097865041,86.97301346836153,3
8,27,63,44,65,39.259400978650405,77.07301346836152,4
6,27,50,30,59,35.48940097865041,61.013013468361535,6
8,43,84,58,74,38.20940097865041,89.29301346836152,2
11,27,59,47,39,48.20940097865041,89.29301346836152,3
6,27,50,29,55,31.449400978650406,62.623013468361535,4
8,32,42,33,47,31.509400978650405,47.10301346836153,8
5,27,42,29,49,33.4494009786504,66.83301346836153,1
6,27,79,30,92,39.4794009786504,87.55301346836154,2
6,27,61,31,77,42.54940097865041,82.25301346836153,10
10,47,64,35,57,38.009400978650405,75.27301346836154,3
7,27,54,40,49,34.62940097865041,82.13301346836153,6
8,27,57,42,53,36.48940097865041,53.06301346836153,7
5,61,42,29,51,59.509400978650405,82.73301346836153,4
5,44,42,29,52,44.84940097865041,75.70301346836153,8
8,39,96,53,85,37.869400978650404,97.83301346836154,3
6,27,71,30,91,46.469400978650405,89.29301346836152,2
6,29,51,29,57,32.66940097865041,73.46301346836154,4
8,29,82,58,80,50.469400978650405,83.43301346836154,6
5,27,42,29,59,43.4494009786504,79.01301346836152,6
5,27,42,29,52,36.4494009786504,69.88301346836153,9
8,29,62,46,58,38.4794009786504,59.46301346836153,7
11,31,79,48,70,39.609400978650406,75.27301346836154,1
12,27,54,48,39,45.9194009786504,90.52301346836154,3
5,27,42,29,70,54.4494009786504,77.36301346836153,3
5,27,42,29,49,33.4494009786504,70.43301346836154,1
7,27,92,39,83,35.109400978650406,84.20301346836153,2
5,27,42,29,56,40.4494009786504,75.19301346836153,9
7,27,49,36,45,30.519400978650406,70.65301346836154,6
8,27,61,36,63,32.049400978650404,64.51301346836154,8
6,27,62,30,75,39.4794009786504,81.38301346836153,10
9,46,82,48,72,30.449400978650406,82.06301346836153,3
12,27,50,49,39,44.98940097865041,85.60301346836152,3
5,27,42,29,47,31.449400978650406,61.013013468361535,10
12,27,69,38,39,51.90940097865041,82.06301346836153,3
7,27,63,46,64,40.90940097865041,78.40301346836154,1
8,27,60,30,77,43.469400978650405,80.41301346836153,9
8,29,66,49,62,41.4794009786504,67.27301346836154,6
6,27,65,29,86,47.4494009786504,81.72301346836153,2
8,46,81,51,67,34.84940097865041,86.01301346836152,3
9,39,65,29,53,38.4494009786504,75.27301346836154,3
5,27,42,30,61,45.469400978650405,78.40301346836154,3
8,27,53,30,65,38.4794009786504,74.26301346836152,9
7,32,58,48,52,37.76940097865041,60.80301346836153,5
5,27,42,31,64,48.5294009786504,64.61301346836153,5
8,34,87,53,79,41.1694009786504,85.98301346836153,3
9,27,42,55,40,49.469400978650405,72.91301346836153,6
7,28,79,33,75,26.609400978650406,72.43301346836154,2
9,42,81,29,69,40.939400978650404,89.25301346836153,2
8,27,61,29,70,35.4494009786504,68.10301346836152,9
8,27,53,36,53,31.069400978650407,53.21301346836153,8
6,37,51,29,57,36.899400978650405,78.82301346836152,8
8,33,60,52,63,41.4794009786504,66.45301346836153,4
8,27,62,30,73,37.48940097865041,78.40301346836154,1
10,62,69,55,57,36.179400978650406,101.81301346836153,2
5,27,42,29,68,52.4494009786504,78.39301346836153,3
5,27,42,29,77,61.4494009786504,82.06301346836153,3
7,27,63,49,60,43.4494009786504,79.73301346836153,6
9,27,42,36,39,30.449400978650406,67.27301346836154,6
8,27,75,63,80,58.37940097865041,102.52301346836154,8
5,27,42,29,63,47.4494009786504,82.86301346836153,2
6,43,42,47,55,39.56940097865041,78.40301346836154,1
8,29,78,66,77,58.509400978650405,86.97301346836153,6
6,33,42,35,62,46.4494009786504,80.59301346836153,9
7,27,60,43,58,37.48940097865041,68.14301346836153,7
7,27,52,36,53,31.509400978650405,49.33301346836153,8
6,29,48,29,51,29.769400978650406,60.04301346836153,4
6,27,75,40,65,36.48940097865041,69.88301346836153,5
5,27,42,29,61,45.4494009786504,89.67301346836153,1
8,30,79,32,73,26.449400978650406,73.32301346836152,2
10,34,53,33,50,26.449400978650406,48.86301346836153,8
5,27,42,29,65,49.4494009786504,69.28301346836153,5
5,27,42,29,49,33.4494009786504,75.41301346836153,6
10,39,48,37,45,27.449400978650406,58.273013468361526,8
11,37,54,29,45,35.109400978650406,78.40301346836154,3
9,49,76,51,60,36.4494009786504,83.30301346836154,2
9,45,58,48,80,48.469400978650405,78.40301346836154,1
10,44,71,37,62,34.26940097865041,84.13301346836153,2
5,43,42,29,51,43.4494009786504,72.61301346836153,4
8,60,66,62,51,35.4494009786504,81.31301346836153,5
8,48,86,52,70,36.59940097865041,90.07301346836152,2
7,27,42,37,41,31.699400978650406,52.91301346836153,10
5,27,42,29,46,30.449400978650406,58.21301346836153,1
9,43,62,44,83,47.469400978650405,81.91301346836153,9
6,27,67,29,76,35.4494009786504,77.86301346836153,10
5,27,42,29,48,32.4494009786504,53.21301346836153,10
5,27,42,29,50,34.4494009786504,81.38301346836153,6
7,27,64,43,73,41.88940097865041,69.98301346836153,4
5,39,42,29,48,38.4494009786504,63.67301346836153,4
8,28,85,38,80,31.699400978650406,77.59301346836153,7
7,27,58,37,57,31.699400978650406,72.04301346836152,6
9,36,59,29,49,34.84940097865041,62.623013468361535,2
8,27,49,30,63,40.4794009786504,58.21301346836153,1
5,45,42,36,45,35.9794009786504,73.46301346836154,4
9,49,48,48,45,26.449400978650406,67.27301346836154,8
6,27,71,30,91,46.469400978650405,89.29301346836152,2
8,36,66,38,56,30.449400978650406,62.623013468361535,2
6,28,73,43,63,38.20940097865041,68.10301346836152,5
6,29,67,48,55,42.689400978650404,64.61301346836153,5
7,28,90,41,83,35.149400978650405,82.94301346836153,3
5,27,42,29,64,48.4494009786504,77.48301346836153,2
9,45,54,43,71,43.84940097865041,69.93301346836154,1
5,27,42,31,75,59.509400978650405,89.29301346836152,3
5,27,42,29,53,37.4494009786504,64.10301346836152,9
11,31,93,37,69,44.829400978650405,85.00301346836153,1
6,27,63,29,71,34.4494009786504,67.05301346836154,2
8,27,59,29,73,40.4494009786504,69.61301346836153,9
5,27,42,29,52,36.4494009786504,81.48301346836153,10
7,27,50,46,46,40.4794009786504,61.013013468361535,7
8,32,66,51,71,42.23940097865041,72.04301346836152,4
5,45,42,31,48,41.8094009786504,73.46301346836154,4
7,27,49,36,44,30.729400978650407,62.42301346836153,7
8,44,84,48,76,28.839400978650406,82.06301346836153,2
8,27,62,37,64,32.87940097865041,69.83301346836153,8
9,41,66,43,78,38.4494009786504,83.21301346836154,9
6,27,60,29,73,39.4494009786504,78.66301346836153,7
7,27,42,46,41,40.56940097865041,64.27301346836153,10
6,27,78,30,90,38.4794009786504,90.92301346836153,2
8,27,64,47,62,41.4794009786504,62.42301346836153,6
7,27,42,54,39,48.4494009786504,82.95301346836153,10
6,27,75,30,87,38.4794009786504,86.01301346836152,2
9,49,69,51,57,32.4494009786504,72.87301346836153,3
9,40,70,41,87,43.469400978650405,82.94301346836153,9
5,43,42,35,45,35.109400978650406,64.83301346836153,8
8,27,63,38,65,33.74940097865041,69.45301346836153,4
6,45,42,49,53,37.5894009786504,75.27301346836154,1
9,49,66,51,71,31.449400978650406,80.62301346836153,9
7,27,51,46,45,40.70940097865041,69.57301346836152,9
5,27,42,29,77,61.4494009786504,95.45301346836153,2
9,27,42,70,38,64.45940097865041,94.09301346836153,6
5,27,42,29,52,36.4494009786504,67.92301346836153,9
5,27,42,29,57,41.4494009786504,83.98301346836153,10
6,29,74,31,81,33.4494009786504,78.52301346836154,3
9,35,69,36,91,48.469400978650405,85.82301346836152,9
11,32,85,41,60,46.539400978650406,77.85301346836152,1
7,27,52,29,58,32.4494009786504,64.51301346836154,4
7,43,66,45,51,35.4494009786504,71.69301346836153,5
7,27,49,52,47,46.469400978650405,71.81301346836153,9
5,27,42,29,49,33.4494009786504,65.74301346836154,1
5,49,42,32,50,45.399400978650405,83.82301346836152,8
9,38,68,42,82,40.56940097865041,78.13301346836153,9
5,45,42,38,45,34.26940097865041,73.46301346836154,4
6,51,48,29,51,48.189400978650404,84.20301346836153,4
6,27,80,29,102,48.4494009786504,101.75301346836153,3
8,31,78,42,72,32.939400978650404,72.43301346836154,2
10,43,42,43,49,33.649400978650405,69.45301346836153,8
9,36,60,35,72,38.74940097865041,67.42301346836153,1
8,29,77,58,73,50.469400978650405,79.44301346836153,6
5,27,42,30,60,44.469400978650405,59.61301346836153,5
5,27,42,31,61,45.539400978650406,59.843013468361534,5
7,27,52,46,51,40.56940097865041,61.81301346836153,6
8,29,77,65,73,57.45940097865041,83.42301346836153,7
6,27,64,29,71,33.4494009786504,66.19301346836153,3
10,38,46,29,39,35.149400978650405,69.28301346836153,5
8,43,95,54,86,34.26940097865041,95.45301346836153,2
7,27,60,50,58,44.469400978650405,67.27301346836154,7
5,27,42,29,74,58.4494009786504,94.24301346836154,2
7,27,52,30,54,28.549400978650404,57.06301346836153,8
7,27,65,38,63,32.509400978650405,75.41301346836153,9
8,27,54,43,71,47.859400978650406,69.93301346836154,1
6,28,45,29,45,26.609400978650406,51.57301346836153,8
6,27,65,30,74,35.48940097865041,76.81301346836153,10
9,37,67,29,59,34.62940097865041,65.78301346836153,2
6,35,42,38,49,33.49940097865041,69.35301346836152,9
5,27,42,29,47,31.449400978650406,54.843013468361534,7
6,27,58,29,76,44.4494009786504,79.61301346836153,6
6,27,47,29,49,28.449400978650406,51.57301346836153,8
7,27,52,30,54,28.549400978650404,57.06301346836153,8
5,27,42,29,48,32.4494009786504,64.45301346836153,9
6,27,53,29,61,34.4494009786504,69.98301346836153,4
5,27,42,29,65,49.4494009786504,67.92301346836153,5
5,27,42,29,59,43.4494009786504,68.90301346836154,10
8,36,83,38,73,30.449400978650406,79.10301346836152,2
5,53,42,46,45,34.26940097865041,76.01301346836152,4
6,27,74,29,86,38.4494009786504,82.25301346836153,2
8,29,76,50,72,42.4794009786504,75.41301346836153,6
6,27,76,31,79,29.769400978650406,73.32301346836152,2
8,27,68,40,67,34.62940097865041,67.62301346836153,7
9,27,42,42,37,36.59940097865041,57.06301346836153,6
9,27,42,35,37,29.769400978650406,75.73301346836153,6
9,27,42,51,38,45.469400978650405,68.04301346836152,6
7,27,51,38,48,32.4494009786504,64.53301346836153,9
6,27,53,29,61,34.4494009786504,70.37301346836153,8
7,28,78,32,73,26.279400978650408,69.43301346836154,3
5,62,42,42,45,46.24940097865041,83.42301346836153,4
9,27,42,37,39,31.449400978650406,72.41301346836153,6
7,44,60,51,51,31.259400978650405,66.51301346836152,5
7,27,68,46,79,45.469400978650405,76.67301346836153,4
6,27,79,45,63,44.06940097865041,73.52301346836154,5
7,27,60,41,67,39.06940097865041,63.67301346836153,4
10,56,77,37,68,45.289400978650406,94.50301346836153,3
8,50,52,29,39,48.5294009786504,71.01301346836152,5
5,27,42,29,55,39.4494009786504,75.09301346836153,9
7,27,50,29,56,32.4494009786504,62.28301346836153,8
7,27,92,39,85,34.219400978650405,90.52301346836154,3
8,27,65,29,87,48.4494009786504,83.21301346836154,9
7,27,100,43,88,40.0894009786504,92.88301346836153,3
5,27,42,29,52,36.4494009786504,67.92301346836153,9
7,33,62,41,55,30.659400978650407,60.04301346836153,5
6,27,58,30,77,45.469400978650405,84.87301346836153,7
7,27,67,47,68,41.88940097865041,90.13301346836153,9
5,40,42,29,44,37.37940097865041,53.013013468361535,8
8,27,81,40,80,34.62940097865041,86.01301346836152,6
7,33,62,45,55,34.219400978650405,61.233013468361534,5
8,29,58,41,57,33.649400978650405,55.41301346836153,6
6,27,66,29,78,38.4494009786504,76.16301346836153,3
11,46,70,29,61,43.369400978650404,94.95301346836153,3
8,27,66,31,87,47.5294009786504,92.03301346836153,1
7,27,42,39,39,33.4494009786504,61.07301346836153,10
6,27,77,30,81,30.519400978650406,76.16301346836153,2
5,27,42,29,67,51.4494009786504,95.34301346836153,2
6,27,60,29,63,29.449400978650406,68.82301346836152,6
10,46,59,29,45,45.399400978650405,86.01301346836152,3
9,56,88,58,74,34.4494009786504,94.50301346836153,3
8,35,94,58,85,45.289400978650406,94.50301346836153,3
8,27,58,29,61,29.449400978650406,71.06301346836153,9
10,51,42,53,46,30.449400978650406,72.91301346836153,8
6,43,42,45,59,43.4494009786504,81.91301346836153,9
8,27,68,47,67,41.5594009786504,66.50301346836153,6
7,29,76,43,69,36.09940097865041,73.71301346836154,3
10,41,69,29,58,39.56940097865041,90.15301346836154,2
7,27,54,58,50,52.469400978650405,80.22301346836153,6
8,31,75,58,83,50.759400978650405,86.46301346836154,8
9,50,42,53,49,33.49940097865041,85.09301346836153,8
8,27,53,31,66,39.56940097865041,61.67301346836153,1
9,35,69,36,63,26.609400978650406,67.17301346836153,3
7,27,48,45,49,39.939400978650404,66.83301346836153,9
7,37,60,51,51,36.869400978650404,65.77301346836154,5
7,27,49,47,45,41.4794009786504,75.73301346836153,6
11,27,62,35,39,44.329400978650405,67.17301346836153,3
7,27,70,58,81,55.649400978650405,84.82301346836152,8
8,27,72,39,69,33.4494009786504,73.57301346836152,6
6,27,78,29,82,30.449400978650406,76.95301346836153,3
8,27,63,43,71,41.24940097865041,68.55301346836154,1
7,27,85,37,79,31.989400978650405,76.95301346836153,3
8,40,87,64,76,46.859400978650406,95.06301346836153,3
6,29,71,31,81,36.4494009786504,77.18301346836154,3
6,27,62,31,74,38.579400978650405,70.21301346836154,2
8,27,55,29,71,42.4494009786504,69.88301346836153,9
6,27,62,30,67,31.509400978650405,62.623013468361535,2
5,27,42,29,77,61.4494009786504,90.52301346836154,3
6,28,66,30,77,37.4494009786504,74.84301346836153,3
7,27,42,47,39,41.4494009786504,63.21301346836153,10
5,27,42,29,47,31.449400978650406,61.013013468361535,10
6,27,56,29,75,45.4494009786504,75.93301346836154,7
10,38,73,35,66,29.849400978650408,76.63301346836153,2
10,27,60,43,39,46.24940097865041,79.74301346836154,3
11,34,68,29,60,32.049400978650404,82.25301346836153,2
6,52,42,55,50,34.49940097865041,70.69301346836153,9
7,27,52,48,45,42.869400978650404,62.21301346836153,9
11,41,53,39,50,27.449400978650406,64.51301346836154,8
9,28,73,48,77,42.759400978650405,75.70301346836153,4
5,27,42,31,62,46.539400978650406,75.41301346836153,3
8,29,63,43,67,37.3394009786504,64.51301346836154,4
10,27,61,35,39,43.369400978650404,65.78301346836153,3
5,27,42,29,48,32.4494009786504,53.06301346836153,7
11,41,85,45,72,33.649400978650405,79.83301346836153,1
10,27,73,34,76,31.259400978650405,70.87301346836153,1
6,41,42,43,50,34.4494009786504,68.10301346836152,9
5,27,42,29,55,39.4494009786504,64.27301346836153,10
6,27,50,29,55,31.449400978650406,59.21301346836153,4
9,27,42,52,37,46.539400978650406,71.01301346836152,6
7,28,91,39,82,34.26940097865041,83.22301346836153,2
6,27,74,30,96,48.469400978650405,93.96301346836154,2
8,27,53,29,65,38.4494009786504,68.59301346836153,1
10,49,42,53,46,30.729400978650407,84.32301346836152,8
7,28,94,39,85,34.26940097865041,86.81301346836153,3
10,52,59,35,52,42.869400978650404,75.41301346836153,3
9,29,66,43,67,36.09940097865041,64.51301346836154,4
6,43,42,46,53,37.48940097865041,66.83301346836153,1
8,29,83,50,79,42.4794009786504,87.77301346836154,6
8,27,62,29,73,37.4494009786504,73.17301346836153,9
11,37,60,29,51,35.109400978650406,84.83301346836153,2
8,41,63,55,67,37.3394009786504,71.42301346836153,4
5,27,42,29,57,41.4494009786504,66.10301346836152,1
6,28,75,38,65,34.079400978650405,69.88301346836153,5
6,27,53,31,65,38.579400978650405,67.27301346836154,6
8,28,77,46,73,39.4794009786504,72.12301346836153,7
9,42,42,44,46,30.449400978650406,59.843013468361534,8
7,28,77,45,65,40.939400978650404,71.69301346836153,2
5,27,42,29,77,61.4494009786504,102.56301346836153,2
6,27,70,29,87,43.4494009786504,86.44301346836153,3
7,29,91,43,82,36.869400978650404,90.15301346836154,2
5,27,42,29,50,34.4494009786504,56.04301346836153,10
11,60,48,57,45,28.449400978650406,93.12301346836153,8
9,44,56,44,67,37.5894009786504,66.83301346836153,1
5,27,42,29,45,29.449400978650406,67.27301346836154,6
5,42,42,35,44,33.74940097865041,68.72301346836153,8
8,38,79,42,72,27.919400978650405,76.22301346836153,3
6,27,57,31,65,34.62940097865041,61.07301346836153,10
10,73,42,73,48,32.66940097865041,102.52301346836154,8
8,41,73,43,59,34.4494009786504,75.59301346836153,2
9,44,52,29,39,43.1694009786504,77.04301346836152,5
9,49,78,51,60,38.4494009786504,86.92301346836153,2
7,28,83,39,76,33.299400978650404,78.40301346836154,3
9,27,42,42,39,36.4494009786504,79.01301346836152,6
6,29,52,29,58,32.66940097865041,77.12301346836153,8
7,27,53,51,54,45.8094009786504,73.43301346836154,1
5,48,42,29,48,46.29940097865041,68.21301346836154,4
9,43,66,29,56,40.90940097865041,74.44301346836153,3
6,27,63,29,81,44.4494009786504,79.73301346836153,6
8,37,49,29,39,35.65940097865041,57.38301346836153,5
10,37,79,29,70,35.109400978650406,84.41301346836153,2
8,27,55,35,54,29.769400978650406,49.373013468361535,7
9,27,42,48,39,42.4494009786504,73.21301346836154,6
5,27,42,29,61,45.4494009786504,76.87301346836153,10
12,27,64,46,39,51.24940097865041,94.95301346836153,3
5,27,42,29,57,41.4494009786504,77.86301346836153,6
9,40,54,33,80,53.8094009786504,76.22301346836153,1
11,35,64,29,55,33.4494009786504,86.92301346836153,2
8,27,66,31,69,29.769400978650406,73.46301346836154,4
10,40,62,35,55,31.509400978650405,66.83301346836153,2
5,27,42,29,65,49.4494009786504,69.28301346836153,5
9,42,50,38,47,29.449400978650406,70.37301346836153,8
9,51,88,53,69,39.4494009786504,97.83301346836154,3
6,27,66,31,85,45.539400978650406,88.13301346836153,7
5,27,42,31,69,53.51940097865041,85.64301346836153,3
9,50,88,52,70,38.4494009786504,96.53301346836153,3
10,39,42,41,47,31.449400978650406,58.273013468361526,8
6,27,54,29,65,37.4494009786504,67.62301346836153,7
7,27,50,53,48,47.469400978650405,69.33301346836153,9
7,27,79,35,74,29.769400978650406,75.27301346836154,3
5,48,42,41,44,33.74940097865041,71.49301346836154,4
7,27,103,53,87,50.73940097865041,100.75301346836153,2
8,28,74,48,71,41.4494009786504,73.21301346836154,6
9,35,67,37,61,26.449400978650406,61.373013468361535,2
8,29,84,51,81,43.4494009786504,81.58301346836153,7
6,27,57,29,64,33.4494009786504,65.23301346836153,7
8,45,49,29,39,42.759400978650405,61.64301346836153,5
5,27,42,29,59,43.4494009786504,73.17301346836153,9
8,32,87,38,81,28.449400978650406,80.08301346836153,3
10,27,77,38,39,59.5894009786504,85.84301346836153,3
8,37,87,44,79,30.519400978650406,86.37301346836153,3
7,29,91,58,84,50.73940097865041,94.61301346836153,2
5,44,42,29,52,44.84940097865041,76.67301346836153,4
6,27,56,29,67,37.4494009786504,79.31301346836153,8
10,27,58,49,56,43.469400978650405,59.46301346836153,1
6,29,68,31,77,35.4494009786504,72.50301346836153,3
6,27,78,31,84,32.66940097865041,79.10301346836152,2
5,27,42,29,62,46.4494009786504,78.13301346836153,9
8,42,90,44,78,32.4494009786504,89.25301346836153,2
7,27,56,50,53,44.4494009786504,68.68301346836154,6
9,60,62,29,45,59.29940097865041,90.64301346836153,2
8,27,54,31,58,30.729400978650407,60.04301346836153,1
6,36,42,40,54,38.579400978650405,73.73301346836153,9
8,41,42,41,47,31.699400978650406,70.37301346836153,8
5,27,42,29,56,40.4494009786504,73.73301346836153,9
9,35,67,49,69,36.4494009786504,69.83301346836153,8
10,37,64,33,58,30.159400978650407,64.83301346836153,2
7,27,42,48,40,42.4794009786504,60.80301346836153,10
11,39,58,29,47,37.869400978650404,93.63301346836153,2
9,46,72,39,64,33.74940097865041,76.59301346836153,2
6,27,80,54,69,49.6994009786504,82.25301346836153,5
7,27,42,50,41,44.54940097865041,75.75301346836153,10
7,41,66,46,56,31.069400978650407,71.22301346836153,5
10,34,62,29,55,31.509400978650405,62.07301346836153,3
9,47,57,49,79,48.4494009786504,87.06301346836153,1
8,27,75,43,72,37.4494009786504,74.83301346836153,6
6,42,42,45,45,29.529400978650408,68.57301346836152,9
7,41,66,45,55,31.699400978650406,68.10301346836152,5
12,27,48,50,39,45.289400978650406,88.82301346836152,3
5,45,42,31,48,41.8094009786504,73.46301346836154,4
7,27,58,30,63,31.509400978650405,68.99301346836154,4
8,27,59,31,76,43.54940097865041,86.55301346836154,1
8,28,86,62,83,55.4494009786504,94.09301346836153,6
9,27,42,41,40,35.48940097865041,62.89301346836153,6
10,34,47,29,39,32.049400978650404,63.623013468361535,5
9,27,42,48,39,42.4494009786504,72.04301346836152,6
5,47,42,34,44,39.259400978650405,70.95301346836153,4
5,27,42,29,45,29.449400978650406,68.04301346836152,6
6,27,80,30,102,48.469400978650405,102.56301346836153,2
8,29,70,50,68,42.4794009786504,69.02301346836154,7
9,34,74,29,66,32.049400978650404,74.80301346836154,2
6,27,54,29,69,41.4494009786504,64.26301346836154,10
8,37,79,48,70,34.26940097865041,79.31301346836153,2
11,41,51,39,48,27.449400978650406,62.74301346836153,8
11,39,69,29,62,36.09940097865041,82.94301346836153,3
6,27,70,29,80,36.4494009786504,75.66301346836153,2
8,34,79,36,71,28.449400978650406,74.80301346836154,2
5,27,42,29,55,39.4494009786504,66.50301346836153,6
5,27,42,29,70,54.4494009786504,86.37301346836153,2
10,35,80,33,74,28.449400978650406,79.90301346836154,3
