V1,V2,V3,V4,V5,V6,V7,Class
5,28,44,29,34,23.63293398576694,48.14200897890768,5
6,27,55,49,62,38.48293398576694,69.00200897890768,4
7,35,68,36,55,26.63293398576694,73.06200897890768,2
4,18,45,20,55,27.67293398576694,62.452008978907685,7
5,19,76,29,70,25.482933985766937,74.94200897890768,2
3,53,28,33,38,39.82293398576694,84.34200897890769,8
6,28,38,28,31,20.732933985766937,45.40200897890769,5
7,34,28,37,34,23.88293398576694,53.76200897890769,8
4,18,37,19,44,24.63293398576694,52.60200897890769,4
8,42,46,42,38,21.712933985766938,69.65200897890769,3
3,18,28,19,42,31.63293398576694,68.67200897890768,6
6,32,84,39,73,26.45293398576694,85.39200897890768,2
8,35,28,34,34,23.88293398576694,60.61200897890768,8
8,27,28,28,34,23.63293398576694,42.732008978907686,8
5,19,59,25,57,20.63293398576694,55.76200897890769,2
7,35,43,36,57,31.63293398576694,63.77200897890769,9
7,25,53,43,56,33.35293398576694,61.842008978907685,8
3,18,28,19,35,24.63293398576694,63.18200897890769,9
4,18,34,21,51,34.73293398576694,57.52200897890769,6
3,18,28,19,57,46.63293398576694,74.95200897890768,2
4,26,34,19,39,26.26293398576694,54.342008978907685,8
5,25,52,33,45,24.232933985766937,53.44200897890769,5
5,20,68,33,57,30.63293398576694,64.52200897890769,2
9,37,39,31,37,22.63293398576694,57.65200897890769,8
6,37,28,38,33,22.63293398576694,63.32200897890769,8
6,19,55,37,62,34.872933985766934,62.85200897890769,8
6,23,55,26,51,18.462933985766938,51.00200897890768,3
3,33,28,19,31,31.44293398576694,46.982008978907686,8
6,18,57,44,55,40.63293398576694,60.43200897890769,6
9,18,36,36,26,34.42293398576694,65.60200897890769,3
6,20,66,41,65,35.652933985766936,73.88200897890769,6
5,18,46,39,46,35.73293398576694,57.75200897890768,6
4,19,34,19,38,21.712933985766938,64.63200897890769,4
8,26,50,23,46,20.10293398576694,50.302008978907686,2
5,18,40,30,36,26.81293398576694,45.99200897890769,6
8,19,57,42,59,37.99293398576694,62.36200897890768,1
6,32,65,54,76,40.332933985766935,84.34200897890769,8
6,19,57,30,57,25.832933985766935,55.38200897890769,7
5,18,75,31,65,30.052933985766938,70.65200897890769,2
5,18,46,26,46,22.912933985766937,73.13200897890769,7
5,18,49,36,38,34.872933985766934,70.61200897890768,9
9,22,46,19,42,20.10293398576694,51.26200897890769,2
4,42,28,44,43,32.66293398576694,71.88200897890769,1
7,32,50,19,37,33.43293398576694,66.41200897890769,2
5,18,51,35,49,31.63293398576694,73.54200897890769,7
8,20,62,34,56,29.232933985766937,59.30200897890768,1
9,32,58,44,50,28.162933985766937,61.19200897890768,1
6,18,53,20,69,33.66293398576694,71.88200897890769,9
4,18,40,19,50,27.63293398576694,71.66200897890769,4
9,44,39,19,32,42.11293398576694,66.83200897890768,3
5,18,41,33,38,29.67293398576694,47.382008978907685,1
4,42,28,44,38,27.67293398576694,65.15200897890769,1
5,18,41,29,45,27.292933985766936,56.85200897890769,8
5,18,48,46,48,42.70293398576694,67.94200897890768,6
6,18,49,27,52,25.06293398576694,57.922008978907684,4
3,18,28,19,56,45.63293398576694,87.33200897890768,2
5,19,78,36,68,33.52293398576694,81.50200897890768,2
5,18,50,51,48,47.63293398576694,69.56200897890768,7
8,18,62,45,56,41.942933985766935,64.94200897890768,1
6,48,44,39,34,28.44293398576694,65.28200897890768,5
7,33,38,22,49,33.32293398576694,49.60200897890769,1
4,18,42,20,64,39.652933985766936,68.79200897890769,7
3,18,28,19,49,38.63293398576694,64.34200897890769,9
5,38,52,49,42,28.44293398576694,65.28200897890768,5
6,28,58,29,51,20.63293398576694,54.71200897890769,2
6,25,66,28,61,19.24293398576694,65.09200897890769,2
3,18,28,19,65,54.63293398576694,90.74200897890768,2
3,18,28,20,52,41.652933985766936,58.54200897890769,3
4,31,36,19,42,30.892933985766938,64.01200897890769,4
6,34,49,35,36,26.63293398576694,57.922008978907684,5
5,18,54,36,64,36.442933985766935,64.63200897890769,8
6,18,46,19,57,28.63293398576694,70.99200897890769,9
5,18,48,37,38,35.332933985766935,68.66200897890769,9
3,18,28,19,43,32.63293398576694,75.48200897890769,1
4,18,34,21,57,40.71293398576694,57.25200897890768,7
6,18,50,34,48,30.63293398576694,49.94200897890769,7
6,28,38,28,31,20.732933985766937,45.40200897890769,5
3,18,28,19,32,21.63293398576694,55.76200897890769,9
9,26,50,19,42,25.63293398576694,72.12200897890769,2
5,18,45,32,43,28.63293398576694,58.54200897890769,9
6,19,46,27,45,22.70293398576694,43.61200897890768,7
4,24,33,19,36,23.44293398576694,57.65200897890769,8
8,20,59,39,61,34.07293398576694,65.15200897890769,1
5,18,54,36,64,36.442933985766935,64.63200897890769,8
7,27,63,26,56,21.022933985766937,65.09200897890769,2
9,23,50,28,50,20.10293398576694,48.14200897890768,1
3,18,28,19,46,35.63293398576694,55.68200897890769,3
5,18,49,36,38,34.872933985766934,70.61200897890768,9
3,18,28,20,56,45.652933985766936,69.15200897890769,3
9,25,42,19,36,23.69293398576694,61.80200897890768,3
6,18,48,20,60,29.67293398576694,67.33200897890768,1
4,26,28,28,36,25.682933985766937,58.28200897890768,9
3,18,28,19,50,39.63293398576694,55.38200897890769,1
5,19,68,26,64,21.95293398576694,69.85200897890769,3
5,18,72,30,68,26.81293398576694,72.26200897890769,2
8,28,60,19,52,27.292933985766936,73.80200897890768,3
4,20,35,19,40,22.912933985766937,53.44200897890769,4
7,18,28,45,27,41.652933985766936,61.842008978907685,6
4,18,44,20,52,25.682933985766937,53.202008978907685,10
4,18,61,20,71,27.67293398576694,72.23200897890769,2
4,18,50,21,65,32.75293398576694,68.46200897890769,7
7,18,28,31,27,27.67293398576694,51.82200897890769,6
3,18,28,19,46,35.63293398576694,74.34200897890769,7
6,19,59,39,58,34.66293398576694,59.88200897890769,7
4,33,28,35,44,33.66293398576694,58.812008978907684,9
4,18,36,19,52,33.63293398576694,53.44200897890769,7
6,18,36,20,58,39.652933985766936,59.78200897890768,9
7,21,58,40,62,34.60293398576694,63.82200897890769,4
4,18,50,19,71,38.63293398576694,70.99200897890769,2
5,18,45,45,44,41.652933985766936,64.94200897890768,1
6,39,70,44,55,29.232933985766937,78.04200897890769,3
5,18,35,33,31,29.77293398576694,64.01200897890769,6
4,26,28,27,33,22.63293398576694,60.97200897890768,1
6,35,61,36,46,28.63293398576694,71.80200897890768,3
3,30,28,19,35,30.63293398576694,52.60200897890769,4
7,35,53,33,42,25.122933985766938,65.60200897890769,3
5,18,32,19,35,20.63293398576694,38.78200897890768,8
3,18,28,19,38,27.63293398576694,47.64200897890768,10
3,27,28,20,29,24.17293398576694,42.732008978907686,8
7,18,28,36,27,32.66293398576694,53.202008978907685,6
4,37,28,40,40,29.77293398576694,71.80200897890768,1
8,56,37,53,35,19.63293398576694,81.81200897890768,8
5,18,42,28,47,27.032933985766938,58.38200897890769,8
6,18,57,29,62,27.84293398576694,73.25200897890768,8
4,18,42,19,46,21.63293398576694,46.312008978907684,7
6,48,62,49,49,26.63293398576694,74.57200897890769,3
4,18,40,20,61,38.652933985766936,61.05200897890768,7
3,18,28,19,35,24.63293398576694,40.03200897890768,7
5,18,38,34,42,31.792933985766936,46.982008978907686,8
5,18,78,36,64,36.442933985766935,75.28200897890768,3
4,20,67,29,60,25.06293398576694,66.43200897890769,5
3,18,28,19,60,49.63293398576694,77.50200897890768,2
4,18,65,19,81,33.63293398576694,82.15200897890769,3
6,35,62,36,46,29.63293398576694,72.12200897890769,2
6,35,41,19,26,37.03293398576694,64.68200897890769,5
3,18,28,19,44,33.63293398576694,69.94200897890768,7
3,18,28,19,32,21.63293398576694,48.14200897890768,1
7,26,42,27,63,38.63293398576694,59.99200897890769,9
4,43,36,19,42,41.88293398576694,87.44200897890768,8
7,26,39,27,46,24.63293398576694,56.10200897890769,1
5,18,38,29,37,25.682933985766937,44.07200897890769,6
3,39,28,28,33,29.52293398576694,58.38200897890769,8
6,18,46,26,57,30.392933985766938,55.03200897890768,1
3,18,28,19,32,21.63293398576694,56.202008978907685,6
4,32,28,33,38,27.63293398576694,52.552008978907686,1
9,38,36,33,34,21.63293398576694,49.052008978907686,8
5,18,36,19,41,22.63293398576694,47.202008978907685,8
4,43,28,45,37,26.682933985766937,62.60200897890769,1
8,31,67,29,61,20.63293398576694,77.68200897890769,2
6,27,62,28,53,22.63293398576694,61.19200897890768,2
8,20,74,23,81,24.85293398576694,78.04200897890769,1
3,18,28,19,51,40.63293398576694,55.76200897890769,2
5,18,53,39,51,35.63293398576694,82.97200897890768,6
3,18,28,19,60,49.63293398576694,69.56200897890768,2
7,25,52,33,54,23.69293398576694,53.44200897890769,4
3,18,28,19,47,36.63293398576694,69.21200897890769,1
7,34,44,19,32,34.50293398576694,60.62200897890769,2
3,18,28,21,62,51.69293398576694,83.88200897890769,3
3,18,28,19,33,22.63293398576694,53.202008978907685,6
3,18,28,19,65,54.63293398576694,77.85200897890769,2
6,18,52,21,56,21.95293398576694,62.39200897890768,4
5,18,37,29,33,25.832933985766935,52.60200897890769,1
4,18,47,21,52,22.912933985766937,49.07200897890769,10
8,55,50,48,40,26.94293398576694,83.54200897890769,2
7,21,62,19,57,19.872933985766938,62.25200897890768,2
7,30,42,32,52,27.67293398576694,51.21200897890769,9
5,28,44,35,39,22.342933985766937,48.54200897890769,5
8,24,28,27,35,24.85293398576694,37.76200897890769,8
5,18,28,27,26,23.63293398576694,53.19200897890769,10
4,19,56,26,50,22.842933985766937,53.44200897890769,5
6,18,58,43,55,39.652933985766936,60.562008978907684,6
7,28,41,29,58,34.63293398576694,55.672008978907684,1
5,18,67,29,59,27.292933985766936,62.40200897890769,2
7,42,53,19,32,46.24293398576694,89.26200897890769,3
5,18,52,35,62,35.63293398576694,61.54200897890769,4
3,18,28,19,58,47.63293398576694,71.18200897890769,2
5,19,81,31,73,28.162933985766937,76.48200897890769,2
3,18,28,19,34,23.63293398576694,45.912008978907686,7
4,27,28,30,39,28.782933985766938,59.78200897890768,9
3,18,28,19,38,27.63293398576694,49.732008978907686,10
4,18,36,20,45,26.682933985766937,44.61200897890768,10
7,42,59,53,64,27.84293398576694,73.13200897890769,4
7,19,47,30,48,26.072933985766937,46.74200897890769,8
3,18,28,19,61,50.63293398576694,75.28200897890768,2
5,18,40,19,50,27.63293398576694,72.35200897890769,4
5,18,38,38,37,34.66293398576694,58.50200897890768,1
8,20,59,28,58,22.70293398576694,55.38200897890769,1
3,18,28,19,40,29.63293398576694,71.06200897890768,6
5,19,59,29,56,24.69293398576694,54.71200897890769,2
3,18,28,19,33,22.63293398576694,51.35200897890769,7
5,18,38,26,40,23.69293398576694,38.26200897890769,8
4,24,28,27,38,27.802933985766938,54.16200897890769,9
3,18,28,19,39,28.63293398576694,70.94200897890768,10
3,18,28,19,34,23.63293398576694,62.96200897890769,1
4,33,28,34,50,39.63293398576694,57.482008978907686,1
5,18,36,28,34,24.63293398576694,51.69200897890769,6
6,28,77,30,68,22.70293398576694,73.34200897890769,2
3,18,28,21,65,54.68293398576694,71.96200897890769,5
7,31,68,32,57,24.63293398576694,71.87200897890769,3
3,18,28,19,34,23.63293398576694,48.82200897890769,10
6,20,49,30,47,24.63293398576694,51.97200897890768,6
5,18,40,21,44,21.95293398576694,50.44200897890769,4
4,18,41,19,52,28.63293398576694,72.14200897890768,8
5,18,41,28,39,24.63293398576694,51.97200897890768,6
3,18,28,19,33,22.63293398576694,38.302008978907686,7
10,18,34,35,26,32.722933985766936,65.09200897890769,3
5,18,47,21,55,25.832933985766935,66.56200897890768,8
5,18,76,38,62,38.10293398576694,75.37200897890769,3
4,18,41,19,52,28.63293398576694,66.00200897890768,8
3,30,28,25,30,22.842933985766937,49.922008978907684,8
4,19,57,31,47,29.232933985766937,54.342008978907685,5
7,35,66,36,53,26.63293398576694,71.18200897890769,3
5,18,35,41,33,37.63293398576694,60.97200897890768,1
5,18,40,47,37,43.652933985766936,63.87200897890769,6
5,19,80,53,69,49.84293398576694,84.27200897890769,2
4,24,28,26,38,27.67293398576694,43.33200897890769,1
8,20,50,36,55,32.18293398576694,57.13200897890769,1
7,38,36,19,26,37.17293398576694,65.28200897890768,5
7,18,28,41,24,37.722933985766936,56.202008978907685,6
6,18,43,19,58,32.63293398576694,63.37200897890769,9
5,19,82,27,78,22.912933985766937,83.43200897890769,3
6,39,66,40,48,31.63293398576694,78.22200897890768,2
3,18,28,19,49,38.63293398576694,73.76200897890769,2
6,30,82,42,72,29.232933985766937,85.46200897890769,3
4,27,34,19,38,26.45293398576694,62.39200897890768,4
8,44,34,39,32,21.63293398576694,78.50200897890768,8
5,18,39,37,39,33.74293398576694,73.80200897890768,6
3,18,28,19,41,30.63293398576694,63.37200897890769,9
4,33,28,34,42,31.63293398576694,60.22200897890768,1
6,28,62,31,54,21.95293398576694,61.99200897890769,3
5,18,34,26,32,22.63293398576694,42.26200897890769,7
10,18,36,39,26,37.17293398576694,71.33200897890768,3
7,34,38,28,31,24.232933985766937,58.812008978907684,5
3,18,28,19,33,22.63293398576694,53.90200897890769,10
3,18,28,20,56,45.652933985766936,74.94200897890768,3
8,58,54,47,42,31.252933985766937,95.92200897890768,3
7,39,38,40,56,35.63293398576694,58.76200897890769,1
4,38,28,40,51,40.652933985766936,75.45200897890768,1
5,30,49,34,40,23.252933985766937,53.03200897890768,5
3,18,28,19,35,24.63293398576694,42.14200897890768,10
5,18,52,43,51,39.652933985766936,62.14200897890768,6
7,34,38,36,46,25.682933985766937,55.76200897890769,9
4,20,32,19,34,20.10293398576694,49.43200897890769,8
7,18,28,48,26,44.63293398576694,65.33200897890768,6
6,18,41,25,42,22.342933985766937,48.39200897890768,4
3,27,28,20,29,24.17293398576694,42.732008978907686,8
8,20,74,32,81,29.84293398576694,82.98200897890769,1
5,18,37,35,33,31.752933985766937,53.25200897890768,6
6,18,63,47,63,43.70293398576694,72.39200897890768,7
6,36,52,37,38,27.63293398576694,62.39200897890768,5
5,18,28,30,26,26.63293398576694,43.24200897890769,10
7,25,60,19,53,24.232933985766937,63.732008978907686,2
7,18,28,46,25,42.652933985766936,74.94200897890768,6
3,18,28,19,47,36.63293398576694,50.46200897890769,5
5,18,42,37,39,33.66293398576694,49.802008978907686,7
5,18,36,27,32,23.88293398576694,53.44200897890769,7
4,38,28,41,33,22.912933985766937,61.342008978907685,9
3,42,28,26,31,33.35293398576694,61.842008978907685,8
5,27,42,28,33,22.63293398576694,44.07200897890769,5
8,43,28,43,34,23.69293398576694,78.96200897890769,8
3,18,28,19,36,25.63293398576694,64.34200897890769,6
4,29,28,31,33,22.70293398576694,66.78200897890768,1
5,18,46,25,46,21.95293398576694,64.66200897890769,6
4,18,37,19,44,24.63293398576694,52.60200897890769,4
6,35,60,36,45,28.63293398576694,67.83200897890768,3
6,18,48,27,64,35.332933985766935,62.99200897890769,1
5,18,39,20,43,21.712933985766938,47.202008978907685,8
3,18,28,19,48,37.63293398576694,84.43200897890769,6
5,18,42,26,38,22.912933985766937,43.33200897890769,1
7,23,59,38,64,31.282933985766938,64.63200897890769,4
7,33,47,33,53,23.69293398576694,65.80200897890768,9
6,40,77,54,69,29.95293398576694,87.33200897890768,2
4,18,37,19,44,24.63293398576694,56.202008978907685,8
4,18,33,19,36,20.63293398576694,46.982008978907686,8
5,18,49,40,51,37.012933985766935,75.45200897890768,1
3,50,28,30,38,39.82293398576694,78.75200897890768,8
4,18,50,29,44,26.402933985766936,46.74200897890769,5
3,34,28,23,33,29.52293398576694,54.39200897890768,4
4,30,28,33,33,22.912933985766937,56.14200897890768,9
4,18,49,20,67,35.652933985766936,78.73200897890769,7
7,41,54,50,58,25.63293398576694,66.69200897890768,4
6,18,52,31,56,29.052933985766938,64.33200897890768,4
7,44,36,44,57,38.652933985766936,69.01200897890769,9
8,37,35,35,33,18.63293398576694,62.85200897890769,8
6,35,41,19,26,37.03293398576694,63.77200897890769,5
9,26,63,27,55,21.63293398576694,58.04200897890769,1
8,56,49,29,40,44.49293398576694,82.58200897890768,3
6,18,43,32,40,28.67293398576694,41.99200897890769,7
8,25,39,23,37,18.63293398576694,37.79200897890769,8
4,21,30,19,30,19.24293398576694,38.78200897890768,8
7,30,36,28,30,20.63293398576694,48.97200897890768,5
7,18,28,28,26,24.63293398576694,60.562008978907684,6
5,18,78,37,69,34.942933985766935,75.28200897890768,2
8,41,38,37,36,20.63293398576694,58.38200897890769,8
5,18,41,33,43,30.19293398576694,62.99200897890769,1
4,29,28,32,44,33.74293398576694,71.48200897890769,9
6,19,78,69,76,64.63293398576694,92.85200897890768,6
5,29,44,30,34,23.63293398576694,49.452008978907685,5
6,18,48,26,51,24.232933985766937,55.68200897890769,4
5,18,46,42,44,38.63293398576694,59.15200897890769,6
3,18,28,19,44,33.63293398576694,66.78200897890768,1
8,26,32,19,26,24.572933985766937,52.75200897890768,5
4,18,45,20,55,27.67293398576694,62.452008978907685,7
7,39,42,39,71,46.652933985766936,71.80200897890768,1
3,18,28,19,36,25.63293398576694,53.01200897890769,1
4,18,66,44,56,41.88293398576694,71.18200897890769,5
3,18,28,19,54,43.63293398576694,60.62200897890769,2
4,18,50,21,65,32.75293398576694,68.46200897890769,7
4,18,53,20,69,33.66293398576694,71.88200897890769,10
5,18,42,33,47,31.282933985766938,60.35200897890769,4
4,33,35,19,40,32.18293398576694,61.04200897890769,4
4,18,48,20,62,31.66293398576694,69.00200897890768,7
4,19,58,20,69,28.63293398576694,69.15200897890769,3
3,18,28,19,33,22.63293398576694,60.97200897890768,1
6,18,48,22,67,36.84293398576694,63.732008978907686,1
8,39,50,38,41,22.912933985766937,74.53200897890768,3
8,19,63,33,69,30.892933985766938,68.76200897890769,1
6,18,37,19,56,36.63293398576694,61.19200897890768,9
3,18,28,21,64,53.68293398576694,63.77200897890769,5
4,19,32,19,33,18.792933985766936,39.94200897890769,8
6,18,48,19,61,30.63293398576694,69.52200897890769,9
3,18,28,19,56,45.63293398576694,62.40200897890769,2
3,18,28,19,63,52.63293398576694,89.68200897890769,2
5,18,38,19,47,26.63293398576694,58.38200897890769,8
5,18,34,36,33,32.66293398576694,56.202008978907685,6
7,41,34,41,43,26.682933985766937,56.85200897890769,9
4,18,53,19,63,27.63293398576694,66.79200897890769,10
9,18,38,44,26,42.56293398576694,90.68200897890769,3
4,20,34,19,38,21.95293398576694,48.97200897890768,4
6,30,82,43,72,30.052933985766938,86.76200897890769,3
4,33,33,19,36,31.44293398576694,66.00200897890768,4
4,18,36,19,48,29.63293398576694,49.94200897890769,10
3,18,28,19,37,26.63293398576694,72.35200897890769,6
5,18,42,31,40,27.63293398576694,64.86200897890768,7
9,22,79,27,56,37.012933985766935,73.93200897890769,1
6,20,57,42,57,36.73293398576694,64.66200897890769,6
3,18,28,19,51,40.63293398576694,79.06200897890768,9
6,18,44,20,65,38.652933985766936,69.01200897890769,9
5,18,58,56,70,55.19293398576694,80.94200897890768,8
6,18,39,20,55,33.66293398576694,62.36200897890768,1
4,19,56,31,44,30.502933985766937,52.60200897890769,5
4,18,39,19,48,26.63293398576694,57.07200897890769,4
8,18,48,37,26,42.542933985766936,89.56200897890768,3
8,32,28,33,37,26.63293398576694,53.44200897890769,8
3,18,28,19,50,39.63293398576694,68.24200897890769,2
4,19,30,19,30,17.872933985766938,38.78200897890768,8
9,24,41,19,35,22.842933985766937,58.54200897890769,3
5,18,28,43,27,39.652933985766936,69.65200897890769,10
7,51,40,28,32,40.372933985766934,70.24200897890769,5
4,18,56,19,63,24.63293398576694,64.20200897890768,3
7,18,28,44,25,40.652933985766936,61.842008978907685,6
9,18,34,41,26,38.43293398576694,78.04200897890769,3
6,35,75,40,62,27.332933985766935,78.22200897890768,3
5,18,34,27,30,23.88293398576694,39.94200897890769,6
4,24,34,19,39,24.85293398576694,53.76200897890769,8
3,18,28,19,48,37.63293398576694,75.15200897890769,6
5,18,44,19,59,32.63293398576694,82.05200897890768,8
6,18,35,20,58,40.652933985766936,60.97200897890768,1
6,18,49,20,71,39.652933985766936,70.61200897890768,9
6,19,59,26,56,21.712933985766938,60.15200897890769,7
6,32,58,36,49,23.252933985766937,62.86200897890768,2
7,32,34,19,26,30.862933985766936,54.342008978907685,5
8,39,28,40,32,21.63293398576694,69.55200897890768,8
7,18,28,32,27,28.67293398576694,68.66200897890769,6
3,18,28,19,56,45.63293398576694,59.94200897890768,5
4,18,44,19,63,36.63293398576694,68.54200897890769,6
6,20,55,42,51,36.73293398576694,57.61200897890768,7
7,34,34,29,29,22.342933985766937,48.54200897890769,5
4,18,48,21,60,29.77293398576694,56.85200897890769,2
5,18,40,22,44,22.342933985766937,49.43200897890769,4
7,38,37,33,35,21.63293398576694,70.47200897890768,8
8,44,52,26,45,35.28293398576694,69.85200897890769,3
5,18,34,31,32,27.63293398576694,57.25200897890768,7
3,18,28,19,39,28.63293398576694,53.03200897890768,10
6,40,58,48,47,27.032933985766938,67.59200897890769,2
7,37,40,40,62,39.71293398576694,63.82200897890769,9
3,25,28,19,31,24.232933985766937,40.50200897890768,8
3,18,28,19,46,35.63293398576694,64.19200897890768,9
7,26,35,29,40,22.912933985766937,53.76200897890769,9
7,18,28,26,24,22.912933985766937,48.772008978907685,6
6,20,71,52,68,46.652933985766936,80.94200897890768,6
5,18,37,41,33,37.722933985766936,61.342008978907685,9
3,37,28,19,37,37.582933985766935,59.36200897890768,4
8,19,46,28,50,25.63293398576694,54.342008978907685,1
5,34,55,37,44,24.85293398576694,61.50200897890768,5
8,38,48,29,39,27.84293398576694,70.89200897890768,3
5,18,83,31,75,29.052933985766938,82.15200897890769,3
6,18,44,21,46,20.10293398576694,50.44200897890769,4
6,18,56,34,53,30.662933985766937,59.68200897890769,7
5,18,38,19,46,25.63293398576694,57.65200897890769,8
3,18,28,19,34,23.63293398576694,44.94200897890769,7
3,18,28,19,46,35.63293398576694,71.38200897890769,7
3,18,28,20,57,46.652933985766936,65.28200897890768,5
4,35,28,37,38,27.67293398576694,58.86200897890768,1
7,47,63,48,46,30.63293398576694,78.22200897890768,2
5,18,48,46,48,42.70293398576694,67.94200897890768,6
4,18,39,19,48,26.63293398576694,59.36200897890768,4
3,32,28,19,37,33.43293398576694,57.07200897890769,4
9,60,39,54,37,22.63293398576694,87.44200897890768,8
6,19,51,27,50,22.70293398576694,54.94200897890768,6
3,34,28,19,35,33.99293398576694,54.39200897890768,4
4,18,42,20,47,22.70293398576694,46.33200897890769,10
7,27,58,37,62,26.45293398576694,62.39200897890768,4
5,18,47,38,45,34.63293398576694,61.96200897890769,7
4,18,65,35,50,36.25293398576694,62.452008978907685,5
5,18,36,24,38,22.032933985766938,36.03200897890768,8
5,18,36,46,36,42.70293398576694,64.78200897890768,6
8,44,34,38,32,22.63293398576694,61.842008978907685,8
6,18,38,19,52,31.63293398576694,51.21200897890769,9
5,18,28,39,27,35.652933985766936,54.94200897890768,10
6,18,46,21,63,34.73293398576694,65.82200897890769,1
5,18,38,40,35,36.652933985766936,62.36200897890768,9
5,29,44,30,34,23.63293398576694,49.452008978907685,5
9,29,50,19,43,27.712933985766938,72.26200897890769,2
3,18,28,20,56,45.652933985766936,64.20200897890768,3
4,20,32,19,34,20.10293398576694,48.97200897890768,4
4,18,45,19,57,29.63293398576694,61.342008978907685,6
6,34,49,35,36,26.63293398576694,58.812008978907684,5
3,18,28,19,51,40.63293398576694,68.76200897890769,10
7,28,61,19,52,27.84293398576694,70.19200897890768,2
4,18,48,21,61,30.76293398576694,72.35200897890769,7
4,20,53,38,42,34.872933985766934,53.54200897890769,5
3,18,28,19,44,33.63293398576694,69.34200897890769,9
3,18,28,19,33,22.63293398576694,56.14200897890768,9
7,26,37,24,35,18.63293398576694,38.26200897890769,8
6,18,65,26,61,22.912933985766937,70.41200897890769,6
6,35,45,33,34,25.122933985766938,60.15200897890769,5
4,18,43,19,61,35.63293398576694,65.15200897890769,10
3,18,28,19,33,22.63293398576694,49.342008978907685,7
8,30,51,23,47,23.88293398576694,56.32200897890769,3
5,18,39,42,41,38.98293398576694,63.19200897890768,9
6,18,53,20,57,21.712933985766938,64.63200897890769,4
9,27,59,37,43,32.27293398576694,58.50200897890768,1
7,39,35,41,47,29.67293398576694,63.482008978907686,9
4,24,32,19,34,22.842933985766937,49.922008978907684,8
4,42,28,44,35,24.69293398576694,82.98200897890769,1
6,26,68,27,63,18.63293398576694,65.88200897890769,3
8,25,59,19,53,23.69293398576694,65.09200897890769,2
7,39,28,40,37,26.63293398576694,60.97200897890768,8
6,35,45,33,34,25.122933985766938,60.15200897890769,5
5,18,37,42,32,38.82293398576694,56.85200897890769,9
3,18,28,21,58,47.69293398576694,57.922008978907684,5
4,18,55,19,59,21.63293398576694,61.80200897890768,3
3,18,28,19,33,22.63293398576694,59.58200897890768,6
4,24,28,27,37,26.81293398576694,56.10200897890769,1
3,18,28,19,53,42.63293398576694,73.80200897890768,3
5,18,44,30,50,29.232933985766937,62.75200897890768,4
5,19,80,40,64,40.042933985766936,78.22200897890768,2
4,20,52,25,46,21.292933985766936,49.922008978907684,5
7,43,71,44,60,24.63293398576694,78.04200897890769,3
4,18,47,21,62,32.75293398576694,70.98200897890769,7
9,18,60,28,26,48.87293398576694,73.13200897890769,3
6,19,53,41,53,36.73293398576694,56.97200897890768,7
4,19,53,36,44,33.09293398576694,53.54200897890769,5
6,52,52,53,38,27.63293398576694,70.94200897890768,5
6,18,44,21,46,20.10293398576694,49.43200897890769,8
5,18,45,30,41,26.81293398576694,62.66200897890769,9
6,30,37,19,26,30.63293398576694,52.60200897890769,5
4,18,51,20,57,23.69293398576694,54.71200897890769,2
3,18,28,19,46,35.63293398576694,68.38200897890769,2
7,44,40,45,53,30.63293398576694,63.37200897890769,9
4,18,46,19,62,33.63293398576694,69.94200897890768,7
7,37,58,29,51,25.932933985766937,65.52200897890769,2
5,18,41,27,37,23.88293398576694,56.10200897890769,1
7,43,34,43,54,37.652933985766936,66.79200897890769,9
6,18,44,19,48,21.63293398576694,59.99200897890769,9
4,18,66,19,71,22.63293398576694,77.94200897890768,2
5,18,75,29,66,27.84293398576694,70.19200897890768,2
3,18,28,19,51,40.63293398576694,75.39200897890768,7
5,18,48,41,46,37.63293398576694,72.35200897890769,7
6,41,65,43,57,21.712933985766938,69.65200897890769,3
5,18,46,29,53,29.082933985766935,67.75200897890768,8
5,18,40,30,36,26.81293398576694,71.06200897890768,6
7,53,69,54,54,28.63293398576694,83.99200897890769,2
6,28,36,19,26,28.44293398576694,48.14200897890768,5
6,19,64,33,64,28.782933985766938,69.85200897890769,6
3,18,28,19,40,29.63293398576694,75.40200897890769,7
3,18,28,19,47,36.63293398576694,68.37200897890769,6
4,18,41,19,52,28.63293398576694,77.31200897890768,8
5,26,48,38,42,27.332933985766935,52.75200897890768,5
7,45,40,44,46,23.88293398576694,64.78200897890768,9
4,18,48,19,63,32.63293398576694,67.94200897890768,10
3,18,28,21,47,36.73293398576694,58.54200897890769,3
4,25,28,27,44,33.66293398576694,55.38200897890769,1
7,43,37,45,51,31.66293398576694,69.01200897890769,9
5,18,28,47,27,43.652933985766936,62.452008978907685,10
4,18,46,20,69,40.652933985766936,72.91200897890769,10
3,18,28,19,42,31.63293398576694,68.18200897890769,7
6,40,51,41,38,26.63293398576694,62.64200897890768,5
5,18,28,34,28,30.76293398576694,53.03200897890768,10
6,18,46,21,64,35.73293398576694,66.78200897890768,1
4,18,65,19,87,39.63293398576694,89.68200897890769,2
3,18,28,19,32,21.63293398576694,57.52200897890769,6
3,18,28,19,47,36.63293398576694,67.06200897890768,9
4,18,66,19,76,27.63293398576694,75.28200897890768,3
7,47,74,48,61,26.63293398576694,83.43200897890769,3
5,18,46,34,54,33.66293398576694,53.90200897890769,4
7,28,45,19,36,27.84293398576694,52.82200897890769,2
4,19,57,20,64,24.63293398576694,61.702008978907685,3
4,29,28,32,34,23.88293398576694,51.21200897890769,9
3,39,28,21,34,36.25293398576694,60.97200897890768,8
4,19,55,28,50,24.17293398576694,52.552008978907686,5
3,36,28,28,32,26.45293398576694,62.39200897890768,4
4,18,42,19,55,30.63293398576694,60.43200897890769,6
3,23,28,19,30,22.032933985766938,36.03200897890768,8
5,18,36,19,42,23.63293398576694,48.97200897890768,4
6,18,53,39,49,35.73293398576694,54.16200897890769,7
5,18,38,19,45,24.63293398576694,53.44200897890769,8
7,27,28,29,33,22.70293398576694,39.94200897890769,8
4,18,52,19,68,33.63293398576694,68.24200897890769,2
7,24,35,26,50,32.66293398576694,47.14200897890768,1
7,37,34,39,44,27.67293398576694,51.14200897890768,9
5,18,35,37,37,34.07293398576694,57.13200897890769,1
8,20,73,33,78,29.52293398576694,78.60200897890769,1
3,18,28,19,64,53.63293398576694,86.61200897890768,2
3,18,28,19,35,24.63293398576694,40.03200897890768,7
7,27,58,37,62,26.45293398576694,62.39200897890768,4
6,19,56,31,54,26.63293398576694,52.60200897890769,7
6,29,58,53,66,40.71293398576694,74.64200897890768,4
9,30,42,19,32,30.052933985766938,76.27200897890769,2
3,18,28,20,52,41.652933985766936,58.54200897890769,3
4,18,49,20,71,39.652933985766936,80.15200897890769,6
4,20,67,21,87,37.63293398576694,89.26200897890769,3
3,18,28,19,41,30.63293398576694,50.46200897890769,10
6,34,40,19,26,35.63293398576694,61.54200897890769,5
5,18,42,38,46,35.55293398576694,49.732008978907686,4
6,24,59,32,53,23.69293398576694,58.54200897890769,3
4,25,30,19,30,22.912933985766937,38.422008978907684,8
6,18,61,21,67,23.88293398576694,78.96200897890769,8
3,18,28,19,45,34.63293398576694,75.99200897890769,1
5,18,28,46,28,42.70293398576694,72.91200897890769,10
9,33,42,19,32,32.63293398576694,82.56200897890768,2
5,28,46,32,39,21.462933985766938,51.21200897890769,5
6,31,44,32,34,23.63293398576694,48.562008978907684,5
6,18,53,21,59,23.88293398576694,66.92200897890768,9
3,18,28,19,32,21.63293398576694,41.35200897890769,10
7,34,34,36,56,39.652933985766936,66.52200897890769,1
6,35,60,36,45,28.63293398576694,66.52200897890769,3
7,18,28,32,25,28.67293398576694,60.422008978907684,6
4,19,36,19,41,22.70293398576694,55.68200897890769,8
6,18,39,33,57,40.042933985766936,62.60200897890769,1
6,26,73,36,65,26.45293398576694,72.12200897890769,2
6,18,48,26,51,24.232933985766937,61.842008978907685,8
4,25,33,19,36,24.232933985766937,53.44200897890769,4
6,18,34,21,44,27.802933985766938,47.64200897890768,9
4,19,50,37,40,34.42293398576694,50.57200897890769,5
8,18,34,38,26,35.55293398576694,77.37200897890769,3
4,20,33,19,36,21.022933985766937,58.38200897890769,8
7,27,52,35,54,23.69293398576694,54.39200897890768,4
5,18,88,32,81,29.56293398576694,85.08200897890768,3
7,44,44,43,63,36.73293398576694,67.36200897890768,9
6,18,59,37,58,33.66293398576694,58.86200897890768,7
10,18,37,29,26,29.082933985766935,53.922008978907684,3
9,31,42,19,32,30.892933985766938,83.99200897890769,3
6,18,63,52,59,48.69293398576694,70.98200897890769,6
4,18,63,20,75,29.67293398576694,72.15200897890769,2
4,18,32,19,34,19.63293398576694,36.03200897890768,8
3,51,28,19,38,50.74293398576694,70.98200897890769,4
3,18,28,19,63,52.63293398576694,63.29200897890769,5
5,18,28,38,28,34.73293398576694,65.52200897890769,10
5,18,36,31,34,27.63293398576694,43.772008978907685,7
5,28,46,32,39,21.462933985766938,51.21200897890769,5
4,18,34,19,57,40.63293398576694,58.86200897890768,7
6,37,41,38,32,22.63293398576694,49.732008978907686,5
6,18,42,25,59,35.55293398576694,56.35200897890769,1
4,24,28,26,48,37.652933985766936,63.732008978907686,1
5,18,50,31,47,27.67293398576694,68.46200897890769,7
4,18,39,21,62,40.71293398576694,73.80200897890768,6
6,18,47,20,57,27.67293398576694,56.15200897890769,9
7,18,28,27,24,23.88293398576694,50.74200897890769,6
5,18,36,27,37,24.17293398576694,58.04200897890769,1
5,18,45,28,48,25.932933985766937,64.12200897890769,9
4,19,34,19,37,20.732933985766937,47.202008978907685,8
6,18,44,19,59,32.63293398576694,69.31200897890768,1
3,18,28,19,37,26.63293398576694,63.19200897890768,9
5,18,40,35,38,31.63293398576694,61.842008978907685,6
3,18,28,21,59,48.69293398576694,70.41200897890769,3
8,38,50,25,44,30.19293398576694,64.20200897890768,3
4,18,50,29,40,28.44293398576694,46.312008978907684,5
3,18,28,19,40,29.63293398576694,53.162008978907686,9
5,18,50,22,59,27.032933985766938,72.26200897890769,8
7,18,28,30,26,26.63293398576694,56.15200897890769,6
4,18,52,19,57,22.63293398576694,63.91200897890769,7
4,20,34,19,38,21.95293398576694,50.44200897890769,4
5,18,40,37,38,33.63293398576694,58.86200897890768,1
6,18,44,19,59,32.63293398576694,69.31200897890768,1
4,18,41,21,55,31.752933985766937,63.91200897890769,6
4,18,57,31,44,31.91293398576694,53.522008978907685,5
6,32,58,41,47,27.67293398576694,62.64200897890768,3
4,24,28,27,37,26.81293398576694,58.04200897890769,1
6,39,67,40,53,27.63293398576694,75.45200897890768,2
3,18,28,19,40,29.63293398576694,48.772008978907685,6
4,24,33,19,36,23.44293398576694,57.65200897890769,8
4,19,55,20,67,29.63293398576694,69.65200897890769,3
5,18,51,27,49,23.63293398576694,78.99200897890769,7
3,35,28,19,39,37.03293398576694,66.00200897890768,8
3,34,28,27,31,25.06293398576694,57.922008978907684,4
5,18,42,34,47,32.18293398576694,61.04200897890769,4
4,18,59,20,68,26.682933985766937,65.56200897890768,2
6,49,47,44,36,26.45293398576694,71.18200897890769,5
5,27,43,29,36,20.732933985766937,45.40200897890769,5
7,34,34,36,57,40.652933985766936,57.50200897890768,9
3,18,28,19,47,36.63293398576694,70.61200897890768,9
7,46,54,45,43,24.85293398576694,72.62200897890769,3
5,18,34,26,32,22.63293398576694,42.26200897890769,7
5,18,38,32,33,28.972933985766936,53.01200897890769,1
8,20,43,43,58,43.43293398576694,62.14200897890768,1
3,18,28,21,62,51.69293398576694,74.77200897890769,3
7,30,36,25,57,39.402933985766936,55.38200897890769,1
6,18,70,26,67,22.70293398576694,68.66200897890769,6
6,33,38,29,31,22.70293398576694,47.14200897890768,5
4,18,60,21,67,24.85293398576694,66.52200897890769,2
4,18,37,19,44,24.63293398576694,52.60200897890769,4
4,20,34,19,38,21.95293398576694,60.15200897890769,4
3,18,28,19,47,36.63293398576694,60.562008978907684,6
6,29,28,28,34,23.88293398576694,39.94200897890769,8
7,50,28,49,35,24.85293398576694,78.75200897890768,8
5,18,40,26,33,24.232933985766937,59.80200897890768,1
4,18,56,31,44,31.252933985766937,52.60200897890769,5
5,18,38,26,36,22.63293398576694,46.49200897890769,9
3,18,28,20,51,40.652933985766936,53.54200897890769,5
7,30,56,31,49,20.63293398576694,56.32200897890769,3
7,28,52,19,41,29.082933985766935,62.40200897890769,2
3,18,28,19,51,40.63293398576694,80.94200897890768,6
6,18,53,20,72,36.652933985766936,70.52200897890769,1
8,42,38,38,36,20.63293398576694,74.02200897890769,8
5,18,28,25,28,21.95293398576694,44.94200897890769,10
5,30,46,31,35,24.63293398576694,53.522008978907685,5
5,18,77,27,71,24.572933985766937,75.85200897890769,2
4,20,66,36,52,34.84293398576694,63.77200897890769,5
7,32,49,35,64,32.75293398576694,63.37200897890769,9
4,18,42,20,51,26.682933985766937,50.32200897890769,10
6,20,73,49,71,43.63293398576694,81.04200897890769,7
6,32,28,31,34,23.88293398576694,59.30200897890768,8
6,18,55,24,60,24.232933985766937,66.86200897890768,4
7,40,49,33,40,26.26293398576694,62.64200897890768,3
4,18,36,20,43,24.69293398576694,44.94200897890769,7
8,18,34,37,26,34.60293398576694,67.83200897890768,3
4,18,52,21,75,40.71293398576694,83.54200897890769,2
6,37,36,19,26,36.25293398576694,53.54200897890769,5
8,19,62,38,67,34.942933985766935,67.33200897890768,1
4,18,50,21,72,39.71293398576694,81.55200897890768,6
3,18,28,19,34,23.63293398576694,56.62200897890769,9
7,18,28,32,27,28.67293398576694,68.66200897890769,6
4,38,28,40,38,27.67293398576694,62.96200897890769,1
3,40,28,19,37,40.23293398576694,60.97200897890768,4
9,21,63,34,50,31.91293398576694,60.22200897890768,1
3,18,28,20,58,47.65293398576694,57.07200897890769,5
5,32,52,36,43,23.252933985766937,60.15200897890769,5
5,18,36,19,41,22.63293398576694,46.74200897890769,8
3,18,28,19,39,28.63293398576694,55.38200897890769,9
6,18,40,20,60,37.652933985766936,62.64200897890768,1
5,20,83,31,75,27.292933985766936,82.56200897890768,2
5,19,80,40,64,40.042933985766936,78.22200897890768,2
5,19,91,43,74,43.09293398576694,91.49200897890768,2
6,54,74,55,59,28.63293398576694,89.56200897890768,3
6,48,44,39,34,28.44293398576694,65.28200897890768,5
4,18,47,21,64,34.73293398576694,71.18200897890769,10
4,18,40,19,56,33.63293398576694,63.87200897890769,6
5,18,60,23,56,20.10293398576694,56.32200897890769,3
5,18,40,52,38,48.63293398576694,70.24200897890769,7
6,26,73,41,65,30.862933985766936,75.85200897890769,2
3,18,28,19,38,27.63293398576694,47.64200897890768,10
5,18,50,34,45,30.932933985766937,65.80200897890768,9
4,18,49,20,58,26.682933985766937,58.91200897890769,7
3,18,28,19,39,28.63293398576694,55.44200897890768,7
3,18,28,19,49,38.63293398576694,48.08200897890769,5
3,18,28,19,44,33.63293398576694,67.59200897890769,7
4,18,40,19,57,34.63293398576694,60.74200897890769,7
4,18,65,29,56,27.84293398576694,63.29200897890769,5
6,20,53,39,52,33.66293398576694,54.94200897890768,7
6,18,57,44,55,40.63293398576694,60.43200897890769,6
4,18,55,19,59,21.63293398576694,61.80200897890768,3
9,29,48,19,42,27.332933985766935,65.15200897890769,3
7,36,28,38,33,22.70293398576694,62.85200897890769,8
4,20,55,31,47,27.292933985766936,58.94200897890768,5
7,25,58,41,62,31.792933985766936,64.33200897890768,4
4,18,36,19,42,23.63293398576694,52.75200897890768,8
7,31,58,54,62,38.43293398576694,72.35200897890769,4
5,18,52,47,62,46.09293398576694,67.75200897890768,4
3,18,28,19,46,35.63293398576694,72.35200897890769,7
5,18,38,19,46,25.63293398576694,57.65200897890769,8
6,18,39,26,40,23.252933985766937,37.79200897890769,8
6,33,43,33,34,22.70293398576694,55.68200897890769,5
4,31,28,33,52,41.652933985766936,70.52200897890769,1
7,30,56,29,48,21.95293398576694,61.99200897890769,3
6,26,47,37,52,27.84293398576694,54.342008978907685,8
3,55,28,19,39,54.85293398576694,77.31200897890768,8
5,18,39,41,40,37.832933985766935,57.52200897890769,1
3,18,28,19,33,22.63293398576694,52.552008978907686,7
5,18,40,19,50,27.63293398576694,62.39200897890768,4
6,18,45,19,52,24.63293398576694,50.37200897890769,9
5,18,36,19,41,22.63293398576694,48.772008978907685,4
6,39,36,19,26,38.10293398576694,53.28200897890768,5
9,35,38,30,36,21.63293398576694,58.38200897890769,8
4,18,36,19,47,28.63293398576694,49.802008978907686,7
7,39,37,42,59,39.71293398576694,62.36200897890768,9
3,18,28,19,39,28.63293398576694,56.10200897890769,1
3,18,28,21,62,51.69293398576694,78.22200897890768,3
4,18,50,29,40,28.44293398576694,46.312008978907684,5
9,29,39,26,37,19.63293398576694,38.422008978907684,8
3,18,28,19,39,28.63293398576694,49.01200897890769,6
5,18,44,19,59,32.63293398576694,87.44200897890768,8
6,25,67,28,62,19.24293398576694,65.09200897890769,2
4,18,41,19,52,28.63293398576694,64.63200897890769,8
5,18,78,40,68,38.10293398576694,78.04200897890769,3
3,18,28,19,54,43.63293398576694,68.96200897890769,3
4,25,28,28,48,37.722933985766936,64.12200897890769,9
6,20,68,48,67,42.652933985766936,72.36200897890768,6
7,18,28,33,25,29.67293398576694,69.15200897890769,6
4,31,31,19,32,28.972933985766936,49.052008978907686,8
3,18,28,19,35,24.63293398576694,65.74200897890769,6
8,42,55,30,48,29.56293398576694,72.26200897890769,2
4,18,56,20,61,22.70293398576694,60.62200897890769,2
5,20,70,36,58,33.66293398576694,67.45200897890768,3
4,25,33,19,36,24.232933985766937,53.44200897890769,8
3,18,28,19,38,27.63293398576694,71.06200897890768,6
5,27,43,29,36,20.732933985766937,44.50200897890768,5
9,18,54,31,26,44.27293398576694,73.80200897890768,3
3,18,28,19,45,34.63293398576694,56.15200897890769,9
6,19,45,30,48,26.81293398576694,47.202008978907685,8
3,18,28,19,36,25.63293398576694,50.74200897890769,6
3,18,28,19,45,34.63293398576694,71.88200897890769,1
7,28,44,29,61,34.63293398576694,58.54200897890769,9
3,18,28,19,56,45.63293398576694,61.19200897890768,2
7,37,35,31,33,22.63293398576694,46.982008978907686,8
6,20,52,28,52,22.912933985766937,50.37200897890769,6
3,18,28,20,60,49.64293398576694,69.01200897890769,3
6,18,48,25,51,23.44293398576694,57.65200897890769,8
6,27,62,28,53,22.63293398576694,61.19200897890768,2
6,35,60,36,45,28.63293398576694,66.52200897890769,3
5,34,52,35,38,27.63293398576694,62.452008978907685,5
9,18,44,28,26,33.99293398576694,61.99200897890769,3
5,18,35,33,33,29.63293398576694,56.14200897890768,9
6,18,48,26,45,22.70293398576694,48.772008978907685,6
5,18,28,31,28,27.802933985766938,57.25200897890768,10
3,18,28,19,51,40.63293398576694,67.79200897890769,7
5,18,89,43,74,42.92293398576694,89.68200897890769,2
5,40,52,42,43,22.70293398576694,63.19200897890768,5
6,24,55,32,49,23.69293398576694,53.922008978907684,2
3,18,28,19,46,35.63293398576694,65.19200897890768,1
7,18,28,38,26,34.63293398576694,62.14200897890768,6
4,20,49,21,59,27.63293398576694,56.10200897890769,3
3,18,28,19,44,33.63293398576694,72.62200897890769,10
3,18,28,19,43,32.63293398576694,61.342008978907685,6
3,18,28,19,48,37.63293398576694,55.12200897890769,3
8,38,44,19,32,37.99293398576694,72.39200897890768,2
3,30,28,19,35,30.63293398576694,52.60200897890769,4
5,18,36,45,37,41.80293398576694,59.62200897890769,9
7,40,55,19,44,39.402933985766936,68.67200897890768,3
3,46,28,19,38,46.09293398576694,67.75200897890768,4
4,18,45,19,56,28.63293398576694,61.842008978907685,6
3,18,28,19,51,40.63293398576694,75.39200897890768,7
9,35,38,33,36,18.63293398576694,54.90200897890769,8
8,19,52,21,50,16.63293398576694,47.14200897890768,1
3,32,28,19,37,33.43293398576694,57.07200897890769,4
5,18,40,21,44,21.95293398576694,50.44200897890769,4
5,18,34,31,32,27.63293398576694,48.08200897890769,9
3,18,28,19,40,29.63293398576694,66.24200897890769,7
10,18,34,47,26,44.27293398576694,95.92200897890768,3
4,18,38,21,45,24.85293398576694,42.062008978907684,10
6,31,52,46,58,31.752933985766937,64.01200897890769,4
6,28,63,33,54,23.69293398576694,60.77200897890769,2
5,18,39,30,36,26.682933985766937,70.31200897890768,6
5,18,48,40,40,37.472933985766936,62.10200897890769,9
6,51,77,52,62,28.63293398576694,89.74200897890768,3
10,18,49,30,26,39.34293398576694,74.91200897890769,3
4,32,28,34,45,34.66293398576694,65.80200897890768,9
6,33,42,31,33,23.252933985766937,53.03200897890768,5
6,28,62,29,53,22.63293398576694,62.40200897890769,2
3,30,28,25,30,22.842933985766937,47.202008978907685,8
7,29,66,30,57,22.63293398576694,65.56200897890768,2
5,18,36,19,41,22.63293398576694,47.202008978907685,8
5,18,48,38,38,36.25293398576694,63.82200897890769,9
6,18,54,26,52,22.63293398576694,53.202008978907685,6
7,37,59,38,44,28.63293398576694,68.24200897890769,2
7,24,41,21,56,33.09293398576694,52.732008978907686,1
6,25,28,27,32,21.712933985766938,39.342008978907685,8
6,51,64,52,47,30.63293398576694,81.22200897890768,3
4,18,46,20,50,21.712933985766938,51.82200897890769,6
4,20,58,21,67,26.63293398576694,68.67200897890768,3
3,18,28,19,34,23.63293398576694,49.802008978907686,7
4,18,46,19,61,32.63293398576694,70.98200897890769,6
9,28,47,19,38,27.84293398576694,79.45200897890768,3
4,20,36,19,42,23.88293398576694,60.97200897890768,8
6,44,81,54,70,28.362933985766936,90.74200897890768,2
4,18,58,19,78,37.63293398576694,76.55200897890768,3
5,19,83,34,73,31.752933985766937,82.56200897890768,2
4,18,40,19,50,27.63293398576694,66.55200897890768,4
7,18,28,36,27,32.66293398576694,53.202008978907685,6
3,18,28,21,61,50.69293398576694,86.76200897890769,3
3,18,28,19,43,32.63293398576694,62.452008978907685,7
6,22,64,27,59,20.63293398576694,59.02200897890769,2
4,19,57,20,76,36.63293398576694,78.04200897890769,3
3,18,28,19,57,46.63293398576694,65.56200897890768,2
3,18,28,20,52,41.652933985766936,71.87200897890769,3
7,30,61,19,50,30.63293398576694,71.62200897890769,2
3,18,28,19,48,37.63293398576694,74.47200897890768,1
7,37,59,38,44,28.63293398576694,67.33200897890768,3
3,18,28,19,46,35.63293398576694,67.08200897890768,10
8,19,50,30,54,27.292933985766936,53.01200897890769,1
5,18,28,30,28,26.81293398576694,46.74200897890769,10
5,18,35,27,35,23.88293398576694,40.93200897890769,7
6,18,53,43,57,40.372933985766934,73.13200897890769,4
6,26,63,36,55,26.45293398576694,62.86200897890768,2
6,20,58,47,56,41.63293398576694,64.66200897890769,6
6,55,28,55,32,21.712933985766938,77.31200897890768,8
4,18,56,31,44,31.252933985766937,52.60200897890769,5
3,18,28,19,35,24.63293398576694,53.382008978907685,9
5,18,48,42,45,38.652933985766936,56.85200897890769,7
5,18,36,26,34,22.63293398576694,45.912008978907686,7
7,32,50,33,54,21.63293398576694,56.15200897890769,9
4,18,53,19,66,30.63293398576694,67.79200897890769,7
4,32,28,33,48,37.63293398576694,56.15200897890769,9
6,18,48,30,45,26.682933985766937,46.552008978907686,7
4,27,28,30,38,27.802933985766938,55.03200897890768,1
7,18,28,45,25,41.652933985766936,64.15200897890769,6
8,18,45,29,26,35.35293398576694,65.82200897890769,3
4,18,61,20,81,37.652933985766936,82.56200897890768,2
7,43,69,58,76,32.27293398576694,87.44200897890768,8
3,18,28,19,46,35.63293398576694,71.38200897890769,7
6,20,51,41,51,35.73293398576694,55.44200897890768,7
6,29,63,51,72,39.34293398576694,78.75200897890768,8
8,52,48,29,39,40.63293398576694,77.75200897890768,3
5,18,42,32,39,28.67293398576694,71.06200897890768,6
4,25,28,27,44,33.66293398576694,55.38200897890769,1
3,18,28,19,47,36.63293398576694,70.65200897890769,7
4,18,52,20,58,23.69293398576694,62.14200897890768,6
4,18,47,19,69,39.63293398576694,71.88200897890769,10
6,18,52,28,56,26.45293398576694,62.39200897890768,4
5,18,28,29,26,25.63293398576694,49.07200897890769,10
5,18,49,29,47,25.63293398576694,78.73200897890769,7
4,18,44,21,65,38.722933985766936,67.42200897890768,10
5,18,42,21,47,22.912933985766937,53.44200897890769,4
5,18,42,21,47,22.912933985766937,53.44200897890769,4
6,25,59,28,54,19.24293398576694,59.25200897890768,2
4,21,39,19,48,27.032933985766938,72.26200897890769,8
3,33,28,21,32,29.95293398576694,50.44200897890769,4
5,18,40,37,38,33.63293398576694,58.86200897890768,1
7,35,28,37,37,26.682933985766937,49.052008978907686,8
7,18,28,39,26,35.63293398576694,61.96200897890769,6
5,20,66,29,60,24.572933985766937,61.99200897890769,3
4,27,28,28,42,31.63293398576694,57.312008978907684,9
5,18,52,53,62,51.69293398576694,71.66200897890769,4
5,18,45,44,36,41.59293398576694,75.48200897890769,1
7,34,36,25,30,26.402933985766936,50.982008978907686,5
4,24,28,25,49,38.63293398576694,69.52200897890769,9
5,40,52,42,43,22.70293398576694,63.19200897890768,5
4,20,37,19,44,24.85293398576694,62.39200897890768,4
9,23,46,19,42,21.022933985766937,51.00200897890768,3
4,41,28,43,40,29.67293398576694,67.93200897890769,1
3,18,28,19,47,36.63293398576694,60.562008978907684,6
6,18,52,29,51,25.682933985766937,54.79200897890769,6
6,20,52,28,52,22.912933985766937,50.37200897890769,6
6,26,63,37,55,27.292933985766936,65.09200897890769,3
3,18,28,19,32,21.63293398576694,59.02200897890769,6
5,19,70,26,64,22.842933985766937,65.09200897890769,2
4,18,36,19,51,32.63293398576694,56.11200897890768,10
5,18,51,43,47,39.71293398576694,70.51200897890769,7
7,18,28,30,25,26.682933985766937,53.54200897890769,6
6,18,42,20,52,27.67293398576694,56.85200897890769,9
8,20,59,39,61,34.07293398576694,65.15200897890769,1
5,18,42,27,40,23.63293398576694,61.952008978907685,1
9,18,34,41,26,38.43293398576694,78.04200897890769,3
3,18,28,19,50,39.63293398576694,72.71200897890769,9
5,18,49,41,50,37.832933985766935,69.55200897890768,9
5,18,35,29,31,25.832933985766935,53.202008978907685,6
4,18,35,19,39,21.63293398576694,38.302008978907686,7
6,47,73,56,63,26.94293398576694,83.54200897890769,2
6,20,46,31,50,27.292933985766936,48.97200897890768,4
5,18,42,41,34,38.43293398576694,63.482008978907686,1
5,27,48,32,42,21.292933985766936,49.43200897890769,5
5,18,41,27,45,25.63293398576694,54.342008978907685,8
5,18,40,39,37,35.652933985766936,54.94200897890768,6
7,31,36,32,51,32.63293398576694,51.21200897890769,9
7,31,54,32,43,24.63293398576694,58.54200897890769,3
7,35,51,19,35,37.652933985766936,73.06200897890768,2
3,48,28,19,39,48.33293398576694,71.18200897890769,8
8,25,58,19,52,23.69293398576694,65.09200897890769,2
3,18,28,19,40,29.63293398576694,50.32200897890769,10
4,18,43,21,56,30.76293398576694,64.66200897890769,6
7,24,48,31,50,22.842933985766937,49.922008978907684,8
4,20,31,19,32,19.24293398576694,40.03200897890768,8
6,32,52,34,45,20.732933985766937,55.68200897890769,3
8,46,54,29,45,34.942933985766935,79.45200897890768,3
6,18,43,19,54,28.63293398576694,60.35200897890769,9
6,18,43,42,52,41.13293398576694,59.62200897890769,1
7,18,28,37,28,33.74293398576694,53.25200897890768,6
4,18,39,20,53,31.66293398576694,55.74200897890769,10
3,18,28,19,39,28.63293398576694,72.47200897890768,6
5,18,28,35,28,31.752933985766937,67.08200897890768,10
7,35,38,19,26,35.35293398576694,65.97200897890768,5
6,31,44,32,34,23.63293398576694,49.43200897890769,5
4,33,28,34,40,29.63293398576694,48.772008978907685,1
3,35,28,19,39,37.03293398576694,65.60200897890769,4
5,18,50,40,46,36.73293398576694,57.14200897890768,6
5,20,62,26,56,22.032933985766938,56.85200897890769,2
6,30,77,43,67,30.052933985766938,82.15200897890769,3
5,18,71,29,63,27.292933985766936,66.29200897890769,3
7,33,47,33,38,22.70293398576694,55.68200897890769,3
9,25,54,19,47,24.232933985766937,74.91200897890769,3
4,18,66,20,89,40.652933985766936,91.49200897890768,2
8,18,63,28,26,51.77293398576694,74.77200897890769,3
5,25,52,33,45,24.232933985766937,53.44200897890769,5
3,18,28,19,54,43.63293398576694,52.60200897890769,5
7,32,40,27,53,31.792933985766936,52.552008978907686,1
6,20,46,31,50,27.292933985766936,48.97200897890768,4
6,20,60,51,60,45.70293398576694,68.83200897890768,6
4,30,28,32,37,26.682933985766937,59.30200897890768,1
7,34,37,19,26,33.99293398576694,68.89200897890768,5
6,18,45,24,63,36.25293398576694,60.22200897890768,1
6,18,37,20,37,17.872933985766938,38.78200897890768,8
5,18,39,38,39,34.73293398576694,54.342008978907685,1
3,18,28,19,56,45.63293398576694,62.40200897890769,2
5,19,64,22,60,18.462933985766938,58.36200897890768,3
8,20,66,24,69,21.462933985766938,66.78200897890768,1
3,18,28,19,36,25.63293398576694,58.50200897890768,1
4,18,49,19,54,22.63293398576694,51.26200897890769,2
6,25,59,28,54,19.24293398576694,59.25200897890768,2
4,18,42,19,50,25.63293398576694,52.75200897890768,7
6,33,43,33,34,22.70293398576694,55.68200897890769,5
6,34,54,35,42,25.63293398576694,60.62200897890769,2
4,20,53,30,42,28.362933985766936,49.452008978907685,5
6,18,36,19,41,22.63293398576694,57.65200897890769,9
8,25,33,19,26,24.232933985766937,53.44200897890769,5
4,18,46,19,55,26.63293398576694,53.522008978907685,10
3,18,28,19,45,34.63293398576694,49.07200897890769,10
6,18,52,21,56,21.95293398576694,52.732008978907686,1
9,24,41,19,35,22.842933985766937,64.34200897890769,3
5,18,37,42,32,38.82293398576694,56.85200897890769,9
4,18,37,21,47,27.802933985766938,53.25200897890768,6
5,38,58,53,50,30.862933985766936,70.94200897890768,5
6,18,45,19,52,24.63293398576694,50.37200897890769,9
5,19,69,36,58,33.99293398576694,66.52200897890769,3
7,30,67,19,57,30.052933985766938,76.48200897890769,2
3,18,28,19,49,38.63293398576694,62.86200897890768,10
8,32,57,19,49,30.862933985766936,71.79200897890769,2
7,38,49,38,40,22.70293398576694,62.452008978907685,3
4,18,40,19,54,31.63293398576694,61.842008978907685,6
7,54,61,19,46,53.91293398576694,89.56200897890768,3
4,20,50,21,67,34.63293398576694,65.15200897890769,3
3,18,28,19,44,33.63293398576694,63.37200897890769,9
3,18,28,19,35,24.63293398576694,58.50200897890768,9
5,19,74,24,71,19.752933985766937,69.01200897890769,3
3,18,28,19,39,28.63293398576694,73.13200897890769,10
6,32,47,33,36,24.63293398576694,53.44200897890769,5
3,18,28,19,46,35.63293398576694,69.00200897890768,7
3,18,28,19,46,35.63293398576694,62.99200897890769,1
3,18,28,21,55,44.70293398576694,66.11200897890768,3
4,18,41,19,61,37.63293398576694,70.94200897890768,10
5,18,44,39,40,35.73293398576694,59.58200897890768,6
3,18,28,19,48,37.63293398576694,76.34200897890769,6
5,18,53,41,50,37.652933985766936,67.79200897890769,7
5,18,41,25,39,21.63293398576694,63.91200897890769,6
3,38,28,24,33,32.18293398576694,66.86200897890768,4
7,38,38,37,51,30.76293398576694,54.16200897890769,1
9,26,40,19,32,25.63293398576694,62.86200897890768,2
4,19,49,20,54,22.63293398576694,51.00200897890768,3
5,18,71,29,63,27.292933985766936,66.29200897890769,3
5,18,48,43,44,39.71293398576694,63.76200897890769,6
5,18,42,28,44,25.482933985766937,56.35200897890769,1
5,24,48,35,42,26.402933985766936,50.982008978907686,5
6,18,48,19,68,37.63293398576694,68.66200897890769,9
6,18,64,51,63,47.65293398576694,71.06200897890768,6
3,18,28,19,38,27.63293398576694,58.86200897890768,1
7,28,35,31,54,36.73293398576694,52.60200897890769,1
5,18,44,30,38,27.332933985766935,60.74200897890769,9
7,31,62,26,55,23.44293398576694,66.11200897890768,3
8,40,36,37,34,19.63293398576694,66.05200897890768,8
3,18,28,21,52,41.71293398576694,61.43200897890769,3
7,38,37,33,35,21.63293398576694,70.47200897890768,8
3,64,28,53,34,30.052933985766938,91.45200897890768,8
4,18,35,19,40,22.63293398576694,40.58200897890769,10
3,18,28,19,46,35.63293398576694,68.66200897890769,9
6,20,61,36,58,30.662933985766937,65.74200897890769,6
9,29,39,26,37,19.63293398576694,38.422008978907684,8
7,25,50,19,42,24.85293398576694,55.12200897890769,3
6,37,44,38,34,23.63293398576694,52.75200897890768,5
4,20,51,28,46,23.252933985766937,48.562008978907684,5
3,18,28,19,47,36.63293398576694,67.08200897890768,1
4,24,28,27,38,27.802933985766938,54.16200897890769,9
5,18,44,19,59,32.63293398576694,78.96200897890769,8
5,18,39,28,35,24.85293398576694,50.60200897890769,1
5,18,28,30,28,26.81293398576694,44.97200897890768,10
9,20,66,25,56,24.572933985766937,60.97200897890768,1
5,18,28,31,26,27.63293398576694,42.14200897890768,10
4,18,39,21,61,39.71293398576694,70.31200897890768,6
7,18,28,58,25,54.64293398576694,80.94200897890768,6
5,18,68,33,58,31.752933985766937,65.60200897890769,3
9,39,34,36,32,19.63293398576694,58.76200897890769,8
3,18,28,19,50,39.63293398576694,57.83200897890768,7
3,18,28,19,60,49.63293398576694,62.64200897890768,5
8,47,48,35,39,30.392933985766938,78.22200897890768,2
5,18,28,35,28,31.752933985766937,57.922008978907684,10
5,18,44,32,50,30.892933985766938,64.01200897890769,4
3,18,28,20,61,50.64293398576694,70.94200897890768,5
4,18,46,20,57,28.67293398576694,57.07200897890769,7
5,20,70,26,63,22.70293398576694,66.11200897890768,3
5,18,83,41,75,38.43293398576694,87.33200897890768,2
5,18,52,35,62,35.63293398576694,61.54200897890769,4
5,18,45,30,46,27.032933985766938,50.37200897890769,9
6,18,46,19,54,25.63293398576694,61.092008978907685,9
3,18,28,19,51,40.63293398576694,69.65200897890769,10
6,18,39,20,58,36.652933985766936,62.14200897890768,9
3,33,28,21,32,29.95293398576694,50.44200897890769,4
3,18,28,19,53,42.63293398576694,73.06200897890768,2
7,29,56,30,47,22.63293398576694,55.982008978907686,2
3,18,28,19,47,36.63293398576694,80.15200897890769,6
7,30,58,19,47,30.63293398576694,70.65200897890769,2
3,18,28,19,46,35.63293398576694,53.90200897890769,10
6,18,40,19,63,40.63293398576694,66.79200897890769,9
5,18,36,19,41,22.63293398576694,51.87200897890769,4
3,30,28,19,35,30.63293398576694,52.60200897890769,4
7,43,38,19,26,42.56293398576694,71.18200897890769,5
6,18,61,51,57,47.69293398576694,68.11200897890768,7
4,18,50,19,70,37.63293398576694,71.33200897890768,3
9,50,37,48,35,18.63293398576694,68.83200897890768,8
3,18,28,19,44,33.63293398576694,51.69200897890769,1
3,30,28,21,32,27.292933985766936,48.97200897890768,4
5,18,52,44,43,41.59293398576694,71.88200897890769,1
9,35,57,36,56,16.63293398576694,57.13200897890769,1
6,20,57,39,55,33.63293398576694,57.37200897890769,6
6,32,42,31,33,22.912933985766937,54.342008978907685,5
6,34,43,35,34,22.63293398576694,49.342008978907685,5
3,18,28,19,46,35.63293398576694,59.94200897890768,6
6,23,55,26,51,18.462933985766938,51.00200897890768,3
5,18,38,19,47,26.63293398576694,57.922008978907684,4
5,18,44,26,41,22.70293398576694,68.18200897890769,7
6,18,45,26,47,23.69293398576694,51.21200897890769,8
5,18,60,25,58,21.63293398576694,55.982008978907686,2
6,20,64,56,64,50.69293398576694,75.90200897890769,6
3,18,28,19,35,24.63293398576694,53.25200897890768,6
3,18,28,19,46,35.63293398576694,71.80200897890768,1
6,32,39,19,26,33.43293398576694,57.07200897890769,5
3,35,28,32,29,20.63293398576694,49.052008978907686,8
4,18,52,19,63,28.63293398576694,64.68200897890769,10
7,65,53,19,32,66.33293398576694,98.36200897890768,3
3,18,28,19,46,35.63293398576694,62.86200897890768,2
3,18,28,19,47,36.63293398576694,56.32200897890769,3
6,25,59,28,54,19.24293398576694,58.54200897890769,3
5,18,28,26,28,22.912933985766937,57.83200897890768,10
7,36,57,35,80,40.71293398576694,79.06200897890768,9
6,29,70,43,63,29.56293398576694,72.26200897890769,2
3,18,28,19,51,40.63293398576694,71.88200897890769,10
3,18,28,20,48,37.652933985766936,50.57200897890769,5
5,18,36,30,39,27.712933985766938,59.78200897890768,9
8,40,48,37,40,22.842933985766937,71.33200897890768,3
6,18,58,48,54,44.70293398576694,63.87200897890769,6
3,18,28,19,64,53.63293398576694,71.18200897890769,5
5,18,40,21,44,21.95293398576694,48.97200897890768,4
7,39,54,38,66,29.77293398576694,74.53200897890768,1
3,18,28,19,32,21.63293398576694,56.85200897890769,6
5,36,53,40,46,21.462933985766938,58.76200897890769,5
6,18,37,19,57,37.63293398576694,58.50200897890768,9
4,36,33,19,36,34.31293398576694,65.33200897890768,8
7,33,28,33,37,26.682933985766937,55.68200897890769,8
5,20,71,49,60,45.042933985766936,74.57200897890769,3
6,20,49,33,54,29.52293398576694,53.44200897890769,4
5,18,34,37,32,33.63293398576694,58.86200897890768,7
5,18,34,26,34,22.912933985766937,41.01200897890769,7
10,18,44,31,26,35.63293398576694,67.32200897890769,3
5,20,88,33,82,28.282933985766938,85.39200897890768,2
7,27,38,28,61,40.63293398576694,58.28200897890768,9
4,29,38,19,46,30.502933985766937,74.64200897890768,4
3,18,28,20,47,36.652933985766936,48.54200897890769,5
4,18,40,19,50,27.63293398576694,66.55200897890768,4
4,33,28,35,36,25.682933985766937,55.76200897890769,9
5,20,70,31,61,27.84293398576694,65.82200897890769,3
6,20,54,41,52,35.63293398576694,56.202008978907685,6
6,34,69,35,55,27.63293398576694,75.90200897890769,3
3,51,28,27,34,41.88293398576694,82.05200897890768,8
8,19,56,22,61,22.912933985766937,60.22200897890768,1
7,34,51,19,40,33.99293398576694,62.452008978907685,3
6,25,28,26,34,23.63293398576694,40.50200897890768,8
8,37,46,29,38,26.45293398576694,68.24200897890769,2
5,18,40,19,50,27.63293398576694,62.39200897890768,4
5,18,37,46,33,42.70293398576694,63.18200897890769,9
3,18,28,19,39,28.63293398576694,58.54200897890769,10
5,18,69,29,65,25.832933985766935,64.59200897890769,2
4,19,66,36,56,33.52293398576694,64.63200897890769,5
8,20,65,21,64,16.63293398576694,60.97200897890768,1
6,35,65,36,49,29.63293398576694,73.06200897890768,2
7,47,54,48,42,25.63293398576694,66.07200897890769,3
7,29,28,28,35,24.85293398576694,47.69200897890769,8
5,18,38,27,40,24.572933985766937,38.26200897890769,8
3,18,28,21,48,37.722933985766936,51.00200897890768,3
7,35,38,19,26,35.35293398576694,64.63200897890769,5
5,18,39,39,39,35.73293398576694,56.202008978907685,6
9,22,76,38,66,32.63293398576694,74.53200897890768,1
7,43,28,45,32,21.712933985766938,59.62200897890769,8
9,20,65,24,56,23.252933985766937,59.80200897890768,1
7,26,54,35,58,25.63293398576694,57.922008978907684,4
7,30,58,19,47,30.63293398576694,70.65200897890769,2
4,19,67,36,56,33.99293398576694,65.97200897890768,5
5,18,44,29,40,25.832933985766935,55.43200897890769,6
7,34,34,36,56,39.652933985766936,66.52200897890769,1
3,18,28,19,40,29.63293398576694,46.33200897890769,10
6,20,52,39,49,33.66293398576694,56.202008978907685,6
4,20,50,34,40,30.892933985766938,48.772008978907685,5
3,18,28,19,43,32.63293398576694,51.672008978907684,1
10,18,49,35,26,42.03293398576694,83.88200897890769,3
5,18,46,40,54,38.89293398576694,57.14200897890768,4
7,18,28,25,24,21.95293398576694,57.75200897890768,6
3,32,28,19,37,33.43293398576694,59.30200897890768,8
4,37,28,40,37,26.81293398576694,49.94200897890769,9
4,18,49,19,58,26.63293398576694,55.982008978907686,2
4,18,37,19,57,37.63293398576694,64.15200897890769,7
7,37,34,24,29,29.95293398576694,49.732008978907686,5
7,18,28,26,27,22.70293398576694,61.842008978907685,6
3,47,28,23,37,42.942933985766935,75.39200897890768,8
7,27,59,26,52,21.022933985766937,61.43200897890769,3
5,18,38,26,40,23.69293398576694,39.342008978907685,8
3,18,28,19,58,47.63293398576694,75.85200897890769,2
8,40,42,19,32,39.042933985766936,67.59200897890769,2
8,18,61,40,67,38.10293398576694,69.15200897890769,1
4,18,35,21,49,31.752933985766937,51.35200897890769,7
8,38,46,37,38,21.95293398576694,69.56200897890768,2
4,18,34,20,50,33.66293398576694,56.85200897890769,6
6,26,28,28,37,26.682933985766937,43.24200897890769,8
7,37,54,19,42,37.10293398576694,70.99200897890769,2
9,18,53,27,26,41.88293398576694,66.11200897890768,3
9,28,52,19,46,26.402933985766936,68.63200897890769,2
6,19,56,31,54,26.63293398576694,52.60200897890769,7
4,21,30,19,30,19.24293398576694,36.562008978907684,8
5,18,54,48,66,47.83293398576694,72.14200897890768,8
3,18,28,19,39,28.63293398576694,63.25200897890768,9
4,18,42,21,63,38.722933985766936,71.06200897890768,6
8,18,43,29,26,33.66293398576694,63.77200897890769,3
5,18,38,32,34,28.782933985766938,51.21200897890769,9
4,18,37,19,54,34.63293398576694,57.14200897890768,10
4,36,28,37,50,39.63293398576694,80.96200897890769,1
7,34,34,36,57,40.652933985766936,57.50200897890768,9
5,20,79,29,73,24.572933985766937,83.99200897890769,2
4,25,34,19,38,24.85293398576694,64.33200897890768,4
4,18,53,19,59,23.63293398576694,63.482008978907686,7
3,18,28,20,55,44.652933985766936,61.702008978907685,3
6,18,39,33,57,40.042933985766936,62.60200897890769,1
3,18,28,19,36,25.63293398576694,46.49200897890769,9
4,18,39,19,48,26.63293398576694,57.07200897890769,4
8,19,52,21,50,16.63293398576694,47.14200897890768,1
7,18,28,42,28,38.722933985766936,56.85200897890769,6
6,20,57,39,55,33.63293398576694,57.37200897890769,6
8,19,62,25,66,23.44293398576694,63.90200897890769,1
6,41,36,19,26,39.98293398576694,55.38200897890769,5
4,19,51,40,42,36.82293398576694,53.28200897890768,5
4,19,58,37,50,33.66293398576694,61.842008978907685,5
6,18,48,26,51,24.232933985766937,61.842008978907685,8
6,18,37,21,49,29.77293398576694,61.342008978907685,9
5,19,79,45,72,41.13293398576694,79.85200897890769,2
3,18,28,19,46,35.63293398576694,50.37200897890769,10
8,29,54,25,48,22.032933985766938,61.702008978907685,3
8,18,55,33,26,46.042933985766936,81.81200897890768,3
7,35,47,19,32,37.03293398576694,67.83200897890768,3
5,18,79,29,71,27.292933985766936,75.30200897890768,3
4,26,33,19,36,25.06293398576694,57.922008978907684,4
8,18,34,38,26,35.55293398576694,77.37200897890769,3
4,18,63,19,71,25.63293398576694,68.46200897890769,3
3,18,28,20,48,37.652933985766936,58.54200897890769,3
6,49,46,35,35,33.122933985766934,68.89200897890768,5
3,56,28,33,38,42.46293398576694,81.81200897890768,8
5,18,45,38,38,35.28293398576694,63.732008978907686,9
7,32,36,19,26,31.752933985766937,60.15200897890769,5
3,18,28,19,49,38.63293398576694,65.74200897890769,10
7,18,28,48,27,44.652933985766936,71.06200897890768,6
6,18,62,48,61,44.652933985766936,67.59200897890769,7
6,51,77,52,62,28.63293398576694,89.74200897890768,3
4,29,28,31,32,21.712933985766938,48.08200897890769,9
6,19,59,40,57,35.63293398576694,59.58200897890768,7
7,24,51,25,73,39.63293398576694,69.52200897890769,9
7,41,54,50,58,25.63293398576694,66.69200897890768,4
9,27,38,22,36,21.63293398576694,38.78200897890768,8
8,41,59,31,49,29.232933985766937,85.46200897890769,3
6,18,34,20,47,30.662933985766937,54.16200897890769,1
3,18,28,19,32,21.63293398576694,43.61200897890768,7
6,18,59,33,56,29.67293398576694,59.58200897890768,6
5,18,71,39,62,36.82293398576694,72.39200897890768,2
4,18,37,19,44,24.63293398576694,56.202008978907685,8
4,19,48,20,59,28.63293398576694,66.07200897890769,3
5,18,36,19,42,23.63293398576694,49.922008978907684,8
3,18,28,19,49,38.63293398576694,70.65200897890769,2
3,18,28,19,51,40.63293398576694,71.38200897890769,1
6,18,47,26,50,24.232933985766937,53.44200897890769,4
4,43,28,45,39,28.67293398576694,60.35200897890769,9
3,18,28,21,65,54.68293398576694,89.26200897890769,3
4,18,56,19,79,40.63293398576694,80.74200897890769,2
4,40,28,43,35,24.85293398576694,53.382008978907685,9
7,27,54,28,65,28.63293398576694,62.16200897890769,9
3,18,28,21,65,54.68293398576694,66.43200897890769,5
4,20,60,33,52,29.052933985766938,57.922008978907684,5
6,24,58,44,52,35.05293398576694,64.34200897890769,3
8,18,44,35,26,38.262933985766935,73.69200897890768,3
7,27,54,36,58,25.63293398576694,58.38200897890769,4
7,32,66,19,53,33.43293398576694,81.81200897890768,3
6,18,60,47,58,43.63293398576694,64.66200897890769,6
3,18,28,19,58,47.63293398576694,78.04200897890769,3
7,30,35,31,47,29.63293398576694,66.78200897890768,1
4,19,66,48,52,46.09293398576694,69.94200897890768,5
4,18,41,19,54,30.63293398576694,59.68200897890769,7
5,18,49,43,44,39.82293398576694,59.02200897890769,9
5,18,42,34,40,30.63293398576694,48.772008978907685,6
7,24,51,25,73,39.63293398576694,69.52200897890769,9
3,18,28,21,51,40.71293398576694,53.54200897890769,5
6,18,49,19,69,37.63293398576694,67.06200897890768,9
6,20,60,39,59,33.66293398576694,67.42200897890768,6
7,25,38,27,42,21.712933985766938,46.49200897890769,9
5,18,46,33,44,29.63293398576694,70.41200897890769,6
3,35,28,27,31,25.932933985766937,49.052008978907686,8
4,20,50,34,40,30.892933985766938,48.772008978907685,5
5,18,39,35,32,32.39293398576694,57.50200897890768,9
5,19,65,23,62,18.792933985766936,61.36200897890768,2
4,19,66,48,52,46.09293398576694,69.94200897890768,5
6,35,28,37,35,24.69293398576694,64.63200897890769,8
7,35,54,19,39,37.03293398576694,74.95200897890768,2
7,42,38,44,50,29.67293398576694,61.19200897890768,1
6,28,67,30,58,22.70293398576694,64.59200897890769,2
6,18,44,20,50,23.69293398576694,61.342008978907685,1
8,46,28,47,36,25.63293398576694,65.33200897890768,8
3,18,28,21,60,49.69293398576694,60.15200897890769,5
6,18,35,20,58,40.652933985766936,60.97200897890768,1
4,18,35,19,40,22.63293398576694,47.14200897890768,4
6,20,69,40,66,34.66293398576694,76.70200897890768,6
4,21,34,19,38,22.342933985766937,49.43200897890769,4
3,18,28,19,49,38.63293398576694,64.34200897890769,9
3,18,28,19,61,50.63293398576694,74.94200897890768,3
5,18,28,38,27,34.66293398576694,49.732008978907686,10
3,18,28,20,56,45.652933985766936,74.94200897890768,3
3,18,28,19,46,35.63293398576694,62.86200897890768,2
3,30,28,19,35,30.63293398576694,52.60200897890769,4
7,18,28,36,26,32.63293398576694,49.162008978907686,6
4,18,46,21,64,35.73293398576694,73.88200897890769,6
5,28,46,30,37,22.70293398576694,46.74200897890769,5
6,20,45,27,44,21.712933985766938,43.772008978907685,7
8,44,62,38,54,24.85293398576694,83.88200897890769,3
7,52,58,19,43,52.03293398576694,84.27200897890769,2
4,18,50,19,58,25.63293398576694,55.12200897890769,3
5,30,46,31,35,24.63293398576694,52.60200897890769,5
4,18,43,21,62,36.73293398576694,75.90200897890769,6
6,18,35,21,43,25.832933985766935,49.94200897890769,9
6,18,49,21,52,21.022933985766937,58.38200897890769,8
6,30,37,19,26,30.63293398576694,53.522008978907685,5
7,32,55,19,42,33.43293398576694,73.69200897890768,3
5,18,28,35,28,31.752933985766937,62.452008978907685,10
5,18,45,55,41,51.69293398576694,75.95200897890768,6
7,34,57,19,43,35.63293398576694,75.59200897890769,2
5,18,66,35,57,33.09293398576694,63.37200897890769,3
4,18,56,31,44,31.252933985766937,52.60200897890769,5
3,18,28,19,47,36.63293398576694,52.82200897890769,2
3,18,28,19,44,33.63293398576694,72.36200897890768,6
3,18,28,20,60,49.64293398576694,63.19200897890768,5
4,20,62,21,78,33.63293398576694,79.41200897890769,3
6,19,66,52,63,47.65293398576694,72.47200897890768,6
3,18,28,19,33,22.63293398576694,62.14200897890768,1
4,18,53,19,66,30.63293398576694,67.79200897890769,7
3,18,28,19,39,28.63293398576694,70.94200897890768,10
5,19,75,31,68,27.712933985766938,72.84200897890769,3
6,18,40,20,41,18.792933985766936,42.732008978907686,8
9,40,34,36,32,20.63293398576694,69.55200897890768,8
3,40,28,19,34,39.042933985766936,54.702008978907685,4
5,18,50,44,35,43.81293398576694,82.98200897890769,1
7,41,34,41,43,26.682933985766937,56.85200897890769,9
6,18,35,21,58,40.71293398576694,60.422008978907684,9
4,20,58,21,69,28.63293398576694,74.57200897890769,3
4,20,35,19,40,22.912933985766937,53.44200897890769,4
3,18,28,19,60,49.63293398576694,72.39200897890768,2
7,31,35,34,45,27.802933985766938,51.29200897890769,9
8,25,28,26,36,25.63293398576694,38.78200897890768,8
6,18,42,19,61,36.63293398576694,63.482008978907686,9
4,19,33,19,36,20.732933985766937,45.99200897890769,8
4,20,49,21,68,36.63293398576694,65.82200897890769,3
6,18,42,21,60,35.73293398576694,57.312008978907684,9
5,19,81,31,73,28.162933985766937,76.48200897890769,2
4,18,61,20,74,30.662933985766937,74.94200897890768,2
6,35,35,19,26,34.012933985766935,48.39200897890768,5
8,23,31,19,26,21.462933985766938,45.40200897890769,5
9,44,46,19,35,43.14293398576694,90.74200897890768,2
5,30,49,33,40,22.912933985766937,54.342008978907685,5
3,18,28,19,54,43.63293398576694,60.62200897890769,2
8,38,48,29,39,27.84293398576694,70.89200897890768,3
3,18,28,19,44,33.63293398576694,65.82200897890769,1
5,18,53,33,32,39.23293398576694,69.27200897890769,9
6,21,61,41,70,37.582933985766935,72.26200897890769,8
4,18,33,19,36,20.63293398576694,38.26200897890769,8
4,18,39,21,47,25.832933985766935,50.46200897890769,7
5,18,28,44,28,40.71293398576694,60.43200897890769,10
8,18,44,39,43,35.652933985766936,48.39200897890768,1
4,18,60,20,81,38.652933985766936,79.42200897890768,2
3,43,28,23,38,39.82293398576694,78.50200897890768,8
3,18,28,19,32,21.63293398576694,41.01200897890769,7
6,18,39,20,55,33.66293398576694,62.36200897890768,1
4,19,36,19,42,23.69293398576694,57.922008978907684,4
6,18,42,24,46,23.44293398576694,43.33200897890769,1
6,36,46,35,35,24.85293398576694,61.50200897890768,5
4,18,34,20,57,40.652933985766936,64.15200897890769,6
8,35,28,38,34,23.88293398576694,49.052008978907686,8
4,27,28,30,38,27.802933985766938,60.74200897890769,9
5,30,46,31,35,24.63293398576694,52.60200897890769,5
4,18,67,21,81,31.752933985766937,82.56200897890768,2
6,18,49,27,72,41.88293398576694,69.21200897890769,1
7,18,28,34,26,30.63293398576694,63.87200897890769,6
4,25,33,19,36,24.232933985766937,61.842008978907685,8
3,18,28,19,46,35.63293398576694,63.76200897890769,6
8,25,33,19,26,24.232933985766937,52.552008978907686,5
3,32,28,26,31,24.232933985766937,53.44200897890769,4
6,18,41,21,61,37.722933985766936,62.99200897890769,1
6,18,44,21,46,20.10293398576694,48.97200897890768,4
3,18,28,21,61,50.69293398576694,86.76200897890769,3
4,24,28,25,33,22.63293398576694,47.14200897890768,1
8,37,51,31,43,24.85293398576694,72.84200897890769,3
3,32,28,26,31,24.232933985766937,53.44200897890769,4
4,18,34,20,44,27.67293398576694,46.90200897890769,7
5,18,28,38,27,34.66293398576694,56.812008978907684,10
5,18,52,35,62,35.63293398576694,61.54200897890769,4
3,18,28,19,42,31.63293398576694,62.452008978907685,10
6,41,45,41,34,24.69293398576694,63.19200897890768,5
4,18,37,19,44,24.63293398576694,52.60200897890769,4
7,37,77,38,62,28.63293398576694,85.08200897890768,3
5,18,35,27,33,23.63293398576694,45.552008978907686,7
7,18,28,51,27,47.65293398576694,71.82200897890769,6
4,19,49,29,42,25.932933985766937,48.54200897890769,5
5,18,44,26,41,22.70293398576694,68.18200897890769,7
6,34,49,35,36,26.63293398576694,57.922008978907684,5
5,20,75,30,70,25.122933985766938,70.41200897890769,3
6,18,38,19,47,26.63293398576694,51.14200897890768,9
5,18,36,25,39,23.44293398576694,57.65200897890769,9
4,18,49,19,58,26.63293398576694,56.32200897890769,3
7,18,28,30,26,26.63293398576694,56.15200897890769,6
6,18,38,20,49,28.67293398576694,46.49200897890769,9
8,18,38,37,26,36.222933985766936,75.28200897890768,3
6,21,61,41,70,37.582933985766935,72.75200897890768,8
7,28,34,19,26,27.292933985766936,50.44200897890769,5
4,25,33,19,36,24.232933985766937,53.44200897890769,8
3,18,28,19,39,28.63293398576694,53.03200897890768,10
8,35,56,27,48,26.45293398576694,72.12200897890769,2
5,18,48,44,46,40.63293398576694,69.00200897890768,7
4,43,28,46,33,22.912933985766937,63.18200897890769,9
5,39,52,43,41,25.122933985766938,60.562008978907684,5
9,18,34,38,26,35.55293398576694,69.15200897890769,3
6,18,36,20,52,33.66293398576694,59.62200897890769,9
5,18,38,19,47,26.63293398576694,59.88200897890769,4
4,18,39,21,52,30.76293398576694,56.202008978907685,6
4,18,35,20,52,34.66293398576694,52.552008978907686,7
7,39,40,40,61,38.63293398576694,62.96200897890769,1
8,28,50,19,42,27.292933985766936,61.99200897890769,3
8,30,28,33,36,25.832933985766935,49.922008978907684,8
3,18,28,19,51,40.63293398576694,71.18200897890769,3
7,26,42,22,65,41.13293398576694,61.952008978907685,1
3,18,28,20,54,43.652933985766936,53.44200897890769,5
6,18,61,38,61,34.73293398576694,65.74200897890769,6
4,36,28,38,34,23.69293398576694,60.22200897890768,9
5,18,28,25,26,21.63293398576694,48.82200897890769,10
4,35,34,19,38,33.66293398576694,64.94200897890768,4
8,18,40,35,26,35.63293398576694,74.57200897890769,3
6,18,46,20,64,35.652933985766936,67.08200897890768,9
3,18,28,19,42,31.63293398576694,58.202008978907685,10
7,18,28,27,26,23.63293398576694,51.35200897890769,6
5,20,62,33,56,28.282933985766938,62.64200897890768,3
5,18,28,27,28,23.88293398576694,41.842008978907685,10
6,37,28,37,35,24.69293398576694,70.47200897890768,8
4,18,58,19,73,32.63293398576694,79.57200897890769,2
5,18,53,29,51,25.63293398576694,72.15200897890769,9
4,18,42,19,46,21.63293398576694,48.772008978907685,6
4,34,28,35,42,31.63293398576694,66.92200897890768,9
6,18,36,19,55,36.63293398576694,56.62200897890769,9
8,28,55,19,47,27.292933985766936,64.59200897890769,2
6,30,70,31,59,24.63293398576694,71.62200897890769,2
5,18,28,39,27,35.652933985766936,54.94200897890768,10
5,18,45,36,41,32.75293398576694,63.77200897890769,9
8,36,46,27,38,27.292933985766936,65.09200897890769,3
3,18,28,19,39,28.63293398576694,62.99200897890769,1
4,19,50,20,60,27.63293398576694,58.54200897890769,3
9,24,70,42,69,32.66293398576694,71.88200897890769,1
7,37,54,19,42,37.10293398576694,70.99200897890769,2
6,21,46,32,50,27.292933985766936,49.43200897890769,4
5,18,50,42,34,42.56293398576694,64.34200897890769,9
6,20,51,41,51,35.73293398576694,55.44200897890768,7
4,20,51,21,67,33.63293398576694,77.37200897890769,3
4,18,40,19,50,27.63293398576694,63.32200897890769,8
3,18,28,19,32,21.63293398576694,54.16200897890769,1
3,18,28,19,49,38.63293398576694,72.14200897890768,9
8,19,69,23,74,23.252933985766937,74.53200897890768,1
3,35,28,19,34,34.42293398576694,52.75200897890768,8
3,35,28,19,39,37.03293398576694,64.63200897890769,8
3,18,28,21,56,45.70293398576694,60.562008978907684,5
5,28,46,30,37,22.70293398576694,46.74200897890769,5
4,18,67,36,56,34.872933985766934,65.97200897890768,5
5,18,28,34,27,30.662933985766937,65.80200897890768,10
5,18,32,19,35,20.63293398576694,38.78200897890768,8
5,18,46,48,46,44.70293398576694,73.88200897890769,6
5,18,46,31,54,31.252933985766937,52.60200897890769,4
3,18,28,19,35,24.63293398576694,52.552008978907686,10
6,19,55,42,53,37.63293398576694,57.61200897890768,6
5,32,52,35,42,23.88293398576694,58.812008978907684,5
3,18,28,19,65,54.63293398576694,82.56200897890768,2
6,18,42,21,50,25.832933985766935,53.03200897890768,9
4,23,32,19,34,22.032933985766938,46.74200897890769,8
3,18,28,19,54,43.63293398576694,53.44200897890769,5
8,33,56,29,50,22.032933985766938,68.63200897890769,2
5,18,28,34,28,30.76293398576694,48.772008978907685,10
5,31,48,42,42,26.402933985766936,56.11200897890768,5
4,19,57,20,77,37.63293398576694,75.90200897890769,3
10,18,38,29,26,29.77293398576694,61.80200897890768,3
4,18,62,20,68,23.69293398576694,65.09200897890769,2
7,35,37,36,47,27.63293398576694,55.76200897890769,9
3,40,28,29,33,29.52293398576694,73.25200897890768,8
4,18,51,19,59,25.63293398576694,68.11200897890768,7
4,20,34,19,38,21.95293398576694,48.97200897890768,4
5,18,44,41,42,37.63293398576694,68.67200897890768,6
4,18,36,19,48,29.63293398576694,49.94200897890769,7
8,51,28,51,32,21.712933985766938,82.05200897890768,8
6,53,52,54,38,27.63293398576694,72.35200897890769,5
6,51,62,52,46,29.63293398576694,79.57200897890769,2
3,18,28,20,56,45.652933985766936,61.19200897890768,5
3,18,28,19,42,31.63293398576694,67.42200897890768,10
5,18,48,42,45,38.652933985766936,56.85200897890769,7
5,19,73,36,59,35.63293398576694,71.80200897890768,3
6,26,28,27,35,24.63293398576694,38.26200897890769,8
7,30,46,23,53,27.67293398576694,51.69200897890769,1
3,18,28,19,47,36.63293398576694,70.24200897890769,2
10,18,44,23,26,32.122933985766934,51.00200897890768,3
5,18,67,29,60,26.81293398576694,62.40200897890769,2
3,18,28,19,33,22.63293398576694,64.66200897890769,6
6,27,49,40,54,29.52293398576694,58.38200897890769,8
5,20,69,30,63,25.482933985766937,65.15200897890769,3
5,18,36,37,34,33.63293398576694,49.802008978907686,7
3,18,28,19,54,43.63293398576694,64.20200897890768,3
7,33,40,27,64,42.56293398576694,62.99200897890769,1
5,27,42,28,33,22.63293398576694,44.07200897890769,5
5,18,28,40,28,36.73293398576694,57.14200897890768,10
4,25,32,19,34,23.69293398576694,49.43200897890769,8
5,18,35,38,37,35.05293398576694,48.39200897890768,1
7,32,35,35,43,25.832933985766935,56.14200897890768,9
6,18,42,21,61,36.73293398576694,60.22200897890768,1
7,18,28,42,28,38.722933985766936,56.80200897890768,6
5,18,49,37,48,33.66293398576694,57.37200897890769,6
4,18,66,19,85,36.63293398576694,86.61200897890768,2
5,18,40,21,44,21.95293398576694,48.97200897890768,4
7,34,44,19,32,34.50293398576694,60.62200897890769,2
6,52,52,53,38,27.63293398576694,70.94200897890768,5
3,18,28,19,54,43.63293398576694,52.60200897890769,5
6,22,58,29,53,22.342933985766937,53.76200897890769,2
3,18,28,19,40,29.63293398576694,63.482008978907686,1
7,26,40,26,56,33.66293398576694,54.16200897890769,9
7,24,44,36,46,27.332933985766935,48.39200897890768,4
4,18,43,21,48,22.912933985766937,48.14200897890768,7
9,18,37,34,26,33.122933985766934,65.08200897890768,3
5,34,55,37,44,24.85293398576694,61.50200897890768,5
4,18,36,19,48,29.63293398576694,49.94200897890769,10
6,18,52,26,56,24.85293398576694,62.39200897890768,4
6,20,67,44,65,38.63293398576694,68.46200897890769,7
5,19,90,47,81,43.52293398576694,95.92200897890768,3
6,32,62,33,49,26.63293398576694,70.24200897890769,3
3,18,28,19,35,24.63293398576694,60.22200897890768,7
8,38,34,19,26,36.512933985766935,70.94200897890768,5
6,34,44,35,34,23.63293398576694,50.162008978907686,5
4,33,28,35,50,39.652933985766936,64.19200897890768,9
8,30,28,31,34,23.63293398576694,47.202008978907685,8
5,18,28,33,27,29.67293398576694,49.922008978907684,10
4,18,43,19,56,30.63293398576694,80.94200897890768,8
4,18,52,21,71,36.73293398576694,70.99200897890769,2
5,38,52,44,41,25.932933985766937,61.19200897890768,5
6,18,58,40,55,36.652933985766936,61.842008978907685,6
6,18,37,20,52,32.66293398576694,56.85200897890769,9
6,34,44,33,34,23.88293398576694,57.03200897890768,5
5,29,54,35,47,22.70293398576694,58.812008978907684,5
8,39,46,19,32,39.82293398576694,82.56200897890768,2
7,42,51,33,64,33.66293398576694,67.08200897890768,1
7,18,28,34,26,30.63293398576694,63.87200897890769,6
3,18,28,19,45,34.63293398576694,71.18200897890769,10
6,18,63,28,61,24.63293398576694,70.24200897890769,7
5,18,32,19,34,19.63293398576694,36.562008978907684,8
3,18,28,19,45,34.63293398576694,75.99200897890769,1
3,18,28,19,39,28.63293398576694,63.90200897890769,1
6,18,44,20,52,25.682933985766937,60.74200897890769,9
4,18,46,21,66,37.722933985766936,72.36200897890768,6
3,32,28,19,37,33.43293398576694,58.91200897890769,4
3,32,28,21,33,29.52293398576694,53.44200897890769,4
9,22,76,38,66,32.63293398576694,74.53200897890768,1
7,47,63,43,46,31.44293398576694,89.68200897890769,2
6,46,83,59,71,31.252933985766937,95.92200897890768,3
7,37,49,19,32,39.84293398576694,75.37200897890769,3
4,26,28,29,42,31.752933985766937,65.82200897890769,1
3,18,28,19,36,25.63293398576694,46.49200897890769,9
5,18,40,25,44,24.122933985766938,55.38200897890769,4
4,20,34,19,38,21.95293398576694,48.97200897890768,4
4,20,51,21,60,26.63293398576694,64.34200897890769,3
5,18,53,29,37,32.832933985766935,78.04200897890769,1
5,18,28,46,28,42.70293398576694,64.01200897890769,10
9,25,47,19,40,24.232933985766937,69.85200897890769,3
3,18,28,19,46,35.63293398576694,69.52200897890769,9
7,40,35,41,57,39.63293398576694,60.97200897890768,1
3,18,28,19,46,35.63293398576694,50.37200897890769,10
3,18,28,19,32,21.63293398576694,56.97200897890768,6
7,41,49,43,57,25.682933985766937,61.342008978907685,1
5,18,34,19,38,21.63293398576694,42.732008978907686,8
9,27,34,24,32,19.63293398576694,38.78200897890768,8
6,18,61,44,67,41.88293398576694,87.44200897890768,8
3,18,28,19,34,23.63293398576694,59.62200897890769,9
7,20,58,37,62,32.722933985766936,62.39200897890768,4
4,18,50,21,54,21.95293398576694,57.952008978907685,7
8,18,47,25,26,35.55293398576694,54.71200897890769,3
4,18,35,19,39,21.63293398576694,38.302008978907686,7
6,18,59,37,58,33.66293398576694,58.86200897890768,7
4,35,28,37,55,44.652933985766936,79.06200897890768,9
3,33,28,21,30,29.232933985766937,48.772008978907685,4
6,18,40,20,63,40.652933985766936,61.36200897890768,9
7,18,28,46,25,42.652933985766936,70.98200897890769,6
3,18,28,19,34,23.63293398576694,54.94200897890768,7
7,29,66,19,58,28.162933985766937,70.41200897890769,3
9,32,58,44,50,28.162933985766937,61.19200897890768,1
4,18,48,20,54,23.69293398576694,53.90200897890769,10
8,42,46,42,38,21.712933985766938,69.65200897890769,3
4,29,28,32,44,33.74293398576694,71.48200897890769,9
6,18,47,21,50,21.022933985766937,53.44200897890769,4
7,34,38,33,31,21.022933985766937,57.922008978907684,5
3,18,28,19,42,31.63293398576694,67.42200897890768,10
5,18,28,38,28,34.73293398576694,50.46200897890769,10
8,23,31,19,26,21.462933985766938,49.732008978907686,5
3,18,28,19,61,50.63293398576694,68.46200897890769,3
4,25,28,26,36,25.63293398576694,46.49200897890769,9
3,18,28,20,60,49.64293398576694,75.74200897890769,3
6,49,48,45,36,26.81293398576694,71.96200897890769,5
7,41,43,42,60,34.63293398576694,63.19200897890768,9
6,33,35,19,26,32.18293398576694,48.772008978907685,5
4,20,49,21,59,27.63293398576694,56.10200897890769,3
3,18,28,19,42,31.63293398576694,60.74200897890769,9
5,18,70,29,63,26.81293398576694,68.24200897890769,2
9,40,52,19,44,38.43293398576694,87.33200897890768,2
3,18,28,19,61,50.63293398576694,60.62200897890769,5
4,18,35,19,40,22.63293398576694,49.732008978907686,4
3,18,28,19,33,22.63293398576694,60.74200897890769,1
6,18,75,46,71,42.70293398576694,76.34200897890769,6
4,18,63,21,78,32.75293398576694,79.00200897890768,2
5,19,68,26,64,21.95293398576694,69.85200897890769,3
4,18,53,20,70,34.66293398576694,83.02200897890769,6
5,18,38,19,46,25.63293398576694,58.76200897890769,8
3,18,28,19,50,39.63293398576694,69.15200897890769,1
5,18,48,43,44,39.71293398576694,63.76200897890769,6
4,20,61,36,48,34.23293398576694,59.26200897890769,5
5,18,35,29,32,25.682933985766937,41.99200897890769,7
8,42,52,19,36,43.41293398576694,90.68200897890769,3
7,25,53,34,56,25.06293398576694,55.68200897890769,4
6,18,46,28,42,24.85293398576694,42.26200897890769,7
3,18,28,19,36,25.63293398576694,51.14200897890768,9
7,18,28,39,26,35.63293398576694,64.34200897890769,6
7,44,38,45,55,34.63293398576694,61.092008978907685,9
4,37,28,39,36,25.682933985766937,54.16200897890769,1
3,18,28,19,40,29.63293398576694,65.33200897890768,6
8,37,55,36,48,21.022933985766937,70.99200897890769,2
7,33,52,33,58,23.69293398576694,57.482008978907686,1
6,18,38,21,49,28.782933985766938,55.76200897890769,1
6,18,54,26,52,22.63293398576694,53.202008978907685,6
8,18,34,43,26,40.372933985766934,79.41200897890769,3
5,18,46,39,52,37.17293398576694,56.202008978907685,8
5,36,53,40,46,21.462933985766938,58.76200897890769,5
4,19,65,20,88,40.63293398576694,95.92200897890768,3
3,18,28,19,48,37.63293398576694,55.76200897890769,10
5,18,45,25,45,21.95293398576694,60.422008978907684,6
3,18,28,19,38,27.63293398576694,55.38200897890769,10
7,23,62,39,66,31.792933985766936,66.86200897890768,4
7,31,36,32,51,32.63293398576694,51.21200897890769,9
5,18,46,39,52,37.17293398576694,56.202008978907685,8
5,18,28,28,27,24.69293398576694,55.38200897890769,10
3,18,28,21,65,54.68293398576694,66.43200897890769,5
7,27,54,36,58,25.63293398576694,58.38200897890769,4
6,18,36,21,36,18.462933985766938,37.76200897890769,8
7,31,56,31,74,35.652933985766936,71.87200897890769,9
6,20,71,52,68,46.652933985766936,80.94200897890768,6
6,20,63,55,60,49.64293398576694,72.35200897890769,7
7,20,47,34,48,28.972933985766936,48.772008978907685,4
3,43,28,32,33,29.52293398576694,61.04200897890769,8
8,29,33,19,26,27.712933985766938,58.812008978907684,5
5,18,37,43,35,39.63293398576694,53.382008978907685,9
3,33,28,19,31,31.44293398576694,46.982008978907686,8
5,18,28,38,28,34.73293398576694,51.97200897890768,10
9,24,42,19,36,22.842933985766937,58.54200897890769,3
5,18,40,25,44,24.122933985766938,55.38200897890769,4
6,19,66,52,63,47.65293398576694,72.47200897890768,6
5,18,76,38,65,36.652933985766936,74.94200897890768,3
6,20,63,55,60,49.64293398576694,72.35200897890769,6
10,18,35,41,26,38.722933985766936,82.58200897890768,3
6,18,52,31,56,29.052933985766938,64.33200897890768,4
6,18,43,28,39,24.85293398576694,41.99200897890769,7
9,18,36,38,26,36.25293398576694,72.62200897890769,3
5,18,35,33,31,29.77293398576694,64.01200897890769,6
4,18,40,21,58,35.73293398576694,55.38200897890769,10
5,18,35,29,32,25.682933985766937,41.99200897890769,7
4,18,41,19,61,37.63293398576694,70.94200897890768,10
4,40,28,43,35,24.85293398576694,58.26200897890769,9
4,26,28,28,35,24.69293398576694,50.60200897890769,1
8,28,31,19,26,26.072933985766937,48.54200897890769,5
5,18,28,32,26,28.63293398576694,57.61200897890768,10
8,29,35,25,33,20.63293398576694,39.94200897890769,8
8,28,62,19,54,27.292933985766936,75.74200897890769,3
6,18,48,27,68,39.042933985766936,68.24200897890769,1
4,18,37,21,57,37.722933985766936,63.25200897890768,7
3,38,28,24,33,32.18293398576694,66.86200897890768,4
3,18,28,20,50,39.652933985766936,48.14200897890768,5
3,18,28,19,56,45.63293398576694,76.55200897890768,3
3,18,28,21,53,42.70293398576694,53.03200897890768,5
4,18,53,21,70,34.73293398576694,78.36200897890768,10
7,18,28,28,24,24.85293398576694,51.69200897890769,6
3,18,28,20,61,50.64293398576694,68.89200897890768,5
4,20,52,25,46,21.292933985766936,49.922008978907684,5
5,18,60,25,58,21.63293398576694,55.982008978907686,2
6,20,49,41,48,35.652933985766936,53.25200897890768,6
4,18,58,19,78,37.63293398576694,76.55200897890768,3
3,18,28,19,59,48.63293398576694,72.23200897890769,2
4,18,55,19,68,30.63293398576694,72.62200897890769,3
3,18,28,19,46,35.63293398576694,70.31200897890768,10
3,18,28,19,32,21.63293398576694,58.86200897890768,7
8,53,55,45,44,28.362933985766936,90.74200897890768,2
8,37,45,19,32,37.582933985766935,74.94200897890768,3
8,27,33,19,26,25.932933985766937,52.552008978907686,5
3,18,28,19,34,23.63293398576694,59.62200897890769,9
4,18,42,19,65,40.63293398576694,75.40200897890769,7
9,27,38,23,36,20.63293398576694,40.50200897890768,8
3,18,28,19,42,31.63293398576694,64.34200897890769,9
7,25,52,19,44,24.85293398576694,56.85200897890769,2
4,18,40,19,62,39.63293398576694,71.06200897890768,6
6,32,69,35,62,21.022933985766937,71.79200897890769,2
7,31,51,32,40,24.63293398576694,53.922008978907684,2
5,18,35,41,33,37.63293398576694,60.97200897890768,1
6,18,50,19,66,33.63293398576694,66.00200897890768,9
6,18,61,38,61,34.73293398576694,65.74200897890769,6
8,18,35,40,26,37.77293398576694,71.80200897890768,3
6,19,67,37,64,32.66293398576694,70.15200897890769,7
3,18,28,19,36,25.63293398576694,58.54200897890769,10
7,38,59,39,44,28.63293398576694,69.56200897890768,2
3,18,28,19,54,43.63293398576694,64.59200897890769,2
3,18,28,19,37,26.63293398576694,57.52200897890769,1
8,40,48,37,40,22.842933985766937,71.33200897890768,3
3,18,28,19,32,21.63293398576694,57.25200897890768,7
3,18,28,19,61,50.63293398576694,74.94200897890768,3
7,40,34,43,39,22.912933985766937,71.38200897890769,1
7,36,40,36,32,21.712933985766938,62.39200897890768,5
6,23,71,38,66,29.95293398576694,70.99200897890769,3
5,18,28,37,26,33.63293398576694,52.14200897890768,10
4,18,48,19,66,35.63293398576694,74.34200897890769,7
6,18,47,21,69,39.71293398576694,75.99200897890769,1
5,18,32,19,34,19.63293398576694,39.11200897890768,8
7,53,71,54,56,28.63293398576694,87.33200897890768,2
3,18,28,19,59,48.63293398576694,82.56200897890768,2
3,18,28,19,50,39.63293398576694,62.14200897890768,6
5,18,42,38,40,34.63293398576694,52.75200897890768,7
4,40,28,42,33,22.70293398576694,61.55200897890768,9
7,43,40,44,55,32.63293398576694,65.15200897890769,1
3,18,28,19,51,40.63293398576694,78.04200897890769,1
6,18,39,20,47,25.682933985766937,57.50200897890768,9
7,38,73,39,62,24.63293398576694,77.85200897890769,2
6,18,64,51,63,47.65293398576694,71.06200897890768,6
4,18,37,21,50,30.76293398576694,49.922008978907684,10
8,18,34,41,26,38.43293398576694,81.22200897890768,3
7,37,36,31,34,22.63293398576694,52.75200897890768,8
4,18,49,21,71,39.71293398576694,81.04200897890769,7
3,18,28,19,38,27.63293398576694,41.842008978907685,10
5,18,38,19,47,26.63293398576694,66.69200897890768,4
6,18,50,33,73,44.28293398576694,74.47200897890768,1
5,20,88,31,80,27.292933985766936,86.76200897890769,3
3,36,28,27,32,27.292933985766936,54.342008978907685,8
3,18,28,20,55,44.652933985766936,83.43200897890769,3
6,18,37,20,52,32.66293398576694,56.85200897890769,9
8,18,55,27,26,43.792933985766936,68.46200897890769,3
3,18,28,19,47,36.63293398576694,67.08200897890768,1
3,18,28,21,65,54.68293398576694,65.97200897890768,5
3,18,28,19,44,33.63293398576694,56.32200897890769,10
3,18,28,19,40,29.63293398576694,63.482008978907686,9
7,33,68,29,59,24.232933985766937,75.30200897890768,3
5,27,48,31,42,20.63293398576694,48.97200897890768,5
6,32,42,31,33,22.912933985766937,54.342008978907685,5
4,18,35,20,44,26.682933985766937,43.24200897890769,10
9,26,57,19,49,25.63293398576694,83.43200897890769,3
3,18,28,19,47,36.63293398576694,85.08200897890768,7
7,37,39,32,37,21.63293398576694,46.982008978907686,8
4,32,33,19,36,30.502933985766937,57.14200897890768,4
4,18,53,20,70,34.66293398576694,75.39200897890768,7
4,18,62,19,67,22.63293398576694,63.732008978907686,2
5,18,40,33,38,29.63293398576694,52.552008978907686,1
5,18,46,31,54,31.252933985766937,52.60200897890769,4
6,18,41,22,49,26.072933985766937,49.60200897890769,1
5,18,35,27,33,23.63293398576694,45.552008978907686,7
7,28,58,19,49,27.84293398576694,66.29200897890769,3
8,31,42,25,36,23.69293398576694,53.922008978907684,2
3,18,28,21,60,49.69293398576694,60.15200897890769,5
3,31,28,22,32,27.292933985766936,49.43200897890769,4
5,18,36,45,37,41.80293398576694,59.62200897890769,9
7,18,28,33,26,29.63293398576694,57.61200897890768,6
3,18,28,19,65,54.63293398576694,85.39200897890768,2
3,18,28,19,45,34.63293398576694,61.80200897890768,10
4,35,28,37,55,44.652933985766936,79.06200897890768,9
4,19,53,20,61,25.63293398576694,65.15200897890769,3
10,18,57,33,26,47.83293398576694,76.55200897890768,3
5,18,38,27,41,25.06293398576694,49.052008978907686,8
3,28,28,23,28,21.95293398576694,39.11200897890768,8
7,34,70,33,60,23.88293398576694,80.38200897890769,2
4,18,46,19,63,34.63293398576694,73.13200897890769,7
7,52,69,65,76,30.63293398576694,91.45200897890768,8
4,36,28,37,33,22.63293398576694,66.00200897890768,9
5,18,28,33,26,29.63293398576694,44.94200897890769,10
4,18,46,21,69,40.71293398576694,81.55200897890768,7
5,18,34,19,37,20.63293398576694,40.03200897890768,8
5,18,70,45,61,42.56293398576694,72.62200897890769,3
3,37,28,19,37,37.582933985766935,59.36200897890768,4
7,20,69,44,76,40.332933985766935,78.96200897890769,8
5,18,60,23,56,20.10293398576694,56.32200897890769,3
5,29,54,35,47,22.70293398576694,58.812008978907684,5
6,20,53,41,51,35.63293398576694,56.80200897890768,6
4,25,33,19,36,24.232933985766937,53.44200897890769,4
6,20,59,36,57,30.63293398576694,59.58200897890768,6
8,24,32,19,26,22.842933985766937,48.08200897890769,5
5,18,36,19,42,23.63293398576694,49.922008978907684,8
9,31,83,45,55,44.70293398576694,82.98200897890769,1
7,35,57,45,60,25.932933985766937,64.94200897890768,4
10,18,37,29,26,29.082933985766935,53.922008978907684,3
3,25,28,19,30,23.69293398576694,37.79200897890769,8
6,18,54,33,54,29.77293398576694,53.44200897890769,7
3,18,28,19,48,37.63293398576694,70.99200897890769,2
4,37,28,40,37,26.81293398576694,49.94200897890769,9
5,18,36,19,43,24.63293398576694,51.21200897890769,8
3,18,28,21,48,37.722933985766936,48.772008978907685,5
6,18,37,20,46,26.682933985766937,53.382008978907685,9
4,36,28,38,39,28.67293398576694,54.342008978907685,1
4,18,60,33,52,30.862933985766936,57.922008978907684,5
4,18,43,19,56,30.63293398576694,75.39200897890768,8
4,18,48,21,71,40.71293398576694,84.38200897890769,10
4,18,52,19,70,35.63293398576694,70.89200897890768,3
6,18,41,21,61,37.722933985766936,62.99200897890769,1
4,26,28,28,35,24.69293398576694,73.93200897890769,1
4,25,31,19,32,23.252933985766937,42.14200897890768,8
3,18,28,19,48,37.63293398576694,64.20200897890768,1
4,18,36,21,55,36.73293398576694,56.812008978907684,10
5,18,44,24,50,25.06293398576694,59.36200897890768,4
5,18,32,19,34,19.63293398576694,37.76200897890769,8
3,18,28,19,44,33.63293398576694,67.59200897890769,7
7,26,69,52,76,42.20293398576694,82.05200897890768,8
5,18,39,37,38,33.66293398576694,72.35200897890769,6
7,27,33,19,26,25.932933985766937,45.40200897890769,5
5,18,38,25,36,21.63293398576694,44.342008978907685,6
5,18,47,52,45,48.63293398576694,70.98200897890769,7
5,18,38,19,47,26.63293398576694,58.38200897890769,4
8,28,31,19,26,26.072933985766937,48.54200897890769,5
6,30,37,19,26,30.63293398576694,52.60200897890769,5
3,18,28,19,36,25.63293398576694,58.26200897890769,1
8,19,57,42,59,37.99293398576694,62.36200897890768,1
6,18,48,26,48,22.912933985766937,45.552008978907686,7
4,36,28,38,37,26.682933985766937,48.39200897890768,1
3,18,28,20,47,36.652933985766936,51.00200897890768,3
4,32,28,33,38,27.63293398576694,52.552008978907686,1
6,18,39,26,40,23.252933985766937,37.79200897890769,8
9,44,39,19,32,42.11293398576694,66.83200897890768,3
6,30,77,43,67,30.052933985766938,82.15200897890769,3
4,18,42,20,53,28.67293398576694,57.61200897890768,6
5,18,57,25,53,21.95293398576694,53.922008978907684,2
5,18,46,29,43,25.682933985766937,53.54200897890769,7
3,18,28,19,39,28.63293398576694,57.14200897890768,7
7,25,48,32,50,22.842933985766937,49.43200897890769,8
6,18,45,20,64,36.652933985766936,67.08200897890768,1
9,18,34,40,26,37.472933985766936,74.94200897890768,3
4,39,28,42,42,31.752933985766937,56.85200897890769,9
3,18,28,19,45,34.63293398576694,59.80200897890768,1
6,28,65,29,56,22.63293398576694,66.29200897890769,3
3,18,28,19,44,33.63293398576694,59.15200897890769,6
5,18,49,63,46,59.64293398576694,85.08200897890768,7
7,31,61,32,50,24.63293398576694,65.15200897890769,3
4,18,46,19,53,24.63293398576694,56.35200897890769,10
10,18,37,43,26,41.262933985766935,82.15200897890769,3
5,18,51,50,50,46.652933985766936,66.69200897890768,7
4,18,43,19,56,30.63293398576694,80.94200897890768,8
6,25,65,32,60,22.342933985766937,66.11200897890768,3
4,18,53,21,62,26.81293398576694,60.77200897890769,2
4,18,37,19,57,37.63293398576694,59.58200897890768,6
6,18,48,22,67,36.84293398576694,63.732008978907686,1
4,18,52,21,59,24.85293398576694,67.42200897890768,7
7,27,36,21,34,22.63293398576694,40.50200897890768,8
4,21,39,19,48,27.032933985766938,72.26200897890769,8
4,18,36,19,42,23.63293398576694,54.702008978907685,4
6,18,56,34,53,30.662933985766937,59.68200897890769,7
3,18,28,19,54,43.63293398576694,64.20200897890768,3
6,18,48,19,52,21.63293398576694,64.19200897890768,9
7,39,39,41,43,21.712933985766938,49.94200897890769,9
7,48,39,45,37,19.63293398576694,69.00200897890768,8
3,18,28,19,38,27.63293398576694,56.55200897890768,7
4,18,35,21,54,36.73293398576694,53.90200897890769,10
8,20,65,40,72,36.652933985766936,75.48200897890769,1
6,18,49,33,58,33.43293398576694,57.482008978907686,1
4,40,28,42,36,25.682933985766937,60.74200897890769,1
4,19,54,29,44,27.67293398576694,51.21200897890769,5
3,18,28,19,39,28.63293398576694,49.01200897890769,6
3,18,28,21,51,40.71293398576694,49.452008978907685,5
5,18,35,42,34,38.652933985766936,60.74200897890769,9
4,18,43,21,52,26.81293398576694,50.00200897890768,10
9,26,48,19,42,24.572933985766937,67.32200897890769,3
7,37,53,36,42,24.85293398576694,69.15200897890769,3
7,39,50,19,32,42.03293398576694,78.22200897890768,2
5,19,87,31,80,27.712933985766938,85.46200897890769,3
3,30,28,24,30,23.69293398576694,48.97200897890768,4
5,19,55,23,53,18.63293398576694,50.302008978907686,2
5,18,28,32,27,28.67293398576694,50.32200897890769,10
4,18,44,20,56,29.67293398576694,61.842008978907685,6
4,19,49,28,41,25.63293398576694,45.40200897890769,5
4,18,66,19,76,27.63293398576694,79.45200897890768,3
3,35,28,23,32,29.95293398576694,60.61200897890768,8
6,34,54,35,42,25.63293398576694,60.62200897890769,2
5,20,59,29,55,23.88293398576694,54.71200897890769,3
5,18,28,37,28,33.74293398576694,49.052008978907686,10
6,18,42,20,52,27.67293398576694,53.162008978907686,9
9,28,63,19,57,26.402933985766936,77.68200897890769,2
9,28,41,19,32,27.84293398576694,70.89200897890768,3
6,30,75,31,65,23.63293398576694,76.48200897890769,2
7,37,36,27,68,51.37293398576694,68.24200897890769,1
6,19,66,54,63,49.64293398576694,73.80200897890768,7
7,60,35,56,33,20.63293398576694,82.97200897890768,8
4,30,34,19,38,29.052933985766938,64.33200897890768,4
5,18,36,19,42,23.63293398576694,48.97200897890768,4
3,18,28,19,48,37.63293398576694,66.07200897890769,10
5,20,72,29,67,24.17293398576694,68.63200897890769,2
3,18,28,19,48,37.63293398576694,78.60200897890769,1
8,26,28,26,36,25.682933985766937,40.50200897890768,8
4,24,32,19,34,22.842933985766937,47.202008978907685,8
5,18,28,43,28,39.71293398576694,64.58200897890768,10
7,42,65,43,53,25.63293398576694,72.26200897890769,2
3,18,28,19,36,25.63293398576694,54.672008978907684,1
9,27,59,37,43,32.27293398576694,58.50200897890768,1
4,18,50,21,55,22.912933985766937,55.76200897890769,10
3,18,28,19,35,24.63293398576694,63.18200897890769,9
6,52,71,53,56,28.63293398576694,84.27200897890769,2
3,34,28,19,38,35.63293398576694,61.54200897890769,4
4,20,60,21,68,25.63293398576694,67.45200897890768,3
4,18,48,20,53,22.70293398576694,50.302008978907686,2
6,18,35,19,42,24.63293398576694,48.39200897890768,1
3,18,28,20,59,48.65293398576694,58.812008978907684,5
8,32,33,19,26,30.502933985766937,57.922008978907684,5
5,18,46,39,46,35.73293398576694,57.75200897890768,6
4,39,28,40,35,24.63293398576694,62.36200897890768,9
6,22,61,48,70,42.942933985766935,75.39200897890768,8
6,18,51,21,55,21.95293398576694,60.15200897890769,4
7,37,34,24,29,29.95293398576694,49.732008978907686,5
3,18,28,19,59,48.63293398576694,58.812008978907684,5
4,19,49,28,41,25.63293398576694,45.40200897890769,5
3,28,28,19,34,28.44293398576694,48.14200897890768,4
5,18,28,54,28,50.69293398576694,78.36200897890768,10
9,30,37,26,35,20.63293398576694,42.14200897890768,8
3,48,28,19,41,49.17293398576694,75.39200897890768,8
3,38,28,27,31,28.63293398576694,58.76200897890769,8
3,18,28,19,46,35.63293398576694,56.85200897890769,2
6,44,63,47,52,24.85293398576694,72.62200897890769,3
4,34,28,36,51,40.652933985766936,67.33200897890768,1
6,18,56,30,61,28.67293398576694,69.55200897890768,8
7,45,41,46,50,26.63293398576694,58.26200897890769,1
4,18,46,19,55,26.63293398576694,59.15200897890769,6
3,18,28,19,33,22.63293398576694,64.01200897890769,6
4,18,63,19,74,28.63293398576694,74.94200897890768,3
4,18,40,19,50,27.63293398576694,61.54200897890769,4
6,31,41,29,32,23.252933985766937,51.21200897890769,5
5,18,38,19,45,24.63293398576694,53.44200897890769,8
5,18,39,28,36,24.69293398576694,58.28200897890768,9
7,37,62,19,47,38.652933985766936,83.17200897890768,2
5,18,54,36,66,37.652933985766936,66.00200897890768,8
4,18,67,21,86,36.73293398576694,85.39200897890768,2
4,18,48,20,62,31.66293398576694,70.31200897890768,10
6,28,75,54,67,41.34293398576694,83.99200897890769,2
6,18,51,36,55,33.66293398576694,64.94200897890768,4
5,18,54,36,64,36.442933985766935,64.63200897890769,8
3,18,28,19,55,44.63293398576694,78.22200897890768,2
3,18,28,19,51,40.63293398576694,70.31200897890768,7
9,18,34,31,26,29.052933985766938,55.68200897890769,3
3,18,28,19,51,40.63293398576694,92.85200897890768,6
3,18,28,19,32,21.63293398576694,42.26200897890769,7
4,18,40,19,50,27.63293398576694,63.32200897890769,8
3,18,28,19,43,32.63293398576694,60.22200897890768,1
8,31,28,31,33,22.70293398576694,51.21200897890769,8
3,18,28,19,45,34.63293398576694,55.672008978907684,1
6,18,70,43,69,39.652933985766936,71.38200897890769,7
3,18,28,19,48,37.63293398576694,46.312008978907684,5
5,18,44,34,50,32.63293398576694,50.44200897890769,4
3,18,28,19,37,26.63293398576694,62.36200897890768,1
5,18,48,35,50,32.122933985766934,64.19200897890768,9
3,18,28,19,63,52.63293398576694,89.56200897890768,3
5,18,41,31,33,29.052933985766938,63.90200897890769,1
8,40,56,27,48,30.862933985766936,75.85200897890769,2
4,19,36,19,42,23.69293398576694,57.922008978907684,4
7,30,36,28,30,20.63293398576694,48.97200897890768,5
9,32,38,28,36,20.63293398576694,49.922008978907684,8
7,25,40,24,46,23.88293398576694,43.33200897890769,1
6,20,73,57,71,51.63293398576694,81.04200897890769,7
4,18,48,21,63,32.75293398576694,62.86200897890768,2
4,31,28,34,36,25.832933985766935,49.60200897890769,1
3,18,28,19,34,23.63293398576694,45.912008978907686,7
8,19,52,28,57,26.26293398576694,58.50200897890768,1
3,18,28,19,41,30.63293398576694,75.90200897890769,6
4,41,28,44,46,35.73293398576694,71.88200897890769,1
6,20,55,42,51,36.73293398576694,57.61200897890768,7
7,34,38,36,46,25.682933985766937,55.76200897890769,9
4,23,34,19,37,22.70293398576694,48.772008978907685,8
7,33,47,33,38,22.70293398576694,55.68200897890769,3
3,37,28,19,35,36.652933985766936,56.55200897890768,8
5,18,52,37,50,33.63293398576694,80.96200897890769,1
3,30,28,19,35,30.63293398576694,52.60200897890769,4
6,43,42,31,33,30.392933985766938,58.94200897890768,5
4,33,28,36,32,21.95293398576694,58.50200897890768,9
4,30,28,33,50,39.71293398576694,72.14200897890768,9
8,18,61,20,59,16.63293398576694,69.31200897890768,1
5,18,38,25,36,21.63293398576694,44.342008978907685,6
4,18,41,21,63,39.71293398576694,70.41200897890769,10
7,30,34,31,43,26.63293398576694,48.97200897890768,1
8,25,51,19,45,23.69293398576694,58.54200897890769,3
3,46,28,19,36,45.36293398576694,63.18200897890769,4
6,19,60,38,58,33.63293398576694,62.14200897890768,6
6,18,45,21,67,39.71293398576694,64.12200897890769,9
9,26,84,35,65,34.42293398576694,80.96200897890769,1
3,39,28,19,33,37.77293398576694,54.702008978907685,8
3,52,28,19,38,51.69293398576694,71.66200897890769,4
6,53,52,54,38,27.63293398576694,72.35200897890769,5
6,35,28,36,36,25.63293398576694,68.24200897890769,8
6,19,59,27,58,22.70293398576694,57.07200897890769,7
6,24,47,35,52,27.84293398576694,53.76200897890769,8
6,18,51,23,55,22.842933985766937,60.61200897890768,8
3,30,28,19,35,30.63293398576694,52.60200897890769,4
10,18,47,23,26,35.05293398576694,56.32200897890769,3
4,18,58,21,75,34.73293398576694,79.08200897890768,2
3,43,28,22,32,38.43293398576694,59.62200897890769,8
5,18,42,26,40,22.63293398576694,46.312008978907684,7
10,18,57,33,26,47.83293398576694,76.55200897890768,3
5,18,40,31,32,29.052933985766938,48.97200897890768,1
4,18,34,20,44,27.67293398576694,43.61200897890768,7
5,52,54,53,39,28.63293398576694,73.88200897890769,5
6,18,51,20,55,21.712933985766938,60.15200897890769,4
5,18,44,36,50,34.42293398576694,51.552008978907686,4
7,32,50,33,54,21.63293398576694,56.15200897890769,9
6,28,74,32,67,21.462933985766938,75.74200897890769,3
6,18,64,49,63,45.652933985766936,69.77200897890769,7
5,18,37,37,33,33.74293398576694,51.35200897890769,6
5,18,41,40,38,36.652933985766936,57.14200897890768,7
5,19,78,28,73,24.17293398576694,73.13200897890769,3
3,18,28,19,43,32.63293398576694,65.74200897890769,6
4,18,55,41,44,39.402933985766936,56.97200897890768,5
5,19,83,33,77,29.232933985766937,79.42200897890768,2
5,18,28,25,28,21.95293398576694,44.94200897890769,10
3,18,28,19,49,38.63293398576694,62.86200897890768,10
4,20,54,21,70,33.63293398576694,77.75200897890768,3
5,18,39,24,43,23.44293398576694,48.772008978907685,8
6,32,65,54,76,40.332933985766935,84.34200897890769,8
3,18,28,19,47,36.63293398576694,78.73200897890769,7
3,18,28,19,43,32.63293398576694,72.39200897890768,7
5,18,73,30,67,27.332933985766935,68.46200897890769,3
8,20,67,36,44,41.442933985766935,64.68200897890769,1
5,18,28,27,26,23.63293398576694,53.19200897890769,10
7,23,59,38,64,31.282933985766938,64.63200897890769,4
5,20,77,40,65,37.10293398576694,75.45200897890768,2
4,18,50,21,70,37.722933985766936,68.63200897890769,2
10,18,50,36,26,43.43293398576694,83.88200897890769,3
5,24,48,31,42,22.842933985766937,48.97200897890768,5
9,44,46,19,35,43.14293398576694,90.74200897890768,2
7,44,60,19,43,45.652933985766936,86.61200897890768,2
4,19,54,20,75,38.63293398576694,81.22200897890768,3
3,39,28,19,33,37.77293398576694,54.702008978907685,8
6,35,45,33,34,25.122933985766938,60.15200897890769,5
6,32,58,41,47,27.67293398576694,62.64200897890768,3
8,45,34,41,32,20.63293398576694,59.62200897890769,8
7,33,42,21,48,30.892933985766938,48.772008978907685,1
5,18,80,25,76,21.95293398576694,76.55200897890768,3
7,18,28,26,26,22.63293398576694,64.01200897890769,6
6,18,66,45,64,41.63293398576694,68.18200897890769,7
3,18,28,19,38,27.63293398576694,48.39200897890768,7
4,18,35,19,46,28.63293398576694,45.552008978907686,7
4,28,28,31,44,33.74293398576694,51.69200897890769,1
3,18,28,19,51,40.63293398576694,66.41200897890769,2
3,18,28,20,59,48.65293398576694,58.812008978907684,5
7,29,41,30,62,38.63293398576694,59.78200897890768,9
6,18,58,29,56,25.63293398576694,62.50200897890768,6
6,55,28,55,32,21.712933985766938,77.31200897890768,8
10,18,43,35,26,37.56293398576694,71.18200897890769,3
10,18,37,43,26,41.262933985766935,82.15200897890769,3
6,18,65,27,65,23.88293398576694,68.21200897890769,6
5,18,49,38,34,38.652933985766936,60.22200897890768,9
3,18,28,20,58,47.65293398576694,57.07200897890769,5
5,18,34,31,32,27.63293398576694,48.08200897890769,9
4,18,59,19,69,27.63293398576694,66.29200897890769,3
5,20,56,24,53,18.792933985766936,51.00200897890768,3
4,18,41,19,52,28.63293398576694,64.63200897890769,8
7,53,28,52,34,23.88293398576694,84.34200897890769,8
4,35,28,38,37,26.81293398576694,58.50200897890768,1
7,47,54,48,42,25.63293398576694,66.83200897890768,3
6,37,77,39,71,19.752933985766937,77.85200897890769,2
8,35,55,19,43,35.35293398576694,78.22200897890768,3
5,35,54,36,39,28.63293398576694,63.77200897890769,5
4,18,59,19,74,32.63293398576694,72.14200897890768,2
3,18,28,19,33,22.63293398576694,60.422008978907684,9
3,18,28,19,39,28.63293398576694,63.90200897890769,1
5,18,47,27,33,30.052933985766938,60.97200897890768,1
5,18,42,25,47,24.85293398576694,59.02200897890769,4
5,18,75,36,60,37.03293398576694,72.12200897890769,2
6,18,41,20,52,28.67293398576694,56.85200897890769,9
4,18,48,19,68,37.63293398576694,67.08200897890768,10
4,18,49,38,40,35.88293398576694,50.46200897890769,5
4,18,45,19,61,33.63293398576694,72.39200897890768,7
4,18,38,20,54,33.66293398576694,52.60200897890769,7
5,20,62,25,56,21.292933985766936,64.34200897890769,3
6,18,38,20,49,28.67293398576694,46.49200897890769,9
8,26,56,23,51,20.63293398576694,59.02200897890769,2
7,30,34,29,38,21.95293398576694,48.08200897890769,9
3,18,28,20,57,46.652933985766936,65.28200897890768,5
5,18,44,30,38,27.332933985766935,60.74200897890769,9
5,18,28,28,27,24.69293398576694,66.07200897890769,10
9,18,36,36,26,34.42293398576694,65.60200897890769,3
4,18,59,19,77,35.63293398576694,75.30200897890768,3
4,18,52,25,46,22.842933985766937,48.97200897890768,5
7,31,46,34,61,32.75293398576694,71.48200897890769,9
7,35,47,19,32,37.03293398576694,66.52200897890769,3
3,18,28,19,40,29.63293398576694,47.14200897890768,10
7,18,28,33,24,29.77293398576694,65.74200897890769,6
3,18,28,19,49,38.63293398576694,67.06200897890768,9
6,18,41,19,58,34.63293398576694,58.812008978907684,9
3,18,28,20,53,42.652933985766936,52.552008978907686,5
5,18,34,39,36,36.03293398576694,54.16200897890769,1
3,32,28,19,37,33.43293398576694,57.07200897890769,4
3,18,28,19,49,38.63293398576694,81.04200897890769,7
5,18,52,39,42,37.17293398576694,74.53200897890768,1
4,18,41,19,53,29.63293398576694,53.03200897890768,10
4,27,33,19,36,25.932933985766937,54.39200897890768,4
7,40,42,43,47,22.912933985766937,57.52200897890769,1
7,42,36,44,48,29.67293398576694,61.19200897890768,9
4,18,53,20,69,33.66293398576694,71.88200897890769,10
6,18,68,31,66,27.63293398576694,75.95200897890768,6
6,30,82,42,72,29.232933985766937,85.46200897890769,3
3,18,28,19,50,39.63293398576694,64.68200897890769,10
7,21,52,36,54,30.19293398576694,54.90200897890769,8
4,18,55,19,76,38.63293398576694,73.80200897890768,3
4,18,48,19,68,37.63293398576694,71.38200897890769,7
3,18,28,19,43,32.63293398576694,63.732008978907686,9
6,20,47,35,47,29.77293398576694,49.162008978907686,6
5,18,47,26,50,24.232933985766937,59.80200897890768,1
6,18,52,26,56,24.85293398576694,64.33200897890768,4
7,31,67,29,58,23.252933985766937,73.80200897890768,3
5,18,48,30,44,26.81293398576694,66.52200897890769,7
8,31,28,32,35,24.63293398576694,51.672008978907684,8
8,43,45,25,39,35.05293398576694,64.34200897890769,3
9,28,40,19,32,27.292933985766936,68.24200897890769,2
4,19,54,20,74,37.63293398576694,71.87200897890769,3
6,18,59,36,57,32.63293398576694,63.91200897890769,7
4,18,52,20,64,29.67293398576694,71.82200897890769,6
3,18,28,19,38,27.63293398576694,60.74200897890769,7
4,18,38,20,46,25.682933985766937,50.74200897890769,6
6,18,68,27,65,23.69293398576694,67.79200897890769,7
9,38,36,33,34,21.63293398576694,49.052008978907686,8
6,28,68,29,59,22.63293398576694,70.19200897890768,2
6,37,67,41,54,27.032933985766938,74.94200897890768,3
4,18,40,20,49,26.682933985766937,54.94200897890768,6
7,27,58,37,62,26.45293398576694,62.39200897890768,4
4,18,41,21,45,21.95293398576694,49.01200897890769,6
7,29,54,32,69,32.75293398576694,67.06200897890768,9
3,18,28,19,32,21.63293398576694,48.08200897890769,9
6,20,60,34,57,28.67293398576694,65.33200897890768,6
7,31,46,34,61,32.75293398576694,71.48200897890769,9
10,18,39,38,26,37.582933985766935,72.84200897890769,3
4,25,34,19,38,24.85293398576694,64.33200897890768,4
6,35,60,36,45,28.63293398576694,66.52200897890769,2
4,18,34,21,50,33.74293398576694,56.202008978907685,6
4,26,28,28,44,33.66293398576694,56.35200897890769,1
3,18,28,19,54,43.63293398576694,64.59200897890769,2
6,38,71,41,62,22.912933985766937,75.85200897890769,2
6,19,59,26,56,21.712933985766938,60.15200897890769,7
5,32,52,34,41,24.69293398576694,55.68200897890769,5
5,18,40,39,37,35.652933985766936,56.55200897890768,7
6,34,44,33,34,23.88293398576694,58.812008978907684,5
7,20,38,25,38,20.10293398576694,37.76200897890769,8
4,18,56,19,70,31.63293398576694,68.96200897890769,3
5,18,38,30,40,27.332933985766935,39.94200897890769,8
5,19,91,33,79,32.03293398576694,87.39200897890768,3
4,32,28,34,45,34.66293398576694,65.80200897890768,9
6,20,63,51,61,45.63293398576694,70.31200897890768,6
4,18,51,21,70,36.73293398576694,78.99200897890769,7
5,18,35,19,37,19.63293398576694,37.79200897890769,8
4,18,50,19,73,40.63293398576694,76.34200897890769,6
7,25,52,33,54,23.69293398576694,53.44200897890769,4
6,20,49,38,47,32.63293398576694,50.46200897890769,7
8,20,63,26,50,27.712933985766938,58.04200897890769,1
8,27,33,19,26,25.932933985766937,52.552008978907686,5
8,23,31,19,26,21.462933985766938,45.40200897890769,5
7,35,57,36,44,26.63293398576694,62.86200897890768,2
6,26,47,37,52,27.84293398576694,54.342008978907685,8
4,33,28,34,40,29.63293398576694,48.772008978907685,1
5,18,37,38,36,34.66293398576694,60.22200897890768,7
4,18,67,21,86,36.73293398576694,85.39200897890768,2
3,18,28,21,63,52.68293398576694,89.74200897890768,3
8,19,45,40,61,42.542933985766936,62.96200897890769,1
5,18,35,26,33,22.63293398576694,49.342008978907685,7
4,18,48,21,60,29.77293398576694,56.85200897890769,2
4,20,37,19,44,24.85293398576694,62.39200897890768,4
4,18,55,20,73,35.652933985766936,72.12200897890769,2
8,20,57,31,56,25.682933985766937,55.25200897890768,1
6,18,47,26,50,24.232933985766937,53.44200897890769,8
3,18,28,21,62,51.69293398576694,83.88200897890769,3
7,26,39,27,46,24.63293398576694,56.10200897890769,1
4,18,40,19,50,27.63293398576694,61.54200897890769,4
5,18,50,34,45,30.932933985766937,65.80200897890768,9
6,25,28,27,35,24.69293398576694,38.26200897890769,8
5,18,50,39,40,37.17293398576694,64.20200897890768,1
5,18,44,27,44,23.88293398576694,60.97200897890768,6
6,19,45,33,44,28.67293398576694,44.94200897890769,7
6,32,47,33,36,24.63293398576694,53.44200897890769,5
4,18,62,34,55,31.44293398576694,62.64200897890768,5
3,39,28,31,31,25.932933985766937,60.422008978907684,4
4,38,28,41,38,27.802933985766938,56.85200897890769,9
8,18,68,25,68,21.95293398576694,71.88200897890769,1
8,33,39,30,37,19.63293398576694,55.68200897890769,8
9,35,50,19,43,33.35293398576694,70.99200897890769,2
4,19,32,19,34,19.752933985766937,46.74200897890769,8
4,24,32,19,34,22.842933985766937,47.202008978907685,8
4,18,48,20,52,21.712933985766938,50.37200897890769,10
5,18,47,39,41,36.03293398576694,75.99200897890769,1
8,39,48,19,34,39.82293398576694,79.00200897890768,2
6,25,60,27,53,20.732933985766937,56.10200897890769,3
3,38,28,21,30,34.07293398576694,51.87200897890769,4
7,18,28,29,24,25.832933985766935,54.94200897890768,6
7,38,61,39,46,28.63293398576694,70.89200897890768,3
6,18,42,19,47,22.63293398576694,58.21200897890769,9
7,29,39,23,37,22.63293398576694,43.24200897890769,8
6,43,43,39,34,24.232933985766937,61.19200897890768,5
5,18,40,19,50,27.63293398576694,62.39200897890768,4
3,18,28,21,51,40.71293398576694,62.452008978907685,3
3,18,28,19,47,36.63293398576694,67.06200897890768,9
4,18,48,19,66,35.63293398576694,74.34200897890769,7
5,18,42,19,55,30.63293398576694,73.25200897890768,8
4,42,28,44,35,24.69293398576694,82.98200897890769,1
4,18,35,20,50,32.66293398576694,52.14200897890768,10
5,18,28,44,27,40.652933985766936,71.88200897890769,10
4,20,35,19,40,22.912933985766937,53.44200897890769,4
7,31,69,19,61,29.95293398576694,74.77200897890769,3
4,18,59,20,77,35.652933985766936,75.30200897890768,2
6,20,65,44,63,38.63293398576694,66.79200897890769,6
6,35,28,36,36,25.63293398576694,68.24200897890769,8
3,18,28,19,48,37.63293398576694,64.34200897890769,9
3,18,28,19,53,42.63293398576694,72.62200897890769,3
3,18,28,19,43,32.63293398576694,63.77200897890769,9
4,36,28,39,42,31.752933985766937,74.53200897890768,1
4,20,50,21,54,21.63293398576694,51.00200897890768,3
9,20,52,26,50,20.63293398576694,47.14200897890768,1
3,18,28,19,46,35.63293398576694,56.812008978907684,10
5,18,28,53,27,49.64293398576694,73.13200897890769,10
5,18,41,32,37,28.782933985766938,59.30200897890768,1
5,18,42,28,42,24.85293398576694,57.312008978907684,9
9,18,47,29,26,37.10293398576694,58.54200897890769,3
5,18,35,26,31,22.912933985766937,51.35200897890769,7
7,26,61,27,54,20.63293398576694,59.02200897890769,2
3,18,28,19,44,33.63293398576694,56.35200897890769,10
4,31,28,34,38,27.802933985766938,62.99200897890769,1
5,30,49,44,40,30.392933985766938,58.94200897890768,5
5,20,73,36,62,33.122933985766934,70.24200897890769,2
4,18,35,19,40,22.63293398576694,49.732008978907686,8
4,43,28,46,38,27.802933985766938,64.78200897890768,9
4,20,35,19,40,22.912933985766937,53.44200897890769,4
3,18,28,19,53,42.63293398576694,59.02200897890769,2
4,18,67,21,76,26.81293398576694,73.34200897890769,2
5,18,36,24,38,22.032933985766938,36.03200897890768,8
4,32,40,19,49,33.43293398576694,81.81200897890768,8
5,18,58,23,56,19.63293398576694,53.76200897890769,2
5,18,36,40,38,37.012933985766935,62.96200897890769,1
7,53,71,54,56,28.63293398576694,87.33200897890768,2
8,19,74,34,64,31.752933985766937,70.52200897890769,1
4,18,48,20,54,23.69293398576694,51.552008978907686,2
3,18,28,19,62,51.63293398576694,75.85200897890769,2
6,18,51,21,73,39.71293398576694,71.87200897890769,9
4,23,36,19,42,25.06293398576694,59.36200897890768,4
4,28,28,29,47,36.63293398576694,69.21200897890769,1
4,18,49,21,71,39.71293398576694,70.24200897890769,2
4,18,50,19,54,21.63293398576694,57.14200897890768,6
7,40,56,38,43,27.032933985766938,74.94200897890768,3
7,28,43,28,52,26.682933985766937,54.71200897890769,1
3,18,28,19,55,44.63293398576694,62.86200897890768,2
3,18,28,19,33,22.63293398576694,40.58200897890769,10
4,18,46,20,50,21.712933985766938,51.82200897890769,6
5,18,41,31,40,27.67293398576694,49.01200897890769,6
7,40,56,38,43,27.032933985766938,74.94200897890768,3
5,18,36,38,32,34.73293398576694,51.21200897890769,7
4,18,43,21,62,36.73293398576694,75.90200897890769,6
9,30,37,26,35,20.63293398576694,42.14200897890768,8
8,25,28,27,32,21.712933985766938,38.78200897890768,8
5,18,46,45,36,42.832933985766935,61.092008978907685,9
7,21,52,36,54,30.19293398576694,54.90200897890769,8
5,18,78,36,65,35.88293398576694,74.95200897890768,2
3,18,28,19,60,49.63293398576694,65.09200897890769,2
3,18,28,19,42,31.63293398576694,59.58200897890768,6
5,18,36,27,34,23.63293398576694,44.94200897890769,7
4,19,50,20,60,27.63293398576694,58.54200897890769,3
6,18,56,39,54,35.63293398576694,57.14200897890768,6
4,27,35,19,40,27.032933985766938,58.38200897890769,8
4,38,28,41,40,29.77293398576694,57.52200897890769,1
4,18,50,19,56,23.63293398576694,53.76200897890769,2
3,18,28,19,46,35.63293398576694,70.31200897890768,10
6,18,42,20,52,27.67293398576694,53.162008978907686,9
3,18,28,19,60,49.63293398576694,80.38200897890769,2
3,18,28,21,53,42.70293398576694,58.94200897890768,5
5,18,52,40,52,36.73293398576694,74.53200897890768,1
6,20,60,41,56,35.73293398576694,60.97200897890768,6
3,18,28,19,34,23.63293398576694,44.94200897890769,7
4,27,33,19,36,25.932933985766937,58.38200897890769,4
7,31,55,32,44,24.63293398576694,58.54200897890769,3
3,18,28,19,43,32.63293398576694,63.77200897890769,9
3,18,28,19,49,38.63293398576694,71.87200897890769,9
5,18,28,36,28,32.75293398576694,53.202008978907685,10
4,18,47,20,53,23.69293398576694,56.97200897890768,10
4,18,40,19,61,38.63293398576694,70.24200897890769,7
3,18,28,19,49,38.63293398576694,65.74200897890769,10
4,19,49,28,41,25.63293398576694,45.40200897890769,5
4,18,40,19,56,33.63293398576694,53.19200897890769,10
6,24,61,31,55,22.842933985766937,59.14200897890768,2
4,18,43,19,61,35.63293398576694,65.15200897890769,10
5,18,34,38,33,34.66293398576694,56.85200897890769,6
7,28,56,19,47,27.84293398576694,65.31200897890768,2
4,18,37,19,44,24.63293398576694,53.44200897890769,8
5,18,43,29,39,25.832933985766935,48.14200897890768,7
7,41,49,42,54,22.63293398576694,64.02200897890769,9
5,18,28,31,27,27.67293398576694,53.522008978907685,10
8,31,37,27,35,20.63293398576694,45.99200897890769,8
6,35,28,34,33,22.912933985766937,64.63200897890769,8
5,18,38,46,39,42.80293398576694,58.26200897890769,1
4,27,28,29,51,40.652933985766936,72.15200897890769,9
5,19,74,23,72,18.63293398576694,68.83200897890768,3
3,18,28,19,40,29.63293398576694,56.85200897890769,9
4,26,28,29,34,23.88293398576694,50.93200897890769,9
4,18,36,19,42,23.63293398576694,50.44200897890769,4
5,18,49,63,46,59.64293398576694,85.08200897890768,7
7,30,54,40,58,26.45293398576694,60.422008978907684,4
4,18,37,19,44,24.63293398576694,56.55200897890768,8
6,18,53,19,60,24.63293398576694,79.06200897890768,9
5,18,28,62,27,58.64293398576694,84.38200897890769,10
6,18,36,21,53,34.73293398576694,58.04200897890769,1
3,18,28,19,37,26.63293398576694,49.07200897890769,9
8,19,45,40,61,42.542933985766936,62.96200897890769,1
4,18,34,20,41,24.69293398576694,39.632008978907685,10
4,32,40,19,51,34.73293398576694,84.34200897890769,8
7,37,65,38,50,28.63293398576694,73.76200897890769,2
5,19,79,45,72,41.13293398576694,79.85200897890769,2
8,38,64,38,58,19.752933985766937,77.85200897890769,2
6,18,59,33,56,29.67293398576694,59.58200897890768,6
4,18,56,19,70,31.63293398576694,68.96200897890769,3
5,20,66,29,60,24.572933985766937,61.99200897890769,3
3,18,28,19,65,54.63293398576694,77.85200897890769,2
5,18,38,19,47,26.63293398576694,60.422008978907684,4
5,18,46,45,36,42.832933985766935,61.092008978907685,9
5,20,70,36,58,33.66293398576694,67.83200897890768,3
5,18,40,19,49,26.63293398576694,68.83200897890768,8
5,18,46,29,53,29.082933985766935,67.75200897890768,8
4,31,28,34,36,25.832933985766935,49.60200897890769,1
5,18,36,33,34,29.63293398576694,46.552008978907686,7
4,18,54,19,77,40.63293398576694,75.59200897890769,2
5,18,43,38,41,34.63293398576694,64.66200897890769,6
7,37,39,39,43,21.712933985766938,48.39200897890768,1
5,18,42,23,47,23.69293398576694,54.39200897890768,4
7,38,75,33,66,24.85293398576694,85.39200897890768,2
5,18,49,34,50,30.932933985766937,57.482008978907686,1
5,18,53,33,52,29.67293398576694,70.52200897890769,1
6,19,44,27,40,22.912933985766937,40.03200897890768,7
5,18,28,40,28,36.73293398576694,76.37200897890769,10
4,18,49,21,61,29.77293398576694,68.37200897890769,6
5,18,46,40,54,38.89293398576694,57.14200897890768,4
4,37,28,40,40,29.77293398576694,62.10200897890769,9
7,18,28,27,25,23.69293398576694,39.94200897890769,6
4,42,28,45,36,25.832933985766935,61.092008978907685,9
3,18,28,19,37,26.63293398576694,61.96200897890769,6
4,18,55,21,74,36.73293398576694,73.06200897890768,2
3,18,28,19,39,28.63293398576694,59.68200897890769,7
5,18,34,38,33,34.66293398576694,59.02200897890769,6
4,18,41,19,52,28.63293398576694,71.18200897890769,8
6,18,41,25,42,22.342933985766937,48.39200897890768,4
3,18,28,19,58,47.63293398576694,57.922008978907684,5
3,39,28,19,39,40.332933985766935,65.56200897890768,4
5,18,52,38,47,34.872933985766934,72.71200897890769,9
6,36,35,19,26,34.942933985766935,50.57200897890769,5
7,28,70,28,63,20.732933985766937,73.13200897890769,3
6,49,46,35,35,33.122933985766934,68.89200897890768,5
7,51,40,28,32,40.372933985766934,70.24200897890769,5
5,18,76,29,69,26.81293398576694,73.76200897890769,2
4,25,32,19,34,23.69293398576694,51.21200897890769,8
7,28,64,41,70,30.052933985766938,73.25200897890768,8
5,18,48,34,38,32.63293398576694,62.99200897890769,1
4,18,53,21,61,25.832933985766935,70.31200897890768,7
7,28,39,29,58,36.63293398576694,78.04200897890769,1
7,35,34,19,26,33.66293398576694,55.44200897890768,5
3,18,28,19,42,31.63293398576694,59.99200897890769,9
4,20,62,33,50,31.252933985766937,60.15200897890769,5
6,18,61,27,67,26.94293398576694,82.05200897890768,8
3,18,28,19,41,30.63293398576694,50.00200897890768,10
7,28,34,19,26,27.292933985766936,46.74200897890769,5
7,27,37,28,48,28.63293398576694,50.60200897890769,1
8,18,59,36,26,50.99293398576694,87.39200897890768,3
3,23,28,19,30,22.032933985766938,36.03200897890768,8
4,18,51,19,62,28.63293398576694,59.25200897890768,2
3,18,28,19,39,28.63293398576694,73.13200897890769,10
8,18,59,36,26,50.99293398576694,87.39200897890768,3
8,25,51,19,45,23.69293398576694,59.25200897890768,2
7,32,49,35,64,32.75293398576694,63.37200897890769,9
7,18,28,32,27,28.67293398576694,49.01200897890769,6
6,18,46,21,63,34.73293398576694,65.82200897890769,1
9,44,35,38,33,22.63293398576694,61.842008978907685,8
4,19,49,20,55,23.63293398576694,53.922008978907684,3
8,28,62,19,54,27.292933985766936,75.74200897890769,3
8,29,35,25,33,20.63293398576694,39.94200897890769,8
3,18,28,19,49,38.63293398576694,74.91200897890769,3
9,39,55,19,47,37.472933985766936,83.88200897890769,3
8,26,28,27,32,21.63293398576694,40.03200897890768,8
5,18,28,28,26,24.63293398576694,39.632008978907685,10
8,38,28,39,32,21.63293398576694,58.76200897890769,8
6,23,73,28,68,20.63293398576694,69.01200897890769,3
4,39,28,42,47,36.73293398576694,61.342008978907685,1
5,18,79,32,71,29.95293398576694,83.99200897890769,3
3,52,28,30,36,40.71293398576694,74.64200897890768,4
6,18,53,24,57,23.44293398576694,64.63200897890769,4
6,18,38,19,52,31.63293398576694,67.93200897890769,1
8,25,33,19,26,24.232933985766937,53.44200897890769,5
3,18,28,20,65,54.64293398576694,65.97200897890768,5
5,18,44,30,50,29.232933985766937,62.75200897890768,4
5,18,58,61,70,59.90293398576694,82.97200897890768,8
8,32,44,19,34,31.752933985766937,65.60200897890769,3
6,19,52,35,58,32.63293398576694,57.922008978907684,4
3,18,28,19,45,34.63293398576694,55.672008978907684,1
3,44,28,19,38,44.27293398576694,66.55200897890768,4
5,18,53,33,32,39.23293398576694,69.27200897890769,9
8,37,52,29,44,26.45293398576694,73.76200897890769,2
6,32,79,35,68,24.85293398576694,79.42200897890768,2
8,19,61,27,46,30.392933985766938,56.10200897890769,1
7,47,63,43,46,31.44293398576694,89.68200897890769,2
3,18,28,19,41,30.63293398576694,59.62200897890769,1
5,18,46,40,44,36.63293398576694,72.36200897890768,6
9,22,65,38,57,31.792933985766936,64.20200897890768,1
5,18,37,46,34,42.652933985766936,63.25200897890768,7
5,35,58,37,50,21.712933985766938,62.39200897890768,5
6,28,68,53,59,40.63293398576694,77.75200897890768,3
6,28,77,34,70,22.70293398576694,75.30200897890768,2
3,18,28,19,55,44.63293398576694,62.86200897890768,2
3,18,28,20,47,36.652933985766936,45.40200897890769,5
4,18,39,19,48,26.63293398576694,60.97200897890768,4
7,18,28,37,27,33.66293398576694,81.55200897890768,6
7,27,37,27,56,36.652933985766936,53.46200897890769,9
5,18,47,36,38,34.012933985766935,64.68200897890769,1
4,31,28,32,49,38.63293398576694,67.06200897890768,9
3,18,28,21,53,42.70293398576694,67.83200897890768,3
7,40,37,34,35,22.63293398576694,56.202008978907685,8
7,39,64,40,48,29.63293398576694,74.53200897890768,3
5,18,36,19,42,23.63293398576694,48.97200897890768,4
6,18,43,25,45,22.842933985766937,47.202008978907685,8
6,20,57,38,64,34.872933985766934,66.05200897890768,8
3,18,28,19,50,39.63293398576694,49.43200897890769,5
7,18,28,38,24,34.73293398576694,51.97200897890768,6
6,18,49,20,53,21.712933985766938,59.02200897890769,9
3,18,28,19,46,35.63293398576694,67.33200897890768,1
5,18,43,29,39,25.832933985766935,48.14200897890768,7
3,18,28,19,42,31.63293398576694,61.342008978907685,1
4,18,56,19,63,24.63293398576694,64.20200897890768,3
7,30,56,31,49,20.63293398576694,56.32200897890769,3
8,44,34,38,32,22.63293398576694,61.842008978907685,8
5,18,46,28,45,24.69293398576694,67.59200897890769,7
7,34,52,37,64,29.77293398576694,64.19200897890768,9
9,25,41,19,35,23.69293398576694,53.922008978907684,3
4,36,28,38,34,23.69293398576694,59.36200897890768,1
7,32,36,19,26,31.752933985766937,55.68200897890769,5
4,18,44,21,67,40.71293398576694,68.67200897890768,6
3,18,28,20,53,42.652933985766936,69.65200897890769,3
3,18,28,19,64,53.63293398576694,72.26200897890769,2
3,18,28,19,46,35.63293398576694,62.99200897890769,1
3,18,28,19,34,23.63293398576694,56.812008978907684,10
3,18,28,19,46,35.63293398576694,69.00200897890768,7
8,18,61,20,59,16.63293398576694,69.31200897890768,1
4,20,53,32,46,27.712933985766938,56.11200897890768,5
4,27,28,30,39,28.782933985766938,59.78200897890768,9
6,52,41,19,26,52.03293398576694,73.88200897890769,5
6,26,51,41,56,31.282933985766938,61.842008978907685,8
6,18,58,48,54,44.70293398576694,63.87200897890769,6
3,18,28,20,60,49.64293398576694,83.88200897890769,3
5,18,45,34,43,30.63293398576694,60.22200897890768,1
4,20,33,19,36,21.022933985766937,58.38200897890769,8
3,18,28,19,38,27.63293398576694,61.36200897890768,9
6,35,28,36,37,26.63293398576694,64.63200897890769,8
5,18,43,27,49,26.94293398576694,61.842008978907685,8
6,18,51,19,72,38.63293398576694,70.84200897890769,9
4,36,28,38,38,27.67293398576694,63.732008978907686,9
7,32,34,19,26,30.862933985766936,54.342008978907685,5
7,18,28,38,26,34.63293398576694,60.97200897890768,6
3,18,28,20,50,39.652933985766936,63.77200897890769,3
6,32,84,39,73,26.45293398576694,85.39200897890768,2
4,19,55,20,67,29.63293398576694,69.65200897890769,3
6,23,52,38,58,31.752933985766937,59.36200897890768,4
7,18,28,28,24,24.85293398576694,51.69200897890769,6
5,18,51,32,54,29.56293398576694,71.87200897890769,9
8,55,50,48,40,26.94293398576694,83.54200897890769,2
5,43,58,54,50,27.292933985766936,72.35200897890769,5
6,30,63,31,52,24.63293398576694,65.82200897890769,3
6,30,72,32,66,19.752933985766937,71.87200897890769,3
5,19,74,23,72,18.63293398576694,68.83200897890768,3
8,24,32,19,26,22.842933985766937,48.97200897890768,5
5,18,28,28,27,24.69293398576694,55.38200897890769,10
10,18,58,27,26,46.68293398576694,69.01200897890769,3
7,33,67,19,56,33.122933985766934,78.18200897890769,2
5,19,66,33,56,30.892933985766938,63.77200897890769,3
4,18,42,20,61,36.652933985766936,66.24200897890769,7
3,18,28,19,40,29.63293398576694,57.312008978907684,9
3,18,28,20,49,38.652933985766936,50.162008978907686,5
6,30,44,31,34,23.63293398576694,48.08200897890769,5
5,18,44,20,50,23.69293398576694,57.922008978907684,4
8,28,60,19,52,27.292933985766936,74.94200897890768,2
3,18,28,19,37,26.63293398576694,48.71200897890769,7
5,18,46,29,43,25.682933985766937,53.54200897890769,7
7,18,28,39,26,35.63293398576694,61.96200897890769,6
3,18,28,19,40,29.63293398576694,58.21200897890769,9
4,34,28,36,41,30.662933985766937,63.77200897890769,9
4,18,33,19,36,20.63293398576694,41.94200897890769,8
9,30,50,19,40,30.052933985766938,86.76200897890769,3
8,20,63,34,64,28.972933985766936,62.99200897890769,1
3,38,28,27,31,28.63293398576694,58.76200897890769,8
6,19,73,44,69,39.71293398576694,80.15200897890769,6
3,33,28,19,31,31.44293398576694,46.982008978907686,8
5,18,41,47,38,43.652933985766936,68.83200897890768,6
4,19,51,20,73,39.63293398576694,82.58200897890768,3
4,18,52,20,58,23.69293398576694,62.14200897890768,6
6,19,59,39,58,34.66293398576694,59.88200897890769,7
7,18,28,39,26,35.63293398576694,54.94200897890768,6
3,18,28,19,37,26.63293398576694,54.342008978907685,1
5,18,35,25,33,21.63293398576694,47.14200897890768,1
3,18,28,19,50,39.63293398576694,68.24200897890769,2
5,18,51,33,61,34.07293398576694,81.81200897890768,8
5,18,36,46,38,42.92293398576694,64.78200897890768,9
3,33,28,19,35,33.122933985766934,53.90200897890769,4
6,19,51,27,50,22.70293398576694,54.94200897890768,6
4,25,28,28,48,37.722933985766936,64.12200897890769,9
5,18,40,19,51,28.63293398576694,64.63200897890769,4
7,58,73,59,52,34.63293398576694,95.92200897890768,3
6,28,65,38,57,26.45293398576694,68.24200897890769,2
7,18,28,30,25,26.682933985766937,53.54200897890769,6
5,18,51,21,61,27.802933985766938,74.02200897890769,8
3,18,28,21,46,35.73293398576694,47.14200897890768,5
6,34,49,35,36,26.63293398576694,57.922008978907684,5
6,18,41,20,60,36.652933985766936,63.90200897890769,1
8,19,76,40,66,37.17293398576694,74.53200897890768,1
6,18,39,19,52,30.63293398576694,57.52200897890769,1
4,32,28,33,48,37.63293398576694,56.15200897890769,9
7,31,55,32,46,22.63293398576694,55.76200897890769,2
5,41,44,42,34,23.63293398576694,55.38200897890769,5
4,37,28,39,36,25.682933985766937,54.16200897890769,1
3,27,28,20,30,24.572933985766937,39.94200897890769,8
5,28,44,35,39,22.342933985766937,48.54200897890769,5
5,18,48,34,38,32.63293398576694,62.99200897890769,1
7,27,62,19,53,27.032933985766938,68.03200897890768,2
6,35,61,36,50,24.63293398576694,63.77200897890769,3
4,30,28,33,47,36.73293398576694,63.37200897890769,9
6,27,35,19,26,27.032933985766938,44.07200897890769,5
3,18,28,19,49,38.63293398576694,68.11200897890768,7
7,43,54,44,43,24.63293398576694,64.34200897890769,3
8,44,52,26,45,35.28293398576694,69.85200897890769,3
6,24,61,31,55,22.842933985766937,59.14200897890768,2
7,36,57,35,80,40.71293398576694,79.06200897890768,9
9,28,41,19,32,27.84293398576694,70.89200897890768,3
6,25,28,25,36,25.682933985766937,39.60200897890769,8
9,24,45,19,39,22.842933985766937,59.14200897890768,2
6,31,52,46,58,31.752933985766937,64.01200897890769,4
3,18,28,19,50,39.63293398576694,49.43200897890769,5
6,28,55,45,62,33.99293398576694,67.75200897890768,8
3,18,28,19,32,21.63293398576694,58.86200897890768,7
5,30,58,37,50,24.122933985766938,63.29200897890769,5
3,18,28,19,51,40.63293398576694,66.52200897890769,1
7,32,59,19,47,32.832933985766935,72.14200897890768,2
4,20,55,21,68,30.63293398576694,67.83200897890768,3
7,30,54,40,58,26.45293398576694,60.422008978907684,4
3,18,28,20,56,45.652933985766936,64.20200897890768,3
4,18,56,31,44,31.252933985766937,52.60200897890769,5
6,20,50,29,50,23.88293398576694,48.14200897890768,7
9,24,46,19,40,22.842933985766937,64.20200897890768,3
3,18,28,19,60,49.63293398576694,62.25200897890768,2
7,28,36,29,53,34.63293398576694,50.93200897890769,9
6,18,36,23,36,20.10293398576694,39.11200897890768,8
7,39,36,19,26,38.10293398576694,60.562008978907684,5
3,18,28,19,44,33.63293398576694,52.50200897890768,10
4,28,28,29,47,36.63293398576694,69.21200897890769,1
4,20,65,21,85,37.63293398576694,89.74200897890768,3
9,40,52,19,44,38.43293398576694,87.33200897890768,2
3,36,28,26,32,28.162933985766937,62.39200897890768,4
4,18,48,28,40,26.45293398576694,44.07200897890769,5
4,18,53,19,69,33.63293398576694,68.76200897890769,10
7,26,37,23,35,19.63293398576694,38.26200897890769,8
6,18,49,42,52,39.17293398576694,66.69200897890768,4
5,18,86,33,75,32.27293398576694,81.81200897890768,3
5,18,47,41,45,37.63293398576694,60.15200897890769,7
6,19,51,34,56,31.282933985766938,55.68200897890769,8
6,34,69,35,55,27.63293398576694,75.59200897890769,2
5,18,58,48,70,47.83293398576694,77.14200897890768,8
7,44,74,45,59,28.63293398576694,83.88200897890769,3
3,18,28,19,49,38.63293398576694,62.16200897890769,9
7,20,42,27,42,21.95293398576694,40.03200897890768,8
7,36,42,35,59,34.73293398576694,68.76200897890769,1
4,18,58,21,75,34.73293398576694,79.08200897890768,2
7,20,48,34,50,29.232933985766937,50.44200897890769,4
3,31,28,26,30,22.842933985766937,51.21200897890769,8
6,18,53,21,72,36.73293398576694,78.04200897890769,1
8,40,56,27,48,30.862933985766936,75.85200897890769,2
7,18,28,41,26,37.63293398576694,76.34200897890769,6
7,25,28,25,37,26.682933985766937,37.79200897890769,8
4,26,33,19,36,25.06293398576694,58.76200897890769,8
6,25,28,26,34,23.63293398576694,40.50200897890768,8
5,18,36,31,34,27.63293398576694,43.772008978907685,7
4,18,46,21,69,40.71293398576694,81.55200897890768,7
5,20,84,40,78,35.05293398576694,83.88200897890769,3
5,18,28,31,28,27.802933985766938,46.33200897890769,10
6,18,53,20,57,21.712933985766938,64.63200897890769,4
6,18,43,20,59,33.66293398576694,67.36200897890768,9
3,18,28,19,46,35.63293398576694,57.61200897890768,7
5,18,58,49,70,48.74293398576694,75.39200897890768,8
5,18,43,47,40,43.652933985766936,70.15200897890769,7
7,20,69,44,76,40.332933985766935,78.96200897890769,8
4,18,61,30,52,28.67293398576694,58.812008978907684,5
5,19,74,51,60,48.87293398576694,78.18200897890769,2
3,18,28,19,48,37.63293398576694,65.80200897890768,9
4,18,64,35,50,35.63293398576694,61.54200897890769,5
5,18,44,29,50,28.44293398576694,48.14200897890768,4
7,29,48,29,52,21.712933985766938,50.37200897890769,9
5,30,49,33,40,22.912933985766937,54.342008978907685,5
5,18,40,35,38,31.63293398576694,61.05200897890768,7
4,18,48,21,59,28.782933985766938,61.80200897890768,10
4,18,37,19,44,24.63293398576694,56.55200897890768,8
6,25,56,32,50,22.842933985766937,53.922008978907684,3
3,18,28,20,56,45.652933985766936,61.842008978907685,5
8,28,60,19,52,27.292933985766936,73.80200897890768,3
3,18,28,19,51,40.63293398576694,80.94200897890768,6
8,18,60,26,26,48.39293398576694,70.41200897890769,3
3,18,28,19,41,30.63293398576694,60.35200897890769,9
3,25,28,19,31,24.232933985766937,39.342008978907685,8
8,24,32,19,26,22.842933985766937,50.162008978907686,5
4,19,51,20,73,39.63293398576694,82.58200897890768,3
3,29,28,20,32,27.292933985766936,47.69200897890769,8
8,50,28,51,35,24.63293398576694,68.83200897890768,8
3,18,28,20,64,53.64293398576694,69.94200897890768,5
4,18,50,20,67,34.66293398576694,65.80200897890768,10
8,18,65,41,48,42.262933985766935,65.19200897890768,1
7,39,42,39,71,46.652933985766936,71.80200897890768,1
5,18,53,52,49,48.69293398576694,80.94200897890768,6
4,20,35,19,40,22.912933985766937,55.43200897890769,8
4,19,53,20,61,25.63293398576694,65.15200897890769,3
5,18,35,37,37,34.07293398576694,57.13200897890769,1
3,33,28,26,31,25.06293398576694,55.68200897890769,4
3,18,28,19,50,39.63293398576694,71.82200897890769,6
6,28,63,29,54,22.63293398576694,65.31200897890768,2
4,18,65,31,56,29.52293398576694,63.29200897890769,5
6,18,35,21,48,30.76293398576694,57.13200897890769,1
6,20,46,31,50,27.292933985766936,48.97200897890768,4
8,43,36,39,34,20.63293398576694,72.75200897890768,8
4,29,35,19,40,28.67293398576694,69.55200897890768,8
5,19,66,36,59,32.39293398576694,63.77200897890769,3
4,18,61,20,71,27.67293398576694,72.23200897890769,2
7,35,66,36,53,26.63293398576694,71.18200897890769,3
7,40,62,41,47,28.63293398576694,72.23200897890769,2
3,48,28,19,38,47.94293398576694,69.00200897890768,8
7,18,28,30,28,26.81293398576694,68.67200897890768,6
6,18,46,20,64,35.652933985766936,67.08200897890768,9
3,18,28,19,53,42.63293398576694,73.80200897890768,3
9,32,80,39,62,32.722933985766936,78.60200897890769,1
3,18,28,20,48,37.652933985766936,50.57200897890769,5
7,25,50,19,42,24.85293398576694,55.12200897890769,3
7,44,74,45,60,27.63293398576694,83.88200897890769,3
6,18,47,21,65,35.73293398576694,64.68200897890769,1
7,32,36,19,26,31.752933985766937,60.15200897890769,5
5,18,34,36,33,32.66293398576694,56.202008978907685,6
5,18,40,19,49,26.63293398576694,60.61200897890768,8
7,41,36,44,59,40.71293398576694,64.34200897890769,9
4,18,35,21,52,34.73293398576694,49.342008978907685,7
3,18,28,21,48,37.722933985766936,65.15200897890769,3
5,18,46,48,46,44.70293398576694,73.88200897890769,6
4,18,44,21,58,31.752933985766937,60.97200897890768,6
7,31,54,32,43,24.63293398576694,58.54200897890769,3
4,20,32,19,34,20.10293398576694,51.87200897890769,4
4,18,49,20,71,39.652933985766936,80.15200897890769,6
3,18,28,19,46,35.63293398576694,63.732008978907686,1
6,18,36,20,43,24.69293398576694,62.96200897890769,1
6,31,49,44,54,29.52293398576694,61.04200897890769,8
3,18,28,19,49,38.63293398576694,66.83200897890768,3
5,18,44,29,41,25.682933985766937,54.71200897890769,1
5,19,70,25,68,20.63293398576694,65.56200897890768,2
3,41,28,25,32,33.66293398576694,55.38200897890769,4
5,18,40,39,37,35.652933985766936,56.55200897890768,7
9,37,43,19,34,35.88293398576694,74.53200897890768,3
5,19,77,52,62,50.17293398576694,81.22200897890768,3
3,18,28,20,63,52.64293398576694,95.92200897890768,3
7,18,28,38,28,34.73293398576694,57.14200897890768,6
5,18,39,37,38,33.66293398576694,72.35200897890769,6
4,19,31,19,32,18.792933985766936,42.732008978907686,8
6,39,70,44,57,27.332933985766935,80.74200897890769,2
4,18,49,21,61,29.77293398576694,68.37200897890769,6
5,18,53,41,49,37.722933985766936,63.482008978907686,7
6,24,46,42,50,33.66293398576694,55.38200897890769,4
6,35,35,19,26,34.012933985766935,48.39200897890768,5
7,32,38,26,31,24.232933985766937,53.44200897890769,5
8,31,28,32,35,24.63293398576694,51.672008978907684,8
3,18,28,20,47,36.652933985766936,53.922008978907684,3
4,24,28,25,39,28.63293398576694,57.65200897890769,9
3,18,28,19,34,23.63293398576694,58.04200897890769,1
3,18,28,19,34,23.63293398576694,57.65200897890769,9
4,18,54,30,47,27.712933985766938,58.21200897890769,5
7,28,52,19,41,29.082933985766935,62.40200897890769,2
5,19,78,36,68,33.52293398576694,81.50200897890768,2
5,27,43,29,36,20.732933985766937,45.40200897890769,5
6,18,68,27,65,23.69293398576694,67.79200897890769,7
4,18,56,19,79,40.63293398576694,80.74200897890769,2
4,20,48,28,41,24.232933985766937,44.50200897890768,5
7,28,55,29,48,20.63293398576694,53.76200897890769,2
9,36,57,19,50,34.31293398576694,78.04200897890769,3
5,38,52,49,42,28.44293398576694,65.28200897890768,5
9,24,50,19,44,22.842933985766937,61.702008978907685,3
4,18,48,36,40,33.66293398576694,48.39200897890768,5
3,18,28,19,42,31.63293398576694,69.85200897890769,6
8,39,46,19,32,39.82293398576694,82.56200897890768,2
5,24,48,33,42,24.572933985766937,49.922008978907684,5
7,28,44,29,61,34.63293398576694,58.54200897890769,9
5,18,51,33,50,29.67293398576694,72.14200897890768,9
3,18,28,19,48,37.63293398576694,55.12200897890769,3
3,18,28,19,49,38.63293398576694,71.48200897890769,9
4,19,57,20,64,24.63293398576694,61.702008978907685,3
7,28,55,19,46,27.84293398576694,62.40200897890769,2
3,37,28,24,34,31.752933985766937,59.36200897890768,4
4,19,57,20,76,36.63293398576694,78.04200897890769,3
6,18,45,26,47,23.69293398576694,51.21200897890769,8
8,31,52,30,46,20.10293398576694,65.15200897890769,3
6,18,42,19,55,30.63293398576694,55.76200897890769,9
7,43,28,44,33,22.63293398576694,61.04200897890769,8
6,27,69,28,60,22.63293398576694,68.03200897890768,2
3,18,28,20,53,42.652933985766936,52.552008978907686,5
8,53,56,29,48,41.34293398576694,83.99200897890769,2
6,18,56,39,52,35.73293398576694,59.94200897890768,6
5,19,75,31,68,27.712933985766938,72.84200897890769,3
3,18,28,19,39,28.63293398576694,63.91200897890769,6
3,18,28,19,41,30.63293398576694,75.90200897890769,6
5,18,53,27,53,23.88293398576694,74.75200897890768,9
8,20,55,28,48,24.232933985766937,50.60200897890769,1
7,30,54,19,43,30.63293398576694,65.82200897890769,3
5,18,75,52,60,51.10293398576694,79.57200897890769,2
6,18,51,21,55,21.95293398576694,60.15200897890769,4
9,30,55,19,49,28.282933985766938,71.87200897890769,3
5,27,48,31,42,20.63293398576694,48.97200897890768,5
5,18,35,41,37,37.99293398576694,62.14200897890768,1
5,19,75,29,68,25.932933985766937,82.58200897890768,3
3,18,28,19,50,39.63293398576694,48.97200897890768,5
5,18,44,27,40,23.88293398576694,59.99200897890769,9
7,39,39,41,43,21.712933985766938,49.94200897890769,9
4,18,40,19,62,39.63293398576694,69.15200897890769,6
3,18,28,19,37,26.63293398576694,62.14200897890768,9
6,18,62,48,61,44.652933985766936,67.59200897890769,7
5,20,79,32,73,27.332933985766935,74.77200897890769,3
7,28,34,19,26,27.292933985766936,46.74200897890769,5
3,18,28,19,64,53.63293398576694,84.38200897890769,2
3,32,28,21,33,29.52293398576694,53.44200897890769,4
3,18,28,19,45,34.63293398576694,60.15200897890769,7
5,18,28,38,28,34.73293398576694,51.97200897890768,10
3,18,28,20,53,42.652933985766936,52.552008978907686,5
6,18,52,28,56,26.45293398576694,62.39200897890768,4
7,32,36,19,26,31.752933985766937,57.03200897890768,5
4,18,52,19,73,38.63293398576694,72.12200897890769,2
5,18,28,34,28,30.76293398576694,53.03200897890768,10
6,18,48,39,71,47.65293398576694,71.80200897890768,1
3,18,28,19,61,50.63293398576694,73.69200897890768,3
3,18,28,19,63,52.63293398576694,76.48200897890769,2
3,18,28,19,33,22.63293398576694,52.552008978907686,7
6,33,28,36,37,26.81293398576694,46.982008978907686,8
9,44,35,39,33,21.63293398576694,73.25200897890768,8
7,53,65,54,48,30.63293398576694,83.99200897890769,3
7,40,66,29,58,29.052933985766938,74.94200897890768,2
4,19,32,19,33,18.792933985766936,39.94200897890769,8
9,36,40,19,32,34.60293398576694,69.56200897890768,2
9,28,46,19,38,27.292933985766936,73.76200897890769,2
7,20,48,31,50,26.402933985766936,48.97200897890768,4
7,40,40,42,51,28.67293398576694,56.85200897890769,9
3,18,28,19,43,32.63293398576694,60.22200897890768,1
4,18,63,20,84,38.652933985766936,83.17200897890768,2
7,32,52,40,54,23.69293398576694,57.14200897890768,4
4,52,36,19,42,50.56293398576694,91.45200897890768,8
3,18,28,19,47,36.63293398576694,85.08200897890768,7
4,18,47,20,61,31.66293398576694,61.50200897890768,7
6,47,28,50,33,22.912933985766937,77.14200897890768,8
3,18,28,19,44,33.63293398576694,65.82200897890769,1
3,18,28,19,50,39.63293398576694,69.15200897890769,1
5,18,40,19,50,27.63293398576694,64.33200897890768,4
6,30,44,31,34,23.63293398576694,48.97200897890768,5
5,20,65,27,61,21.95293398576694,62.86200897890768,2
8,39,48,19,34,39.82293398576694,79.00200897890768,2
8,35,50,19,38,35.35293398576694,81.50200897890768,2
6,26,74,36,66,26.45293398576694,73.06200897890768,2
5,18,41,27,41,23.88293398576694,52.22200897890768,1
5,18,38,26,42,24.85293398576694,39.60200897890769,8
5,20,71,49,60,45.042933985766936,74.57200897890769,3
7,27,44,26,59,32.75293398576694,57.312008978907684,9
6,41,65,43,57,21.712933985766938,69.65200897890769,3
3,18,28,19,48,37.63293398576694,84.43200897890769,6
7,33,65,34,54,24.63293398576694,68.63200897890769,2
3,18,28,21,52,41.71293398576694,62.64200897890768,3
3,18,28,19,39,28.63293398576694,60.43200897890769,10
3,18,28,21,48,37.722933985766936,51.00200897890768,3
6,24,60,30,54,22.032933985766938,55.982008978907686,2
4,18,62,20,82,37.652933985766936,80.38200897890769,2
5,32,52,34,41,24.69293398576694,55.68200897890769,5
10,18,51,30,26,41.13293398576694,71.87200897890769,3
3,18,28,19,33,22.63293398576694,38.302008978907686,7
3,18,28,19,65,54.63293398576694,65.97200897890768,5
6,19,63,36,60,31.66293398576694,61.05200897890768,7
5,18,45,43,46,39.82293398576694,67.08200897890768,1
6,20,46,31,50,27.292933985766936,48.97200897890768,4
4,43,28,46,39,28.782933985766938,58.26200897890769,1
8,35,28,38,34,23.88293398576694,49.052008978907686,8
7,21,38,26,38,20.10293398576694,36.562008978907684,8
5,18,44,34,42,30.63293398576694,61.842008978907685,6
3,18,28,20,51,40.652933985766936,66.52200897890769,3
5,18,28,26,28,22.912933985766937,47.14200897890768,10
7,23,48,31,50,23.69293398576694,48.97200897890768,4
6,18,57,33,55,29.63293398576694,59.15200897890769,6
4,18,55,20,62,24.69293398576694,59.02200897890769,2
6,20,44,31,44,25.832933985766935,44.342008978907685,6
9,22,83,29,58,39.402933985766936,78.04200897890769,1
3,18,28,21,63,52.68293398576694,89.74200897890768,3
5,18,36,19,43,24.63293398576694,51.672008978907684,8
3,18,28,19,38,27.63293398576694,61.842008978907685,6
5,18,40,21,44,21.95293398576694,48.97200897890768,4
4,18,34,19,38,21.63293398576694,43.24200897890769,8
6,35,75,40,62,27.332933985766935,78.22200897890768,3
6,28,74,32,67,21.462933985766938,75.74200897890769,3
6,20,55,37,62,33.99293398576694,62.39200897890768,4
5,18,49,40,51,37.012933985766935,75.45200897890768,1
4,18,40,20,45,22.70293398576694,47.64200897890768,10
5,30,46,31,35,24.63293398576694,52.60200897890769,5
3,26,28,19,32,25.63293398576694,43.24200897890769,8
4,18,44,20,63,36.652933985766936,62.452008978907685,10
4,19,52,20,64,29.63293398576694,63.77200897890769,3
5,30,46,31,35,24.63293398576694,52.60200897890769,5
5,18,58,33,50,30.862933985766936,55.68200897890769,3
5,18,52,35,62,35.63293398576694,61.54200897890769,4
5,19,70,25,68,20.63293398576694,65.56200897890768,2
9,20,65,24,56,23.252933985766937,59.80200897890768,1
4,34,28,35,42,31.63293398576694,66.92200897890768,9
5,18,28,26,27,22.70293398576694,49.07200897890769,10
3,18,28,19,38,27.63293398576694,49.07200897890769,10
7,35,67,36,54,26.63293398576694,72.12200897890769,2
4,18,37,20,57,37.652933985766936,59.58200897890768,7
6,38,64,45,51,28.162933985766937,72.39200897890768,2
4,18,48,19,59,28.63293398576694,63.76200897890769,6
6,18,53,19,60,24.63293398576694,79.06200897890768,9
3,18,28,19,42,31.63293398576694,69.31200897890768,1
4,19,52,29,44,26.45293398576694,50.44200897890769,5
3,18,28,19,35,24.63293398576694,61.342008978907685,9
3,40,28,22,37,37.582933985766935,72.26200897890769,8
3,30,28,25,30,22.842933985766937,49.922008978907684,8
4,18,36,20,46,27.67293398576694,49.94200897890769,6
5,18,49,41,50,37.832933985766935,69.55200897890768,9
5,18,42,29,42,25.832933985766935,67.42200897890768,6
6,51,63,52,49,27.63293398576694,77.94200897890768,2
5,18,60,26,54,23.69293398576694,55.12200897890769,3
6,18,38,19,46,25.63293398576694,58.26200897890769,1
7,18,28,28,26,24.63293398576694,72.36200897890768,6
6,28,69,41,60,29.52293398576694,72.23200897890769,2
5,18,52,31,34,35.63293398576694,55.38200897890769,1
3,18,28,19,41,30.63293398576694,57.25200897890768,10
5,35,46,38,38,21.95293398576694,53.54200897890769,5
6,18,54,41,50,37.722933985766936,59.02200897890769,6
3,33,28,24,32,27.292933985766936,48.772008978907685,8
7,41,59,40,46,26.81293398576694,79.00200897890768,2
3,18,28,19,47,36.63293398576694,75.45200897890768,1
5,18,28,46,27,42.652933985766936,67.94200897890768,10
8,28,60,19,52,27.292933985766936,74.94200897890768,2
7,18,28,40,26,36.63293398576694,64.66200897890769,6
5,18,66,35,57,33.09293398576694,63.37200897890769,3
4,18,52,20,61,26.682933985766937,57.83200897890768,7
3,18,28,19,40,29.63293398576694,53.162008978907686,9
3,18,28,19,48,37.63293398576694,68.63200897890769,2
3,18,28,19,62,51.63293398576694,65.88200897890769,3
4,18,36,20,52,33.66293398576694,54.94200897890768,10
4,43,28,45,39,28.67293398576694,60.35200897890769,9
4,40,28,42,38,27.67293398576694,74.47200897890768,1
4,22,30,19,30,20.10293398576694,39.11200897890768,8
5,20,80,36,73,31.44293398576694,78.22200897890768,3
3,18,28,19,36,25.63293398576694,58.54200897890769,10
7,19,57,36,60,32.39293398576694,60.15200897890769,4
3,18,28,19,34,23.63293398576694,52.14200897890768,10
3,18,28,20,55,44.652933985766936,75.90200897890769,3
9,31,83,45,55,44.70293398576694,82.98200897890769,1
5,18,51,57,47,53.68293398576694,81.04200897890769,7
5,35,54,36,39,28.63293398576694,64.68200897890769,5
5,18,36,19,42,23.63293398576694,49.43200897890769,8
3,18,28,19,53,42.63293398576694,73.06200897890768,2
4,20,51,21,60,26.63293398576694,64.34200897890769,3
5,18,42,51,40,47.63293398576694,74.94200897890768,6
3,18,28,19,39,28.63293398576694,58.04200897890769,1
3,18,28,19,49,38.63293398576694,70.65200897890769,2
4,18,37,19,44,24.63293398576694,57.14200897890768,4
5,18,44,35,50,33.52293398576694,50.982008978907686,4
6,20,55,37,62,33.99293398576694,62.39200897890768,4
3,18,28,20,52,41.652933985766936,71.80200897890768,3
3,18,28,19,49,38.63293398576694,78.99200897890769,7
3,18,28,19,40,29.63293398576694,55.76200897890769,9
5,19,69,36,58,33.99293398576694,66.52200897890769,3
5,18,54,48,66,47.83293398576694,72.14200897890768,8
8,41,34,37,32,20.63293398576694,56.85200897890769,8
8,32,62,19,52,31.752933985766937,80.38200897890769,2
7,43,59,40,44,29.232933985766937,82.56200897890768,2
3,18,28,19,35,24.63293398576694,57.14200897890768,10
5,18,43,45,39,41.71293398576694,60.35200897890769,9
5,18,46,45,42,41.71293398576694,69.34200897890769,9
6,27,75,29,68,20.732933985766937,73.13200897890769,3
3,18,28,21,47,36.73293398576694,65.82200897890769,3
8,42,48,19,32,43.41293398576694,89.68200897890769,2
7,38,36,19,26,37.17293398576694,61.19200897890768,5
5,41,46,42,35,24.63293398576694,56.85200897890769,5
6,35,39,19,26,35.88293398576694,59.26200897890769,5
4,27,28,29,51,40.652933985766936,72.15200897890769,9
3,18,28,19,44,33.63293398576694,70.98200897890769,6
3,45,28,31,33,32.18293398576694,61.04200897890769,4
4,18,63,19,75,29.63293398576694,73.69200897890768,3
5,18,40,42,33,39.17293398576694,61.55200897890768,9
4,20,63,35,53,31.752933985766937,61.50200897890768,5
4,27,34,19,38,26.45293398576694,62.39200897890768,4
3,18,28,20,50,39.652933985766936,50.44200897890769,5
5,18,46,35,54,34.50293398576694,54.39200897890768,4
7,31,42,34,53,28.782933985766938,53.03200897890768,9
4,18,42,19,65,40.63293398576694,74.94200897890768,6
4,18,46,19,61,32.63293398576694,70.98200897890769,6
5,18,52,38,62,38.10293398576694,63.32200897890769,8
5,18,65,25,61,21.95293398576694,64.20200897890768,3
8,29,53,25,47,22.032933985766938,60.74200897890769,2
4,18,47,20,59,29.67293398576694,61.96200897890769,7
9,28,37,22,35,22.63293398576694,37.76200897890769,8
4,19,62,20,82,37.63293398576694,83.88200897890769,3
4,24,35,19,40,24.85293398576694,59.02200897890769,4
8,31,42,25,36,23.69293398576694,53.922008978907684,2
6,19,57,38,64,35.75293398576694,64.63200897890769,4
5,18,38,19,45,24.63293398576694,53.44200897890769,4
6,28,74,47,65,34.942933985766935,79.45200897890768,3
4,18,52,28,46,25.482933985766937,48.97200897890768,5
9,21,63,34,50,31.91293398576694,60.22200897890768,1
7,51,64,19,49,51.10293398576694,89.74200897890768,3
4,20,51,28,46,23.252933985766937,48.562008978907684,5
4,28,37,19,44,29.082933985766935,67.75200897890768,8
5,18,38,19,46,25.63293398576694,58.76200897890769,8
5,36,42,37,33,22.63293398576694,50.57200897890769,5
7,25,52,24,63,28.782933985766938,59.80200897890768,1
3,18,28,19,39,28.63293398576694,48.772008978907685,7
9,47,38,44,36,19.63293398576694,65.33200897890768,8
5,18,48,41,46,37.63293398576694,72.35200897890769,7
4,18,35,19,40,22.63293398576694,49.732008978907686,4
6,18,44,21,48,21.95293398576694,64.34200897890769,9
5,18,43,46,35,43.292933985766936,59.62200897890769,1
5,18,28,27,26,23.63293398576694,45.552008978907686,10
5,19,71,36,58,35.05293398576694,68.38200897890769,2
6,19,60,26,60,21.95293398576694,58.91200897890769,7
4,18,48,19,68,37.63293398576694,67.08200897890768,10
7,27,45,24,63,36.03293398576694,60.22200897890768,1
4,18,36,20,51,32.66293398576694,56.97200897890768,7
3,18,28,19,50,39.63293398576694,74.53200897890768,1
5,18,40,19,50,27.63293398576694,62.39200897890768,4
3,18,28,19,57,46.63293398576694,74.95200897890768,2
9,23,61,19,56,21.462933985766938,69.01200897890769,3
4,18,45,19,57,29.63293398576694,61.342008978907685,6
6,20,55,37,62,33.99293398576694,62.39200897890768,4
5,18,42,40,40,36.63293398576694,57.61200897890768,6
3,18,28,19,44,33.63293398576694,61.092008978907685,9
6,18,43,24,45,22.032933985766938,46.74200897890769,8
6,32,58,36,49,23.252933985766937,63.77200897890769,3
4,31,28,33,52,41.652933985766936,70.52200897890769,1
3,18,28,19,43,32.63293398576694,64.94200897890768,1
3,18,28,19,56,45.63293398576694,74.53200897890768,3
5,18,36,19,42,23.63293398576694,50.44200897890769,4
3,18,28,21,62,51.69293398576694,62.39200897890768,5
5,18,46,28,53,28.362933985766936,69.00200897890768,4
8,18,68,25,68,21.95293398576694,71.88200897890769,1
4,33,28,35,32,21.712933985766938,66.52200897890769,1
6,29,36,19,26,29.232933985766937,49.452008978907685,5
7,42,57,51,60,25.06293398576694,68.83200897890768,8
3,18,28,19,50,39.63293398576694,83.54200897890769,2
3,18,28,19,60,49.63293398576694,69.56200897890768,2
4,18,67,53,52,52.03293398576694,73.88200897890769,5
4,18,37,19,57,37.63293398576694,64.15200897890769,7
3,18,28,21,61,50.69293398576694,61.50200897890768,5
5,18,73,24,69,21.022933985766937,70.99200897890769,3
7,39,54,38,66,29.77293398576694,74.53200897890768,1
10,18,46,30,26,36.73293398576694,61.702008978907685,3
4,33,28,35,32,21.712933985766938,66.52200897890769,1
3,48,28,28,35,38.48293398576694,69.00200897890768,4
3,18,28,19,46,35.63293398576694,68.66200897890769,9
4,18,49,21,55,23.88293398576694,57.37200897890769,6
4,18,36,21,59,40.71293398576694,64.78200897890768,6
4,18,50,20,67,34.66293398576694,65.80200897890768,10
5,18,42,21,47,22.912933985766937,53.44200897890769,4
4,18,64,19,73,26.63293398576694,70.19200897890768,2
4,18,57,20,68,28.67293398576694,65.31200897890768,2
3,18,28,19,38,27.63293398576694,59.80200897890768,1
6,20,60,51,60,45.70293398576694,68.83200897890768,6
7,31,61,32,53,21.63293398576694,61.36200897890768,2
5,18,35,20,37,19.752933985766937,39.94200897890769,8
4,30,28,31,34,23.63293398576694,55.38200897890769,1
5,18,28,30,27,26.682933985766937,50.37200897890769,10
8,37,35,35,33,18.63293398576694,62.85200897890769,8
4,40,28,42,53,42.652933985766936,69.15200897890769,1
6,18,53,21,69,33.74293398576694,71.38200897890769,1
4,18,39,21,48,26.81293398576694,44.94200897890769,10
5,18,38,32,40,29.232933985766937,41.94200897890769,8
4,18,43,21,59,33.74293398576694,57.25200897890768,10
7,32,40,19,47,32.27293398576694,47.382008978907685,1
5,27,52,33,45,22.70293398576694,52.552008978907686,5
7,25,39,19,37,22.63293398576694,36.03200897890768,8
3,18,28,20,52,41.652933985766936,54.342008978907685,5
8,28,28,27,37,26.81293398576694,38.422008978907684,8
6,18,51,21,73,39.71293398576694,71.48200897890769,9
6,18,46,28,42,24.85293398576694,42.26200897890769,7
8,33,42,19,32,32.63293398576694,65.15200897890769,3
6,29,69,30,60,22.63293398576694,68.46200897890769,3
3,34,28,19,34,33.52293398576694,50.982008978907686,4
5,34,55,50,44,33.122933985766934,68.89200897890768,5
10,18,34,37,26,34.60293398576694,69.65200897890769,3
6,18,35,21,57,39.71293398576694,65.15200897890769,1
5,18,87,45,73,44.27293398576694,86.61200897890768,2
7,41,35,41,56,38.652933985766936,61.55200897890768,9
5,18,52,44,43,41.59293398576694,71.88200897890769,1
4,18,51,21,67,33.74293398576694,73.54200897890769,7
3,39,28,28,33,29.52293398576694,58.38200897890769,8
8,24,32,19,26,22.842933985766937,48.08200897890769,5
10,18,34,41,26,38.43293398576694,83.99200897890769,3
5,18,36,36,33,32.66293398576694,49.94200897890769,7
6,30,60,31,49,24.63293398576694,64.20200897890768,3
8,20,50,36,55,32.18293398576694,57.13200897890769,1
7,28,53,29,58,22.63293398576694,72.15200897890769,9
5,18,42,30,44,27.332933985766935,53.162008978907686,9
8,18,34,37,26,34.60293398576694,67.83200897890768,3
4,20,64,21,78,31.63293398576694,78.22200897890768,3
6,18,59,43,57,39.63293398576694,61.342008978907685,6
5,18,39,37,39,33.74293398576694,73.80200897890768,6
3,18,28,19,46,35.63293398576694,44.07200897890769,5
8,19,63,21,63,17.872933985766938,59.80200897890768,1
8,46,54,29,45,34.942933985766935,79.45200897890768,3
5,18,36,46,38,42.92293398576694,64.78200897890768,9
4,41,28,43,34,23.69293398576694,61.19200897890768,9
4,18,50,19,73,40.63293398576694,76.34200897890769,6
7,32,36,25,30,24.572933985766937,49.922008978907684,5
5,19,78,37,74,32.75293398576694,78.04200897890769,3
5,18,37,25,37,21.95293398576694,40.03200897890768,7
4,18,35,19,39,21.63293398576694,39.94200897890769,6
5,20,87,52,75,48.20293398576694,89.74200897890768,3
7,32,52,33,65,30.63293398576694,72.14200897890768,9
5,18,28,38,28,34.73293398576694,50.46200897890769,10
8,18,51,39,26,46.11293398576694,89.74200897890768,3
5,19,59,25,57,20.63293398576694,55.76200897890769,2
5,18,77,33,64,33.43293398576694,73.69200897890768,3
9,18,55,30,26,44.78293398576694,75.30200897890768,3
7,43,36,30,30,30.19293398576694,58.21200897890769,5
7,29,70,29,63,20.732933985766937,73.34200897890769,2
4,18,48,19,54,23.63293398576694,59.94200897890768,6
5,18,54,36,66,37.652933985766936,65.60200897890769,4
4,19,51,25,46,21.462933985766938,50.162008978907686,5
7,29,60,29,53,20.732933985766937,64.59200897890769,2
5,40,46,41,35,24.63293398576694,56.97200897890768,5
9,47,42,19,32,45.71293398576694,83.54200897890769,2
6,18,44,25,46,22.842933985766937,49.922008978907684,8
8,18,54,43,47,40.152933985766936,57.52200897890769,1
5,18,91,43,78,42.03293398576694,90.68200897890769,3
6,26,28,27,35,24.63293398576694,38.26200897890769,8
6,18,47,20,53,23.69293398576694,61.092008978907685,1
3,18,28,19,33,22.63293398576694,52.14200897890768,10
6,35,64,38,51,26.81293398576694,69.15200897890769,3
4,18,53,20,57,21.712933985766938,55.76200897890769,2
6,18,44,20,57,30.662933985766937,54.71200897890769,1
6,20,55,37,62,33.99293398576694,62.39200897890768,4
8,32,68,19,58,31.752933985766937,85.39200897890768,2
4,18,45,19,66,38.63293398576694,75.95200897890768,6
5,32,52,34,41,24.69293398576694,55.68200897890769,5
6,28,72,32,65,21.462933985766938,73.80200897890768,3
7,42,47,43,54,24.63293398576694,67.08200897890768,9
5,18,28,38,28,34.73293398576694,65.52200897890769,10
3,56,28,33,38,42.46293398576694,81.81200897890768,8
8,32,62,19,52,31.752933985766937,80.38200897890769,2
5,18,44,42,47,39.17293398576694,61.342008978907685,1
7,37,39,33,37,20.63293398576694,64.63200897890769,8
6,18,47,28,50,25.932933985766937,54.39200897890768,4
6,20,46,34,50,29.95293398576694,50.44200897890769,4
5,18,37,43,34,39.652933985766936,61.19200897890768,9
7,53,72,54,53,32.63293398576694,90.74200897890768,2
4,42,28,45,44,33.74293398576694,64.94200897890768,1
7,27,50,28,61,28.63293398576694,64.12200897890769,9
4,18,66,19,76,27.63293398576694,75.28200897890768,3
3,18,28,19,55,44.63293398576694,73.06200897890768,2
6,47,28,48,33,22.63293398576694,73.75200897890768,8
4,28,34,19,39,27.84293398576694,56.85200897890769,8
6,40,40,36,32,23.44293398576694,55.44200897890768,5
7,29,46,20,49,26.81293398576694,47.64200897890768,1
4,18,34,21,49,32.75293398576694,51.97200897890768,10
5,32,50,33,37,26.63293398576694,57.07200897890769,5
3,18,28,19,43,32.63293398576694,54.94200897890768,6
3,18,28,19,42,31.63293398576694,61.342008978907685,1
5,18,40,19,50,27.63293398576694,63.82200897890769,4
6,27,55,49,62,38.48293398576694,69.00200897890768,4
4,19,52,27,46,23.69293398576694,52.75200897890768,5
7,18,28,26,24,22.912933985766937,48.772008978907685,6
9,30,51,19,41,30.052933985766938,85.46200897890769,3
6,19,45,30,48,26.81293398576694,47.202008978907685,8
3,53,28,32,32,38.43293398576694,72.35200897890769,4
5,18,38,34,42,31.792933985766936,46.982008978907686,8
6,28,80,32,74,20.63293398576694,77.68200897890769,2
7,32,68,33,57,24.63293398576694,71.18200897890769,2
3,18,28,19,35,24.63293398576694,49.052008978907686,10
7,42,74,43,56,31.63293398576694,86.76200897890769,3
3,18,28,19,47,36.63293398576694,70.24200897890769,2
6,19,71,49,68,44.652933985766936,75.15200897890769,6
9,38,39,19,32,36.25293398576694,66.07200897890769,3
4,18,54,42,44,39.98293398576694,56.85200897890769,5
6,20,51,37,49,31.63293398576694,51.35200897890769,7
6,18,50,37,49,33.66293398576694,51.35200897890769,6
3,18,28,19,36,25.63293398576694,53.54200897890769,6
8,53,56,29,48,41.34293398576694,83.99200897890769,2
4,37,28,38,34,23.63293398576694,68.24200897890769,1
5,20,59,29,55,23.88293398576694,54.71200897890769,3
8,43,50,34,40,28.44293398576694,82.56200897890768,2
7,18,28,54,24,50.69293398576694,73.80200897890768,6
5,18,49,27,48,23.69293398576694,68.37200897890769,6
4,31,28,32,49,38.63293398576694,67.06200897890768,9
7,18,28,40,26,36.63293398576694,64.66200897890769,6
7,38,43,39,66,40.63293398576694,75.99200897890769,1
4,18,47,19,56,26.63293398576694,62.50200897890768,6
4,18,35,19,58,40.63293398576694,64.66200897890769,6
7,40,61,41,46,28.63293398576694,71.33200897890768,3
6,18,40,21,58,35.73293398576694,61.55200897890768,9
3,45,28,34,33,29.52293398576694,61.04200897890769,4
3,18,28,19,43,32.63293398576694,75.95200897890768,6
4,29,40,19,49,31.19293398576694,78.75200897890768,8
4,18,43,19,56,30.63293398576694,70.47200897890768,8
3,25,28,22,28,20.10293398576694,36.562008978907684,8
3,18,28,19,43,32.63293398576694,63.732008978907686,9
6,30,49,46,54,32.18293398576694,61.04200897890769,4
6,19,48,33,47,28.67293398576694,50.74200897890769,6
4,18,46,19,55,26.63293398576694,59.15200897890769,6
5,18,40,33,37,29.67293398576694,55.25200897890768,1
3,32,28,21,33,29.52293398576694,53.44200897890769,4
4,18,34,19,44,27.63293398576694,42.26200897890769,7
7,18,28,26,27,22.70293398576694,61.842008978907685,6
3,46,28,19,36,45.36293398576694,63.18200897890769,4
5,18,47,21,55,25.832933985766935,66.05200897890768,8
5,18,53,45,51,41.63293398576694,83.02200897890769,6
7,39,54,19,35,42.652933985766936,82.89200897890768,2
5,18,28,31,26,27.63293398576694,44.61200897890768,10
6,30,28,32,32,21.712933985766938,53.44200897890769,8
5,18,34,30,33,26.682933985766937,56.97200897890768,6
5,18,34,35,36,32.122933985766934,55.76200897890769,9
4,18,51,19,74,40.63293398576694,73.76200897890769,2
7,37,40,38,55,32.63293398576694,63.732008978907686,9
5,18,69,26,63,23.69293398576694,63.732008978907686,2
5,18,72,29,66,26.402933985766936,70.89200897890768,3
3,18,28,19,38,27.63293398576694,45.99200897890769,6
5,18,40,45,40,41.71293398576694,61.842008978907685,6
6,34,49,35,36,26.63293398576694,58.812008978907684,5
3,30,28,21,32,27.292933985766936,48.97200897890768,4
9,18,34,32,26,29.95293398576694,62.452008978907685,3
3,33,28,19,34,32.63293398576694,50.44200897890769,4
6,18,42,20,52,27.67293398576694,56.85200897890769,9
6,18,48,19,68,37.63293398576694,68.66200897890769,9
3,18,28,19,32,21.63293398576694,64.15200897890769,6
4,18,35,21,57,39.71293398576694,59.58200897890768,6
4,19,53,20,67,31.63293398576694,66.52200897890769,3
3,18,28,19,55,44.63293398576694,53.522008978907685,5
4,27,28,30,44,33.74293398576694,47.64200897890768,1
5,18,28,44,28,40.71293398576694,60.43200897890769,10
3,18,28,20,59,48.65293398576694,73.13200897890769,3
4,20,31,19,32,19.24293398576694,40.03200897890768,8
5,18,72,29,66,26.402933985766936,70.89200897890768,3
4,18,63,19,74,28.63293398576694,74.94200897890768,3
4,18,40,19,50,27.63293398576694,61.54200897890769,4
6,18,51,21,73,39.71293398576694,71.48200897890769,9
4,18,40,21,59,36.73293398576694,57.61200897890768,10
6,28,38,28,31,20.732933985766937,44.50200897890768,5
3,18,28,19,57,46.63293398576694,75.30200897890768,2
9,22,47,19,42,20.63293398576694,53.76200897890769,2
5,18,38,38,34,34.73293398576694,59.36200897890768,1
4,18,42,19,55,30.63293398576694,60.43200897890769,6
9,35,38,30,36,21.63293398576694,58.38200897890769,8
6,39,28,42,33,22.912933985766937,54.702008978907685,8
5,18,50,25,47,21.712933985766938,75.15200897890769,6
3,18,28,19,46,35.63293398576694,57.83200897890768,10
4,18,48,20,69,38.652933985766936,68.38200897890769,2
5,18,41,34,36,30.932933985766937,49.60200897890769,1
5,18,46,48,43,44.652933985766936,69.94200897890768,7
6,30,37,19,26,30.63293398576694,52.60200897890769,5
5,18,39,27,37,23.63293398576694,50.46200897890769,7
5,18,43,37,40,33.66293398576694,59.88200897890769,7
8,53,50,32,40,39.042933985766936,83.99200897890769,3
3,35,28,21,32,31.792933985766936,60.15200897890769,4
3,40,28,27,34,31.752933985766937,61.842008978907685,8
4,18,39,19,48,26.63293398576694,59.36200897890768,4
5,18,73,52,61,50.11293398576694,77.94200897890768,2
6,33,42,31,33,23.252933985766937,53.03200897890768,5
5,18,44,29,40,25.832933985766935,55.43200897890769,6
6,18,53,21,72,36.73293398576694,74.75200897890768,9
3,18,28,20,57,46.652933985766936,57.03200897890768,5
7,18,28,34,24,30.76293398576694,68.21200897890769,6
9,25,41,19,35,23.69293398576694,53.922008978907684,3
7,39,55,19,41,39.82293398576694,75.45200897890768,2
5,18,51,30,52,27.032933985766938,67.06200897890768,9
4,18,43,20,47,21.712933985766938,50.46200897890769,10
4,18,48,20,69,38.652933985766936,68.38200897890769,2
6,39,48,40,36,25.63293398576694,58.76200897890769,5
6,20,49,38,47,32.63293398576694,50.46200897890769,7
6,18,47,28,50,25.932933985766937,54.39200897890768,4
8,32,28,33,37,26.63293398576694,53.44200897890769,8
4,18,37,19,44,24.63293398576694,56.202008978907685,8
5,27,43,29,36,20.732933985766937,45.40200897890769,5
4,43,28,45,42,31.66293398576694,69.34200897890769,9
5,25,52,33,45,24.232933985766937,52.552008978907686,5
5,18,42,38,46,35.55293398576694,49.732008978907686,4
7,30,35,31,47,29.63293398576694,63.90200897890769,1
6,18,49,37,47,33.63293398576694,49.802008978907686,7
7,26,53,27,48,18.63293398576694,50.302008978907686,2
5,27,54,35,47,24.232933985766937,58.812008978907684,5
4,18,50,19,63,30.63293398576694,68.21200897890769,6
9,26,40,19,32,25.63293398576694,65.09200897890769,3
4,27,34,19,38,26.45293398576694,62.39200897890768,4
6,22,49,35,54,29.52293398576694,54.39200897890768,4
3,18,28,19,37,26.63293398576694,48.772008978907685,1
7,35,51,33,40,25.122933985766938,62.86200897890768,2
5,18,35,33,33,29.63293398576694,56.14200897890768,9
4,29,28,30,52,41.63293398576694,67.06200897890768,9
4,19,56,26,50,22.842933985766937,53.44200897890769,5
8,37,61,24,56,29.95293398576694,70.99200897890769,3
3,34,28,19,38,35.63293398576694,61.54200897890769,4
5,18,62,45,57,41.80293398576694,66.83200897890768,3
6,51,52,52,38,27.63293398576694,70.24200897890769,5
5,18,46,40,45,36.652933985766936,56.202008978907685,7
7,32,45,34,64,36.652933985766936,62.99200897890769,1
6,18,57,28,57,24.85293398576694,56.15200897890769,6
4,20,53,21,63,27.63293398576694,62.452008978907685,3
5,18,40,31,36,27.802933985766938,61.36200897890768,9
7,27,55,19,46,27.032933985766938,61.19200897890768,2
6,35,45,33,34,25.122933985766938,60.15200897890769,5
4,18,40,19,50,27.63293398576694,61.54200897890769,4
6,20,60,31,59,25.682933985766937,60.22200897890768,7
3,18,28,19,49,38.63293398576694,72.14200897890768,9
7,42,40,43,63,40.63293398576694,66.24200897890769,9
6,26,43,36,46,25.932933985766937,49.052008978907686,8
3,18,28,21,58,47.69293398576694,67.45200897890768,3
5,20,61,26,58,20.732933985766937,56.10200897890769,3
7,25,50,22,67,35.05293398576694,63.732008978907686,1
5,20,69,41,62,36.25293398576694,68.67200897890768,3
5,18,44,42,47,39.17293398576694,61.342008978907685,1
5,20,69,56,58,51.77293398576694,77.37200897890769,3
3,18,28,19,46,35.63293398576694,49.732008978907686,5
4,18,52,28,46,25.482933985766937,48.97200897890768,5
6,18,50,19,72,39.63293398576694,73.93200897890769,1
7,31,52,32,43,22.63293398576694,53.922008978907684,3
7,36,57,37,44,26.63293398576694,65.09200897890769,3
7,30,35,19,26,29.52293398576694,58.94200897890768,5
5,18,41,27,36,24.17293398576694,58.04200897890769,1
3,18,28,19,65,54.63293398576694,65.97200897890768,5
10,18,34,40,26,37.472933985766936,70.89200897890768,3
5,18,42,41,38,37.722933985766936,56.85200897890769,9
5,18,43,43,38,39.82293398576694,66.24200897890769,9
3,18,28,19,41,30.63293398576694,63.37200897890769,9
6,25,60,27,53,20.732933985766937,56.10200897890769,3
9,18,34,35,26,32.722933985766936,62.64200897890768,3
3,18,28,20,46,35.652933985766936,66.07200897890769,3
7,53,40,44,32,27.292933985766936,72.35200897890769,5
5,35,58,39,46,26.072933985766937,65.97200897890768,5
4,18,41,21,55,31.752933985766937,63.91200897890769,6
6,20,52,40,58,36.25293398576694,60.97200897890768,8
3,18,28,19,36,25.63293398576694,67.93200897890769,1
3,18,28,19,33,22.63293398576694,45.552008978907686,7
6,20,52,40,58,36.25293398576694,60.97200897890768,8
5,18,53,45,51,41.63293398576694,83.02200897890769,6
5,18,42,45,40,41.63293398576694,75.40200897890769,7
3,18,28,19,45,34.63293398576694,64.68200897890769,1
3,18,28,19,44,33.63293398576694,70.98200897890769,6
9,22,49,19,45,20.10293398576694,56.32200897890769,3
5,18,37,29,33,25.832933985766935,52.60200897890769,1
5,18,36,38,32,34.73293398576694,51.21200897890769,7
7,27,33,19,26,25.932933985766937,45.40200897890769,5
9,24,45,19,39,22.842933985766937,59.14200897890768,2
6,19,61,28,61,23.88293398576694,60.422008978907684,6
4,20,56,21,64,25.63293398576694,61.99200897890769,3
5,18,70,29,63,26.81293398576694,68.24200897890769,2
3,18,28,19,38,27.63293398576694,61.36200897890768,9
4,18,36,19,42,23.63293398576694,51.552008978907686,4
7,56,28,57,35,24.63293398576694,81.81200897890768,8
4,27,28,30,41,30.76293398576694,62.66200897890769,9
8,20,63,34,64,28.972933985766936,62.99200897890769,1
3,18,28,19,32,21.63293398576694,58.76200897890769,1
9,45,36,41,34,20.63293398576694,78.96200897890769,8
4,20,36,19,42,23.88293398576694,60.97200897890768,8
3,24,28,21,28,20.10293398576694,37.76200897890769,8
4,18,64,19,75,28.63293398576694,75.85200897890769,2
6,18,39,21,48,26.81293398576694,48.772008978907685,1
7,18,28,32,27,28.67293398576694,49.01200897890769,6
7,42,47,43,54,24.63293398576694,67.08200897890768,9
5,18,49,27,48,23.69293398576694,68.37200897890769,6
3,18,28,19,50,39.63293398576694,54.702008978907685,5
8,32,33,19,26,30.502933985766937,57.922008978907684,5
7,30,35,19,26,29.52293398576694,54.342008978907685,5
4,18,56,20,78,39.652933985766936,84.27200897890769,2
7,37,53,36,42,24.85293398576694,69.15200897890769,3
3,38,28,24,31,31.44293398576694,59.88200897890769,4
3,18,28,19,60,49.63293398576694,65.09200897890769,2
8,32,42,19,32,31.752933985766937,62.64200897890768,3
5,28,42,29,33,22.63293398576694,46.312008978907684,5
3,52,28,30,36,40.71293398576694,74.64200897890768,4
5,18,38,19,47,26.63293398576694,59.88200897890769,4
5,18,52,44,51,40.652933985766936,76.70200897890768,6
7,32,36,19,26,31.752933985766937,60.15200897890769,5
4,26,28,28,50,39.652933985766936,64.34200897890769,9
7,47,63,33,53,32.63293398576694,79.08200897890768,2
7,38,39,41,48,26.81293398576694,65.19200897890768,1
3,18,28,19,33,22.63293398576694,49.94200897890769,9
4,18,52,19,68,33.63293398576694,68.24200897890769,2
5,18,42,44,34,41.34293398576694,58.21200897890769,9
4,25,32,19,34,23.69293398576694,49.43200897890769,8
6,20,61,52,58,46.652933985766936,68.81200897890768,7
6,18,47,20,61,31.66293398576694,68.76200897890769,1
6,35,60,36,45,28.63293398576694,68.38200897890769,2
3,18,28,19,59,48.63293398576694,72.23200897890769,2
5,20,65,35,58,30.502933985766937,62.452008978907685,3
9,30,45,19,37,29.052933985766938,72.84200897890769,3
3,18,28,19,60,49.63293398576694,63.732008978907686,2
3,18,28,19,58,47.63293398576694,66.52200897890769,2
4,18,64,19,69,22.63293398576694,65.88200897890769,3
3,18,28,19,53,42.63293398576694,76.27200897890769,2
7,30,57,31,47,23.63293398576694,59.14200897890768,2
4,22,34,19,38,22.842933985766937,60.61200897890768,8
10,18,39,38,26,37.582933985766935,72.84200897890769,3
5,18,35,40,37,37.012933985766935,49.94200897890769,9
5,18,28,34,27,30.662933985766937,59.30200897890768,10
4,18,41,19,52,28.63293398576694,65.60200897890769,4
6,23,45,34,48,26.81293398576694,48.772008978907685,8
3,18,28,19,47,36.63293398576694,80.15200897890769,6
10,18,38,29,26,29.77293398576694,61.80200897890768,3
3,39,28,30,33,27.84293398576694,69.55200897890768,8
5,18,49,41,47,37.63293398576694,80.15200897890769,6
8,19,52,43,50,38.63293398576694,61.342008978907685,1
3,44,28,33,33,29.52293398576694,60.35200897890769,4
5,18,43,27,49,26.94293398576694,61.842008978907685,8
5,18,38,19,47,26.63293398576694,57.922008978907684,4
4,18,48,19,55,24.63293398576694,56.812008978907684,10
3,18,28,19,64,53.63293398576694,71.18200897890769,5
3,18,28,20,62,51.64293398576694,98.36200897890768,3
7,39,64,40,48,29.63293398576694,74.53200897890768,3
7,39,42,29,33,28.67293398576694,66.43200897890769,5
4,18,47,20,59,29.67293398576694,61.96200897890769,7
3,18,28,19,58,47.63293398576694,66.52200897890769,2
4,18,46,20,68,39.652933985766936,72.62200897890769,10
3,35,28,21,32,31.792933985766936,60.15200897890769,4
5,18,36,25,34,21.63293398576694,49.162008978907686,6
3,18,28,19,51,40.63293398576694,70.52200897890769,1
8,40,28,43,33,22.912933985766937,73.25200897890768,8
5,18,45,33,43,29.63293398576694,61.842008978907685,6
5,18,37,25,37,21.95293398576694,40.03200897890768,7
3,18,28,19,39,28.63293398576694,58.54200897890769,9
8,29,32,19,26,27.332933985766935,58.21200897890769,5
5,18,48,47,56,45.36293398576694,63.18200897890769,4
5,18,40,30,36,26.81293398576694,45.99200897890769,6
3,18,28,19,48,37.63293398576694,57.952008978907685,7
3,18,28,19,38,27.63293398576694,61.05200897890768,7
4,18,63,20,68,22.70293398576694,65.09200897890769,2
3,18,28,19,59,48.63293398576694,82.56200897890768,2
3,18,28,19,32,21.63293398576694,46.90200897890769,7
8,32,40,19,32,30.862933985766936,55.68200897890769,3
3,18,28,19,57,46.63293398576694,65.56200897890768,2
4,28,28,31,44,33.74293398576694,51.69200897890769,1
4,18,36,19,46,27.63293398576694,46.552008978907686,7
7,18,28,36,26,32.63293398576694,59.58200897890768,6
4,18,39,19,48,26.63293398576694,57.07200897890769,4
6,18,47,26,50,24.232933985766937,53.44200897890769,8
5,19,63,34,56,30.502933985766937,65.15200897890769,3
5,18,38,26,42,24.85293398576694,40.50200897890768,8
6,20,51,38,50,32.66293398576694,53.54200897890769,6
4,20,32,19,34,20.10293398576694,48.772008978907685,4
6,22,65,44,76,40.332933985766935,78.50200897890768,8
5,18,28,26,28,22.912933985766937,57.83200897890768,10
7,41,36,32,30,26.402933985766936,56.11200897890768,5
8,55,36,50,34,21.63293398576694,84.34200897890769,8
6,18,41,27,39,23.63293398576694,39.94200897890769,6
4,19,49,20,66,34.63293398576694,69.85200897890769,3
6,19,57,41,55,36.63293398576694,62.452008978907685,7
3,18,28,19,42,31.63293398576694,62.452008978907685,10
6,20,55,37,62,33.99293398576694,62.39200897890768,4
7,18,28,48,26,44.63293398576694,65.33200897890768,6
6,29,70,43,63,29.56293398576694,72.26200897890769,2
6,29,72,30,64,21.63293398576694,70.41200897890769,3
6,18,52,21,56,21.95293398576694,62.39200897890768,4
4,20,38,19,45,24.85293398576694,66.56200897890768,8
5,19,84,33,76,29.95293398576694,80.38200897890769,2
5,18,40,19,49,26.63293398576694,60.15200897890769,4
4,18,48,21,61,30.76293398576694,72.35200897890769,7
3,43,28,32,33,29.52293398576694,61.04200897890769,8
7,35,47,19,32,37.03293398576694,66.52200897890769,2
7,31,76,32,65,24.63293398576694,77.68200897890769,2
3,18,28,20,59,48.65293398576694,58.812008978907684,5
8,18,34,43,26,40.372933985766934,79.41200897890769,3
6,18,49,33,64,37.652933985766936,67.08200897890768,1
8,33,35,29,33,20.63293398576694,48.772008978907685,8
4,18,37,19,44,24.63293398576694,52.60200897890769,4
7,27,54,28,65,28.63293398576694,62.16200897890769,9
4,18,39,21,61,39.71293398576694,72.35200897890769,6
5,18,32,19,34,19.63293398576694,38.422008978907684,8
3,40,28,19,35,39.402933985766936,56.202008978907685,8
9,24,45,19,39,22.842933985766937,55.982008978907686,2
7,18,28,50,27,46.652933985766936,70.41200897890769,6
6,20,60,41,56,35.73293398576694,60.97200897890768,6
3,18,28,19,44,33.63293398576694,57.07200897890769,7
5,18,44,19,59,32.63293398576694,91.45200897890768,8
5,18,46,31,33,31.91293398576694,66.78200897890768,1
3,18,28,21,51,40.71293398576694,56.11200897890768,5
5,18,28,50,26,46.63293398576694,71.18200897890769,10
5,18,44,34,42,30.63293398576694,61.842008978907685,6
8,20,40,40,56,41.80293398576694,58.76200897890769,1
7,38,42,38,57,32.66293398576694,64.20200897890768,1
7,19,57,36,60,32.39293398576694,60.15200897890769,4
5,19,62,25,57,21.462933985766938,58.54200897890769,3
5,18,40,19,50,27.63293398576694,62.39200897890768,4
8,41,59,31,49,29.232933985766937,85.46200897890769,3
6,19,55,42,53,37.63293398576694,57.61200897890768,6
3,18,28,19,38,27.63293398576694,49.07200897890769,10
7,55,47,19,32,54.85293398576694,77.37200897890769,3
5,18,40,47,37,43.652933985766936,63.87200897890769,6
4,18,37,19,44,24.63293398576694,52.60200897890769,4
6,28,41,29,32,22.63293398576694,45.40200897890769,5
7,34,74,35,63,24.63293398576694,76.55200897890768,3
6,38,28,39,35,24.63293398576694,56.202008978907685,8
3,18,28,19,41,30.63293398576694,59.88200897890769,7
4,19,61,33,50,31.44293398576694,58.812008978907684,5
4,19,61,20,76,32.63293398576694,73.13200897890769,3
4,18,53,20,72,36.652933985766936,78.18200897890769,2
5,18,44,45,44,41.71293398576694,69.85200897890769,6
3,48,28,34,31,31.44293398576694,66.00200897890768,4
4,18,35,19,58,40.63293398576694,64.66200897890769,6
9,28,41,19,32,27.84293398576694,77.75200897890768,3
7,39,38,40,50,29.63293398576694,60.422008978907684,9
5,18,44,42,47,39.17293398576694,64.02200897890769,9
7,34,36,25,30,26.402933985766936,50.162008978907686,5
7,37,28,40,34,23.88293398576694,66.05200897890768,8
7,18,28,39,27,35.652933985766936,60.43200897890769,6
7,40,43,39,62,36.73293398576694,78.60200897890769,1
8,27,64,24,59,20.63293398576694,69.01200897890769,3
4,18,42,21,50,25.832933985766935,47.14200897890768,10
9,30,45,19,35,30.052933985766938,82.15200897890769,3
5,18,28,36,27,32.66293398576694,62.86200897890768,10
3,34,28,19,35,33.99293398576694,54.39200897890768,4
7,29,60,30,51,22.63293398576694,60.74200897890769,2
6,25,28,27,35,24.69293398576694,38.26200897890769,8
9,28,50,19,42,27.292933985766936,83.99200897890769,2
4,18,40,19,56,33.63293398576694,61.842008978907685,6
5,18,49,41,47,37.63293398576694,80.15200897890769,6
3,18,28,19,50,39.63293398576694,67.42200897890768,7
6,18,48,19,52,21.63293398576694,64.19200897890768,9
8,18,62,23,26,49.86293398576694,65.88200897890769,3
4,31,28,32,40,29.63293398576694,53.03200897890768,9
9,50,37,48,35,18.63293398576694,68.83200897890768,8
5,18,62,45,57,41.80293398576694,66.83200897890768,3
6,19,54,31,53,26.682933985766937,52.552008978907686,7
6,18,52,26,56,24.85293398576694,62.39200897890768,4
7,18,28,55,27,51.64293398576694,76.70200897890768,6
8,31,37,25,35,22.63293398576694,47.69200897890769,8
5,18,52,50,49,46.652933985766936,71.82200897890769,6
4,37,28,39,41,30.662933985766937,75.99200897890769,1
4,29,28,30,52,41.63293398576694,67.06200897890768,9
6,18,34,21,38,21.95293398576694,58.76200897890769,1
4,20,48,29,41,25.06293398576694,47.14200897890768,5
7,37,35,33,33,20.63293398576694,64.63200897890769,8
5,18,35,38,37,35.05293398576694,48.39200897890768,1
7,33,28,33,37,26.682933985766937,55.68200897890769,8
4,18,64,20,77,30.662933985766937,79.85200897890769,2
5,18,76,33,67,31.282933985766938,72.14200897890768,2
6,23,71,38,66,29.95293398576694,70.99200897890769,3
6,18,63,30,59,26.81293398576694,69.56200897890768,7
9,18,37,34,26,33.122933985766934,65.08200897890768,3
4,18,44,20,54,27.67293398576694,59.58200897890768,6
7,35,38,19,26,35.35293398576694,65.97200897890768,5
3,18,28,19,35,24.63293398576694,49.052008978907686,10
4,19,58,20,74,33.63293398576694,74.94200897890768,3
7,27,56,26,49,21.022933985766937,58.54200897890769,3
4,41,28,44,46,35.73293398576694,71.88200897890769,1
5,19,79,35,67,33.66293398576694,75.90200897890769,3
4,19,55,26,50,22.342933985766937,52.552008978907686,5
7,37,65,38,53,25.63293398576694,70.99200897890769,2
3,30,28,21,30,26.402933985766936,48.97200897890768,4
4,18,34,20,40,23.69293398576694,41.01200897890769,7
3,44,28,29,35,33.99293398576694,67.75200897890768,8
5,38,58,53,50,30.862933985766936,70.94200897890768,5
4,19,60,33,48,32.03293398576694,57.07200897890769,5
6,37,28,37,36,25.682933985766937,56.55200897890768,8
9,31,58,19,50,29.95293398576694,85.08200897890768,3
4,40,28,42,47,36.652933985766936,64.02200897890769,9
5,18,41,29,42,26.072933985766937,58.54200897890769,9
7,27,59,26,52,21.022933985766937,61.43200897890769,3
7,36,42,35,59,34.73293398576694,68.76200897890769,1
5,18,44,21,50,23.88293398576694,57.922008978907684,4
3,18,28,19,51,40.63293398576694,71.88200897890769,10
5,18,47,26,50,24.232933985766937,59.80200897890768,1
5,18,28,26,28,22.912933985766937,47.14200897890768,10
3,18,28,19,36,25.63293398576694,51.21200897890769,9
6,19,66,42,66,37.722933985766936,68.79200897890769,7
3,18,28,19,35,24.63293398576694,52.60200897890769,1
5,18,46,33,47,29.95293398576694,63.37200897890769,9
6,35,28,34,33,22.912933985766937,64.63200897890769,8
6,18,51,23,55,22.842933985766937,60.61200897890768,8
6,18,48,20,57,26.682933985766937,63.82200897890769,9
7,45,66,46,49,30.63293398576694,79.85200897890769,2
6,33,43,33,34,22.70293398576694,55.68200897890769,5
8,20,65,21,64,16.63293398576694,60.97200897890768,1
6,20,60,41,58,35.63293398576694,66.69200897890768,7
9,28,57,19,50,26.81293398576694,75.30200897890768,2
3,18,28,19,42,31.63293398576694,51.21200897890769,9
6,18,65,53,64,49.64293398576694,73.13200897890769,7
7,27,37,28,48,28.63293398576694,50.60200897890769,1
3,47,28,19,40,47.83293398576694,73.75200897890768,8
3,18,28,19,44,33.63293398576694,73.13200897890769,7
7,20,47,39,48,33.88293398576694,51.87200897890769,4
6,21,47,44,52,38.722933985766936,59.62200897890769,8
7,32,38,26,31,24.232933985766937,53.44200897890769,5
3,18,28,19,61,50.63293398576694,75.28200897890768,2
5,18,38,19,47,26.63293398576694,57.922008978907684,4
5,18,40,19,50,27.63293398576694,62.39200897890768,4
6,30,44,31,34,23.63293398576694,48.97200897890768,5
8,42,55,30,48,29.56293398576694,72.26200897890769,2
5,28,46,34,38,23.44293398576694,50.44200897890769,5
3,29,28,20,32,27.292933985766936,47.69200897890769,8
6,19,69,58,65,53.68293398576694,78.73200897890769,7
4,18,48,20,59,28.67293398576694,59.26200897890769,10
9,22,53,19,48,20.63293398576694,59.02200897890769,2
4,23,34,19,37,22.70293398576694,48.772008978907685,8
4,18,58,42,46,40.71293398576694,59.94200897890768,5
5,18,53,41,50,37.652933985766936,67.79200897890769,7
7,18,28,43,28,39.71293398576694,66.79200897890769,6
5,18,78,36,65,35.88293398576694,74.95200897890768,2
3,18,28,19,41,30.63293398576694,64.66200897890769,6
6,28,71,29,62,22.63293398576694,72.15200897890769,2
5,18,45,35,43,31.63293398576694,61.342008978907685,6
5,18,44,19,59,32.63293398576694,87.44200897890768,8
5,19,77,39,69,35.55293398576694,75.85200897890769,2
4,18,36,21,48,29.77293398576694,45.912008978907686,7
3,30,28,21,32,27.292933985766936,48.97200897890768,4
7,18,28,33,26,29.63293398576694,57.61200897890768,6
8,36,39,32,37,20.63293398576694,49.052008978907686,8
5,18,28,31,26,27.63293398576694,52.60200897890769,10
8,19,41,24,48,25.482933985766937,48.14200897890768,1
3,18,28,19,38,27.63293398576694,54.94200897890768,6
5,18,34,29,34,25.832933985766935,50.93200897890769,9
5,29,49,44,43,30.19293398576694,58.21200897890769,5
4,19,52,29,44,26.45293398576694,50.44200897890769,5
3,18,28,19,37,26.63293398576694,50.60200897890769,1
7,36,64,19,55,34.942933985766935,75.28200897890768,2
6,19,56,40,56,35.73293398576694,59.58200897890768,6
5,18,42,28,47,27.032933985766938,58.38200897890769,8
3,30,28,21,30,26.402933985766936,48.97200897890768,4
3,34,28,25,32,27.292933985766936,53.76200897890769,8
3,18,28,20,61,50.64293398576694,68.89200897890768,5
3,18,28,19,51,40.63293398576694,78.04200897890769,1
5,28,43,34,36,22.70293398576694,47.14200897890768,5
6,18,41,20,59,35.652933985766936,56.10200897890769,1
3,18,28,19,51,40.63293398576694,82.97200897890768,6
3,18,28,19,61,50.63293398576694,81.81200897890768,3
5,18,28,40,28,36.73293398576694,76.37200897890769,10
3,18,28,19,43,32.63293398576694,58.54200897890769,9
5,18,47,44,46,40.652933985766936,71.88200897890769,1
5,18,36,43,33,39.652933985766936,56.80200897890768,6
4,18,37,21,59,39.71293398576694,68.81200897890768,7
6,24,59,32,53,23.69293398576694,55.76200897890769,2
7,30,58,41,62,27.292933985766936,64.33200897890768,4
5,18,56,23,53,19.752933985766937,51.26200897890769,2
5,18,50,28,35,31.44293398576694,73.93200897890769,1
5,18,45,45,44,41.652933985766936,65.74200897890769,6
5,47,54,48,39,28.63293398576694,69.94200897890768,5
7,31,39,34,56,34.73293398576694,59.30200897890768,1
7,37,36,37,43,24.69293398576694,60.22200897890768,9
4,18,39,21,61,39.71293398576694,70.31200897890768,6
6,18,48,27,68,39.042933985766936,68.24200897890769,1
8,36,36,34,34,18.63293398576694,53.76200897890769,8
6,19,66,54,63,49.64293398576694,73.80200897890768,7
4,40,28,41,50,39.63293398576694,69.55200897890768,9
7,33,54,49,58,31.792933985766936,66.00200897890768,4
3,18,28,19,48,37.63293398576694,71.33200897890768,3
3,18,28,19,39,28.63293398576694,59.30200897890768,1
7,18,28,38,28,34.73293398576694,57.14200897890768,6
5,18,42,25,47,24.85293398576694,59.02200897890769,4
4,18,44,19,64,37.63293398576694,68.18200897890769,7
3,18,28,19,47,36.63293398576694,75.45200897890768,1
5,18,36,28,34,24.63293398576694,56.97200897890768,7
5,18,50,22,59,27.032933985766938,72.75200897890768,8
9,28,41,19,32,27.84293398576694,77.75200897890768,3
4,18,50,19,56,23.63293398576694,53.76200897890769,2
3,18,28,20,65,54.64293398576694,65.97200897890768,5
9,18,34,31,26,29.052933985766938,55.68200897890769,3
3,38,28,19,35,37.56293398576694,56.202008978907685,8
6,20,49,33,54,29.52293398576694,53.44200897890769,4
7,39,50,19,32,42.03293398576694,79.41200897890769,3
5,18,40,19,50,27.63293398576694,64.33200897890768,4
5,18,71,37,63,34.60293398576694,69.56200897890768,2
3,18,28,21,59,48.69293398576694,70.41200897890769,3
3,37,28,19,33,35.88293398576694,49.732008978907686,4
7,18,28,25,28,21.95293398576694,59.15200897890769,6
3,18,28,19,52,41.63293398576694,75.45200897890768,2
4,43,28,46,35,24.85293398576694,59.62200897890769,1
5,18,42,40,33,37.77293398576694,63.482008978907686,9
7,39,28,40,37,26.63293398576694,60.97200897890768,8
5,18,39,43,32,40.152933985766936,62.14200897890768,9
6,35,60,36,45,28.63293398576694,67.45200897890768,3
3,18,28,19,50,39.63293398576694,80.96200897890769,1
4,18,34,20,41,24.69293398576694,41.35200897890769,10
7,26,55,26,78,40.652933985766936,74.75200897890768,9
5,20,63,26,57,22.032933985766938,58.54200897890769,3
4,18,50,20,69,36.652933985766936,75.15200897890769,6
6,33,58,44,47,29.082933985766935,65.15200897890769,3
6,18,43,20,49,23.69293398576694,47.64200897890768,1
8,35,44,19,32,35.35293398576694,69.15200897890769,3
7,38,59,39,44,28.63293398576694,69.56200897890768,2
7,37,35,33,33,20.63293398576694,64.63200897890769,8
3,18,28,19,35,24.63293398576694,60.22200897890768,7
7,34,38,33,31,21.022933985766937,57.922008978907684,5
8,33,62,29,55,22.70293398576694,75.30200897890768,2
4,18,46,21,63,34.73293398576694,66.79200897890769,6
6,19,54,31,53,26.682933985766937,52.552008978907686,7
5,18,45,47,43,43.63293398576694,62.452008978907685,7
7,18,28,27,27,23.69293398576694,50.37200897890769,6
3,35,28,28,31,25.06293398576694,58.38200897890769,4
7,35,51,19,35,37.652933985766936,73.06200897890768,2
4,34,28,36,36,25.682933985766937,47.64200897890768,9
7,45,37,42,52,33.09293398576694,59.62200897890769,1
6,20,71,60,69,54.63293398576694,81.55200897890768,7
8,19,76,40,66,37.17293398576694,74.53200897890768,1
3,43,28,30,34,31.752933985766937,62.75200897890768,4
4,18,40,20,44,21.712933985766938,41.842008978907685,10
5,18,41,42,35,38.98293398576694,55.38200897890769,9
4,33,28,34,42,31.63293398576694,60.22200897890768,1
4,34,28,36,51,40.652933985766936,67.33200897890768,1
3,18,28,19,53,42.63293398576694,61.80200897890768,3
7,24,41,25,61,37.63293398576694,57.65200897890769,9
6,28,65,38,56,27.032933985766938,65.52200897890769,2
7,26,53,27,46,20.63293398576694,51.26200897890769,2
6,24,78,35,72,26.402933985766936,76.55200897890768,3
3,18,28,19,35,24.63293398576694,61.19200897890768,9
3,18,28,19,35,24.63293398576694,59.58200897890768,6
5,18,34,40,36,37.012933985766935,58.76200897890769,1
3,18,28,19,35,24.63293398576694,52.552008978907686,10
7,28,44,31,50,23.88293398576694,65.82200897890769,1
5,19,86,38,73,36.73293398576694,83.17200897890768,2
4,18,50,19,63,30.63293398576694,68.21200897890769,6
4,20,30,19,30,18.462933985766938,37.76200897890769,8
4,33,28,35,44,33.66293398576694,58.812008978907684,9
6,18,53,24,57,23.44293398576694,64.63200897890769,4
3,18,28,19,42,31.63293398576694,54.71200897890769,1
3,18,28,19,49,38.63293398576694,62.16200897890769,9
5,18,50,40,46,36.73293398576694,57.14200897890768,6
4,18,38,20,54,33.66293398576694,52.60200897890769,7
7,38,75,33,66,24.85293398576694,85.39200897890768,2
7,35,48,19,33,37.03293398576694,71.80200897890768,3
5,18,28,38,28,34.73293398576694,56.812008978907684,10
5,18,58,23,56,19.63293398576694,53.76200897890769,2
5,18,49,29,47,25.63293398576694,69.21200897890769,1
5,18,28,31,28,27.802933985766938,56.32200897890769,10
3,18,28,19,54,43.63293398576694,65.52200897890769,2
8,29,28,31,35,24.69293398576694,42.14200897890768,8
3,34,28,19,38,35.63293398576694,61.54200897890769,4
7,28,55,29,48,20.63293398576694,53.76200897890769,2
5,18,69,29,65,25.832933985766935,64.59200897890769,2
3,18,28,19,41,30.63293398576694,70.15200897890769,7
9,18,50,29,26,39.80293398576694,61.43200897890769,3
7,56,34,51,32,21.63293398576694,77.31200897890768,8
7,41,38,22,57,44.63293398576694,60.74200897890769,1
5,18,40,19,49,26.63293398576694,60.15200897890769,4
7,30,36,25,30,22.842933985766937,48.08200897890769,5
5,18,46,31,33,31.91293398576694,66.78200897890768,1
7,19,39,26,40,22.342933985766937,38.78200897890768,8
3,42,28,25,33,34.942933985766935,59.02200897890769,4
7,51,35,45,33,22.63293398576694,77.14200897890768,8
4,27,34,19,38,26.45293398576694,62.39200897890768,4
6,20,50,28,47,22.70293398576694,45.912008978907686,7
6,32,77,33,64,26.63293398576694,81.81200897890768,3
7,25,52,33,54,23.69293398576694,53.44200897890769,8
5,18,42,36,46,33.66293398576694,49.732008978907686,8
6,30,70,38,62,24.85293398576694,72.84200897890769,3
7,18,28,43,26,39.63293398576694,68.83200897890768,6
6,19,59,30,58,25.682933985766937,64.15200897890769,6
6,18,41,25,41,21.95293398576694,38.302008978907686,7
7,48,51,19,38,47.582933985766935,74.57200897890769,3
3,35,28,19,33,34.012933985766935,49.732008978907686,8
5,18,76,29,69,26.81293398576694,73.76200897890769,2
7,42,40,43,63,40.63293398576694,66.24200897890769,9
3,18,28,19,54,43.63293398576694,52.60200897890769,5
5,18,38,19,47,26.63293398576694,57.922008978907684,4
5,18,37,43,34,39.652933985766936,61.19200897890768,9
5,18,53,41,49,37.722933985766936,63.482008978907686,7
7,37,28,40,32,21.95293398576694,66.56200897890768,8
8,41,34,35,32,22.63293398576694,66.56200897890768,8
7,41,36,42,57,38.63293398576694,60.74200897890769,9
4,26,28,29,42,31.752933985766937,65.82200897890769,1
5,52,54,53,39,28.63293398576694,73.88200897890769,5
4,21,39,19,48,27.032933985766938,72.75200897890768,8
8,38,44,19,32,37.99293398576694,72.39200897890768,2
4,19,52,27,46,23.69293398576694,52.75200897890768,5
7,41,74,42,57,30.63293398576694,85.46200897890769,3
3,18,28,19,64,53.63293398576694,72.26200897890769,2
10,18,44,31,26,35.63293398576694,65.15200897890769,3
3,18,28,19,45,34.63293398576694,60.97200897890768,1
6,18,54,33,54,29.77293398576694,53.44200897890769,7
6,20,59,27,59,21.95293398576694,57.25200897890768,7
6,35,70,38,63,21.022933985766937,70.99200897890769,2
5,18,47,38,44,34.66293398576694,61.092008978907685,1
5,18,42,34,40,30.63293398576694,48.772008978907685,6
4,38,28,41,34,23.88293398576694,63.482008978907686,1
7,37,28,40,32,21.95293398576694,66.56200897890768,8
8,53,58,41,50,29.95293398576694,87.33200897890768,2
4,18,48,20,54,23.69293398576694,53.90200897890769,10
6,26,65,40,59,29.232933985766937,67.32200897890769,3
6,23,45,34,48,26.81293398576694,48.772008978907685,8
5,18,45,30,41,26.81293398576694,62.66200897890769,9
7,24,47,31,48,22.342933985766937,47.202008978907685,8
7,29,28,30,32,21.63293398576694,47.202008978907685,8
7,42,69,43,51,31.63293398576694,82.15200897890769,3
3,18,28,19,51,40.63293398576694,71.88200897890769,9
3,18,28,19,44,33.63293398576694,69.94200897890768,7
3,18,28,19,43,32.63293398576694,75.95200897890768,6
5,18,35,42,36,38.82293398576694,60.74200897890769,1
3,18,28,21,53,42.70293398576694,58.94200897890768,5
5,18,53,51,53,47.69293398576694,70.31200897890768,7
4,18,37,19,44,24.63293398576694,57.14200897890768,4
4,35,28,37,38,27.67293398576694,58.86200897890768,1
5,18,35,29,31,25.832933985766935,53.202008978907685,6
7,25,49,32,52,23.44293398576694,51.21200897890769,8
6,18,41,20,60,36.652933985766936,63.90200897890769,1
3,37,28,20,32,34.60293398576694,64.63200897890769,4
3,18,28,19,46,35.63293398576694,57.61200897890768,7
6,18,38,29,58,39.80293398576694,59.36200897890768,1
7,37,59,38,44,28.63293398576694,68.24200897890769,2
6,20,57,42,57,36.73293398576694,64.66200897890769,6
5,18,34,19,38,21.63293398576694,49.052008978907686,8
3,18,28,19,32,21.63293398576694,55.76200897890769,9
6,20,64,42,61,36.652933985766936,70.98200897890769,7
5,18,28,41,26,37.63293398576694,56.97200897890768,10
5,26,48,38,42,27.332933985766935,52.75200897890768,5
4,18,65,19,86,38.63293398576694,85.08200897890768,3
5,18,34,19,37,20.63293398576694,40.50200897890768,8
7,18,28,43,24,39.71293398576694,59.02200897890769,6
7,25,52,33,54,23.69293398576694,53.44200897890769,8
4,18,40,19,44,21.63293398576694,46.22200897890768,7
4,18,36,19,51,32.63293398576694,56.11200897890768,10
4,20,34,19,38,21.95293398576694,48.97200897890768,4
3,18,28,19,63,52.63293398576694,82.15200897890769,3
4,18,48,19,56,25.63293398576694,55.68200897890769,3
3,28,28,20,31,25.932933985766937,45.99200897890769,8
7,32,49,25,52,25.06293398576694,51.672008978907684,1
6,18,53,20,72,36.652933985766936,70.52200897890769,1
7,36,39,36,56,34.66293398576694,57.13200897890769,1
3,18,28,20,52,41.652933985766936,71.80200897890768,3
4,35,28,38,32,21.95293398576694,51.14200897890768,9
5,18,46,26,46,22.912933985766937,73.13200897890769,7
5,18,46,21,53,24.85293398576694,62.39200897890768,4
5,18,75,26,71,22.912933985766937,71.18200897890769,2
7,40,40,34,32,24.85293398576694,62.64200897890768,5
6,37,64,38,52,25.63293398576694,70.99200897890769,2
3,18,28,19,57,46.63293398576694,75.30200897890768,3
7,37,39,36,56,34.73293398576694,63.732008978907686,1
6,18,47,19,57,27.63293398576694,59.80200897890768,1
3,18,28,19,53,42.63293398576694,59.02200897890769,2
3,35,28,19,34,34.42293398576694,51.552008978907686,4
7,57,38,53,36,20.63293398576694,80.94200897890768,8
7,43,28,45,32,21.712933985766938,59.62200897890769,8
5,19,85,40,69,40.042933985766936,82.89200897890768,2
4,18,37,19,44,24.63293398576694,57.14200897890768,4
4,28,28,31,33,22.912933985766937,63.90200897890769,1
3,18,28,19,48,37.63293398576694,65.80200897890768,9
4,40,28,41,41,30.63293398576694,78.60200897890769,1
5,18,28,34,27,30.662933985766937,53.90200897890769,10
3,18,28,19,46,35.63293398576694,56.15200897890769,6
7,30,36,25,30,22.842933985766937,48.08200897890769,5
3,33,28,25,31,25.932933985766937,57.65200897890769,8
5,20,64,29,61,23.69293398576694,60.77200897890769,2
8,18,44,27,26,33.52293398576694,55.12200897890769,3
5,28,58,37,50,25.63293398576694,63.29200897890769,5
3,31,28,26,30,22.842933985766937,51.672008978907684,8
6,20,52,31,51,25.682933985766937,51.69200897890769,6
5,20,65,35,58,30.502933985766937,62.452008978907685,3
6,38,48,36,36,26.072933985766937,65.97200897890768,5
8,37,52,29,44,26.45293398576694,73.76200897890769,2
6,18,47,26,50,24.232933985766937,53.44200897890769,4
3,34,28,28,31,24.232933985766937,54.39200897890768,4
7,43,67,44,48,32.63293398576694,82.56200897890768,2
6,20,64,38,62,32.63293398576694,73.80200897890768,6
8,56,49,29,40,44.49293398576694,82.58200897890768,3
3,18,28,19,37,26.63293398576694,47.772008978907685,10
8,37,38,33,36,20.63293398576694,54.342008978907685,8
7,33,72,34,60,25.63293398576694,75.30200897890768,2
7,30,36,25,57,39.402933985766936,55.38200897890769,1
3,18,28,19,47,36.63293398576694,70.61200897890768,9
3,18,28,19,39,28.63293398576694,72.47200897890768,6
9,60,39,54,37,22.63293398576694,87.44200897890768,8
9,28,50,19,42,27.292933985766936,83.99200897890769,2
5,30,49,44,40,30.392933985766938,58.94200897890768,5
8,26,28,27,32,21.63293398576694,40.03200897890768,8
7,18,28,29,24,25.832933985766935,54.94200897890768,6
6,18,36,26,36,22.912933985766937,38.422008978907684,8
5,18,52,42,53,38.82293398576694,69.15200897890769,1
4,23,33,19,36,22.70293398576694,59.88200897890769,4
3,18,28,19,41,30.63293398576694,50.46200897890769,10
6,20,46,31,50,27.292933985766936,48.97200897890768,4
5,28,62,40,53,28.67293398576694,66.43200897890769,5
4,31,28,32,32,21.63293398576694,56.15200897890769,9
4,24,35,19,40,24.85293398576694,59.02200897890769,4
3,18,28,19,42,31.63293398576694,69.85200897890769,6
5,18,60,26,54,23.69293398576694,55.12200897890769,3
3,18,28,19,47,36.63293398576694,70.65200897890769,7
7,44,38,45,55,34.63293398576694,61.092008978907685,9
8,46,28,47,36,25.63293398576694,65.33200897890768,8
3,37,28,20,36,36.222933985766936,64.63200897890769,4
5,18,40,35,38,31.63293398576694,61.842008978907685,6
9,30,36,25,34,21.63293398576694,39.11200897890768,8
8,32,33,19,26,30.502933985766937,57.922008978907684,5
3,18,28,19,40,29.63293398576694,60.43200897890769,6
5,32,52,36,43,23.252933985766937,60.15200897890769,5
4,18,46,20,55,26.682933985766937,52.50200897890768,10
7,51,48,19,32,51.48293398576694,79.57200897890769,2
5,18,42,28,44,25.482933985766937,56.35200897890769,1
5,18,36,19,42,23.63293398576694,48.97200897890768,4
7,51,49,19,32,51.88293398576694,81.22200897890768,3
4,34,28,37,37,26.81293398576694,57.13200897890769,1
7,29,46,30,55,26.63293398576694,53.162008978907686,9
4,40,28,42,34,23.69293398576694,60.74200897890769,9
5,19,69,42,63,37.99293398576694,69.65200897890769,3
6,19,39,28,40,24.17293398576694,39.94200897890769,8
7,28,64,19,55,27.84293398576694,72.15200897890769,2
7,42,42,42,65,40.652933985766936,67.93200897890769,1
4,18,39,21,47,25.832933985766935,50.46200897890769,7
3,18,28,19,42,31.63293398576694,62.452008978907685,10
6,18,47,20,53,23.69293398576694,61.092008978907685,1
7,37,36,29,58,41.262933985766935,59.36200897890768,1
9,24,55,19,49,22.842933985766937,65.56200897890768,2
3,18,28,19,47,36.63293398576694,81.04200897890769,7
6,20,63,42,72,39.34293398576694,74.02200897890769,8
4,26,28,28,35,24.69293398576694,73.93200897890769,1
3,18,28,19,46,35.63293398576694,59.26200897890769,10
6,20,64,42,61,36.652933985766936,70.98200897890769,7
3,35,28,19,39,37.03293398576694,64.63200897890769,8
7,18,28,30,26,26.63293398576694,39.94200897890769,6
6,19,59,27,58,22.70293398576694,57.07200897890769,7
3,30,28,21,32,27.292933985766936,48.97200897890768,4
6,33,43,33,34,22.70293398576694,55.68200897890769,5
4,18,58,19,65,24.63293398576694,62.40200897890769,2
5,34,52,35,38,27.63293398576694,61.54200897890769,5
6,18,61,26,61,22.912933985766937,63.482008978907686,7
4,18,40,19,50,27.63293398576694,61.54200897890769,4
5,18,28,41,27,37.652933985766936,61.80200897890768,10
7,19,42,27,42,22.912933985766937,40.50200897890768,8
5,18,53,52,49,48.69293398576694,80.94200897890768,6
3,27,28,20,30,24.572933985766937,39.94200897890769,8
6,30,49,46,54,32.18293398576694,61.04200897890769,4
3,18,28,19,36,25.63293398576694,58.26200897890769,1
9,51,34,47,32,20.63293398576694,82.05200897890768,8
6,28,71,29,62,22.63293398576694,72.15200897890769,2
9,39,34,36,32,19.63293398576694,58.76200897890769,8
5,18,44,45,44,41.71293398576694,69.85200897890769,6
6,32,60,36,51,23.252933985766937,65.60200897890769,3
3,35,28,23,32,29.95293398576694,60.61200897890768,8
3,18,28,19,42,31.63293398576694,64.34200897890769,9
7,32,36,19,26,31.752933985766937,55.68200897890769,5
5,18,44,42,47,39.17293398576694,64.02200897890769,9
5,18,47,38,44,34.66293398576694,61.092008978907685,1
4,36,28,38,44,33.66293398576694,61.092008978907685,1
8,25,54,19,48,23.69293398576694,61.43200897890769,3
4,18,41,19,53,29.63293398576694,53.03200897890768,10
5,20,65,27,61,21.95293398576694,62.86200897890768,2
5,18,75,26,71,22.912933985766937,74.91200897890769,3
3,29,28,19,31,27.712933985766938,39.94200897890769,8
4,30,28,33,47,36.73293398576694,51.672008978907684,1
4,22,35,19,40,23.69293398576694,54.39200897890768,4
3,18,28,19,50,39.63293398576694,70.99200897890769,2
9,28,42,19,33,27.84293398576694,72.23200897890769,2
3,18,28,19,35,24.63293398576694,49.922008978907684,10
7,40,35,43,57,39.71293398576694,61.342008978907685,9
5,18,38,19,47,26.63293398576694,57.922008978907684,4
4,20,37,19,44,24.85293398576694,62.39200897890768,4
7,41,37,40,45,25.832933985766935,55.38200897890769,9
7,26,54,35,58,25.63293398576694,57.922008978907684,4
6,24,55,32,49,23.69293398576694,53.922008978907684,2
4,41,33,19,36,39.17293398576694,66.69200897890768,4
4,18,55,41,44,39.402933985766936,56.97200897890768,5
4,18,37,19,44,24.63293398576694,56.202008978907685,8
5,18,51,21,61,27.802933985766938,74.02200897890769,8
3,18,28,19,34,23.63293398576694,43.54200897890769,10
4,18,33,19,36,20.63293398576694,38.26200897890769,8
9,20,52,26,50,20.63293398576694,47.14200897890768,1
7,37,41,36,52,28.782933985766938,54.342008978907685,1
3,18,28,20,47,36.652933985766936,51.00200897890768,3
7,34,36,25,30,26.402933985766936,50.982008978907686,5
8,25,57,19,51,23.69293398576694,66.11200897890768,3
5,35,46,38,38,21.95293398576694,53.54200897890769,5
5,18,36,19,41,22.63293398576694,46.74200897890769,8
3,18,28,19,56,45.63293398576694,74.53200897890768,3
9,32,80,39,62,32.722933985766936,78.60200897890769,1
3,18,28,19,39,28.63293398576694,58.812008978907684,9
6,18,41,21,50,26.81293398576694,55.38200897890769,9
5,18,36,40,38,37.012933985766935,62.96200897890769,1
8,18,34,41,26,38.43293398576694,81.22200897890768,3
7,43,71,44,60,24.63293398576694,78.04200897890769,3
4,18,38,19,42,21.63293398576694,44.07200897890769,6
4,18,61,21,81,37.722933985766936,82.56200897890768,2
4,18,33,19,36,20.63293398576694,40.50200897890768,8
6,19,52,35,51,30.662933985766937,51.82200897890769,6
6,37,44,38,34,23.63293398576694,52.75200897890768,5
6,41,44,42,34,23.63293398576694,56.11200897890768,5
6,25,59,41,53,31.152933985766936,61.80200897890768,3
4,18,50,19,55,22.63293398576694,53.922008978907684,2
3,18,28,19,51,40.63293398576694,83.02200897890769,6
6,18,48,26,51,24.232933985766937,55.68200897890769,4
3,18,28,19,34,23.63293398576694,58.26200897890769,9
7,30,38,32,61,40.652933985766936,61.36200897890768,9
4,36,28,38,47,36.652933985766936,72.71200897890769,9
3,52,28,43,32,27.292933985766936,73.13200897890769,4
6,20,60,46,57,40.652933985766936,64.01200897890769,6
8,28,51,19,43,27.292933985766936,60.77200897890769,2
6,41,44,42,34,23.63293398576694,56.11200897890768,5
7,25,53,43,56,33.35293398576694,61.842008978907685,8
5,44,58,50,46,26.81293398576694,71.96200897890769,5
5,18,52,25,39,28.162933985766937,52.732008978907686,1
9,18,38,44,26,42.56293398576694,90.68200897890769,3
6,18,46,20,60,31.66293398576694,63.37200897890769,9
5,18,46,21,53,24.85293398576694,62.39200897890768,4
7,23,47,30,48,22.342933985766937,46.74200897890769,8
5,18,51,49,49,45.63293398576694,68.11200897890768,7
6,18,34,21,44,27.802933985766938,47.64200897890768,9
9,18,50,29,26,39.80293398576694,61.43200897890769,3
4,20,54,21,60,23.63293398576694,62.64200897890768,3
9,22,52,19,47,20.63293398576694,61.36200897890768,2
3,35,28,19,39,37.03293398576694,64.63200897890769,8
6,19,57,30,57,25.832933985766935,55.38200897890769,7
6,42,76,48,61,29.56293398576694,91.49200897890768,2
5,18,51,32,44,29.56293398576694,71.48200897890769,9
5,18,46,40,54,38.89293398576694,57.14200897890768,4
5,18,34,29,33,25.682933985766937,43.61200897890768,7
3,29,28,26,29,20.63293398576694,42.14200897890768,8
7,34,48,34,70,39.652933985766936,70.84200897890769,9
8,27,64,24,59,20.63293398576694,69.01200897890769,3
5,18,39,30,36,26.682933985766937,70.31200897890768,6
9,28,70,31,50,33.74293398576694,65.82200897890769,1
6,37,75,38,60,28.63293398576694,83.17200897890768,2
4,27,37,19,44,28.362933985766936,69.00200897890768,4
6,18,68,50,68,46.692933985766935,74.34200897890769,7
6,18,47,19,57,27.63293398576694,59.80200897890768,1
5,18,42,21,47,22.912933985766937,53.44200897890769,4
6,19,48,33,47,28.67293398576694,49.802008978907686,7
6,20,65,29,63,23.63293398576694,71.06200897890768,6
6,18,49,34,52,31.44293398576694,66.00200897890768,4
5,20,63,25,59,20.10293398576694,59.14200897890768,2
8,51,37,48,35,19.63293398576694,78.75200897890768,8
8,51,37,48,35,19.63293398576694,78.75200897890768,8
4,18,64,20,74,27.67293398576694,78.22200897890768,2
7,32,28,35,36,25.832933985766935,55.43200897890769,8
5,24,48,31,42,22.842933985766937,48.97200897890768,5
4,18,51,21,58,24.85293398576694,58.86200897890768,10
7,42,57,51,60,25.06293398576694,68.83200897890768,8
3,18,28,19,40,29.63293398576694,64.86200897890768,7
4,18,51,25,46,22.342933985766937,48.08200897890769,5
5,18,58,38,70,39.23293398576694,70.47200897890768,8
3,18,28,20,52,41.652933985766936,81.22200897890768,3
4,26,36,19,41,26.26293398576694,61.842008978907685,8
5,35,58,39,46,26.072933985766937,65.97200897890768,5
7,27,52,35,54,23.69293398576694,54.39200897890768,4
7,34,57,19,43,35.63293398576694,75.90200897890769,3
5,18,42,21,47,22.912933985766937,55.43200897890769,8
3,18,28,19,58,47.63293398576694,82.89200897890768,2
6,18,48,20,57,26.682933985766937,63.82200897890769,9
9,34,41,19,32,33.09293398576694,78.22200897890768,2
6,18,70,26,67,22.70293398576694,68.66200897890769,6
6,18,59,42,55,38.722933985766936,60.74200897890769,7
3,18,28,19,54,43.63293398576694,75.37200897890769,3
6,40,37,19,26,39.402933985766936,56.97200897890768,5
5,30,46,31,35,24.63293398576694,52.60200897890769,5
6,47,28,47,34,23.69293398576694,72.14200897890768,8
9,24,56,31,54,21.63293398576694,52.60200897890769,1
6,20,60,34,57,28.67293398576694,65.33200897890768,6
3,18,28,19,34,23.63293398576694,54.94200897890768,10
6,33,58,44,47,29.082933985766935,65.15200897890769,3
4,40,28,43,36,25.832933985766935,61.19200897890768,1
4,18,51,19,60,26.63293398576694,66.83200897890768,3
4,18,57,31,44,31.91293398576694,53.522008978907685,5
3,18,28,19,32,21.63293398576694,57.52200897890769,6
3,40,28,22,37,37.582933985766935,72.75200897890768,8
7,36,52,35,65,30.76293398576694,80.96200897890769,1
3,18,28,19,50,39.63293398576694,71.79200897890769,2
3,18,28,19,32,21.63293398576694,50.93200897890769,9
4,18,43,19,56,30.63293398576694,77.14200897890768,8
4,26,36,19,42,26.94293398576694,82.05200897890768,8
6,18,39,20,52,30.662933985766937,63.19200897890768,9
5,18,28,42,26,38.63293398576694,56.11200897890768,10
6,38,48,36,36,26.072933985766937,65.97200897890768,5
7,40,43,39,62,36.73293398576694,78.60200897890769,1
4,18,37,19,48,28.63293398576694,52.552008978907686,10
4,30,28,32,33,22.70293398576694,53.01200897890769,1
6,18,52,20,74,39.652933985766936,74.53200897890768,1
3,18,28,19,38,27.63293398576694,62.64200897890768,1
4,18,55,21,66,28.782933985766938,64.52200897890769,2
7,35,38,34,45,24.85293398576694,47.64200897890768,9
5,18,46,45,42,41.71293398576694,69.34200897890769,9
6,36,52,37,38,27.63293398576694,63.29200897890769,5
5,18,46,43,45,39.652933985766936,67.08200897890768,9
4,20,36,19,42,23.88293398576694,78.96200897890769,8
6,32,69,35,62,21.022933985766937,71.79200897890769,2
3,18,28,19,64,53.63293398576694,86.61200897890768,2
6,18,36,23,36,20.10293398576694,39.11200897890768,8
3,18,28,19,50,39.63293398576694,69.01200897890769,9
3,46,28,37,31,26.81293398576694,65.33200897890768,8
3,18,28,19,43,32.63293398576694,75.48200897890769,1
7,36,44,38,67,40.652933985766936,67.33200897890768,1
4,18,44,20,63,36.652933985766936,62.452008978907685,10
9,18,34,35,26,32.722933985766936,62.64200897890768,3
7,18,28,27,26,23.63293398576694,61.342008978907685,6
4,18,66,21,83,34.73293398576694,84.38200897890769,2
7,30,35,19,26,29.52293398576694,53.03200897890768,5
10,18,42,42,26,42.56293398576694,86.76200897890769,3
4,18,56,19,61,22.63293398576694,67.59200897890769,2
5,18,42,40,33,37.77293398576694,63.482008978907686,9
4,18,36,21,48,29.77293398576694,45.912008978907686,7
7,39,50,19,32,42.03293398576694,79.41200897890769,3
4,19,34,19,37,20.732933985766937,47.69200897890769,8
6,18,60,47,58,43.63293398576694,64.66200897890769,6
6,32,78,35,68,23.88293398576694,80.38200897890769,2
6,35,61,36,50,24.63293398576694,63.77200897890769,3
6,37,75,38,66,22.63293398576694,77.50200897890768,2
4,20,61,21,73,29.63293398576694,70.41200897890769,3
3,34,28,19,34,33.52293398576694,50.982008978907686,4
4,18,36,21,51,32.75293398576694,56.80200897890768,6
4,25,28,27,33,22.70293398576694,53.76200897890769,9
5,18,39,34,40,30.932933985766937,48.772008978907685,1
9,37,60,19,54,35.05293398576694,77.85200897890769,2
3,18,28,19,37,26.63293398576694,47.772008978907685,10
4,18,62,20,82,37.652933985766936,80.38200897890769,2
7,18,28,50,27,46.652933985766936,67.42200897890768,6
5,18,34,19,38,21.63293398576694,49.052008978907686,8
9,24,56,31,54,21.63293398576694,52.60200897890769,1
8,18,38,37,26,36.222933985766936,75.28200897890768,3
7,43,59,40,44,29.232933985766937,82.56200897890768,2
7,28,35,28,50,32.66293398576694,48.14200897890768,1
8,31,46,25,40,23.69293398576694,58.54200897890769,3
8,25,48,24,44,18.462933985766938,51.00200897890768,3
6,18,38,19,59,38.63293398576694,62.36200897890768,9
5,18,28,34,28,30.76293398576694,48.772008978907685,10
5,18,39,28,35,24.85293398576694,50.60200897890769,1
3,18,28,19,40,29.63293398576694,60.43200897890769,6
5,18,42,19,55,30.63293398576694,73.25200897890768,8
5,18,46,31,44,27.63293398576694,51.69200897890769,1
7,29,36,26,34,19.63293398576694,39.94200897890769,8
4,18,43,20,57,31.66293398576694,59.88200897890769,7
7,35,47,19,32,37.03293398576694,67.83200897890768,3
8,37,51,31,43,24.85293398576694,72.84200897890769,3
5,18,47,25,43,21.95293398576694,62.50200897890768,6
4,18,46,20,68,39.652933985766936,72.62200897890769,10
6,44,74,46,64,23.69293398576694,79.85200897890769,2
6,18,65,40,61,36.73293398576694,68.54200897890769,6
3,18,28,19,33,22.63293398576694,43.24200897890769,10
3,32,28,26,31,24.232933985766937,53.44200897890769,8
4,26,33,19,36,25.06293398576694,57.922008978907684,4
3,30,28,21,32,27.292933985766936,48.97200897890768,4
7,40,42,43,47,22.912933985766937,57.52200897890769,1
6,49,47,44,36,26.45293398576694,71.18200897890769,5
5,18,51,28,52,25.122933985766938,62.16200897890769,9
3,18,28,19,45,34.63293398576694,71.88200897890769,10
4,29,28,31,36,25.682933985766937,61.36200897890768,9
4,18,34,21,50,33.74293398576694,56.202008978907685,6
3,18,28,19,57,46.63293398576694,75.30200897890768,3
6,18,35,21,41,23.88293398576694,62.14200897890768,1
7,30,35,31,47,29.63293398576694,63.90200897890769,1
7,40,49,33,40,26.26293398576694,62.64200897890768,3
5,27,48,32,42,21.292933985766936,49.43200897890769,5
3,18,28,19,38,27.63293398576694,69.15200897890769,6
3,18,28,19,44,33.63293398576694,56.202008978907685,7
5,18,49,29,47,25.63293398576694,69.21200897890769,1
6,20,60,46,57,40.652933985766936,64.01200897890769,6
3,18,28,19,39,28.63293398576694,58.54200897890769,9
4,32,28,33,38,27.63293398576694,47.382008978907685,1
4,18,35,19,40,22.63293398576694,49.732008978907686,8
5,18,36,19,41,22.63293398576694,46.74200897890769,8
3,18,28,19,50,39.63293398576694,54.702008978907685,5
9,31,35,29,33,18.63293398576694,51.21200897890769,8
6,18,49,33,64,37.652933985766936,67.08200897890768,1
8,41,38,37,36,20.63293398576694,58.38200897890769,8
6,27,49,40,54,29.52293398576694,58.38200897890769,8
4,18,51,21,58,24.85293398576694,58.86200897890768,10
8,18,54,43,47,40.152933985766936,57.52200897890769,1
5,20,73,28,67,23.69293398576694,68.03200897890768,2
3,34,28,28,31,24.232933985766937,54.39200897890768,4
4,37,28,40,40,29.77293398576694,71.80200897890768,1
7,26,71,27,64,20.63293398576694,68.83200897890768,3
4,20,67,36,56,33.122933985766934,65.97200897890768,5
4,38,28,41,38,27.802933985766938,56.85200897890769,9
5,34,52,35,38,27.63293398576694,61.54200897890769,5
4,18,40,19,50,27.63293398576694,70.98200897890769,4
6,19,66,34,64,29.63293398576694,71.82200897890769,6
3,18,28,19,53,42.63293398576694,64.52200897890769,2
4,19,34,19,38,21.712933985766938,60.15200897890769,4
4,18,41,19,52,28.63293398576694,71.18200897890769,8
5,18,36,43,33,39.652933985766936,56.80200897890768,6
7,18,28,37,27,33.66293398576694,81.55200897890768,6
6,20,59,36,57,30.63293398576694,59.58200897890768,6
5,18,78,29,70,27.292933985766936,73.13200897890769,2
6,20,71,60,69,54.63293398576694,81.55200897890768,7
7,33,52,33,58,23.69293398576694,57.482008978907686,1
3,18,28,20,48,37.652933985766936,67.33200897890768,3
3,26,28,20,29,23.252933985766937,40.50200897890768,8
3,18,28,19,55,44.63293398576694,78.22200897890768,2
4,18,40,19,44,21.63293398576694,46.22200897890768,7
4,33,28,36,38,27.802933985766938,70.61200897890768,9
5,18,37,46,34,42.652933985766936,63.25200897890768,7
3,18,28,19,62,51.63293398576694,75.85200897890769,2
6,30,37,19,26,30.63293398576694,53.522008978907685,5
3,30,28,19,35,30.63293398576694,52.60200897890769,4
6,25,73,33,66,24.232933985766937,71.18200897890769,2
8,20,62,28,69,27.032933985766938,71.88200897890769,1
5,18,28,32,26,28.63293398576694,57.61200897890768,10
4,36,28,38,37,26.682933985766937,63.732008978907686,1
5,19,73,29,67,25.482933985766937,72.23200897890769,2
6,37,47,36,36,24.85293398576694,64.63200897890769,5
3,18,28,19,46,35.63293398576694,60.74200897890769,2
7,25,52,24,63,28.782933985766938,59.80200897890768,1
7,36,35,37,58,40.63293398576694,66.00200897890768,9
4,19,57,20,80,40.63293398576694,83.43200897890769,3
5,23,44,29,39,21.462933985766938,45.40200897890769,5
6,18,43,21,54,28.782933985766938,66.24200897890769,9
4,18,62,19,69,24.63293398576694,69.56200897890768,2
7,28,55,19,46,27.84293398576694,62.40200897890769,2
4,19,55,26,50,22.342933985766937,52.552008978907686,5
7,34,57,19,43,35.63293398576694,75.90200897890769,3
3,18,28,19,43,32.63293398576694,62.452008978907685,7
7,34,36,33,30,20.10293398576694,49.342008978907685,5
5,18,46,31,54,31.252933985766937,52.60200897890769,4
7,25,48,32,50,22.842933985766937,49.43200897890769,8
5,28,62,40,53,28.67293398576694,66.43200897890769,5
9,32,71,35,59,25.832933985766935,68.76200897890769,1
7,18,28,32,28,28.782933985766938,44.342008978907685,6
3,29,28,20,32,27.292933985766936,47.202008978907685,8
5,18,52,40,52,36.73293398576694,74.53200897890768,1
8,41,50,31,40,29.232933985766937,76.27200897890769,2
3,25,28,20,28,21.95293398576694,38.78200897890768,8
4,39,28,41,41,30.662933985766937,62.36200897890768,1
4,20,66,36,52,34.84293398576694,63.77200897890769,5
3,18,28,19,39,28.63293398576694,63.91200897890769,6
6,60,28,60,33,22.70293398576694,82.97200897890768,8
6,28,38,28,31,20.732933985766937,45.40200897890769,5
4,18,57,19,66,26.63293398576694,67.32200897890769,3
3,18,28,19,37,26.63293398576694,56.202008978907685,6
3,18,28,19,37,26.63293398576694,61.96200897890769,6
3,18,28,19,41,30.63293398576694,48.14200897890768,7
6,20,67,44,65,38.63293398576694,68.46200897890769,7
10,18,52,33,26,43.41293398576694,78.04200897890769,3
10,18,47,23,26,35.05293398576694,56.32200897890769,3
6,20,60,31,59,25.682933985766937,60.22200897890768,7
7,35,52,19,41,34.872933985766934,63.77200897890769,3
4,20,53,30,42,28.362933985766936,49.452008978907685,5
6,40,40,29,32,29.052933985766938,54.702008978907685,5
10,18,34,35,26,32.722933985766936,66.07200897890769,3
3,18,28,19,50,39.63293398576694,49.43200897890769,5
3,18,28,19,62,51.63293398576694,68.03200897890768,2
5,18,40,19,51,28.63293398576694,64.63200897890769,4
4,18,56,19,67,28.63293398576694,64.59200897890769,2
7,18,28,43,25,39.652933985766936,57.52200897890769,6
7,35,47,19,32,37.03293398576694,66.52200897890769,2
3,18,28,21,60,49.69293398576694,79.41200897890769,3
3,18,28,19,49,38.63293398576694,73.76200897890769,2
5,18,38,27,36,23.63293398576694,52.60200897890769,7
7,30,56,29,48,21.95293398576694,61.99200897890769,3
5,18,47,20,55,25.682933985766937,64.63200897890769,4
3,40,28,19,34,39.042933985766936,54.702008978907685,4
4,42,28,43,44,33.63293398576694,59.02200897890769,9
7,40,40,34,32,24.85293398576694,62.64200897890768,5
4,18,58,33,50,30.862933985766936,55.68200897890769,5
6,19,48,33,47,28.67293398576694,50.74200897890769,6
6,28,68,39,59,27.84293398576694,70.89200897890768,3
5,18,46,33,44,29.63293398576694,70.41200897890769,6
7,31,42,31,65,40.652933985766936,63.25200897890768,9
5,20,70,36,58,33.66293398576694,67.45200897890768,3
6,18,39,20,45,23.69293398576694,58.28200897890768,9
6,18,49,37,52,34.31293398576694,65.33200897890768,8
6,18,48,29,48,25.832933985766935,46.312008978907684,7
3,26,28,21,29,22.342933985766937,40.03200897890768,8
5,18,50,34,48,30.63293398576694,57.952008978907685,7
6,20,52,31,51,25.682933985766937,51.69200897890769,6
6,24,59,32,53,23.69293398576694,58.54200897890769,3
4,18,34,19,51,34.63293398576694,56.97200897890768,6
5,18,28,39,28,35.73293398576694,58.202008978907685,10
4,25,28,28,52,41.71293398576694,62.16200897890769,9
7,18,28,32,25,28.67293398576694,60.422008978907684,6
3,18,28,19,50,39.63293398576694,74.53200897890768,1
10,18,37,32,26,31.44293398576694,58.54200897890769,3
6,18,45,19,60,32.63293398576694,64.94200897890768,1
3,30,28,21,32,27.292933985766936,48.97200897890768,4
3,18,28,19,51,40.63293398576694,60.77200897890769,2
3,18,28,19,34,23.63293398576694,64.78200897890768,9
8,25,48,24,44,18.462933985766938,51.00200897890768,3
7,36,40,39,56,33.74293398576694,68.66200897890769,9
3,18,28,19,52,41.63293398576694,62.40200897890769,2
3,18,28,19,38,27.63293398576694,61.842008978907685,6
5,18,48,35,48,31.752933985766937,74.34200897890769,7
5,18,43,45,39,41.71293398576694,60.35200897890769,9
3,18,28,19,51,40.63293398576694,76.37200897890769,10
8,28,28,29,34,23.63293398576694,39.11200897890768,8
7,43,57,40,44,27.332933985766935,78.04200897890769,3
7,65,53,19,32,66.33293398576694,98.36200897890768,3
8,47,44,45,37,21.462933985766938,66.83200897890768,3
5,18,28,31,28,27.802933985766938,46.33200897890769,10
8,40,49,39,40,22.912933985766937,75.85200897890769,2
5,20,89,43,70,43.43293398576694,89.26200897890769,3
4,20,49,24,42,21.462933985766938,45.40200897890769,5
8,20,66,24,69,21.462933985766938,66.78200897890768,1
4,43,28,45,42,31.66293398576694,69.34200897890769,9
7,47,28,48,33,22.63293398576694,75.39200897890768,8
6,39,66,40,48,31.63293398576694,78.22200897890768,2
6,31,28,31,33,22.70293398576694,41.94200897890769,8
3,18,28,19,38,27.63293398576694,62.64200897890768,1
5,20,69,30,63,25.482933985766937,65.15200897890769,3
4,18,43,19,50,24.63293398576694,54.79200897890769,6
6,18,37,20,46,26.682933985766937,53.382008978907685,9
4,18,53,20,76,40.652933985766936,92.85200897890768,6
7,32,34,31,41,24.85293398576694,69.27200897890769,9
5,18,28,34,28,30.76293398576694,53.90200897890769,10
6,20,70,41,68,35.63293398576694,70.51200897890769,7
4,18,52,19,73,38.63293398576694,72.12200897890769,2
7,40,55,19,44,39.402933985766936,68.67200897890768,3
4,18,55,20,62,24.69293398576694,59.02200897890769,2
6,41,37,19,26,40.332933985766935,56.85200897890769,5
3,18,28,20,46,35.652933985766936,63.77200897890769,3
3,18,28,19,44,33.63293398576694,52.50200897890768,10
9,22,63,19,58,20.63293398576694,68.83200897890768,3
3,18,28,19,50,39.63293398576694,65.09200897890769,3
5,18,45,43,46,39.82293398576694,67.08200897890768,1
3,32,28,21,31,28.63293398576694,53.44200897890769,4
7,18,28,45,28,41.71293398576694,61.842008978907685,6
6,19,64,49,62,44.63293398576694,69.00200897890768,7
3,18,28,19,38,27.63293398576694,54.94200897890768,6
7,33,42,21,48,30.892933985766938,48.772008978907685,1
9,18,55,30,26,44.78293398576694,75.30200897890768,3
3,18,28,19,35,24.63293398576694,63.25200897890768,7
5,18,28,40,28,36.73293398576694,64.68200897890769,10
4,18,38,21,49,28.782933985766938,53.54200897890769,6
6,40,51,41,38,26.63293398576694,62.64200897890768,5
4,24,34,19,38,24.122933985766938,55.38200897890769,4
7,20,52,33,54,28.282933985766938,53.44200897890769,4
3,18,28,19,55,44.63293398576694,61.36200897890768,2
4,18,38,19,46,25.63293398576694,63.18200897890769,4
10,18,34,32,26,29.95293398576694,66.83200897890768,3
5,18,47,30,45,26.63293398576694,61.50200897890768,7
4,19,57,31,47,29.232933985766937,54.342008978907685,5
7,40,28,41,32,21.63293398576694,72.26200897890769,8
3,37,28,24,32,30.862933985766936,64.63200897890769,4
8,20,47,22,50,20.732933985766937,48.97200897890768,1
6,20,72,61,68,55.68293398576694,82.97200897890768,6
4,31,28,34,43,32.75293398576694,60.22200897890768,1
5,18,28,28,26,24.63293398576694,39.632008978907685,10
5,18,38,44,36,40.63293398576694,64.34200897890769,6
6,18,54,30,54,26.81293398576694,56.55200897890768,7
7,37,65,38,50,28.63293398576694,73.76200897890769,2
3,18,28,19,58,47.63293398576694,71.18200897890769,2
3,25,28,19,31,24.232933985766937,38.26200897890769,8
5,20,80,38,73,33.35293398576694,77.50200897890768,2
3,18,28,19,38,27.63293398576694,55.25200897890768,1
3,39,28,19,35,38.48293398576694,57.14200897890768,4
6,18,43,21,45,20.10293398576694,51.87200897890769,4
5,18,50,31,47,27.67293398576694,68.46200897890769,7
3,18,28,19,41,30.63293398576694,48.14200897890768,7
3,18,28,20,52,41.652933985766936,54.342008978907685,5
3,18,28,19,35,24.63293398576694,57.14200897890768,10
6,18,49,24,52,22.70293398576694,59.88200897890769,4
6,39,72,42,57,28.782933985766938,79.00200897890768,2
6,19,48,27,48,22.912933985766937,49.94200897890769,6
4,18,63,19,76,30.63293398576694,75.28200897890768,2
4,18,48,20,53,22.70293398576694,50.302008978907686,2
5,18,28,38,27,34.66293398576694,56.812008978907684,10
3,18,28,19,40,29.63293398576694,55.38200897890769,1
5,18,52,45,62,44.27293398576694,66.55200897890768,4
5,19,57,29,50,25.932933985766937,52.82200897890769,2
3,18,28,19,49,38.63293398576694,59.25200897890768,2
5,41,44,42,34,23.63293398576694,55.38200897890769,5
4,18,39,20,46,24.69293398576694,44.97200897890768,10
4,26,28,28,44,33.66293398576694,56.35200897890769,1
3,18,28,19,61,50.63293398576694,73.13200897890769,2
3,18,28,19,55,44.63293398576694,65.31200897890768,2
4,41,28,42,40,29.63293398576694,54.672008978907684,1
8,19,60,41,57,36.652933985766936,60.97200897890768,1
3,18,28,19,38,27.63293398576694,69.15200897890769,6
4,18,48,19,58,27.63293398576694,64.01200897890769,10
5,18,36,30,32,26.81293398576694,54.94200897890768,7
7,32,66,19,53,33.43293398576694,81.81200897890768,3
3,44,28,36,32,26.45293398576694,64.94200897890768,4
5,20,73,36,62,33.122933985766934,70.24200897890769,2
4,34,28,37,37,26.81293398576694,57.13200897890769,1
4,19,49,29,42,25.932933985766937,48.54200897890769,5
3,18,28,19,61,50.63293398576694,71.62200897890769,2
3,25,28,22,28,20.10293398576694,38.78200897890768,8
3,18,28,19,47,36.63293398576694,57.922008978907684,10
3,36,28,21,35,33.99293398576694,62.39200897890768,4
7,31,76,32,65,24.63293398576694,77.68200897890769,2
9,28,63,19,57,26.402933985766936,77.68200897890769,2
3,30,28,21,32,27.292933985766936,48.97200897890768,4
6,30,67,31,56,24.63293398576694,70.65200897890769,2
5,18,41,35,44,32.39293398576694,58.812008978907684,9
6,19,61,28,61,23.88293398576694,61.96200897890769,7
5,18,58,38,70,39.23293398576694,70.47200897890768,8
6,23,28,24,37,26.63293398576694,36.03200897890768,8
4,19,50,33,45,28.972933985766936,49.342008978907685,5
7,37,36,27,30,27.332933985766935,52.75200897890768,5
7,27,64,26,57,21.022933985766937,65.09200897890769,2
5,18,28,50,26,46.63293398576694,71.18200897890769,10
7,18,28,27,26,23.63293398576694,51.35200897890769,6
6,18,44,34,42,30.63293398576694,44.07200897890769,6
4,40,28,42,35,24.69293398576694,55.38200897890769,9
4,18,51,20,63,29.67293398576694,62.86200897890768,10
4,18,40,21,44,21.95293398576694,44.94200897890769,10
6,18,38,20,50,29.67293398576694,58.50200897890768,1
7,40,61,41,46,28.63293398576694,71.33200897890768,3
3,29,28,26,29,20.63293398576694,42.14200897890768,8
3,25,28,22,28,20.10293398576694,36.562008978907684,8
5,18,42,43,40,39.63293398576694,66.24200897890769,7
5,18,40,34,38,30.63293398576694,60.74200897890769,7
9,24,70,42,69,32.66293398576694,71.88200897890769,1
6,18,47,21,63,33.74293398576694,60.97200897890768,1
8,27,32,19,26,25.482933985766937,48.97200897890768,5
3,18,28,19,34,23.63293398576694,56.97200897890768,7
3,18,28,19,38,27.63293398576694,66.79200897890769,9
6,18,47,22,50,21.462933985766938,54.90200897890769,8
5,18,39,45,37,41.63293398576694,62.60200897890769,1
5,18,78,29,72,26.402933985766936,79.45200897890768,3
3,18,28,19,46,35.63293398576694,68.24200897890769,1
5,18,28,46,28,42.70293398576694,64.01200897890769,10
4,18,53,21,68,32.75293398576694,66.41200897890769,2
5,18,45,45,44,41.652933985766936,65.74200897890769,6
5,18,34,19,39,22.63293398576694,48.39200897890768,4
4,18,43,19,56,30.63293398576694,75.39200897890768,8
5,18,45,38,38,35.28293398576694,63.732008978907686,9
5,18,54,56,66,55.19293398576694,77.31200897890768,8
7,19,42,27,42,22.912933985766937,40.50200897890768,8
7,25,58,41,62,31.792933985766936,64.33200897890768,4
5,18,39,40,39,36.73293398576694,61.96200897890769,6
3,24,28,21,28,20.10293398576694,37.76200897890769,8
6,18,64,25,62,21.63293398576694,69.15200897890769,6
7,32,36,19,26,31.752933985766937,60.15200897890769,5
6,18,65,27,65,23.88293398576694,68.21200897890769,6
3,18,28,20,56,45.652933985766936,58.36200897890768,3
3,18,28,19,48,37.63293398576694,71.33200897890768,3
4,18,39,21,62,40.71293398576694,73.80200897890768,6
6,42,72,43,51,34.63293398576694,89.26200897890769,3
9,23,71,31,47,38.722933985766936,66.78200897890768,1
8,40,42,19,32,39.042933985766936,67.59200897890769,2
7,27,52,29,67,32.66293398576694,64.34200897890769,9
7,43,75,44,60,28.63293398576694,84.38200897890769,2
7,28,53,29,58,22.63293398576694,72.15200897890769,9
3,18,28,19,62,51.63293398576694,61.54200897890769,5
5,18,28,31,28,27.802933985766938,57.25200897890768,10
4,18,36,21,51,32.75293398576694,56.80200897890768,6
9,21,52,31,43,27.032933985766938,48.97200897890768,1
3,18,28,19,34,23.63293398576694,56.35200897890769,10
4,21,30,19,30,19.24293398576694,38.78200897890768,8
6,18,43,28,39,24.85293398576694,41.99200897890769,7
7,18,28,39,26,35.63293398576694,64.34200897890769,6
3,18,28,19,63,52.63293398576694,62.452008978907685,5
5,18,37,37,33,33.74293398576694,51.35200897890769,6
4,18,37,20,42,22.70293398576694,40.03200897890768,7
8,43,34,19,26,41.34293398576694,72.35200897890769,5
9,38,42,19,33,36.82293398576694,75.85200897890769,2
3,18,28,21,56,45.70293398576694,68.67200897890768,3
3,18,28,21,54,43.70293398576694,61.99200897890769,3
6,18,52,19,65,30.63293398576694,69.01200897890769,9
5,18,28,40,27,36.652933985766936,56.35200897890769,10
7,37,37,32,35,21.63293398576694,64.63200897890769,8
7,32,36,19,26,31.752933985766937,58.812008978907684,5
4,18,59,19,76,34.63293398576694,74.95200897890768,2
5,18,28,37,28,33.74293398576694,68.76200897890769,10
7,18,28,28,26,24.63293398576694,92.85200897890768,6
4,27,28,28,43,32.63293398576694,60.22200897890768,1
6,36,71,37,62,22.63293398576694,75.28200897890768,2
3,18,28,19,32,21.63293398576694,43.61200897890768,7
6,38,48,36,36,26.072933985766937,65.97200897890768,5
6,18,52,21,72,37.722933985766936,72.71200897890769,9
8,35,56,27,48,26.45293398576694,72.12200897890769,2
3,18,28,19,49,38.63293398576694,48.08200897890769,5
4,18,62,34,55,31.44293398576694,62.64200897890768,5
3,18,28,20,62,51.64293398576694,68.83200897890768,3
4,32,28,33,37,26.63293398576694,57.03200897890768,9
4,18,50,21,69,36.73293398576694,66.07200897890769,10
4,18,52,29,44,27.292933985766936,54.702008978907685,5
5,19,56,28,50,24.572933985766937,51.552008978907686,2
6,33,38,29,31,22.70293398576694,47.14200897890768,5
5,18,35,26,33,22.63293398576694,49.342008978907685,7
7,51,51,19,37,50.74293398576694,77.94200897890768,2
7,43,75,44,60,28.63293398576694,84.38200897890769,2
3,18,28,21,49,38.722933985766936,48.562008978907684,5
8,19,62,25,66,23.44293398576694,63.90200897890769,1
5,18,45,28,43,24.63293398576694,60.22200897890768,1
4,18,41,21,46,22.912933985766937,48.772008978907685,7
6,18,38,20,48,27.67293398576694,53.01200897890769,1
8,24,28,27,35,24.85293398576694,37.76200897890769,8
4,26,28,27,36,25.63293398576694,58.04200897890769,1
6,39,36,19,26,38.10293398576694,53.28200897890768,5
3,18,28,19,54,43.63293398576694,70.24200897890769,3
6,28,41,29,32,22.63293398576694,45.40200897890769,5
3,18,28,19,48,37.63293398576694,55.76200897890769,10
7,29,46,30,55,26.63293398576694,53.162008978907686,9
9,23,61,19,56,21.462933985766938,69.01200897890769,3
6,18,48,30,45,26.682933985766937,46.552008978907686,7
3,18,28,19,44,33.63293398576694,51.29200897890769,9
7,18,28,26,27,22.70293398576694,44.07200897890769,6
8,33,35,29,33,20.63293398576694,48.772008978907685,8
8,43,62,37,55,24.232933985766937,78.04200897890769,3
5,18,36,30,32,26.81293398576694,54.94200897890768,7
7,34,38,30,31,22.70293398576694,58.812008978907684,5
7,32,55,19,42,33.43293398576694,73.69200897890768,3
5,18,40,35,38,31.63293398576694,46.22200897890768,7
4,18,66,19,71,22.63293398576694,77.94200897890768,2
4,18,52,21,67,32.75293398576694,76.70200897890768,6
6,20,57,38,64,34.872933985766934,66.05200897890768,8
9,30,50,19,40,30.052933985766938,86.76200897890769,3
4,18,59,20,68,26.682933985766937,65.56200897890768,2
5,18,47,38,45,34.63293398576694,61.96200897890769,7
5,18,35,19,37,19.63293398576694,37.79200897890769,8
3,18,28,19,35,24.63293398576694,58.50200897890768,9
6,20,57,47,57,41.71293398576694,63.91200897890769,6
4,18,44,20,56,29.67293398576694,58.202008978907685,10
5,18,53,27,53,23.88293398576694,74.75200897890768,9
4,26,33,19,36,25.06293398576694,49.052008978907686,8
5,18,44,41,50,39.042933985766936,54.702008978907685,4
6,18,50,33,73,44.28293398576694,74.47200897890768,1
5,19,88,66,70,64.33293398576694,98.36200897890768,3
6,28,73,34,66,22.70293398576694,75.30200897890768,3
4,25,34,19,38,24.85293398576694,62.39200897890768,4
4,40,28,43,46,35.73293398576694,67.08200897890768,1
9,23,46,19,42,21.022933985766937,51.00200897890768,3
4,18,40,19,44,21.63293398576694,45.99200897890769,6
7,26,38,26,50,29.67293398576694,58.04200897890769,1
3,18,28,19,63,52.63293398576694,89.68200897890769,2
4,18,48,21,63,32.75293398576694,62.86200897890768,2
6,44,43,37,34,26.26293398576694,61.842008978907685,5
9,26,40,19,32,25.63293398576694,62.86200897890768,2
5,18,49,36,51,33.09293398576694,67.33200897890768,1
3,18,28,19,32,21.63293398576694,58.76200897890769,1
4,18,59,20,77,35.652933985766936,75.30200897890768,2
9,24,38,19,32,22.842933985766937,53.922008978907684,2
3,33,28,19,33,32.18293398576694,47.14200897890768,4
7,18,28,28,26,24.63293398576694,55.43200897890769,6
3,18,28,19,45,34.63293398576694,59.80200897890768,1
5,20,75,33,67,29.052933985766938,71.79200897890769,2
4,18,63,20,84,38.652933985766936,83.17200897890768,2
5,18,39,20,43,21.712933985766938,47.69200897890769,8
4,18,33,19,36,20.63293398576694,46.982008978907686,8
4,18,44,20,55,28.67293398576694,62.452008978907685,10
4,18,35,20,52,34.66293398576694,52.552008978907686,7
8,25,54,19,48,23.69293398576694,61.43200897890769,3
3,18,28,19,44,33.63293398576694,67.08200897890768,9
7,35,34,38,50,33.74293398576694,58.50200897890768,9
7,43,69,44,50,32.63293398576694,82.56200897890768,2
3,18,28,20,62,51.64293398576694,98.36200897890768,3
7,27,46,25,59,30.932933985766937,56.35200897890769,1
7,54,61,19,46,53.91293398576694,89.56200897890768,3
7,32,38,26,31,24.232933985766937,53.44200897890769,5
4,18,58,33,50,30.862933985766936,55.68200897890769,5
4,18,53,21,67,31.752933985766937,69.65200897890769,10
8,18,48,46,50,42.92293398576694,58.26200897890769,1
7,27,63,26,56,21.022933985766937,65.09200897890769,2
6,27,35,19,26,27.032933985766938,44.07200897890769,5
8,42,58,31,48,30.052933985766938,86.76200897890769,3
6,18,59,44,55,40.71293398576694,61.96200897890769,6
5,18,42,41,34,38.43293398576694,63.482008978907686,1
5,18,46,31,44,27.63293398576694,51.69200897890769,1
4,18,52,19,70,35.63293398576694,70.89200897890768,3
7,18,28,58,25,54.64293398576694,80.94200897890768,6
7,31,35,30,54,36.73293398576694,53.01200897890769,1
4,18,50,19,71,38.63293398576694,70.99200897890769,2
7,37,50,38,71,38.63293398576694,70.99200897890769,9
3,18,28,19,39,28.63293398576694,62.99200897890769,1
4,19,54,20,60,23.63293398576694,58.54200897890769,3
8,37,64,32,56,24.122933985766938,85.08200897890768,3
8,18,48,37,26,42.542933985766936,89.56200897890768,3
5,18,28,40,27,36.652933985766936,56.35200897890769,10
7,44,46,45,56,27.63293398576694,64.94200897890768,1
5,18,58,61,70,59.90293398576694,82.97200897890768,8
3,18,28,19,65,54.63293398576694,73.34200897890769,2
6,20,61,36,58,30.662933985766937,65.74200897890769,6
8,19,65,36,56,33.09293398576694,63.732008978907686,1
4,24,28,25,33,22.63293398576694,47.14200897890768,1
3,18,28,19,61,50.63293398576694,81.81200897890768,3
5,19,90,47,81,43.52293398576694,95.92200897890768,3
6,18,47,33,50,30.502933985766937,57.14200897890768,4
5,18,46,34,54,33.66293398576694,53.90200897890769,4
6,39,80,45,72,23.44293398576694,83.88200897890769,3
9,24,41,19,35,22.842933985766937,58.54200897890769,3
6,26,80,48,72,37.472933985766936,83.43200897890769,3
10,18,42,32,26,34.73293398576694,69.85200897890769,3
4,18,43,21,56,30.76293398576694,64.66200897890769,6
4,18,49,38,40,35.88293398576694,50.46200897890769,5
3,18,28,19,36,25.63293398576694,50.74200897890769,6
6,34,72,36,64,21.712933985766938,71.18200897890769,3
7,25,53,34,56,25.06293398576694,55.68200897890769,4
4,18,55,21,75,37.722933985766936,76.27200897890769,2
6,20,48,36,45,30.662933985766937,48.39200897890768,7
7,31,45,30,50,22.912933985766937,58.54200897890769,9
4,18,43,20,65,39.652933985766936,70.15200897890769,7
6,28,69,34,63,22.032933985766938,68.63200897890769,2
6,34,81,44,73,26.45293398576694,84.38200897890769,2
7,35,57,45,60,25.932933985766937,64.94200897890768,4
3,18,28,19,42,31.63293398576694,55.43200897890769,6
7,51,35,45,33,22.63293398576694,77.14200897890768,8
3,18,28,19,45,34.63293398576694,56.15200897890769,9
4,18,51,21,68,34.73293398576694,70.51200897890769,7
7,33,65,34,54,24.63293398576694,68.63200897890769,2
3,37,28,24,34,31.752933985766937,59.36200897890768,4
9,26,84,35,65,34.42293398576694,80.96200897890769,1
3,37,28,20,36,36.222933985766936,64.63200897890769,4
7,26,65,19,60,24.17293398576694,65.88200897890769,3
6,18,43,25,45,22.842933985766937,47.202008978907685,8
6,20,61,47,58,41.652933985766936,67.42200897890768,7
7,36,36,19,26,35.332933985766935,61.842008978907685,5
6,33,40,29,32,23.44293398576694,50.44200897890769,5
5,18,53,35,32,40.472933985766936,66.52200897890769,1
3,18,28,19,42,31.63293398576694,68.54200897890769,6
7,38,38,37,51,30.76293398576694,54.16200897890769,1
7,39,38,40,56,35.63293398576694,58.76200897890769,1
5,18,38,30,40,27.332933985766935,39.94200897890769,8
6,38,71,41,62,22.912933985766937,75.85200897890769,2
4,18,46,19,60,31.63293398576694,67.59200897890769,7
3,18,28,19,52,41.63293398576694,75.59200897890769,2
8,46,39,40,37,22.63293398576694,67.75200897890768,8
4,23,36,19,42,25.06293398576694,60.97200897890768,4
5,18,45,25,45,21.95293398576694,60.422008978907684,6
4,41,28,43,32,21.712933985766938,62.14200897890768,9
3,18,28,19,37,26.63293398576694,48.772008978907685,10
3,18,28,19,63,52.63293398576694,89.56200897890768,3
4,19,66,20,85,36.63293398576694,85.46200897890769,3
5,18,88,32,81,29.56293398576694,85.08200897890768,3
3,18,28,19,45,34.63293398576694,61.80200897890768,10
3,18,28,19,49,38.63293398576694,81.04200897890769,7
4,18,64,19,73,26.63293398576694,70.19200897890768,2
5,18,46,21,53,24.85293398576694,62.39200897890768,4
3,18,28,19,40,29.63293398576694,56.35200897890769,1
9,21,52,31,43,27.032933985766938,48.97200897890768,1
4,18,51,21,71,37.722933985766936,81.04200897890769,7
6,34,59,35,50,22.63293398576694,63.37200897890769,3
4,19,63,39,56,35.28293398576694,70.94200897890768,5
7,18,28,26,27,22.70293398576694,44.07200897890769,6
6,18,67,30,67,26.81293398576694,74.94200897890768,6
4,18,42,19,54,29.63293398576694,73.75200897890768,8
5,18,51,49,49,45.63293398576694,68.11200897890768,7
7,56,28,57,35,24.63293398576694,81.81200897890768,8
6,20,74,61,70,55.68293398576694,84.43200897890769,6
5,35,50,36,37,26.63293398576694,59.26200897890769,5
6,20,53,41,51,35.63293398576694,56.80200897890768,6
3,18,28,19,61,50.63293398576694,73.13200897890769,2
3,18,28,19,48,37.63293398576694,63.732008978907686,1
3,18,28,19,41,30.63293398576694,66.24200897890769,9
9,22,46,19,42,20.10293398576694,51.26200897890769,2
7,25,42,30,42,20.10293398576694,42.14200897890768,8
4,18,63,21,77,31.752933985766937,83.99200897890769,2
7,37,46,38,60,31.63293398576694,61.092008978907685,1
6,34,49,35,36,26.63293398576694,58.812008978907684,5
3,45,28,32,34,31.752933985766937,64.01200897890769,4
8,44,34,39,32,21.63293398576694,78.50200897890768,8
5,18,38,32,33,28.972933985766936,53.01200897890769,1
8,25,28,25,32,21.712933985766938,36.562008978907684,8
7,35,37,34,56,36.73293398576694,56.62200897890769,9
4,43,28,44,44,33.63293398576694,71.88200897890769,9
6,18,49,21,53,21.95293398576694,67.33200897890768,1
6,29,72,30,64,21.63293398576694,70.41200897890769,3
8,31,28,32,34,23.63293398576694,49.43200897890769,8
6,18,34,21,57,40.71293398576694,56.15200897890769,9
3,18,28,21,49,38.722933985766936,64.34200897890769,3
5,18,42,19,54,29.63293398576694,69.55200897890768,8
7,43,28,43,32,21.712933985766938,78.50200897890768,8
4,20,51,21,67,33.63293398576694,77.37200897890769,3
7,31,35,34,45,27.802933985766938,51.29200897890769,9
4,20,61,36,48,34.23293398576694,59.26200897890769,5
7,26,69,52,76,42.20293398576694,82.05200897890768,8
3,18,28,19,32,21.63293398576694,48.08200897890769,9
3,34,28,19,38,35.63293398576694,61.54200897890769,4
6,18,47,19,66,36.63293398576694,71.88200897890769,1
3,18,28,19,47,36.63293398576694,60.22200897890768,9
6,35,28,36,37,26.63293398576694,64.63200897890769,8
6,18,59,43,57,39.63293398576694,61.342008978907685,6
8,37,64,32,56,24.122933985766938,85.08200897890768,3
5,18,50,44,35,43.81293398576694,82.98200897890769,1
9,27,38,22,36,21.63293398576694,38.78200897890768,8
7,40,28,42,34,23.69293398576694,72.75200897890768,8
4,18,40,20,49,26.682933985766937,54.94200897890768,6
7,40,43,42,59,33.66293398576694,62.36200897890768,1
3,44,28,29,35,33.99293398576694,67.75200897890768,8
5,19,76,35,68,31.792933985766936,78.22200897890768,2
4,18,38,20,46,25.682933985766937,50.74200897890769,6
4,20,30,19,30,18.462933985766938,37.76200897890769,8
5,18,52,47,50,43.63293398576694,63.91200897890769,7
3,18,28,19,46,35.63293398576694,59.94200897890768,6
3,18,28,19,48,37.63293398576694,68.46200897890769,7
4,18,36,21,43,24.85293398576694,43.54200897890769,10
5,18,41,27,37,23.88293398576694,56.10200897890769,1
4,19,57,20,77,37.63293398576694,75.90200897890769,3
4,19,57,31,47,29.232933985766937,54.342008978907685,5
5,18,51,27,49,23.63293398576694,78.99200897890769,7
4,18,52,20,64,29.67293398576694,71.82200897890769,6
6,28,71,38,63,26.45293398576694,73.76200897890769,2
9,31,36,28,34,19.63293398576694,49.43200897890769,8
5,18,28,41,27,37.652933985766936,61.80200897890768,10
9,36,42,19,34,34.60293398576694,71.33200897890768,3
8,29,28,29,36,25.682933985766937,46.74200897890769,8
7,53,28,52,34,23.88293398576694,84.34200897890769,8
5,18,40,29,38,25.63293398576694,48.39200897890768,7
4,18,48,21,61,30.76293398576694,59.14200897890768,2
5,36,52,45,41,27.67293398576694,61.842008978907685,5
4,18,48,19,62,31.63293398576694,67.94200897890768,6
6,34,69,35,55,27.63293398576694,75.90200897890769,3
3,18,28,19,41,30.63293398576694,66.24200897890769,6
7,44,74,45,60,27.63293398576694,83.88200897890769,3
7,29,60,30,51,22.63293398576694,60.74200897890769,2
3,18,28,19,39,28.63293398576694,52.22200897890768,1
6,22,74,27,69,20.63293398576694,68.83200897890768,3
5,18,54,49,64,47.94293398576694,71.18200897890769,8
3,28,28,26,28,19.24293398576694,38.422008978907684,8
3,18,28,20,55,44.652933985766936,78.04200897890769,3
4,18,37,19,44,24.63293398576694,53.90200897890769,4
3,18,28,19,46,35.63293398576694,64.01200897890769,10
3,18,28,19,34,23.63293398576694,58.26200897890769,9
5,40,46,41,35,24.63293398576694,56.97200897890768,5
4,18,46,21,55,26.81293398576694,64.66200897890769,6
4,19,67,36,56,33.99293398576694,65.97200897890768,5
7,32,36,25,30,24.572933985766937,49.922008978907684,5
4,18,41,21,46,22.912933985766937,48.772008978907685,7
7,35,34,38,50,33.74293398576694,58.50200897890768,9
6,18,49,20,68,36.652933985766936,69.55200897890768,9
3,18,28,20,51,40.652933985766936,65.15200897890769,3
5,18,47,33,37,31.752933985766937,57.03200897890768,9
8,28,35,19,26,27.84293398576694,66.43200897890769,5
6,18,44,25,46,22.842933985766937,49.922008978907684,8
7,32,39,31,56,34.73293398576694,55.25200897890768,1
9,31,42,19,32,30.892933985766938,83.99200897890769,3
6,30,67,31,56,24.63293398576694,70.65200897890769,2
5,19,82,27,78,22.912933985766937,83.43200897890769,3
3,18,28,21,47,36.73293398576694,58.54200897890769,3
4,18,61,20,81,37.652933985766936,82.56200897890768,2
4,19,62,41,50,38.89293398576694,63.19200897890768,5
8,20,43,43,58,43.43293398576694,62.14200897890768,1
3,18,28,19,38,27.63293398576694,48.97200897890768,1
5,18,49,43,49,39.71293398576694,67.08200897890768,1
3,18,28,19,34,23.63293398576694,49.94200897890769,6
5,18,36,25,34,21.63293398576694,49.162008978907686,6
6,18,49,21,53,21.95293398576694,67.33200897890768,1
8,33,42,19,32,32.63293398576694,65.15200897890769,3
3,31,28,26,30,22.842933985766937,51.21200897890769,8
6,34,44,35,34,23.63293398576694,50.162008978907686,5
7,31,55,32,44,24.63293398576694,58.54200897890769,3
5,18,46,31,54,31.252933985766937,53.44200897890769,8
5,18,48,38,38,36.25293398576694,63.82200897890769,9
3,18,28,19,46,35.63293398576694,63.82200897890769,9
4,18,37,19,44,24.63293398576694,52.60200897890769,4
4,18,39,21,48,26.81293398576694,44.94200897890769,10
10,18,34,37,26,34.60293398576694,69.65200897890769,3
6,18,43,20,59,33.66293398576694,67.36200897890768,9
4,18,64,19,77,30.63293398576694,83.99200897890769,3
5,18,42,33,47,31.282933985766938,60.35200897890769,4
7,28,53,19,46,26.81293398576694,54.71200897890769,2
9,38,42,19,33,36.82293398576694,75.85200897890769,2
3,18,28,19,46,35.63293398576694,65.08200897890768,3
6,18,52,21,60,25.832933985766935,71.88200897890769,1
7,26,54,35,58,25.63293398576694,57.922008978907684,4
3,18,28,19,32,21.63293398576694,64.15200897890769,6
5,18,36,19,42,23.63293398576694,49.43200897890769,8
7,28,35,31,54,36.73293398576694,52.60200897890769,1
3,47,28,19,39,47.41293398576694,72.14200897890768,8
7,28,49,27,72,40.71293398576694,69.21200897890769,1
5,30,46,31,35,24.63293398576694,53.522008978907685,5
10,18,37,32,26,31.44293398576694,58.54200897890769,3
5,44,58,50,46,26.81293398576694,71.96200897890769,5
4,31,28,33,35,24.69293398576694,49.07200897890769,9
3,18,28,19,45,34.63293398576694,64.68200897890769,1
3,18,28,19,33,22.63293398576694,43.24200897890769,10
7,34,36,33,30,20.10293398576694,49.342008978907685,5
4,24,31,19,32,22.342933985766937,48.39200897890768,4
5,18,47,27,33,30.052933985766938,60.97200897890768,1
5,18,42,38,40,34.63293398576694,52.75200897890768,7
5,18,49,32,47,28.63293398576694,60.562008978907684,6
7,40,56,38,43,27.032933985766938,74.94200897890768,3
3,18,28,20,52,41.652933985766936,51.21200897890769,5
5,32,54,35,47,21.022933985766937,57.922008978907684,5
4,18,44,20,62,35.652933985766936,69.85200897890769,6
6,32,39,19,26,33.43293398576694,57.07200897890769,5
6,40,28,41,32,21.63293398576694,56.202008978907685,8
6,28,35,19,26,27.84293398576694,46.312008978907684,5
9,19,61,44,66,40.63293398576694,69.31200897890768,1
3,18,28,19,43,32.63293398576694,61.842008978907685,6
7,38,44,40,66,39.652933985766936,74.53200897890768,1
7,24,41,25,61,37.63293398576694,57.65200897890769,9
6,18,43,21,54,28.782933985766938,66.24200897890769,9
4,18,52,21,73,38.722933985766936,71.79200897890769,2
5,18,67,29,63,25.832933985766935,65.52200897890769,2
3,18,28,19,35,24.63293398576694,59.58200897890768,7
8,20,65,29,68,25.06293398576694,65.82200897890769,1
4,18,60,21,67,24.85293398576694,66.52200897890769,2
9,35,50,19,43,33.35293398576694,70.99200897890769,2
3,18,28,19,53,42.63293398576694,72.12200897890769,2
3,18,28,19,35,24.63293398576694,51.35200897890769,6
4,18,45,21,50,22.912933985766937,54.94200897890768,6
5,18,38,27,40,24.572933985766937,38.26200897890769,8
4,18,51,21,68,34.73293398576694,70.51200897890769,7
3,31,28,19,31,29.56293398576694,41.94200897890769,8
3,18,28,20,65,54.64293398576694,64.68200897890769,5
5,18,42,31,40,27.63293398576694,64.86200897890768,7
3,18,28,19,55,44.63293398576694,67.32200897890769,3
5,18,40,19,49,26.63293398576694,68.83200897890768,8
9,26,34,24,32,18.63293398576694,40.03200897890768,8
6,20,55,37,62,33.99293398576694,62.39200897890768,4
3,18,28,19,61,50.63293398576694,73.69200897890768,3
3,28,28,23,28,21.95293398576694,39.11200897890768,8
7,24,35,26,50,32.66293398576694,47.14200897890768,1
7,31,55,32,46,22.63293398576694,55.76200897890769,2
3,36,28,28,32,26.45293398576694,62.39200897890768,4
6,18,57,29,62,27.84293398576694,73.25200897890768,8
3,18,28,19,61,50.63293398576694,79.00200897890768,2
4,19,48,28,40,25.63293398576694,44.07200897890769,5
7,18,28,51,26,47.63293398576694,71.06200897890768,6
3,18,28,19,32,21.63293398576694,39.632008978907685,10
4,20,62,33,50,31.252933985766937,60.15200897890769,5
8,42,58,31,48,30.052933985766938,86.76200897890769,3
5,18,73,52,61,50.11293398576694,77.94200897890768,2
8,25,28,27,32,21.712933985766938,38.78200897890768,8
4,26,28,29,41,30.76293398576694,54.71200897890769,1
7,40,28,42,34,23.69293398576694,72.75200897890768,8
5,18,40,34,38,30.63293398576694,60.74200897890769,7
5,20,83,31,75,27.292933985766936,82.56200897890768,2
4,29,35,19,40,28.67293398576694,69.55200897890768,8
7,42,34,41,48,31.752933985766937,62.14200897890768,9
9,25,47,19,40,24.232933985766937,69.85200897890769,3
5,18,38,36,40,33.09293398576694,55.76200897890769,1
5,18,41,27,36,24.17293398576694,58.04200897890769,1
8,33,62,29,55,22.70293398576694,75.30200897890768,2
6,18,52,32,56,29.95293398576694,72.35200897890769,4
6,39,67,40,53,27.63293398576694,75.45200897890768,2
7,25,36,21,34,20.63293398576694,36.03200897890768,8
4,18,52,21,73,38.722933985766936,71.79200897890769,2
6,18,51,20,55,21.712933985766938,64.34200897890769,9
10,18,34,36,26,33.66293398576694,67.33200897890768,3
5,18,41,31,40,27.67293398576694,49.01200897890769,6
4,27,33,19,36,25.932933985766937,54.39200897890768,4
6,33,49,46,54,29.52293398576694,61.04200897890769,4
9,24,61,19,55,22.842933985766937,76.55200897890768,3
4,19,63,35,53,32.63293398576694,68.89200897890768,5
3,18,28,19,36,25.63293398576694,62.36200897890768,9
5,18,37,45,33,41.71293398576694,64.15200897890769,7
7,29,41,30,62,38.63293398576694,59.78200897890768,9
5,18,28,45,26,41.63293398576694,65.74200897890769,10
5,18,38,40,35,36.652933985766936,62.36200897890768,9
3,18,28,20,55,44.652933985766936,61.702008978907685,3
5,18,71,27,66,24.17293398576694,65.88200897890769,3
5,18,52,37,50,33.63293398576694,80.96200897890769,1
5,18,40,21,44,21.95293398576694,48.97200897890768,4
6,18,63,28,61,24.63293398576694,70.24200897890769,7
4,18,41,19,52,28.63293398576694,66.00200897890768,8
7,48,38,46,36,18.63293398576694,75.39200897890768,8
7,43,36,43,52,33.66293398576694,58.21200897890769,9
7,34,44,37,67,40.71293398576694,66.92200897890768,9
5,18,46,30,38,28.162933985766937,55.03200897890768,1
4,18,43,19,56,30.63293398576694,70.47200897890768,8
4,18,48,19,55,24.63293398576694,56.812008978907684,10
3,18,28,19,36,25.63293398576694,44.342008978907685,6
3,34,28,20,34,32.63293398576694,57.922008978907684,4
3,18,28,19,33,22.63293398576694,60.422008978907684,9
7,40,36,19,26,39.042933985766936,63.19200897890768,5
9,22,48,19,44,20.10293398576694,50.302008978907686,2
5,18,50,25,47,21.712933985766938,75.15200897890769,6
7,27,33,19,26,25.932933985766937,45.40200897890769,5
3,30,28,19,35,30.63293398576694,53.44200897890769,8
4,18,49,19,68,36.63293398576694,68.66200897890769,6
7,18,28,26,26,22.63293398576694,56.202008978907685,6
4,18,36,19,42,23.63293398576694,48.14200897890768,4
6,18,43,19,54,28.63293398576694,60.35200897890769,9
6,20,57,47,57,41.71293398576694,63.91200897890769,6
6,18,53,28,51,24.63293398576694,48.71200897890769,7
6,19,52,35,58,32.63293398576694,57.922008978907684,4
3,18,28,21,51,40.71293398576694,56.11200897890768,5
4,21,33,19,36,21.462933985766938,54.90200897890769,8
7,33,40,27,64,42.56293398576694,62.99200897890769,1
3,18,28,19,60,49.63293398576694,80.38200897890769,2
3,18,28,19,50,39.63293398576694,70.89200897890768,3
5,33,57,41,49,24.85293398576694,62.64200897890768,5
5,18,28,40,27,36.652933985766936,56.35200897890769,10
3,18,28,19,35,24.63293398576694,49.922008978907684,10
7,32,51,19,38,33.43293398576694,70.24200897890769,3
4,18,40,19,61,38.63293398576694,70.24200897890769,7
8,18,56,23,26,43.91293398576694,58.36200897890768,3
3,18,28,19,52,41.63293398576694,56.85200897890769,5
6,18,45,20,54,26.682933985766937,60.22200897890768,1
3,18,28,19,40,29.63293398576694,67.42200897890768,6
6,28,61,29,50,24.63293398576694,62.40200897890769,2
6,18,67,53,67,49.69293398576694,75.40200897890769,7
6,33,35,19,26,32.18293398576694,48.772008978907685,5
3,18,28,19,49,38.63293398576694,62.452008978907685,3
3,18,28,19,33,22.63293398576694,57.13200897890769,1
9,31,39,28,37,19.63293398576694,49.43200897890769,8
5,18,42,37,39,33.66293398576694,49.802008978907686,7
7,31,36,28,30,21.292933985766936,49.43200897890769,5
5,18,54,40,64,39.82293398576694,65.56200897890768,4
8,18,42,31,26,34.07293398576694,62.452008978907685,3
8,35,34,19,26,33.66293398576694,62.39200897890768,5
4,19,32,19,34,19.752933985766937,46.74200897890769,8
5,18,28,31,26,27.63293398576694,52.60200897890769,10
8,50,28,51,35,24.63293398576694,68.83200897890768,8
4,18,43,19,63,37.63293398576694,66.24200897890769,6
5,18,32,19,34,19.63293398576694,38.422008978907684,8
7,39,40,40,61,38.63293398576694,62.96200897890769,1
4,18,63,35,50,35.05293398576694,60.62200897890769,5
5,18,52,38,47,34.872933985766934,72.71200897890769,9
7,41,42,32,49,29.082933985766935,54.672008978907684,1
4,29,28,32,38,27.802933985766938,65.15200897890769,1
4,18,38,21,60,39.71293398576694,64.34200897890769,6
3,18,28,21,65,54.68293398576694,89.26200897890769,3
4,18,53,20,72,36.652933985766936,78.18200897890769,2
5,18,38,26,36,22.63293398576694,46.49200897890769,9
6,35,28,36,34,23.63293398576694,52.75200897890768,8
5,18,35,33,33,29.63293398576694,52.552008978907686,7
3,36,28,21,35,33.99293398576694,62.39200897890768,4
4,18,51,25,46,22.342933985766937,48.08200897890769,5
4,20,54,21,60,23.63293398576694,62.64200897890768,3
8,20,55,27,61,25.63293398576694,58.04200897890769,1
6,55,60,56,45,28.63293398576694,77.37200897890769,3
3,18,28,19,33,22.63293398576694,60.97200897890768,1
6,18,44,21,46,20.10293398576694,48.97200897890768,4
6,18,34,21,38,21.95293398576694,58.76200897890769,1
6,28,62,29,53,22.63293398576694,62.40200897890769,2
5,24,48,35,42,26.402933985766936,50.982008978907686,5
4,18,40,19,62,39.63293398576694,71.06200897890768,6
4,18,55,19,76,38.63293398576694,73.80200897890768,3
5,18,51,35,46,31.91293398576694,70.84200897890769,9
5,18,37,37,37,33.74293398576694,68.81200897890768,7
3,18,28,20,52,41.652933985766936,71.87200897890769,3
5,18,52,25,39,28.162933985766937,52.732008978907686,1
3,18,28,19,44,33.63293398576694,53.54200897890769,7
7,53,69,54,54,28.63293398576694,83.99200897890769,2
3,32,28,26,31,24.232933985766937,53.44200897890769,4
7,35,37,36,47,27.63293398576694,55.76200897890769,9
3,40,28,31,32,27.292933985766936,64.33200897890768,4
4,20,58,40,50,35.55293398576694,60.562008978907684,5
7,42,51,33,64,33.66293398576694,67.08200897890768,1
4,18,34,20,44,27.67293398576694,43.61200897890768,7
5,18,48,26,48,22.912933985766937,63.732008978907686,1
4,18,48,21,53,22.912933985766937,57.61200897890768,7
3,18,28,19,56,45.63293398576694,58.76200897890769,5
5,18,41,25,45,24.122933985766938,53.76200897890769,8
3,18,28,19,32,21.63293398576694,50.93200897890769,9
3,18,28,19,34,23.63293398576694,46.552008978907686,7
5,18,36,28,34,24.63293398576694,51.69200897890769,6
6,39,71,40,52,32.63293398576694,82.89200897890768,2
5,18,48,40,40,37.472933985766936,71.80200897890768,1
4,29,28,32,43,32.75293398576694,58.54200897890769,9
3,18,28,19,39,28.63293398576694,58.54200897890769,10
3,18,28,19,40,29.63293398576694,65.33200897890768,6
7,36,40,33,58,36.03293398576694,58.86200897890768,1
4,39,28,42,47,36.73293398576694,61.342008978907685,1
9,24,61,19,55,22.842933985766937,76.55200897890768,3
5,20,63,26,57,22.032933985766938,58.54200897890769,3
6,19,44,27,40,22.912933985766937,40.03200897890768,7
5,19,91,43,74,43.09293398576694,91.49200897890768,2
6,18,36,20,52,33.66293398576694,59.62200897890769,9
7,35,54,19,39,37.03293398576694,74.95200897890768,2
7,52,61,53,46,28.63293398576694,77.75200897890768,3
5,18,53,34,50,30.662933985766937,75.39200897890768,7
9,28,42,19,33,27.84293398576694,82.58200897890768,3
4,19,52,29,42,27.67293398576694,48.14200897890768,5
7,43,37,45,55,35.652933985766936,82.98200897890769,1
4,18,42,21,58,33.74293398576694,67.42200897890768,6
7,35,48,19,32,37.652933985766936,72.12200897890769,2
6,25,58,26,50,21.63293398576694,56.85200897890769,2
5,18,47,29,39,27.292933985766936,55.672008978907684,1
6,36,65,39,57,21.95293398576694,69.56200897890768,2
6,28,57,29,50,20.63293398576694,54.71200897890769,3
4,18,43,20,65,39.652933985766936,70.15200897890769,7
7,41,55,40,67,29.77293398576694,69.15200897890769,1
6,18,41,21,55,31.752933985766937,52.22200897890768,1
6,35,62,36,46,29.63293398576694,72.12200897890769,2
9,36,36,32,34,20.63293398576694,60.61200897890768,8
3,43,28,21,34,39.98293398576694,78.96200897890769,8
3,18,28,19,43,32.63293398576694,60.22200897890768,1
3,18,28,20,47,36.652933985766936,45.40200897890769,5
7,28,49,27,72,40.71293398576694,69.21200897890769,1
4,18,46,21,58,29.77293398576694,56.32200897890769,10
3,32,28,19,37,33.43293398576694,59.30200897890768,8
5,18,32,19,35,20.63293398576694,38.78200897890768,8
5,18,47,25,43,21.95293398576694,62.50200897890768,6
5,19,82,34,74,30.862933985766936,78.18200897890769,2
8,25,33,19,26,24.232933985766937,53.44200897890769,5
3,32,28,21,33,29.52293398576694,53.44200897890769,4
7,25,53,26,46,20.63293398576694,51.00200897890768,3
5,30,49,33,40,22.912933985766937,54.342008978907685,5
8,19,69,36,56,35.05293398576694,66.52200897890769,1
4,26,28,28,35,24.69293398576694,53.46200897890769,9
4,18,52,42,42,39.98293398576694,55.38200897890769,5
3,18,28,19,34,23.63293398576694,49.94200897890769,7
9,24,42,19,36,22.842933985766937,58.54200897890769,3
6,18,65,43,63,39.63293398576694,66.24200897890769,6
4,18,62,20,68,23.69293398576694,65.09200897890769,2
3,18,28,19,49,38.63293398576694,74.91200897890769,3
8,35,50,19,38,35.35293398576694,81.50200897890768,2
5,18,44,39,40,35.73293398576694,59.58200897890768,6
7,32,35,28,33,20.63293398576694,41.94200897890769,8
7,37,36,32,34,21.63293398576694,49.732008978907686,8
6,20,49,33,54,29.52293398576694,53.44200897890769,4
10,18,34,47,26,44.27293398576694,95.92200897890768,3
6,27,52,28,43,22.63293398576694,51.552008978907686,2
8,41,34,37,32,20.63293398576694,56.85200897890769,8
7,18,28,38,28,34.73293398576694,66.24200897890769,6
3,18,28,19,58,47.63293398576694,79.42200897890768,2
7,32,36,19,26,31.752933985766937,55.68200897890769,5
5,18,50,34,48,30.63293398576694,57.952008978907685,7
6,20,63,37,62,31.66293398576694,70.31200897890768,7
7,42,35,39,33,19.63293398576694,54.702008978907685,8
8,30,34,19,26,29.052933985766938,63.29200897890769,5
5,18,43,38,41,34.63293398576694,64.66200897890769,6
4,18,51,20,57,23.69293398576694,54.71200897890769,2
6,48,28,49,37,26.63293398576694,69.00200897890768,8
3,18,28,19,32,21.63293398576694,48.14200897890768,1
3,18,28,19,54,43.63293398576694,75.37200897890769,3
3,41,28,21,38,39.82293398576694,74.02200897890769,8
5,18,43,45,38,41.80293398576694,63.37200897890769,9
4,18,53,21,61,25.832933985766935,70.31200897890768,7
6,42,43,40,34,23.252933985766937,60.562008978907684,5
3,18,28,19,43,32.63293398576694,60.422008978907684,6
8,30,34,27,32,19.63293398576694,47.202008978907685,8
8,39,52,27,46,29.232933985766937,67.32200897890769,3
4,20,67,45,56,41.262933985766935,71.96200897890769,5
5,18,38,43,40,39.96293398576694,67.93200897890769,1
5,18,46,31,54,31.252933985766937,52.60200897890769,4
6,38,48,36,36,26.072933985766937,65.97200897890768,5
4,19,33,19,36,20.732933985766937,45.99200897890769,8
6,31,75,32,67,21.63293398576694,74.77200897890769,3
4,18,37,21,42,22.912933985766937,42.14200897890768,10
10,18,60,25,26,48.19293398576694,68.83200897890768,3
4,18,49,20,68,36.652933985766936,70.51200897890769,10
3,18,28,19,43,32.63293398576694,60.22200897890768,1
5,18,46,31,54,31.252933985766937,52.60200897890769,4
5,18,28,36,27,32.66293398576694,47.64200897890768,10
6,18,43,42,52,41.13293398576694,59.62200897890769,1
3,18,28,19,48,37.63293398576694,74.47200897890768,1
3,18,28,19,47,36.63293398576694,60.22200897890768,9
8,26,48,23,44,20.10293398576694,51.26200897890769,2
4,18,64,35,50,35.63293398576694,61.54200897890769,5
5,18,37,36,32,32.89293398576694,58.50200897890768,9
6,18,44,20,50,23.69293398576694,51.21200897890769,9
5,18,52,35,62,35.63293398576694,61.54200897890769,4
6,37,36,19,26,36.25293398576694,53.54200897890769,5
6,28,62,31,54,21.95293398576694,61.99200897890769,3
7,26,54,35,58,25.63293398576694,57.922008978907684,4
7,32,36,19,26,31.752933985766937,60.15200897890769,5
5,25,52,33,45,24.232933985766937,52.552008978907686,5
8,18,55,33,26,46.042933985766936,81.81200897890768,3
7,47,63,43,46,31.44293398576694,91.49200897890768,2
6,28,63,33,54,23.69293398576694,60.77200897890769,2
7,32,50,19,37,33.43293398576694,66.41200897890769,2
7,45,35,47,56,38.652933985766936,63.18200897890769,9
3,25,28,19,30,23.69293398576694,37.79200897890769,8
9,18,36,38,26,36.25293398576694,72.62200897890769,3
6,18,45,25,52,26.45293398576694,51.672008978907684,1
7,18,28,33,28,29.77293398576694,57.37200897890769,6
8,42,53,31,43,30.052933985766938,82.15200897890769,3
3,18,28,19,36,25.63293398576694,53.01200897890769,1
6,18,39,20,47,25.682933985766937,57.50200897890768,9
5,18,50,32,48,28.63293398576694,81.55200897890768,6
5,18,43,20,49,23.69293398576694,55.68200897890769,8
6,18,48,29,48,25.832933985766935,46.312008978907684,7
4,19,49,28,41,25.63293398576694,45.40200897890769,5
3,18,28,19,47,36.63293398576694,51.26200897890769,2
3,18,28,19,47,36.63293398576694,68.66200897890769,6
10,18,55,28,26,44.09293398576694,70.99200897890769,3
6,35,35,19,26,34.012933985766935,48.39200897890768,5
3,18,28,19,42,31.63293398576694,53.202008978907685,10
6,34,40,19,26,35.63293398576694,61.54200897890769,5
4,18,62,21,66,21.95293398576694,62.25200897890768,2
6,18,63,47,63,43.70293398576694,72.39200897890768,7
3,18,28,19,33,22.63293398576694,41.99200897890769,7
5,19,76,35,68,31.792933985766936,78.22200897890768,2
9,25,54,19,47,24.232933985766937,71.18200897890769,2
3,18,28,19,58,47.63293398576694,78.04200897890769,3
6,32,44,33,34,23.63293398576694,49.922008978907684,5
3,26,28,19,32,25.63293398576694,43.24200897890769,8
4,18,46,19,50,21.63293398576694,53.54200897890769,7
4,19,36,19,41,22.70293398576694,55.68200897890769,8
6,34,49,35,36,26.63293398576694,57.922008978907684,5
3,18,28,19,45,34.63293398576694,68.76200897890769,1
8,29,49,25,43,22.032933985766938,55.982008978907686,2
5,18,48,30,56,30.502933985766937,74.64200897890768,4
5,18,39,20,43,21.712933985766938,47.202008978907685,8
3,18,28,19,33,22.63293398576694,53.202008978907685,6
4,18,47,20,59,29.67293398576694,61.80200897890768,10
7,44,44,47,60,33.74293398576694,69.34200897890769,9
3,18,28,20,55,44.652933985766936,75.90200897890769,3
5,19,87,31,80,27.712933985766938,85.46200897890769,3
5,18,28,32,27,28.67293398576694,50.32200897890769,10
7,35,42,34,54,29.77293398576694,55.76200897890769,1
4,18,43,19,56,30.63293398576694,82.97200897890768,8
6,25,59,28,54,19.24293398576694,58.54200897890769,3
6,18,42,21,61,36.73293398576694,60.22200897890768,1
5,19,70,29,61,27.032933985766938,65.31200897890768,2
4,20,53,32,46,27.712933985766938,56.11200897890768,5
3,18,28,19,41,30.63293398576694,59.62200897890769,1
5,18,32,19,34,19.63293398576694,37.76200897890769,8
3,18,28,19,51,40.63293398576694,78.18200897890769,2
7,25,52,33,54,23.69293398576694,53.44200897890769,8
6,31,41,29,32,23.252933985766937,51.21200897890769,5
5,20,79,32,73,27.332933985766935,74.77200897890769,3
5,18,28,27,26,23.63293398576694,45.552008978907686,10
6,28,77,30,68,22.70293398576694,73.34200897890769,2
8,31,28,32,34,23.63293398576694,49.43200897890769,8
5,19,75,27,71,22.912933985766937,72.12200897890769,2
6,18,40,21,55,32.75293398576694,55.25200897890768,1
4,24,28,26,50,39.652933985766936,59.80200897890768,1
6,18,44,20,57,30.662933985766937,54.71200897890769,1
3,18,28,19,47,36.63293398576694,57.482008978907686,1
8,27,32,19,26,25.482933985766937,49.43200897890769,5
6,28,74,47,65,34.942933985766935,79.45200897890768,3
4,39,28,40,36,25.63293398576694,60.422008978907684,9
6,37,41,33,32,24.232933985766937,54.342008978907685,5
9,26,34,21,32,21.63293398576694,36.562008978907684,8
4,26,34,19,39,26.26293398576694,54.342008978907685,8
7,18,28,33,25,29.67293398576694,69.15200897890769,6
8,18,48,46,50,42.92293398576694,58.26200897890769,1
3,18,28,19,41,30.63293398576694,47.64200897890768,1
10,18,43,42,26,43.09293398576694,85.46200897890769,3
7,44,61,45,50,24.63293398576694,69.85200897890769,3
3,18,28,21,54,43.70293398576694,61.99200897890769,3
7,43,49,34,40,27.84293398576694,65.15200897890769,3
6,18,44,34,42,30.63293398576694,44.07200897890769,6
6,42,72,43,51,34.63293398576694,89.26200897890769,3
4,18,37,19,57,37.63293398576694,59.58200897890768,6
4,18,60,20,81,38.652933985766936,79.42200897890768,2
4,35,28,38,38,27.802933985766938,63.82200897890769,9
6,39,66,40,48,31.63293398576694,79.41200897890769,3
5,18,35,42,36,38.82293398576694,60.74200897890769,1
4,18,49,21,71,39.71293398576694,81.04200897890769,7
6,35,39,19,26,35.88293398576694,59.26200897890769,5
5,39,52,43,41,25.122933985766938,60.562008978907684,5
5,18,46,32,33,32.66293398576694,51.29200897890769,9
3,18,28,19,51,40.63293398576694,72.15200897890769,9
5,32,50,33,37,26.63293398576694,57.07200897890769,5
5,18,50,39,40,37.17293398576694,64.20200897890768,1
3,18,28,19,42,31.63293398576694,55.76200897890769,10
3,18,28,19,40,29.63293398576694,61.952008978907685,1
6,18,41,21,57,33.74293398576694,58.54200897890769,9
7,40,67,41,54,26.63293398576694,75.85200897890769,2
7,26,39,27,55,33.63293398576694,58.04200897890769,1
3,18,28,19,61,50.63293398576694,72.15200897890769,2
7,18,28,54,24,50.69293398576694,73.80200897890768,6
4,28,28,31,32,21.95293398576694,48.97200897890768,1
6,19,52,28,52,23.88293398576694,56.85200897890769,6
5,18,36,28,34,24.63293398576694,56.97200897890768,7
6,20,72,55,69,49.64293398576694,78.99200897890769,7
3,37,28,21,36,35.35293398576694,66.56200897890768,8
7,32,48,19,35,33.43293398576694,64.52200897890769,2
4,18,36,21,43,24.85293398576694,43.772008978907685,7
7,42,69,43,51,31.63293398576694,82.15200897890769,3
6,28,68,29,59,22.63293398576694,70.19200897890768,2
6,38,48,36,36,26.072933985766937,65.97200897890768,5
7,18,28,39,26,35.63293398576694,54.94200897890768,6
5,27,43,29,36,20.732933985766937,45.40200897890769,5
5,18,28,45,26,41.63293398576694,65.74200897890769,10
4,18,66,19,71,22.63293398576694,70.99200897890769,3
3,18,28,19,36,25.63293398576694,52.60200897890769,7
4,24,34,19,38,24.122933985766938,55.38200897890769,4
9,30,36,27,34,19.63293398576694,47.202008978907685,8
3,18,28,19,33,22.63293398576694,57.13200897890769,1
4,18,67,19,85,35.63293398576694,90.74200897890768,2
5,18,48,37,38,35.332933985766935,68.66200897890769,9
5,20,77,31,71,26.402933985766936,76.27200897890769,2
5,19,91,33,79,32.03293398576694,87.39200897890768,3
3,34,28,20,34,32.63293398576694,57.922008978907684,4
4,18,34,20,57,40.652933985766936,64.15200897890769,6
9,39,74,46,44,44.27293398576694,75.48200897890769,1
4,19,55,28,50,24.17293398576694,52.552008978907686,5
7,56,63,57,47,29.63293398576694,82.58200897890768,3
5,18,41,34,36,30.932933985766937,49.60200897890769,1
4,18,65,19,86,38.63293398576694,85.08200897890768,3
3,18,28,19,32,21.63293398576694,54.16200897890769,1
4,23,36,19,42,25.06293398576694,59.36200897890768,4
4,18,51,19,73,39.63293398576694,74.91200897890769,3
7,31,68,32,57,24.63293398576694,71.87200897890769,3
5,28,44,29,34,23.63293398576694,48.14200897890768,5
5,18,36,36,34,32.63293398576694,49.94200897890769,6
6,48,28,49,37,26.63293398576694,69.00200897890768,8
5,18,78,29,70,27.292933985766936,73.80200897890768,3
3,26,28,21,29,22.342933985766937,40.03200897890768,8
5,18,79,35,67,34.50293398576694,75.59200897890769,2
7,32,59,19,47,32.832933985766935,72.14200897890768,2
3,40,28,31,32,27.292933985766936,64.33200897890768,4
7,31,51,32,40,24.63293398576694,53.922008978907684,2
7,38,59,39,48,24.63293398576694,64.20200897890768,3
7,47,63,48,46,30.63293398576694,78.22200897890768,2
3,36,28,28,32,26.45293398576694,62.39200897890768,4
9,22,63,19,58,20.63293398576694,68.83200897890768,3
9,23,58,19,53,21.462933985766938,70.99200897890769,3
7,27,37,27,56,36.652933985766936,53.46200897890769,9
4,18,46,19,63,34.63293398576694,70.41200897890769,6
6,24,60,30,54,22.032933985766938,55.982008978907686,2
5,18,42,30,44,27.332933985766935,53.162008978907686,9
3,32,28,21,33,29.52293398576694,53.44200897890769,4
3,37,28,19,33,35.88293398576694,49.732008978907686,4
3,18,28,20,55,44.652933985766936,54.342008978907685,5
4,18,36,20,45,26.682933985766937,44.61200897890768,10
3,18,28,19,62,51.63293398576694,70.19200897890768,2
7,27,45,19,36,27.032933985766938,51.552008978907686,2
7,37,39,33,37,20.63293398576694,64.63200897890769,8
7,24,53,34,56,25.932933985766937,57.65200897890769,8
5,35,42,36,33,22.63293398576694,48.39200897890768,5
6,18,42,19,61,36.63293398576694,63.482008978907686,9
5,18,32,19,34,19.63293398576694,36.562008978907684,8
4,18,52,28,46,25.482933985766937,49.43200897890769,5
6,18,41,21,57,33.74293398576694,58.54200897890769,9
6,35,60,36,45,28.63293398576694,67.83200897890768,3
6,25,56,32,50,22.842933985766937,53.922008978907684,3
8,40,46,26,40,31.152933985766936,61.80200897890768,3
4,18,46,21,58,29.77293398576694,56.32200897890769,10
6,27,75,29,68,20.732933985766937,73.13200897890769,3
5,18,41,32,37,28.782933985766938,59.30200897890768,1
4,18,51,19,59,25.63293398576694,68.11200897890768,7
3,18,28,19,34,23.63293398576694,57.65200897890769,9
7,28,34,19,26,27.292933985766936,50.44200897890769,5
3,18,28,20,53,42.652933985766936,72.84200897890769,3
3,18,28,19,42,31.63293398576694,52.60200897890769,10
4,18,36,19,42,23.63293398576694,51.552008978907686,4
5,18,38,19,46,25.63293398576694,61.842008978907685,8
3,18,28,20,51,40.652933985766936,53.54200897890769,5
3,18,28,19,46,35.63293398576694,48.39200897890768,5
5,18,56,48,68,47.83293398576694,73.75200897890768,8
4,18,41,20,64,40.652933985766936,72.47200897890768,6
7,40,64,41,47,30.63293398576694,75.85200897890769,2
3,18,28,19,41,30.63293398576694,54.79200897890769,6
6,18,37,19,56,36.63293398576694,61.19200897890768,9
3,18,28,21,58,47.69293398576694,67.45200897890768,3
6,30,77,44,67,30.892933985766938,82.56200897890768,2
4,18,41,21,47,23.88293398576694,51.97200897890768,6
5,18,39,38,39,34.73293398576694,54.342008978907685,1
3,18,28,19,46,35.63293398576694,60.74200897890769,2
6,35,45,33,34,25.122933985766938,60.15200897890769,5
7,39,64,36,53,25.482933985766937,78.22200897890768,3
6,18,56,35,55,31.66293398576694,61.842008978907685,6
3,48,28,19,41,49.17293398576694,75.39200897890768,8
5,18,40,19,49,26.63293398576694,64.94200897890768,4
4,18,60,20,75,32.66293398576694,75.85200897890769,2
4,41,28,44,34,23.88293398576694,58.21200897890769,9
9,28,40,19,32,27.292933985766936,68.24200897890769,2
5,18,39,45,37,41.63293398576694,62.60200897890769,1
6,20,49,33,54,29.52293398576694,55.43200897890769,8
3,18,28,19,43,32.63293398576694,64.12200897890769,9
4,19,48,20,64,33.63293398576694,63.77200897890769,3
6,18,39,21,40,19.24293398576694,40.03200897890768,8
6,19,45,30,48,26.81293398576694,47.69200897890769,8
5,18,46,31,44,27.63293398576694,70.98200897890769,6
7,37,36,29,58,41.262933985766935,59.36200897890768,1
6,18,41,21,50,26.81293398576694,55.38200897890769,9
8,53,58,41,50,29.95293398576694,87.33200897890768,2
3,46,28,19,38,46.09293398576694,67.75200897890768,4
6,20,59,27,59,21.95293398576694,57.25200897890768,7
4,43,28,45,42,31.66293398576694,67.36200897890768,9
3,18,28,19,62,51.63293398576694,70.19200897890768,2
4,25,31,19,32,23.252933985766937,42.14200897890768,8
3,18,28,19,51,40.63293398576694,66.79200897890769,10
3,18,28,19,51,40.63293398576694,78.18200897890769,2
4,18,40,19,46,23.63293398576694,49.732008978907686,10
6,20,69,50,67,44.63293398576694,73.54200897890769,7
3,18,28,19,45,34.63293398576694,68.76200897890769,1
5,19,77,39,69,35.55293398576694,75.85200897890769,2
6,18,46,19,51,22.63293398576694,51.29200897890769,9
6,20,48,34,48,28.782933985766938,48.772008978907685,7
3,60,28,19,41,60.23293398576694,82.97200897890768,8
5,20,75,30,70,25.122933985766938,70.41200897890769,3
4,18,66,21,83,34.73293398576694,84.38200897890769,2
3,18,28,19,38,27.63293398576694,71.06200897890768,6
6,18,61,26,61,22.912933985766937,63.482008978907686,7
9,33,42,19,32,32.63293398576694,82.56200897890768,2
10,18,52,37,26,45.63293398576694,85.08200897890768,3
7,44,36,44,57,38.652933985766936,69.01200897890769,9
8,20,74,32,81,29.84293398576694,82.98200897890769,1
3,18,28,20,54,43.652933985766936,52.60200897890769,5
7,40,28,41,32,21.63293398576694,72.26200897890769,8
9,18,53,27,26,41.88293398576694,66.11200897890768,3
3,18,28,19,39,28.63293398576694,51.97200897890768,6
3,18,28,19,65,54.63293398576694,73.88200897890769,5
4,18,37,19,44,24.63293398576694,54.39200897890768,4
4,23,34,19,38,23.44293398576694,64.63200897890769,4
3,18,28,19,38,27.63293398576694,61.55200897890768,9
6,20,40,30,40,24.85293398576694,39.94200897890769,6
4,18,44,20,64,37.652933985766936,73.80200897890768,7
10,18,51,29,26,40.71293398576694,68.96200897890769,3
7,43,46,44,66,37.63293398576694,69.31200897890768,1
5,19,76,29,70,25.482933985766937,74.94200897890768,2
6,32,71,48,61,32.63293398576694,79.08200897890768,2
6,18,42,21,60,35.73293398576694,57.312008978907684,9
7,52,40,39,32,30.862933985766936,70.94200897890768,5
4,20,61,21,73,29.63293398576694,70.41200897890769,3
4,26,28,27,53,42.63293398576694,74.75200897890768,9
5,18,83,41,75,38.43293398576694,87.33200897890768,2
6,18,52,19,59,24.63293398576694,69.15200897890769,1
4,18,63,19,76,30.63293398576694,73.13200897890769,2
3,37,28,19,41,39.84293398576694,70.47200897890768,8
8,34,59,34,53,19.752933985766937,68.96200897890769,3
3,18,28,19,35,24.63293398576694,59.58200897890768,7
6,18,49,24,52,22.70293398576694,59.88200897890769,4
4,18,46,19,53,24.63293398576694,56.35200897890769,10
5,18,51,28,52,25.122933985766938,62.16200897890769,9
5,18,28,29,28,25.832933985766935,58.54200897890769,10
5,18,45,33,43,29.63293398576694,61.842008978907685,6
5,30,46,31,35,24.63293398576694,52.60200897890769,5
3,18,28,19,47,36.63293398576694,56.32200897890769,3
4,18,42,20,51,26.682933985766937,50.32200897890769,10
3,18,28,19,46,35.63293398576694,67.94200897890768,6
9,27,52,36,52,23.88293398576694,54.342008978907685,1
3,18,28,19,34,23.63293398576694,64.78200897890768,6
5,18,75,52,60,51.10293398576694,79.57200897890769,2
5,24,48,35,42,26.402933985766936,50.162008978907686,5
4,22,39,19,48,27.332933985766935,75.39200897890768,8
3,18,28,20,50,39.652933985766936,52.75200897890768,5
3,18,28,19,46,35.63293398576694,56.85200897890769,7
6,32,81,33,68,26.63293398576694,87.39200897890768,3
9,27,71,43,66,30.932933985766937,71.88200897890769,1
5,27,54,35,47,24.232933985766937,58.812008978907684,5
3,18,28,21,47,36.73293398576694,56.10200897890769,3
10,18,34,40,26,37.472933985766936,77.75200897890768,3
4,18,37,21,58,38.722933985766936,60.22200897890768,7
4,18,41,19,55,31.63293398576694,60.43200897890769,10
7,20,47,34,48,28.972933985766936,48.772008978907685,4
3,18,28,19,38,27.63293398576694,49.732008978907686,10
3,18,28,19,39,28.63293398576694,59.68200897890769,7
4,18,52,28,46,25.482933985766937,49.43200897890769,5
5,18,53,29,51,25.63293398576694,72.15200897890769,9
6,18,46,21,64,35.73293398576694,66.78200897890768,1
5,18,37,46,33,42.70293398576694,63.18200897890769,9
3,33,28,24,32,27.292933985766936,48.772008978907685,8
4,40,28,42,34,23.69293398576694,64.34200897890769,9
3,18,28,19,40,29.63293398576694,66.24200897890769,7
6,18,52,21,56,21.95293398576694,52.732008978907686,1
6,18,53,20,69,33.66293398576694,71.88200897890769,9
6,28,72,41,64,29.052933985766938,74.94200897890768,2
3,18,28,19,41,30.63293398576694,64.58200897890768,10
10,18,46,30,26,36.73293398576694,61.702008978907685,3
5,18,28,54,28,50.69293398576694,78.36200897890768,10
4,19,60,33,48,32.03293398576694,57.07200897890769,5
3,43,28,21,34,39.98293398576694,78.96200897890769,8
7,44,46,45,56,27.63293398576694,64.94200897890768,1
8,25,59,19,53,23.69293398576694,65.09200897890769,2
6,25,67,28,62,19.24293398576694,65.09200897890769,2
7,29,63,40,68,27.84293398576694,69.55200897890768,8
7,35,40,37,58,35.652933985766936,70.61200897890768,9
3,18,28,19,46,35.63293398576694,66.52200897890769,7
9,36,42,19,34,34.60293398576694,71.33200897890768,3
5,20,80,40,70,36.25293398576694,79.00200897890768,2
4,18,39,21,48,26.81293398576694,48.772008978907685,10
3,18,28,19,46,35.63293398576694,56.85200897890769,7
7,47,49,41,40,25.532933985766938,67.59200897890769,2
3,18,28,19,56,45.63293398576694,55.68200897890769,5
3,18,28,20,62,51.64293398576694,68.83200897890768,3
5,30,49,33,40,22.912933985766937,54.342008978907685,5
3,18,28,19,50,39.63293398576694,55.38200897890769,5
3,18,28,19,61,50.63293398576694,71.62200897890769,2
6,28,77,34,70,22.70293398576694,75.30200897890768,2
3,35,28,19,34,34.42293398576694,51.552008978907686,4
7,39,53,40,75,39.63293398576694,75.45200897890768,1
9,18,48,25,26,36.512933985766935,56.10200897890769,3
3,18,28,21,60,49.69293398576694,60.15200897890769,5
7,42,53,19,32,46.24293398576694,89.26200897890769,3
3,18,28,19,32,21.63293398576694,55.38200897890769,7
5,18,45,44,36,41.59293398576694,75.48200897890769,1
3,41,28,25,32,33.66293398576694,55.38200897890769,4
5,18,42,32,47,30.392933985766938,61.04200897890769,8
6,18,49,19,59,27.63293398576694,60.22200897890768,9
8,44,45,19,34,43.14293398576694,72.62200897890769,3
4,18,65,20,80,32.66293398576694,78.18200897890769,2
7,18,28,38,26,34.63293398576694,72.35200897890769,6
6,35,64,36,49,28.63293398576694,70.24200897890769,2
7,26,54,35,58,25.63293398576694,57.922008978907684,4
6,20,59,43,56,37.652933985766936,63.25200897890768,7
7,31,34,33,40,23.69293398576694,56.15200897890769,9
8,30,51,23,47,23.88293398576694,56.32200897890769,3
7,26,55,26,50,18.792933985766936,56.10200897890769,3
5,18,42,34,46,31.792933985766936,47.14200897890768,4
6,18,52,29,51,25.682933985766937,54.79200897890769,6
7,44,44,43,63,36.73293398576694,67.36200897890768,9
6,18,46,23,67,38.98293398576694,65.15200897890769,1
4,18,66,19,70,21.63293398576694,72.26200897890769,2
5,18,35,43,36,39.82293398576694,61.19200897890768,1
6,18,37,19,45,25.63293398576694,63.18200897890769,9
8,26,50,23,46,20.10293398576694,50.302008978907686,2
5,18,41,31,40,27.67293398576694,48.772008978907685,7
9,33,55,19,49,31.152933985766936,68.96200897890769,3
5,18,53,44,44,41.59293398576694,71.88200897890769,9
3,18,28,19,33,22.63293398576694,59.58200897890768,6
3,18,28,19,41,30.63293398576694,54.16200897890769,7
5,18,50,30,49,26.682933985766937,84.43200897890769,6
4,18,53,21,70,34.73293398576694,82.97200897890768,6
5,18,41,25,45,24.122933985766938,53.76200897890769,8
5,18,73,36,68,32.89293398576694,70.99200897890769,2
7,27,38,28,61,40.63293398576694,58.28200897890768,9
6,25,66,45,59,35.28293398576694,69.85200897890769,3
7,35,34,19,26,33.66293398576694,55.44200897890768,5
6,28,71,38,63,26.45293398576694,73.76200897890769,2
5,25,52,33,45,24.232933985766937,53.44200897890769,5
4,20,63,21,86,40.63293398576694,86.76200897890769,3
6,30,72,32,66,19.752933985766937,71.87200897890769,3
3,18,28,19,51,40.63293398576694,63.37200897890769,3
7,32,36,19,26,31.752933985766937,55.68200897890769,5
3,18,28,19,38,27.63293398576694,53.19200897890769,10
4,38,28,40,52,41.652933985766936,74.53200897890768,1
4,19,54,20,75,38.63293398576694,81.22200897890768,3
6,18,59,42,55,38.722933985766936,60.74200897890769,7
7,28,34,19,26,27.292933985766936,49.43200897890769,5
6,21,62,22,57,18.63293398576694,58.36200897890768,3
4,19,37,19,44,24.69293398576694,62.85200897890769,8
7,28,46,29,67,38.63293398576694,64.34200897890769,9
7,27,50,28,61,28.63293398576694,64.12200897890769,9
6,18,36,20,59,40.652933985766936,64.78200897890768,9
6,24,58,32,52,23.69293398576694,58.54200897890769,3
4,18,36,19,46,27.63293398576694,46.552008978907686,7
7,38,52,33,43,24.85293398576694,65.08200897890768,3
5,18,76,38,69,35.28293398576694,74.53200897890768,3
3,30,28,21,30,26.402933985766936,49.43200897890769,8
6,18,52,21,74,39.71293398576694,80.96200897890769,1
5,20,68,22,63,18.792933985766936,62.25200897890768,2
8,18,45,27,26,34.42293398576694,63.37200897890769,3
3,18,28,19,49,38.63293398576694,73.54200897890769,7
4,24,28,27,40,29.77293398576694,59.99200897890769,9
6,18,47,26,50,24.232933985766937,53.44200897890769,4
7,28,44,31,50,23.88293398576694,65.82200897890769,1
6,18,48,19,63,32.63293398576694,65.19200897890768,1
6,18,50,21,55,22.912933985766937,64.20200897890768,1
3,18,28,19,64,53.63293398576694,70.99200897890769,3
3,18,28,19,34,23.63293398576694,56.62200897890769,9
4,19,37,19,44,24.69293398576694,62.85200897890769,8
5,18,44,32,50,30.892933985766938,64.01200897890769,4
7,19,59,38,64,34.942933985766935,64.63200897890769,4
4,41,28,43,38,27.67293398576694,66.24200897890769,9
6,20,54,27,52,21.63293398576694,49.342008978907685,7
5,18,35,37,32,33.66293398576694,64.66200897890769,6
5,18,38,19,45,24.63293398576694,57.14200897890768,4
6,41,37,19,26,40.332933985766935,56.85200897890769,5
4,26,36,19,41,26.26293398576694,61.842008978907685,8
8,18,45,36,26,39.67293398576694,75.90200897890769,3
3,18,28,19,35,24.63293398576694,52.60200897890769,1
4,18,34,20,44,27.67293398576694,46.90200897890769,7
4,20,57,21,68,28.63293398576694,66.11200897890768,3
7,29,36,26,34,19.63293398576694,39.94200897890769,8
3,18,28,19,44,33.63293398576694,56.35200897890769,10
6,18,39,21,53,31.752933985766937,50.60200897890769,1
3,37,28,19,38,38.10293398576694,63.32200897890769,8
9,18,56,30,26,45.71293398576694,75.74200897890769,3
4,18,51,19,60,26.63293398576694,66.83200897890768,3
3,40,28,19,37,40.23293398576694,60.97200897890768,4
3,18,28,19,33,22.63293398576694,60.74200897890769,1
5,18,43,45,42,41.652933985766936,67.36200897890768,9
5,18,34,27,30,23.88293398576694,39.94200897890769,6
3,18,28,19,40,29.63293398576694,74.94200897890768,6
5,18,38,19,45,24.63293398576694,53.44200897890769,4
6,19,71,49,68,44.652933985766936,75.15200897890769,6
6,18,36,19,41,22.63293398576694,57.65200897890769,9
7,26,65,19,60,24.17293398576694,65.88200897890769,3
3,18,28,20,64,53.64293398576694,85.46200897890769,3
7,18,28,42,25,38.652933985766936,75.90200897890769,6
3,18,28,19,37,26.63293398576694,45.552008978907686,10
4,33,28,35,36,25.682933985766937,55.76200897890769,9
3,18,28,19,45,34.63293398576694,71.88200897890769,10
6,26,28,28,37,26.682933985766937,43.24200897890769,8
3,39,28,22,32,34.60293398576694,63.82200897890769,4
7,48,35,43,33,21.63293398576694,73.75200897890768,8
3,18,28,19,39,28.63293398576694,52.22200897890768,1
4,20,40,19,49,26.81293398576694,74.02200897890769,8
6,18,53,39,49,35.73293398576694,54.16200897890769,7
5,18,48,38,44,34.73293398576694,59.94200897890768,6
3,47,28,19,40,47.83293398576694,73.75200897890768,8
5,18,44,41,42,37.63293398576694,68.67200897890768,6
6,18,41,19,47,23.63293398576694,47.382008978907685,1
3,18,28,19,64,53.63293398576694,77.94200897890768,2
8,18,55,27,26,43.792933985766936,68.46200897890769,3
5,25,52,33,45,24.232933985766937,53.44200897890769,5
7,48,38,46,36,18.63293398576694,75.39200897890768,8
6,25,66,28,61,19.24293398576694,65.09200897890769,2
8,18,34,42,26,39.402933985766936,75.37200897890769,3
5,18,48,38,34,38.10293398576694,68.24200897890769,1
7,40,55,41,44,24.63293398576694,61.80200897890768,3
5,18,39,43,38,39.652933985766936,57.52200897890769,1
7,34,66,35,57,22.63293398576694,68.96200897890769,3
5,18,38,19,47,26.63293398576694,66.00200897890768,4
7,36,40,36,32,21.712933985766938,62.39200897890768,5
6,18,35,21,41,23.88293398576694,62.14200897890768,1
3,18,28,19,47,36.63293398576694,55.982008978907686,2
6,18,49,21,57,25.832933985766935,75.45200897890768,1
3,18,28,19,39,28.63293398576694,70.41200897890769,10
3,18,28,19,38,27.63293398576694,55.38200897890769,10
3,18,28,19,47,36.63293398576694,59.02200897890769,9
5,18,40,19,51,28.63293398576694,64.63200897890769,4
6,18,45,24,63,36.25293398576694,60.22200897890768,1
7,55,47,19,32,54.85293398576694,77.37200897890769,3
5,18,53,35,42,33.99293398576694,66.92200897890768,9
4,18,36,19,52,33.63293398576694,48.82200897890769,10
3,37,28,19,38,38.10293398576694,63.32200897890769,8
10,18,51,35,26,43.652933985766936,83.43200897890769,3
3,18,28,19,38,27.63293398576694,46.22200897890768,7
3,18,28,19,40,29.63293398576694,75.40200897890769,7
3,18,28,20,54,43.652933985766936,67.83200897890768,3
6,47,41,19,26,47.41293398576694,69.94200897890768,5
5,20,61,26,58,20.732933985766937,56.10200897890769,3
8,28,34,19,26,27.292933985766936,63.29200897890769,5
5,35,54,36,39,28.63293398576694,63.77200897890769,5
6,25,59,41,53,31.152933985766936,61.80200897890768,3
3,18,28,19,43,32.63293398576694,65.74200897890769,6
5,18,47,36,38,34.012933985766935,64.68200897890769,1
4,18,46,19,55,26.63293398576694,53.522008978907685,10
3,18,28,19,37,26.63293398576694,50.46200897890769,7
5,18,42,19,54,29.63293398576694,69.55200897890768,8
4,18,44,20,55,28.67293398576694,62.452008978907685,10
7,29,61,30,52,22.63293398576694,61.702008978907685,3
5,18,40,19,49,26.63293398576694,60.15200897890769,4
4,21,34,19,38,22.342933985766937,49.43200897890769,4
4,18,40,19,62,39.63293398576694,69.15200897890769,6
4,18,42,19,46,21.63293398576694,46.312008978907684,7
3,18,28,19,51,40.63293398576694,69.27200897890769,9
6,18,46,20,64,35.652933985766936,69.34200897890769,9
4,19,58,20,62,21.63293398576694,58.36200897890768,3
7,34,44,37,67,40.71293398576694,66.92200897890768,9
3,18,28,19,48,37.63293398576694,65.80200897890768,10
5,18,41,33,38,29.67293398576694,47.382008978907685,1
5,18,42,21,47,22.912933985766937,53.44200897890769,4
8,20,74,23,81,24.85293398576694,78.04200897890769,1
3,18,28,19,51,40.63293398576694,70.52200897890769,1
6,28,65,29,56,22.63293398576694,66.29200897890769,3
4,18,37,19,59,39.63293398576694,65.74200897890769,6
3,37,28,19,41,39.84293398576694,70.47200897890768,8
8,42,59,26,52,33.35293398576694,74.91200897890769,3
4,27,34,19,38,26.45293398576694,62.39200897890768,4
6,35,60,36,45,28.63293398576694,67.45200897890768,3
3,18,28,19,63,52.63293398576694,62.452008978907685,5
4,19,67,20,89,39.63293398576694,87.39200897890768,3
4,41,28,44,36,25.832933985766935,75.48200897890769,1
5,18,28,46,28,42.70293398576694,72.91200897890769,10
5,18,36,36,35,32.66293398576694,56.62200897890769,9
8,55,36,50,34,21.63293398576694,84.34200897890769,8
6,30,44,31,34,23.63293398576694,48.08200897890769,5
6,24,59,32,53,23.69293398576694,55.76200897890769,2
8,27,32,19,26,25.482933985766937,48.97200897890768,5
6,18,52,28,56,26.45293398576694,62.39200897890768,4
5,20,83,40,68,38.652933985766936,82.56200897890768,2
5,18,71,37,63,34.60293398576694,69.56200897890768,2
6,29,52,44,58,31.752933985766937,62.75200897890768,4
5,18,48,47,56,45.36293398576694,63.18200897890769,4
6,32,47,33,36,24.63293398576694,52.552008978907686,5
6,18,36,20,58,39.652933985766936,59.78200897890768,9
7,34,52,19,43,33.09293398576694,63.37200897890769,3
3,18,28,19,42,31.63293398576694,51.21200897890769,9
6,24,78,35,72,26.402933985766936,76.55200897890768,3
4,41,28,44,36,25.832933985766935,75.48200897890769,1
3,18,28,19,62,51.63293398576694,78.22200897890768,2
9,30,36,25,34,21.63293398576694,39.11200897890768,8
3,18,28,19,50,39.63293398576694,69.01200897890769,9
4,18,34,19,52,35.63293398576694,59.02200897890769,6
8,25,51,19,45,23.69293398576694,58.54200897890769,3
7,43,28,44,33,22.63293398576694,61.04200897890769,8
3,18,28,19,37,26.63293398576694,62.60200897890769,1
4,18,46,21,63,34.73293398576694,66.79200897890769,6
6,18,50,38,46,34.73293398576694,51.21200897890769,7
5,18,42,34,47,32.18293398576694,61.04200897890769,4
3,18,28,19,51,40.63293398576694,71.38200897890769,1
5,18,34,29,33,25.682933985766937,43.61200897890768,7
3,18,28,19,61,50.63293398576694,72.15200897890769,2
4,18,66,19,76,27.63293398576694,79.45200897890768,3
3,18,28,19,63,52.63293398576694,76.48200897890769,2
4,18,42,20,64,39.652933985766936,68.79200897890769,7
9,22,48,19,44,20.10293398576694,50.302008978907686,2
9,18,54,31,26,44.27293398576694,73.80200897890768,3
5,20,68,33,57,30.63293398576694,64.52200897890769,2
5,18,41,27,45,25.63293398576694,54.342008978907685,8
8,34,59,34,53,19.752933985766937,68.96200897890769,3
5,18,43,31,43,27.802933985766938,75.90200897890769,6
6,18,35,19,42,24.63293398576694,48.39200897890768,1
7,28,56,19,47,27.84293398576694,65.31200897890768,2
4,18,34,19,52,35.63293398576694,59.02200897890769,6
4,25,28,26,36,25.63293398576694,46.49200897890769,9
5,18,54,36,64,36.442933985766935,64.63200897890769,8
4,18,42,19,50,25.63293398576694,52.75200897890768,7
7,36,28,38,33,22.70293398576694,62.85200897890769,8
4,18,36,19,42,23.63293398576694,52.75200897890768,8
3,18,28,19,37,26.63293398576694,57.52200897890769,1
4,30,34,19,38,29.052933985766938,64.33200897890768,4
4,18,46,19,60,31.63293398576694,59.30200897890768,10
5,18,36,19,41,22.63293398576694,51.87200897890769,4
7,28,28,30,35,24.69293398576694,45.99200897890769,8
5,18,39,24,43,23.44293398576694,48.772008978907685,8
5,18,50,23,59,27.332933985766935,75.39200897890768,8
4,18,58,19,81,40.63293398576694,87.33200897890768,2
3,37,28,24,32,30.862933985766936,64.63200897890769,4
5,18,38,34,42,31.792933985766936,46.982008978907686,8
3,35,28,19,40,37.652933985766936,68.24200897890769,8
6,28,65,38,56,27.032933985766938,65.52200897890769,2
7,31,69,19,61,29.95293398576694,74.77200897890769,3
6,18,40,27,53,32.63293398576694,52.552008978907686,1
5,18,67,29,63,25.832933985766935,65.52200897890769,2
4,20,34,19,38,21.95293398576694,62.39200897890768,4
3,18,28,19,43,32.63293398576694,60.422008978907684,6
3,49,28,42,31,25.06293398576694,66.69200897890768,4
3,18,28,19,41,30.63293398576694,66.24200897890769,9
5,18,47,33,37,31.752933985766937,57.03200897890768,9
6,18,52,41,52,37.722933985766936,57.75200897890768,6
8,19,60,41,57,36.652933985766936,60.97200897890768,1
5,18,46,43,45,39.652933985766936,67.08200897890768,9
3,18,28,19,49,38.63293398576694,70.51200897890769,7
7,37,36,27,30,27.332933985766935,52.75200897890768,5
6,40,64,41,53,24.63293398576694,68.67200897890768,3
3,18,28,19,42,31.63293398576694,68.18200897890769,7
4,18,39,21,48,26.81293398576694,48.772008978907685,10
3,18,28,19,36,25.63293398576694,55.76200897890769,1
3,47,28,23,37,42.942933985766935,75.39200897890768,8
10,18,34,40,26,37.472933985766936,70.89200897890768,3
5,18,40,31,36,27.802933985766938,61.36200897890768,9
8,25,28,25,32,21.712933985766938,36.562008978907684,8
6,28,70,57,61,44.49293398576694,82.58200897890768,3
4,42,28,45,38,27.802933985766938,63.37200897890769,9
6,18,40,20,41,18.792933985766936,42.732008978907686,8
3,18,28,19,33,22.63293398576694,53.90200897890769,10
4,26,28,27,33,22.63293398576694,60.97200897890768,1
6,18,47,26,50,24.232933985766937,53.44200897890769,8
4,18,42,21,50,25.832933985766935,47.14200897890768,10
3,18,28,19,37,26.63293398576694,58.28200897890768,9
5,18,63,38,56,35.28293398576694,62.452008978907685,3
3,40,28,19,35,39.402933985766936,56.202008978907685,8
3,18,28,19,51,40.63293398576694,70.31200897890768,7
7,36,40,39,56,33.74293398576694,68.66200897890769,9
5,18,38,19,45,24.63293398576694,53.44200897890769,4
6,18,39,21,48,26.81293398576694,48.772008978907685,1
5,18,38,19,47,26.63293398576694,57.922008978907684,4
4,25,28,27,41,30.662933985766937,52.22200897890768,1
5,19,74,24,71,19.752933985766937,69.01200897890769,3
5,18,40,19,50,27.63293398576694,62.39200897890768,4
9,24,50,19,44,22.842933985766937,61.702008978907685,3
6,23,52,41,58,34.42293398576694,60.97200897890768,4
5,18,28,53,27,49.64293398576694,73.13200897890769,10
4,26,36,19,42,26.94293398576694,82.05200897890768,8
7,36,40,31,32,24.122933985766938,63.29200897890769,5
7,35,40,37,58,35.652933985766936,70.61200897890768,9
8,40,49,29,40,29.52293398576694,72.23200897890769,2
6,18,43,24,45,22.032933985766938,46.74200897890769,8
5,18,28,43,28,39.71293398576694,70.51200897890769,10
5,18,28,36,27,32.66293398576694,47.64200897890768,10
4,18,51,19,62,28.63293398576694,59.25200897890768,2
6,18,35,19,52,34.63293398576694,61.19200897890768,1
6,18,44,20,52,25.682933985766937,60.74200897890769,9
3,18,28,19,44,33.63293398576694,70.41200897890769,6
3,18,28,19,47,36.63293398576694,57.482008978907686,1
4,18,48,19,54,23.63293398576694,59.94200897890768,6
3,18,28,19,37,26.63293398576694,63.19200897890768,9
5,18,83,31,75,29.052933985766938,82.15200897890769,3
4,23,34,19,38,23.44293398576694,64.63200897890769,4
5,18,28,47,27,43.652933985766936,62.452008978907685,10
5,18,45,36,41,32.75293398576694,63.77200897890769,9
3,18,28,19,54,43.63293398576694,70.24200897890769,3
5,18,28,44,27,40.652933985766936,65.15200897890769,10
8,30,34,19,26,29.052933985766938,63.29200897890769,5
4,18,49,21,55,23.88293398576694,57.37200897890769,6
4,31,34,19,38,29.95293398576694,72.35200897890769,4
4,18,63,35,50,35.05293398576694,60.62200897890769,5
7,18,28,51,26,47.63293398576694,71.06200897890768,6
6,18,57,28,57,24.85293398576694,56.15200897890769,6
3,18,28,20,55,44.652933985766936,54.342008978907685,5
3,18,28,19,33,22.63293398576694,56.14200897890768,9
6,42,76,48,61,29.56293398576694,89.68200897890769,2
3,18,28,19,41,30.63293398576694,64.58200897890768,10
3,18,28,19,42,31.63293398576694,59.99200897890769,9
6,18,39,20,48,26.682933985766937,49.07200897890769,9
7,28,41,29,58,34.63293398576694,55.672008978907684,1
7,42,37,43,53,33.63293398576694,58.26200897890769,9
4,19,48,28,40,25.63293398576694,44.07200897890769,5
4,40,28,42,41,30.662933985766937,63.19200897890768,9
4,18,48,21,53,22.912933985766937,57.61200897890768,7
3,18,28,19,44,33.63293398576694,72.62200897890769,10
6,20,52,41,52,35.73293398576694,56.202008978907685,7
4,18,38,21,45,24.85293398576694,42.062008978907684,10
3,18,28,19,44,33.63293398576694,67.08200897890768,9
4,28,28,30,46,35.652933985766936,50.37200897890769,9
6,37,58,39,47,24.69293398576694,62.452008978907685,3
8,18,40,36,26,36.442933985766935,70.24200897890769,3
4,20,49,24,42,21.462933985766938,45.40200897890769,5
6,20,63,55,60,49.64293398576694,72.35200897890769,6
4,20,48,29,41,25.06293398576694,47.14200897890768,5
8,33,34,19,26,31.792933985766936,62.64200897890768,5
7,47,49,41,40,25.532933985766938,67.59200897890769,2
5,18,28,28,26,24.63293398576694,52.50200897890768,10
4,20,35,19,40,22.912933985766937,53.44200897890769,4
5,19,76,31,70,27.332933985766935,71.87200897890769,3
3,18,28,20,49,38.652933985766936,50.162008978907686,5
8,28,61,19,53,27.292933985766936,75.30200897890768,3
3,18,28,19,44,33.63293398576694,81.55200897890768,7
7,23,47,30,48,22.342933985766937,46.74200897890769,8
7,30,36,25,30,22.842933985766937,48.97200897890768,5
5,18,36,19,42,23.63293398576694,49.43200897890769,8
4,18,40,19,46,23.63293398576694,49.732008978907686,10
5,18,39,43,32,40.152933985766936,62.14200897890768,9
8,20,51,25,54,22.032933985766938,52.60200897890769,1
6,54,74,55,59,28.63293398576694,89.56200897890768,3
4,18,48,19,58,27.63293398576694,64.01200897890769,10
7,24,47,31,48,22.342933985766937,47.202008978907685,8
6,20,58,47,56,41.63293398576694,64.66200897890769,6
5,18,36,24,38,22.032933985766938,36.03200897890768,8
6,25,28,25,36,25.682933985766937,39.60200897890769,8
8,19,69,23,74,23.252933985766937,74.53200897890768,1
8,24,32,19,26,22.842933985766937,50.982008978907686,5
8,47,44,39,37,25.932933985766937,66.07200897890769,3
3,36,28,21,32,32.722933985766936,62.39200897890768,4
3,18,28,19,32,21.63293398576694,47.64200897890768,9
7,35,57,36,44,26.63293398576694,62.86200897890768,2
5,18,46,21,53,24.85293398576694,62.39200897890768,4
4,20,67,21,87,37.63293398576694,89.26200897890769,3
6,18,61,27,67,26.94293398576694,82.05200897890768,8
5,19,61,39,57,34.73293398576694,66.07200897890769,3
4,18,49,20,71,39.652933985766936,85.08200897890768,7
3,18,28,19,40,29.63293398576694,68.79200897890769,7
7,25,35,24,56,38.722933985766936,59.80200897890768,1
5,18,40,29,38,25.63293398576694,48.39200897890768,7
6,32,81,33,68,26.63293398576694,87.39200897890768,3
7,32,49,25,52,25.06293398576694,51.672008978907684,1
3,29,28,24,30,22.842933985766937,46.74200897890769,8
3,18,28,19,56,45.63293398576694,58.76200897890769,5
7,30,35,19,26,29.52293398576694,54.342008978907685,5
7,25,35,24,56,38.722933985766936,59.80200897890768,1
8,28,50,23,45,22.342933985766937,53.76200897890769,2
7,25,50,22,67,35.05293398576694,63.732008978907686,1
5,18,45,28,43,24.63293398576694,60.22200897890768,1
5,18,42,21,47,22.912933985766937,53.44200897890769,4
3,18,28,20,56,45.652933985766936,69.15200897890769,3
3,18,28,20,55,44.652933985766936,54.342008978907685,5
5,18,28,28,27,24.69293398576694,66.07200897890769,10
8,45,35,40,33,21.63293398576694,61.04200897890769,8
3,18,28,19,56,45.63293398576694,79.08200897890768,2
4,19,54,29,44,27.67293398576694,51.21200897890769,5
6,18,35,22,57,39.82293398576694,60.74200897890769,1
3,18,28,19,49,38.63293398576694,70.84200897890769,9
7,39,61,40,50,24.63293398576694,67.32200897890769,3
6,35,45,33,34,25.122933985766938,60.15200897890769,5
5,18,42,34,46,31.792933985766936,47.14200897890768,4
3,18,28,19,45,34.63293398576694,61.092008978907685,1
6,18,49,20,71,39.652933985766936,70.61200897890768,9
4,18,65,19,87,39.63293398576694,89.68200897890769,2
3,18,28,19,42,31.63293398576694,62.452008978907685,10
3,18,28,19,39,28.63293398576694,49.60200897890769,1
5,18,50,41,58,39.80293398576694,60.97200897890768,4
3,51,28,19,38,50.74293398576694,70.98200897890769,4
8,42,53,31,43,30.052933985766938,82.15200897890769,3
5,18,43,33,41,29.63293398576694,66.24200897890769,6
9,22,53,19,48,20.63293398576694,59.02200897890769,2
9,32,39,28,37,20.63293398576694,53.44200897890769,8
6,21,61,41,70,37.582933985766935,72.75200897890768,8
8,37,38,33,36,20.63293398576694,54.342008978907685,8
5,18,85,55,72,53.27293398576694,89.56200897890768,3
4,35,34,19,38,33.66293398576694,64.94200897890768,4
6,18,36,20,43,24.69293398576694,62.96200897890769,1
7,31,67,29,58,23.252933985766937,73.80200897890768,3
7,39,42,40,57,32.63293398576694,62.10200897890769,9
4,27,33,19,36,25.932933985766937,58.38200897890769,4
3,18,28,19,55,44.63293398576694,73.06200897890768,2
5,32,52,34,41,24.69293398576694,55.68200897890769,5
6,25,62,28,57,19.24293398576694,61.43200897890769,3
4,34,28,36,35,24.69293398576694,55.76200897890769,9
6,37,71,40,62,22.912933985766937,74.53200897890768,3
8,18,44,27,26,33.52293398576694,55.12200897890769,3
3,31,28,22,32,27.292933985766936,49.43200897890769,4
3,18,28,19,49,38.63293398576694,73.54200897890769,7
5,18,51,35,49,31.63293398576694,73.54200897890769,7
4,31,28,32,40,29.63293398576694,53.03200897890768,9
6,22,55,27,51,20.10293398576694,50.302008978907686,2
5,18,42,29,42,25.832933985766935,67.42200897890768,6
5,18,40,21,44,21.95293398576694,48.97200897890768,4
6,20,49,33,54,29.52293398576694,53.44200897890769,4
5,18,38,19,45,24.63293398576694,53.44200897890769,4
5,18,43,43,38,39.82293398576694,66.24200897890769,9
3,18,28,21,60,49.69293398576694,60.15200897890769,5
8,18,61,40,67,38.10293398576694,69.15200897890769,1
5,18,39,39,39,35.73293398576694,56.202008978907685,6
3,32,28,21,33,29.52293398576694,53.44200897890769,4
3,18,28,19,32,21.63293398576694,39.94200897890769,6
3,18,28,19,32,21.63293398576694,42.26200897890769,7
4,43,28,44,44,33.63293398576694,69.31200897890768,1
7,29,40,26,57,35.05293398576694,55.03200897890768,1
5,18,46,28,53,28.362933985766936,69.00200897890768,4
9,18,56,30,26,45.71293398576694,75.74200897890769,3
4,18,35,19,52,34.63293398576694,53.202008978907685,6
3,18,28,19,43,32.63293398576694,50.37200897890769,9
7,38,35,33,33,21.63293398576694,63.32200897890769,8
3,18,28,19,34,23.63293398576694,46.552008978907686,7
4,20,64,21,82,35.63293398576694,83.88200897890769,3
6,18,64,38,64,34.73293398576694,69.94200897890768,7
8,18,74,23,77,22.032933985766938,73.93200897890769,1
8,37,55,36,48,21.022933985766937,70.99200897890769,2
4,18,44,21,50,23.88293398576694,50.37200897890769,6
3,18,28,19,36,25.63293398576694,58.50200897890768,1
4,41,28,44,32,21.95293398576694,66.79200897890769,9
4,18,40,21,59,36.73293398576694,57.61200897890768,10
3,32,28,19,37,33.43293398576694,57.07200897890769,4
6,37,64,38,52,25.63293398576694,70.99200897890769,2
5,18,50,41,58,39.80293398576694,60.97200897890768,4
4,40,28,43,49,38.722933985766936,67.08200897890768,1
3,18,28,20,46,35.652933985766936,44.07200897890769,5
6,20,50,29,50,23.88293398576694,48.14200897890768,7
3,31,28,26,30,22.842933985766937,49.43200897890769,8
3,18,28,19,46,35.63293398576694,74.34200897890769,7
7,18,28,40,26,36.63293398576694,59.58200897890768,6
4,18,62,21,78,33.74293398576694,77.50200897890768,2
8,35,55,35,47,21.712933985766938,71.18200897890769,3
7,40,43,42,59,33.66293398576694,62.36200897890768,1
8,27,33,19,26,25.932933985766937,58.812008978907684,5
3,18,28,19,34,23.63293398576694,49.162008978907686,6
6,18,63,30,59,26.81293398576694,69.56200897890768,7
4,26,28,28,35,24.69293398576694,50.60200897890769,1
5,18,45,47,43,43.63293398576694,69.77200897890769,7
3,18,28,19,45,34.63293398576694,71.88200897890769,1
4,19,55,20,73,35.63293398576694,72.84200897890769,3
4,18,41,20,64,40.652933985766936,73.13200897890769,10
6,18,34,21,57,40.71293398576694,56.15200897890769,9
4,19,54,20,74,37.63293398576694,71.87200897890769,3
3,18,28,19,34,23.63293398576694,44.61200897890768,10
3,18,28,19,33,22.63293398576694,40.93200897890769,7
3,18,28,19,46,35.63293398576694,68.24200897890769,1
4,18,36,20,52,33.66293398576694,54.94200897890768,10
6,20,49,30,47,24.63293398576694,51.97200897890768,6
6,19,54,26,52,21.63293398576694,56.85200897890769,7
7,37,68,38,59,22.63293398576694,70.99200897890769,3
6,36,76,44,69,24.232933985766937,78.04200897890769,3
6,20,48,34,48,28.782933985766938,48.772008978907685,7
5,18,44,19,59,32.63293398576694,91.45200897890768,8
4,19,61,20,76,32.63293398576694,73.13200897890769,3
4,20,62,21,78,33.63293398576694,79.41200897890769,3
4,18,63,21,78,32.75293398576694,79.00200897890768,2
3,18,28,19,50,39.63293398576694,52.732008978907686,1
3,46,28,37,31,26.81293398576694,65.33200897890768,8
6,19,72,49,69,44.652933985766936,75.39200897890768,7
7,31,51,32,67,33.63293398576694,67.06200897890768,9
6,43,42,31,33,30.392933985766938,58.94200897890768,5
5,18,47,27,33,30.052933985766938,53.76200897890769,9
4,26,28,27,53,42.63293398576694,74.75200897890768,9
3,18,28,19,61,50.63293398576694,79.00200897890768,2
6,20,46,34,50,29.95293398576694,50.44200897890769,4
5,32,52,35,42,23.88293398576694,58.812008978907684,5
8,18,42,32,26,34.73293398576694,64.20200897890768,3
4,18,34,20,41,24.69293398576694,41.35200897890769,10
4,18,41,19,52,28.63293398576694,64.63200897890769,8
3,18,28,19,33,22.63293398576694,60.74200897890769,9
5,35,42,36,33,22.63293398576694,48.39200897890768,5
3,25,28,20,28,21.95293398576694,38.78200897890768,8
4,18,36,19,42,23.63293398576694,50.982008978907686,4
4,18,42,21,58,33.74293398576694,65.33200897890768,6
6,18,41,21,55,31.752933985766937,52.22200897890768,1
4,18,58,20,64,23.69293398576694,61.19200897890768,2
7,43,54,44,43,24.63293398576694,64.34200897890769,3
7,18,28,30,26,26.63293398576694,39.94200897890769,6
3,18,28,19,45,34.63293398576694,61.50200897890768,7
3,18,28,19,36,25.63293398576694,51.21200897890769,9
10,18,37,31,26,30.63293398576694,64.34200897890769,3
8,56,37,53,35,19.63293398576694,81.81200897890768,8
7,44,61,45,50,24.63293398576694,69.85200897890769,3
5,18,50,32,48,28.63293398576694,81.55200897890768,6
5,18,34,38,33,34.66293398576694,56.85200897890769,6
3,18,28,19,50,39.63293398576694,50.982008978907686,5
4,20,52,25,46,21.292933985766936,48.97200897890768,5
8,28,35,19,26,27.84293398576694,66.43200897890769,5
7,31,36,28,30,21.292933985766936,48.562008978907684,5
4,23,35,19,40,24.232933985766937,66.86200897890768,4
3,18,28,19,44,33.63293398576694,65.15200897890769,1
4,24,28,25,39,28.63293398576694,57.65200897890769,9
7,21,59,19,54,19.872933985766938,58.36200897890768,3
6,18,41,21,60,36.73293398576694,59.30200897890768,1
4,39,28,40,36,25.63293398576694,60.422008978907684,9
6,18,59,29,59,25.832933985766935,64.15200897890769,7
5,18,34,19,39,22.63293398576694,48.39200897890768,4
7,31,40,23,67,45.99293398576694,65.15200897890769,1
8,41,34,35,32,22.63293398576694,66.56200897890768,8
3,18,28,20,48,37.652933985766936,49.342008978907685,5
6,39,28,42,33,22.912933985766937,54.702008978907685,8
5,18,38,19,45,24.63293398576694,53.44200897890769,4
5,18,68,33,58,31.752933985766937,65.60200897890769,3
4,18,58,33,50,30.862933985766936,55.68200897890769,5
6,18,47,20,61,31.66293398576694,68.76200897890769,1
6,20,72,55,69,49.64293398576694,78.99200897890769,7
3,18,28,19,44,33.63293398576694,70.41200897890769,6
7,31,35,30,54,36.73293398576694,53.01200897890769,1
4,18,67,53,52,52.03293398576694,73.88200897890769,5
4,18,48,20,63,32.66293398576694,60.74200897890769,2
7,28,34,24,29,21.462933985766938,45.40200897890769,5
5,18,43,33,41,29.63293398576694,66.24200897890769,6
7,29,43,30,65,39.63293398576694,62.66200897890769,9
6,34,43,35,34,22.63293398576694,49.342008978907685,5
7,18,28,40,26,36.63293398576694,54.79200897890769,6
3,18,28,19,33,22.63293398576694,65.15200897890769,1
4,20,32,19,34,20.10293398576694,48.97200897890768,4
4,40,28,42,41,30.662933985766937,63.19200897890768,9
4,36,33,19,36,34.31293398576694,65.33200897890768,8
6,20,60,41,58,35.63293398576694,66.69200897890768,7
4,20,55,31,47,27.292933985766936,53.03200897890768,5
4,20,32,19,34,20.10293398576694,50.44200897890769,4
5,18,43,46,35,43.292933985766936,59.62200897890769,1
7,26,42,27,63,38.63293398576694,59.99200897890769,9
4,18,46,19,60,31.63293398576694,59.30200897890768,10
3,18,28,21,52,41.71293398576694,62.64200897890768,3
6,18,46,19,51,22.63293398576694,51.29200897890769,9
6,18,45,25,52,26.45293398576694,51.672008978907684,1
5,18,28,30,28,26.81293398576694,44.97200897890768,10
4,30,28,32,33,22.70293398576694,53.01200897890769,1
5,18,81,40,68,39.34293398576694,80.74200897890769,2
5,18,52,44,51,40.652933985766936,76.70200897890768,6
5,28,46,32,38,22.342933985766937,49.43200897890769,5
8,31,32,19,26,29.232933985766937,56.11200897890768,5
7,37,28,40,34,23.88293398576694,66.05200897890768,8
4,18,35,21,57,39.71293398576694,59.58200897890768,6
7,22,57,36,60,29.56293398576694,60.61200897890768,8
5,35,58,39,46,26.072933985766937,65.97200897890768,5
6,43,45,44,34,24.63293398576694,58.21200897890769,5
3,45,28,31,33,32.18293398576694,61.04200897890769,4
9,38,39,19,32,36.25293398576694,66.07200897890769,3
7,40,28,43,32,21.95293398576694,61.842008978907685,8
5,18,42,43,40,39.63293398576694,66.24200897890769,7
8,34,65,25,59,26.402933985766936,76.55200897890768,3
6,18,35,22,57,39.82293398576694,60.74200897890769,1
6,18,49,31,52,28.63293398576694,60.422008978907684,4
5,18,28,44,26,40.63293398576694,71.88200897890769,10
3,18,28,19,48,37.63293398576694,68.46200897890769,7
3,48,28,19,39,48.33293398576694,71.18200897890769,8
3,18,28,19,59,48.63293398576694,82.56200897890768,2
4,18,39,19,57,35.63293398576694,61.96200897890769,6
8,32,68,19,58,31.752933985766937,85.39200897890768,2
4,19,49,20,55,23.63293398576694,53.922008978907684,3
7,27,33,19,26,25.932933985766937,44.50200897890768,5
7,27,58,37,62,26.45293398576694,62.39200897890768,4
5,18,38,19,46,25.63293398576694,55.68200897890769,4
5,18,45,30,46,27.032933985766938,50.37200897890769,9
8,18,40,36,26,36.442933985766935,70.24200897890769,3
5,20,72,29,66,24.572933985766937,77.75200897890768,3
3,18,28,19,36,25.63293398576694,42.062008978907684,10
6,30,70,38,62,24.85293398576694,72.84200897890769,3
3,18,28,19,64,53.63293398576694,75.28200897890768,3
3,18,28,19,39,28.63293398576694,47.382008978907685,1
7,40,36,26,61,46.52293398576694,63.482008978907686,1
8,33,34,19,26,31.792933985766936,62.64200897890768,5
4,18,46,19,62,33.63293398576694,69.94200897890768,7
5,18,73,33,60,33.43293398576694,70.24200897890769,3
5,18,38,32,40,29.232933985766937,41.94200897890769,8
7,20,58,37,62,32.722933985766936,62.39200897890768,4
5,18,28,32,26,28.63293398576694,43.54200897890769,10
4,18,59,19,76,34.63293398576694,74.95200897890768,2
3,18,28,20,46,35.652933985766936,63.77200897890769,3
9,22,52,19,47,20.63293398576694,61.36200897890768,2
4,18,57,19,74,34.63293398576694,73.06200897890768,2
7,50,28,49,35,24.85293398576694,78.75200897890768,8
6,19,46,36,44,31.63293398576694,46.90200897890769,7
5,20,88,31,80,27.292933985766936,86.76200897890769,3
7,35,34,19,26,33.66293398576694,53.54200897890769,5
6,18,46,19,54,25.63293398576694,61.092008978907685,9
5,18,44,29,50,28.44293398576694,48.14200897890768,4
3,18,28,19,45,34.63293398576694,60.15200897890769,7
8,32,44,19,34,31.752933985766937,65.60200897890769,3
5,19,88,66,70,64.33293398576694,98.36200897890768,3
4,41,28,42,40,29.63293398576694,54.672008978907684,1
5,18,36,26,34,22.63293398576694,45.912008978907686,7
5,18,34,40,32,36.63293398576694,64.15200897890769,6
7,43,40,44,55,32.63293398576694,65.15200897890769,1
9,32,37,29,35,19.63293398576694,51.672008978907684,8
8,19,59,28,52,25.06293398576694,54.71200897890769,1
5,18,49,30,48,26.682933985766937,70.65200897890769,7
3,34,28,21,31,30.502933985766937,58.38200897890769,8
4,22,40,19,51,29.232933985766937,78.50200897890768,8
7,29,46,20,49,26.81293398576694,47.64200897890768,1
4,18,50,21,70,37.722933985766936,68.63200897890769,2
4,37,28,39,37,26.682933985766937,65.19200897890768,1
7,27,37,27,56,36.652933985766936,73.93200897890769,1
5,18,45,32,43,28.63293398576694,58.54200897890769,9
7,18,28,30,28,26.81293398576694,68.67200897890768,6
5,18,34,19,37,20.63293398576694,42.14200897890768,8
5,18,40,26,33,24.232933985766937,59.80200897890768,1
5,19,78,28,73,24.17293398576694,73.13200897890769,3
4,18,66,19,71,22.63293398576694,70.99200897890769,3
4,42,28,43,38,27.63293398576694,57.52200897890769,1
6,22,65,44,76,40.332933985766935,78.50200897890768,8
5,18,35,44,38,41.13293398576694,65.15200897890769,1
5,18,39,26,36,22.70293398576694,48.71200897890769,7
3,30,28,24,30,23.69293398576694,48.97200897890768,4
8,47,48,35,39,30.392933985766938,78.22200897890768,2
8,52,48,29,39,40.63293398576694,77.75200897890768,3
6,18,48,19,63,32.63293398576694,65.19200897890768,1
4,35,28,38,37,26.81293398576694,58.50200897890768,1
4,18,33,19,36,20.63293398576694,46.982008978907686,8
3,18,28,19,56,45.63293398576694,61.19200897890768,2
3,18,28,19,41,30.63293398576694,60.35200897890769,9
7,20,58,37,62,32.722933985766936,62.39200897890768,4
6,20,61,47,58,41.652933985766936,67.42200897890768,7
5,30,49,34,40,23.252933985766937,53.03200897890768,5
6,34,60,35,49,24.63293398576694,62.452008978907685,3
3,48,28,19,38,47.94293398576694,69.00200897890768,8
5,18,63,38,56,35.28293398576694,62.452008978907685,3
5,18,40,31,32,29.052933985766938,48.97200897890768,1
4,18,51,19,74,40.63293398576694,73.76200897890769,2
5,18,28,44,27,40.652933985766936,66.79200897890769,10
6,25,56,26,49,20.63293398576694,51.00200897890768,3
5,18,44,21,50,23.88293398576694,60.97200897890768,8
8,35,46,27,38,26.45293398576694,62.86200897890768,2
5,18,48,37,42,34.07293398576694,67.33200897890768,1
4,29,28,32,34,23.88293398576694,51.21200897890769,9
5,18,28,36,28,32.75293398576694,55.76200897890769,10
8,28,53,19,45,27.292933985766936,65.52200897890769,2
9,18,60,28,26,48.87293398576694,73.13200897890769,3
6,55,28,58,36,25.832933985766935,80.94200897890768,8
9,28,42,19,33,27.84293398576694,72.23200897890769,2
4,18,46,19,50,21.63293398576694,53.54200897890769,7
5,20,69,41,62,36.25293398576694,68.67200897890768,3
3,18,28,19,50,39.63293398576694,48.97200897890768,5
6,33,43,33,34,22.70293398576694,55.68200897890769,5
7,37,36,37,43,24.69293398576694,60.22200897890768,9
5,18,42,21,47,22.912933985766937,53.44200897890769,4
3,36,28,28,32,26.45293398576694,62.39200897890768,4
5,18,40,21,44,21.95293398576694,48.97200897890768,4
9,31,58,19,50,29.95293398576694,85.08200897890768,3
3,18,28,19,55,44.63293398576694,81.50200897890768,2
3,18,28,19,49,38.63293398576694,70.84200897890769,9
8,45,34,41,32,20.63293398576694,59.62200897890769,8
4,21,33,19,36,21.462933985766938,54.90200897890769,8
7,31,43,36,44,20.63293398576694,49.052008978907686,8
5,18,74,35,70,31.752933985766937,71.18200897890769,3
5,28,58,37,50,25.63293398576694,63.29200897890769,5
6,18,51,21,73,39.71293398576694,71.87200897890769,9
7,36,40,29,32,25.63293398576694,63.29200897890769,5
4,18,45,19,62,34.63293398576694,69.77200897890769,7
4,20,64,36,56,31.792933985766936,62.39200897890768,5
4,18,60,19,80,37.63293398576694,77.68200897890769,2
5,18,53,34,50,30.662933985766937,75.39200897890768,7
4,36,28,38,34,23.69293398576694,60.22200897890768,9
7,31,62,26,55,23.44293398576694,66.11200897890768,3
7,41,44,42,49,22.63293398576694,56.85200897890769,9
3,47,28,19,39,47.41293398576694,72.14200897890768,8
3,18,28,19,51,40.63293398576694,69.27200897890769,9
3,18,28,21,52,41.71293398576694,61.43200897890769,3
7,43,38,19,26,42.56293398576694,71.18200897890769,5
3,25,28,19,31,24.232933985766937,39.60200897890769,8
7,18,28,42,28,38.722933985766936,56.85200897890769,6
3,18,28,19,48,37.63293398576694,73.93200897890769,1
5,18,49,43,44,39.82293398576694,59.02200897890769,9
6,18,50,21,72,39.71293398576694,82.98200897890769,1
10,18,51,35,26,43.652933985766936,83.43200897890769,3
4,18,34,21,49,32.75293398576694,51.97200897890768,10
6,20,74,49,71,43.652933985766936,77.06200897890768,7
9,47,38,44,36,19.63293398576694,65.33200897890768,8
6,18,55,24,60,24.232933985766937,66.86200897890768,4
5,32,46,38,39,22.70293398576694,54.342008978907685,5
5,18,49,34,50,30.932933985766937,57.482008978907686,1
8,31,59,31,53,19.752933985766937,71.87200897890769,3
3,18,28,19,38,27.63293398576694,63.87200897890769,6
6,34,40,19,26,35.63293398576694,60.62200897890769,5
5,18,39,27,37,23.63293398576694,50.46200897890769,7
3,18,28,19,35,24.63293398576694,61.19200897890768,9
6,18,53,20,75,39.652933985766936,72.15200897890769,9
3,38,28,29,32,27.292933985766936,56.85200897890769,8
3,32,28,21,33,29.52293398576694,53.44200897890769,4
8,20,71,43,39,52.83293398576694,71.38200897890769,1
5,18,34,19,37,20.63293398576694,42.14200897890768,8
7,30,61,19,50,30.63293398576694,71.62200897890769,2
7,43,69,58,76,32.27293398576694,87.44200897890768,8
5,18,44,36,50,34.42293398576694,51.552008978907686,4
3,18,28,19,37,26.63293398576694,48.772008978907685,10
7,25,49,32,52,23.44293398576694,51.21200897890769,8
6,19,58,33,54,28.782933985766938,61.842008978907685,6
4,18,40,20,44,21.712933985766938,41.842008978907685,10
4,30,28,33,33,22.912933985766937,56.14200897890768,9
3,18,28,19,58,47.63293398576694,77.68200897890769,2
3,18,28,19,62,51.63293398576694,83.99200897890769,3
3,18,28,19,49,38.63293398576694,70.51200897890769,7
3,18,28,20,47,36.652933985766936,69.85200897890769,3
3,18,28,19,50,39.63293398576694,67.42200897890768,7
7,51,49,19,32,51.88293398576694,81.22200897890768,3
3,37,28,20,32,34.60293398576694,64.63200897890769,4
3,33,28,19,34,32.63293398576694,50.44200897890769,4
3,18,28,19,43,32.63293398576694,72.39200897890768,7
9,24,49,19,43,22.842933985766937,60.74200897890769,2
4,26,28,29,34,23.88293398576694,50.93200897890769,9
6,18,50,20,63,30.662933985766937,63.732008978907686,1
4,18,35,20,43,25.682933985766937,40.93200897890769,7
9,25,42,19,36,23.69293398576694,61.80200897890768,3
3,34,28,21,34,31.752933985766937,57.922008978907684,4
4,20,34,19,38,21.95293398576694,62.39200897890768,4
4,19,62,20,72,27.63293398576694,69.01200897890769,3
4,18,58,19,65,24.63293398576694,62.40200897890769,2
7,32,56,29,49,22.032933985766938,60.77200897890769,2
5,18,42,43,39,39.652933985766936,68.79200897890769,7
7,19,47,30,48,26.072933985766937,46.74200897890769,8
7,45,35,47,56,38.652933985766936,63.18200897890769,9
7,18,28,40,26,36.63293398576694,59.58200897890768,6
3,29,28,20,30,26.402933985766936,46.74200897890769,8
6,44,75,45,58,30.63293398576694,86.61200897890768,2
3,18,28,19,46,35.63293398576694,72.35200897890769,7
4,26,28,29,44,33.74293398576694,64.34200897890769,9
4,18,43,19,63,37.63293398576694,71.72200897890768,10
8,57,28,59,37,26.682933985766937,87.44200897890768,8
4,19,64,44,56,40.372933985766934,72.35200897890769,5
6,18,44,19,61,34.63293398576694,64.02200897890769,9
5,18,37,32,36,28.67293398576694,41.99200897890769,7
7,40,34,38,32,18.63293398576694,56.202008978907685,8
6,44,81,54,70,28.362933985766936,90.74200897890768,2
5,19,61,39,57,34.73293398576694,66.07200897890769,3
4,18,48,19,59,28.63293398576694,63.76200897890769,6
7,27,45,24,63,36.03293398576694,60.22200897890768,1
3,18,28,19,46,35.63293398576694,63.732008978907686,1
5,18,38,38,34,34.73293398576694,59.36200897890768,1
5,18,34,31,34,27.802933985766938,55.38200897890769,7
9,31,36,28,34,19.63293398576694,49.43200897890769,8
4,18,50,21,72,39.71293398576694,81.55200897890768,6
7,34,28,37,34,23.88293398576694,53.76200897890769,8
9,30,78,39,66,28.44293398576694,75.99200897890769,1
6,40,28,41,32,21.63293398576694,56.202008978907685,8
6,37,35,19,26,35.88293398576694,50.46200897890769,5
6,18,40,20,63,40.652933985766936,61.36200897890768,9
6,19,63,37,61,32.63293398576694,61.50200897890768,7
3,28,28,19,34,28.44293398576694,48.14200897890768,4
4,20,34,19,38,21.95293398576694,60.15200897890769,4
7,40,39,43,58,36.73293398576694,62.14200897890768,1
5,19,73,29,67,25.482933985766937,72.23200897890769,2
3,52,28,43,32,27.292933985766936,73.13200897890769,4
7,18,28,30,26,26.63293398576694,72.47200897890768,6
4,18,41,20,48,24.69293398576694,46.74200897890769,10
5,18,43,30,43,26.81293398576694,54.16200897890769,7
3,18,28,20,47,36.652933985766936,45.40200897890769,5
6,35,35,19,26,34.012933985766935,48.39200897890768,5
3,18,28,19,40,29.63293398576694,57.61200897890768,6
4,30,28,31,40,29.63293398576694,51.21200897890769,9
3,18,28,19,40,29.63293398576694,61.952008978907685,1
4,18,41,19,52,28.63293398576694,64.63200897890769,8
5,18,28,42,27,38.652933985766936,67.42200897890768,10
9,24,68,31,47,35.55293398576694,63.90200897890769,1
4,37,28,38,48,37.63293398576694,70.99200897890769,9
4,24,28,25,39,28.63293398576694,52.732008978907686,1
6,35,28,35,34,23.69293398576694,66.00200897890768,8
4,27,28,29,39,28.67293398576694,55.672008978907684,1
5,18,42,32,40,28.63293398576694,53.03200897890768,9
5,18,36,27,32,23.88293398576694,53.44200897890769,7
7,32,34,29,32,19.63293398576694,53.44200897890769,8
5,18,37,43,35,39.63293398576694,53.382008978907685,9
7,20,48,31,50,26.402933985766936,48.97200897890768,4
4,18,41,19,52,28.63293398576694,72.14200897890768,8
4,18,46,19,63,34.63293398576694,73.13200897890769,7
4,40,28,42,47,36.652933985766936,64.02200897890769,9
3,18,28,19,47,36.63293398576694,69.55200897890768,9
4,18,49,20,58,26.682933985766937,58.91200897890769,7
3,18,28,19,43,32.63293398576694,61.342008978907685,6
9,44,35,39,33,21.63293398576694,73.25200897890768,8
5,18,50,40,46,36.73293398576694,76.34200897890769,6
7,58,73,59,52,34.63293398576694,95.92200897890768,3
4,43,28,46,33,22.912933985766937,63.18200897890769,9
6,43,45,44,34,24.63293398576694,58.21200897890769,5
7,41,59,40,46,26.81293398576694,79.00200897890768,2
4,25,28,26,33,22.63293398576694,59.80200897890768,1
6,18,49,20,68,36.652933985766936,69.55200897890768,9
8,27,32,19,26,25.482933985766937,49.43200897890769,5
8,19,52,28,57,26.26293398576694,58.50200897890768,1
3,18,28,19,35,24.63293398576694,65.74200897890769,6
7,41,65,42,48,30.63293398576694,76.27200897890769,2
4,27,28,28,42,31.63293398576694,57.312008978907684,9
8,18,56,23,26,43.91293398576694,58.36200897890768,3
8,20,51,43,52,37.832933985766935,57.52200897890769,1
4,18,39,19,48,26.63293398576694,60.97200897890768,4
5,18,45,36,43,32.63293398576694,54.94200897890768,6
7,26,61,27,54,20.63293398576694,59.02200897890769,2
4,18,54,19,65,28.63293398576694,62.40200897890769,2
6,18,58,40,55,36.652933985766936,61.842008978907685,6
7,37,40,38,55,32.63293398576694,63.732008978907686,9
9,26,48,19,42,24.572933985766937,67.32200897890769,3
5,18,40,35,38,31.63293398576694,46.22200897890768,7
8,32,42,19,32,31.752933985766937,62.86200897890768,2
4,18,35,19,40,22.63293398576694,40.58200897890769,10
6,18,38,32,49,34.012933985766935,54.672008978907684,1
7,32,38,26,31,24.232933985766937,53.44200897890769,5
5,18,54,36,64,36.442933985766935,64.63200897890769,8
4,29,28,32,40,29.77293398576694,63.25200897890768,9
6,18,56,39,52,35.73293398576694,59.94200897890768,6
5,18,36,19,43,24.63293398576694,51.672008978907684,8
7,35,38,19,26,35.35293398576694,64.63200897890769,5
7,34,38,33,31,21.022933985766937,57.922008978907684,5
9,22,47,19,42,20.63293398576694,53.76200897890769,2
3,18,28,19,35,24.63293398576694,68.81200897890768,7
3,18,28,19,34,23.63293398576694,51.69200897890769,6
8,29,28,31,35,24.69293398576694,42.14200897890768,8
5,18,28,41,28,37.722933985766936,58.54200897890769,10
7,18,28,27,27,23.69293398576694,50.37200897890769,6
5,18,28,30,28,26.81293398576694,46.74200897890769,10
8,18,34,46,26,43.292933985766936,98.36200897890768,3
6,50,62,51,47,28.63293398576694,78.18200897890769,2
3,18,28,19,38,27.63293398576694,59.80200897890768,1
4,26,33,19,36,25.06293398576694,49.052008978907686,8
5,18,46,33,45,29.67293398576694,57.07200897890769,7
6,20,66,41,65,35.652933985766936,73.88200897890769,6
7,18,28,34,27,30.662933985766937,49.94200897890769,6
5,18,51,50,50,46.652933985766936,66.69200897890768,7
5,18,38,27,35,23.69293398576694,53.54200897890769,6
5,18,28,44,27,40.652933985766936,71.88200897890769,10
6,28,72,29,61,24.63293398576694,73.13200897890769,2
6,18,68,31,66,27.63293398576694,75.95200897890768,6
5,18,28,28,27,24.69293398576694,47.772008978907685,10
4,18,55,20,73,35.652933985766936,72.12200897890769,2
8,19,56,22,61,22.912933985766937,60.22200897890768,1
4,18,48,21,61,30.76293398576694,57.83200897890768,10
5,19,62,25,56,22.032933985766938,58.54200897890769,3
5,18,42,23,47,23.69293398576694,54.39200897890768,4
4,18,66,19,70,21.63293398576694,72.26200897890769,2
4,18,58,33,50,30.862933985766936,55.68200897890769,5
5,18,35,33,33,29.63293398576694,52.552008978907686,7
6,18,42,25,59,35.55293398576694,56.35200897890769,1
5,20,80,40,64,39.23293398576694,79.41200897890769,3
9,23,58,19,53,21.462933985766938,70.99200897890769,3
5,35,58,39,46,26.072933985766937,65.97200897890768,5
5,18,52,25,48,21.95293398576694,57.83200897890768,7
5,18,28,42,27,38.652933985766936,64.02200897890769,10
5,18,39,33,35,29.77293398576694,49.07200897890769,9
3,34,28,27,31,25.06293398576694,57.922008978907684,4
4,18,42,21,58,33.74293398576694,67.42200897890768,6
7,37,65,38,53,25.63293398576694,70.99200897890769,2
6,27,35,19,26,27.032933985766938,44.07200897890769,5
9,28,47,19,38,27.84293398576694,79.45200897890768,3
8,42,48,19,32,43.41293398576694,91.49200897890768,2
5,18,35,30,33,26.63293398576694,39.94200897890769,6
6,18,36,21,48,29.77293398576694,58.26200897890769,9
6,32,69,33,57,25.63293398576694,72.14200897890768,2
7,36,28,36,36,25.682933985766937,54.342008978907685,8
5,18,51,30,61,31.91293398576694,78.75200897890768,8
4,36,28,37,33,22.63293398576694,66.00200897890768,9
8,43,62,37,55,24.232933985766937,78.04200897890769,3
5,32,47,35,41,20.10293398576694,49.342008978907685,5
3,18,28,19,39,28.63293398576694,46.74200897890769,10
4,23,32,19,34,22.032933985766938,48.97200897890768,4
4,42,28,43,44,33.63293398576694,59.02200897890769,9
5,18,76,33,67,31.282933985766938,72.14200897890768,2
6,18,36,21,48,29.77293398576694,58.26200897890769,9
7,30,45,33,64,36.73293398576694,62.64200897890768,1
4,24,28,27,37,26.81293398576694,56.10200897890769,1
8,43,62,35,54,26.45293398576694,84.38200897890769,2
7,41,37,40,45,25.832933985766935,55.38200897890769,9
4,35,28,38,38,27.802933985766938,63.82200897890769,9
7,26,37,24,35,18.63293398576694,38.26200897890769,8
6,20,53,39,52,33.66293398576694,54.94200897890768,7
4,18,52,21,59,24.85293398576694,67.42200897890768,7
5,18,38,19,46,25.63293398576694,61.842008978907685,8
7,18,28,41,25,37.652933985766936,70.31200897890768,6
3,18,28,19,37,26.63293398576694,73.80200897890768,6
6,18,36,19,55,36.63293398576694,56.62200897890769,9
5,18,73,33,60,33.43293398576694,70.24200897890769,3
6,18,47,21,69,39.71293398576694,75.99200897890769,1
4,42,34,19,38,40.372933985766934,73.13200897890769,4
4,18,51,19,65,31.63293398576694,65.52200897890769,10
6,18,58,45,55,41.652933985766936,61.842008978907685,6
3,25,28,19,31,24.232933985766937,39.60200897890769,8
3,18,28,19,50,39.63293398576694,71.88200897890769,1
3,32,28,19,37,33.43293398576694,58.91200897890769,4
6,47,28,48,33,22.63293398576694,73.75200897890768,8
4,18,41,21,49,25.832933985766935,55.44200897890768,7
4,43,28,44,44,33.63293398576694,69.31200897890768,1
3,18,28,19,34,23.63293398576694,54.16200897890769,9
5,18,42,34,42,30.76293398576694,60.22200897890768,1
9,34,41,19,32,33.09293398576694,78.22200897890768,2
7,42,48,20,64,44.84293398576694,67.08200897890768,1
3,37,28,21,36,35.35293398576694,66.05200897890768,8
3,18,28,20,50,39.652933985766936,63.77200897890769,3
4,18,50,21,72,39.71293398576694,84.43200897890769,6
7,38,35,33,33,21.63293398576694,63.32200897890769,8
3,34,28,21,31,30.502933985766937,58.38200897890769,8
4,29,28,31,33,22.70293398576694,66.78200897890768,1
7,42,59,53,64,27.84293398576694,73.13200897890769,4
5,18,45,35,43,31.63293398576694,61.342008978907685,6
4,18,38,21,49,28.782933985766938,53.54200897890769,6
4,18,65,20,79,31.66293398576694,76.48200897890769,2
3,18,28,19,44,33.63293398576694,56.32200897890769,10
5,19,57,26,54,21.712933985766938,53.922008978907684,3
3,18,28,19,44,33.63293398576694,63.37200897890769,9
6,32,61,33,48,26.63293398576694,66.41200897890769,2
7,20,57,36,60,31.44293398576694,60.15200897890769,4
8,45,35,40,33,21.63293398576694,61.04200897890769,8
7,25,58,37,62,28.162933985766937,62.39200897890768,4
7,18,28,42,28,38.722933985766936,56.80200897890768,6
4,19,62,20,78,33.63293398576694,75.74200897890769,3
9,31,39,28,37,19.63293398576694,49.43200897890769,8
3,18,28,19,38,27.63293398576694,66.79200897890769,9
4,20,40,19,49,26.81293398576694,74.02200897890769,8
7,40,35,43,57,39.71293398576694,61.342008978907685,9
5,18,49,37,48,33.66293398576694,57.37200897890769,6
3,18,28,19,50,39.63293398576694,57.83200897890768,7
7,48,36,44,34,20.63293398576694,72.14200897890768,8
5,18,44,24,50,25.06293398576694,60.97200897890768,4
6,18,41,19,45,21.63293398576694,63.25200897890768,9
7,28,33,19,26,26.81293398576694,47.14200897890768,5
3,18,28,19,64,53.63293398576694,77.94200897890768,2
4,18,51,21,71,37.722933985766936,81.04200897890769,7
5,18,46,42,44,38.63293398576694,59.15200897890769,6
6,18,46,28,43,24.69293398576694,46.22200897890768,7
6,24,64,30,58,22.032933985766938,60.74200897890769,2
4,18,41,19,54,30.63293398576694,59.68200897890769,7
7,18,28,50,28,46.692933985766935,75.15200897890769,6
6,18,35,21,57,39.71293398576694,65.15200897890769,1
4,18,44,21,65,38.722933985766936,67.42200897890768,10
7,18,28,47,25,43.652933985766936,64.66200897890769,6
5,19,70,26,65,22.342933985766937,65.09200897890769,2
7,18,28,38,24,34.73293398576694,51.97200897890768,6
5,18,28,36,26,32.63293398576694,59.26200897890769,10
5,18,34,29,33,25.682933985766937,48.14200897890768,1
5,18,38,19,47,26.63293398576694,58.38200897890769,8
8,37,45,19,32,37.582933985766935,74.94200897890768,3
6,30,37,19,26,30.63293398576694,52.60200897890769,5
5,18,53,51,53,47.69293398576694,70.31200897890768,7
4,18,60,20,83,40.652933985766936,82.89200897890768,2
5,37,44,38,34,23.63293398576694,53.54200897890769,5
4,18,56,20,78,39.652933985766936,84.27200897890769,2
3,18,28,20,65,54.64293398576694,65.97200897890768,5
6,18,54,41,50,37.722933985766936,59.02200897890769,6
6,32,62,33,49,26.63293398576694,70.24200897890769,3
4,19,59,39,50,35.88293398576694,65.28200897890768,5
8,28,34,19,26,27.292933985766936,63.29200897890769,5
7,43,48,42,69,38.722933985766936,71.88200897890769,1
3,18,28,19,33,22.63293398576694,47.14200897890768,1
5,18,45,33,47,30.19293398576694,51.672008978907684,1
9,28,57,19,50,26.81293398576694,75.30200897890768,2
4,18,53,20,76,40.652933985766936,76.37200897890769,10
5,19,70,29,61,27.032933985766938,65.31200897890768,2
9,27,34,24,32,19.63293398576694,38.78200897890768,8
7,39,35,41,47,29.67293398576694,63.482008978907686,9
7,32,35,35,43,25.832933985766935,56.14200897890768,9
8,40,46,26,40,31.152933985766936,61.80200897890768,3
6,51,62,52,46,29.63293398576694,79.57200897890769,2
7,18,28,42,25,38.652933985766936,75.90200897890769,6
4,18,39,20,48,26.682933985766937,45.552008978907686,10
10,18,37,31,26,30.63293398576694,64.34200897890769,3
6,18,44,20,50,23.69293398576694,61.342008978907685,1
3,18,28,19,54,43.63293398576694,80.74200897890769,2
8,25,52,19,46,23.69293398576694,56.10200897890769,3
3,18,28,19,39,28.63293398576694,51.97200897890768,6
3,18,28,19,33,22.63293398576694,49.94200897890769,9
7,29,61,30,52,22.63293398576694,61.702008978907685,3
7,31,52,32,43,22.63293398576694,53.922008978907684,3
8,18,53,29,58,27.84293398576694,55.672008978907684,1
4,18,65,19,83,35.63293398576694,89.56200897890768,3
4,20,49,21,68,36.63293398576694,65.82200897890769,3
9,38,63,44,55,23.44293398576694,65.15200897890769,1
4,18,44,21,58,31.752933985766937,60.97200897890768,6
5,20,76,27,72,21.95293398576694,73.06200897890768,2
5,18,41,35,44,32.39293398576694,58.812008978907684,9
4,18,33,19,36,20.63293398576694,41.94200897890769,8
4,18,53,20,70,34.66293398576694,83.02200897890769,6
3,34,28,19,38,35.63293398576694,61.54200897890769,4
6,18,52,28,50,24.63293398576694,52.75200897890768,7
8,43,62,35,54,26.45293398576694,84.38200897890769,2
8,32,42,19,32,31.752933985766937,62.64200897890768,3
3,18,28,21,46,35.73293398576694,48.39200897890768,5
6,20,45,27,44,21.712933985766938,43.772008978907685,7
7,18,28,46,25,42.652933985766936,70.98200897890769,6
6,20,47,38,45,32.63293398576694,49.01200897890769,6
4,18,43,19,61,35.63293398576694,64.58200897890768,10
5,18,39,40,39,36.73293398576694,61.96200897890769,6
8,27,65,19,58,25.932933985766937,73.13200897890769,3
6,47,28,47,34,23.69293398576694,72.14200897890768,8
3,18,28,19,46,35.63293398576694,61.80200897890768,10
5,18,52,50,49,46.652933985766936,67.42200897890768,7
5,18,28,42,27,38.652933985766936,64.02200897890769,10
3,18,28,19,43,32.63293398576694,67.08200897890768,1
4,18,40,19,50,27.63293398576694,69.00200897890768,8
3,35,28,22,31,30.502933985766937,54.90200897890769,8
3,38,28,29,32,27.292933985766936,56.85200897890769,8
4,34,28,37,42,31.752933985766937,67.33200897890768,1
5,18,53,37,55,34.07293398576694,79.06200897890768,9
5,18,34,29,33,25.682933985766937,48.14200897890768,1
4,20,35,19,40,22.912933985766937,53.44200897890769,4
4,18,39,20,53,31.66293398576694,55.74200897890769,10
5,18,49,32,47,28.63293398576694,60.562008978907684,6
3,18,28,19,35,24.63293398576694,56.85200897890769,9
5,18,28,39,28,35.73293398576694,55.74200897890769,10
7,18,28,45,28,41.71293398576694,65.74200897890769,6
7,34,52,37,64,29.77293398576694,64.19200897890768,9
3,18,28,19,37,26.63293398576694,62.60200897890769,1
5,18,42,27,40,23.63293398576694,61.952008978907685,1
5,18,46,25,42,21.95293398576694,51.82200897890769,6
6,18,64,42,62,38.63293398576694,64.86200897890768,7
7,33,38,22,49,33.32293398576694,49.60200897890769,1
4,20,33,19,36,21.022933985766937,53.44200897890769,4
3,18,28,21,62,51.69293398576694,74.77200897890769,3
4,20,58,21,67,26.63293398576694,68.67200897890768,3
5,20,80,38,75,32.89293398576694,77.85200897890769,2
4,18,43,19,56,30.63293398576694,77.14200897890768,8
4,18,51,21,58,24.85293398576694,66.69200897890768,7
4,27,28,29,39,28.67293398576694,55.672008978907684,1
5,18,50,40,48,36.63293398576694,68.21200897890769,6
3,18,28,19,41,30.63293398576694,64.66200897890769,6
6,26,43,36,46,25.932933985766937,49.052008978907686,8
3,18,28,19,56,45.63293398576694,79.57200897890769,2
3,18,28,19,46,35.63293398576694,67.33200897890768,1
4,18,50,19,55,22.63293398576694,53.922008978907684,2
3,18,28,19,34,23.63293398576694,48.82200897890769,10
5,18,51,32,44,29.56293398576694,71.48200897890769,9
5,18,38,19,47,26.63293398576694,60.422008978907684,4
4,18,52,25,46,22.842933985766937,50.982008978907686,5
6,30,60,31,49,24.63293398576694,64.20200897890768,3
4,18,51,19,61,27.63293398576694,62.452008978907685,3
4,18,43,19,61,35.63293398576694,64.58200897890768,10
3,18,28,20,48,37.652933985766936,49.342008978907685,5
3,18,28,19,65,54.63293398576694,82.56200897890768,2
4,40,28,43,36,25.832933985766935,61.19200897890768,1
5,18,78,29,70,27.292933985766936,73.80200897890768,3
7,18,28,43,28,39.71293398576694,66.79200897890769,6
6,18,47,21,65,35.73293398576694,64.68200897890769,1
3,18,28,19,48,37.63293398576694,64.34200897890769,9
8,38,46,37,38,21.95293398576694,69.56200897890768,2
5,18,51,33,61,34.07293398576694,81.81200897890768,8
8,33,56,29,50,22.032933985766938,68.63200897890769,2
4,18,40,20,45,22.70293398576694,47.64200897890768,10
5,18,28,28,26,24.63293398576694,52.50200897890768,10
7,38,38,33,36,21.63293398576694,56.55200897890768,8
7,30,45,33,64,36.73293398576694,62.64200897890768,1
5,35,58,37,50,21.712933985766938,62.39200897890768,5
7,28,34,19,26,27.292933985766936,54.702008978907685,5
5,18,48,30,56,30.502933985766937,74.64200897890768,4
6,18,47,19,66,36.63293398576694,71.88200897890769,1
5,20,89,43,70,43.43293398576694,89.26200897890769,3
4,18,40,19,50,27.63293398576694,61.54200897890769,4
3,18,28,19,32,21.63293398576694,57.25200897890768,7
8,32,42,19,32,31.752933985766937,63.77200897890769,3
4,18,48,19,63,32.63293398576694,67.94200897890768,10
5,18,36,36,34,32.63293398576694,49.94200897890769,6
5,19,66,28,60,24.572933985766937,61.19200897890768,2
3,18,28,20,52,41.652933985766936,81.22200897890768,3
4,18,46,21,55,26.81293398576694,64.66200897890769,6
7,43,69,44,50,32.63293398576694,82.56200897890768,2
5,18,34,19,37,20.63293398576694,40.50200897890768,8
3,18,28,19,47,36.63293398576694,51.26200897890769,2
5,18,50,33,60,34.07293398576694,59.30200897890768,8
8,39,28,40,32,21.63293398576694,69.55200897890768,8
8,44,62,38,54,24.85293398576694,83.88200897890769,3
8,18,54,42,65,42.05293398576694,67.93200897890769,1
5,18,58,48,70,47.83293398576694,77.14200897890768,8
8,19,59,28,52,25.06293398576694,54.71200897890769,1
7,18,28,46,28,42.70293398576694,62.50200897890768,6
3,18,28,19,46,35.63293398576694,71.80200897890768,1
4,31,35,19,40,30.392933985766938,61.04200897890769,8
3,18,28,19,39,28.63293398576694,57.14200897890768,7
4,30,28,33,32,21.95293398576694,69.27200897890769,9
7,44,39,33,57,38.95293398576694,62.60200897890769,1
5,18,85,55,72,53.27293398576694,89.56200897890768,3
8,28,65,19,57,27.292933985766936,73.34200897890769,2
7,18,28,35,27,31.66293398576694,64.78200897890768,6
3,18,28,20,60,49.64293398576694,75.74200897890769,3
4,23,35,19,40,24.232933985766937,66.86200897890768,4
5,18,38,29,37,25.682933985766937,44.07200897890769,6
5,18,28,33,27,29.67293398576694,49.922008978907684,10
7,32,70,19,57,33.43293398576694,87.39200897890768,3
3,18,28,19,46,35.63293398576694,59.14200897890768,2
7,35,47,19,32,37.03293398576694,67.45200897890768,3
7,43,48,42,69,38.722933985766936,71.88200897890769,1
4,18,40,19,50,27.63293398576694,71.66200897890769,4
7,30,35,31,47,29.63293398576694,66.78200897890768,1
4,18,39,19,48,26.63293398576694,57.07200897890769,4
5,19,75,29,68,25.932933985766937,82.58200897890768,3
7,25,52,19,44,24.85293398576694,56.85200897890769,2
3,18,28,19,37,26.63293398576694,50.60200897890769,1
3,18,28,19,63,52.63293398576694,63.29200897890769,5
5,18,28,25,28,21.95293398576694,42.062008978907684,10
6,37,28,37,36,25.682933985766937,56.55200897890768,8
8,39,46,19,32,39.82293398576694,78.04200897890769,3
5,18,44,24,50,25.06293398576694,59.36200897890768,4
3,18,28,19,36,25.63293398576694,42.062008978907684,10
3,18,28,19,53,42.63293398576694,56.97200897890768,5
5,18,34,19,38,21.63293398576694,42.732008978907686,8
8,44,45,19,34,43.14293398576694,72.62200897890769,3
3,60,28,19,41,60.23293398576694,82.97200897890768,8
7,18,28,39,27,35.652933985766936,60.43200897890769,6
3,18,28,19,49,38.63293398576694,66.69200897890768,7
4,18,49,19,58,26.63293398576694,57.922008978907684,10
4,18,48,20,62,31.66293398576694,69.00200897890768,7
4,18,48,20,69,38.652933985766936,66.52200897890769,7
5,18,36,27,38,24.572933985766937,54.16200897890769,9
4,18,41,21,63,39.71293398576694,70.41200897890769,10
3,18,28,19,56,45.63293398576694,87.33200897890768,2
7,33,68,29,59,24.232933985766937,75.30200897890768,3
4,18,39,19,48,26.63293398576694,58.91200897890769,4
5,18,28,31,27,27.67293398576694,41.35200897890769,10
6,35,60,36,45,28.63293398576694,67.83200897890768,3
7,18,28,38,25,34.66293398576694,68.37200897890769,6
3,18,28,19,49,38.63293398576694,54.71200897890769,2
5,18,34,25,30,21.95293398576694,46.90200897890769,7
3,39,28,19,39,40.332933985766935,65.56200897890768,4
3,25,28,19,31,24.232933985766937,40.50200897890768,8
8,35,34,19,26,33.66293398576694,62.39200897890768,5
3,18,28,19,34,23.63293398576694,51.21200897890769,7
3,18,28,19,48,37.63293398576694,66.07200897890769,10
5,18,46,21,53,24.85293398576694,62.39200897890768,4
5,18,37,40,35,36.63293398576694,59.58200897890768,6
7,34,51,19,40,33.99293398576694,62.452008978907685,3
7,27,36,21,34,22.63293398576694,40.50200897890768,8
4,19,48,20,64,33.63293398576694,63.77200897890769,3
4,18,40,19,50,27.63293398576694,69.00200897890768,8
3,18,28,19,41,30.63293398576694,59.88200897890769,7
3,43,28,22,32,38.43293398576694,59.62200897890769,8
3,18,28,19,33,22.63293398576694,49.342008978907685,7
6,18,50,19,67,34.63293398576694,65.80200897890768,9
5,18,42,27,44,24.572933985766937,55.38200897890769,1
3,18,28,21,62,51.69293398576694,62.39200897890768,5
3,18,28,19,51,40.63293398576694,79.06200897890768,9
7,31,42,34,53,28.782933985766938,53.03200897890768,9
4,20,32,19,34,20.10293398576694,49.43200897890769,8
4,30,28,33,47,36.73293398576694,51.672008978907684,1
8,20,51,32,55,28.162933985766937,55.76200897890769,1
3,18,28,19,40,29.63293398576694,56.85200897890769,9
7,18,28,43,24,39.71293398576694,59.02200897890769,6
3,18,28,19,40,29.63293398576694,60.22200897890768,1
5,18,36,27,37,24.17293398576694,58.04200897890769,1
4,39,28,41,32,21.712933985766938,71.38200897890769,1
4,19,49,20,66,34.63293398576694,69.85200897890769,3
4,39,28,41,41,30.662933985766937,62.36200897890768,1
3,18,28,19,47,36.63293398576694,58.91200897890769,7
7,27,55,19,46,27.032933985766938,61.19200897890768,2
7,32,38,26,31,24.232933985766937,52.552008978907686,5
9,18,34,40,26,37.472933985766936,74.94200897890768,3
7,20,54,35,58,30.862933985766936,58.38200897890769,8
9,44,43,19,33,42.832933985766935,79.85200897890769,2
4,43,28,45,37,26.682933985766937,59.62200897890769,9
3,18,28,19,52,41.63293398576694,75.59200897890769,2
3,18,28,19,43,32.63293398576694,64.94200897890768,1
3,18,28,19,35,24.63293398576694,41.99200897890769,7
6,18,44,24,46,22.032933985766938,48.97200897890768,4
7,41,36,32,30,26.402933985766936,56.11200897890768,5
8,30,28,32,37,26.682933985766937,49.43200897890769,8
5,18,54,40,64,39.82293398576694,65.56200897890768,4
9,24,46,19,40,22.842933985766937,64.20200897890768,3
7,37,46,38,60,31.63293398576694,61.092008978907685,1
5,18,42,31,47,29.52293398576694,61.04200897890769,4
4,19,58,20,66,25.63293398576694,64.20200897890768,3
4,18,39,20,46,24.69293398576694,44.97200897890768,10
3,18,28,19,50,39.63293398576694,55.38200897890769,1
5,18,50,38,58,37.10293398576694,59.36200897890768,4
7,18,28,25,24,21.95293398576694,57.75200897890768,6
4,18,46,21,64,35.73293398576694,73.88200897890769,6
8,19,62,33,64,29.232933985766937,62.64200897890768,1
7,18,28,50,28,46.692933985766935,75.15200897890769,6
6,18,53,21,59,23.88293398576694,66.92200897890768,9
7,32,35,28,33,20.63293398576694,41.94200897890769,8
8,36,33,19,26,34.31293398576694,58.76200897890769,5
6,18,47,22,50,21.462933985766938,54.90200897890769,8
4,25,33,19,36,24.232933985766937,53.44200897890769,8
5,18,38,19,47,26.63293398576694,65.33200897890768,8
8,24,32,19,26,22.842933985766937,50.982008978907686,5
4,20,50,21,67,34.63293398576694,65.15200897890769,3
3,18,28,19,39,28.63293398576694,68.83200897890768,6
9,45,36,41,34,20.63293398576694,78.96200897890769,8
3,18,28,19,46,35.63293398576694,84.38200897890769,10
4,20,34,19,38,21.95293398576694,48.97200897890768,4
5,18,42,32,47,30.392933985766938,61.04200897890769,8
7,18,28,44,24,40.71293398576694,69.85200897890769,6
5,18,34,31,32,27.63293398576694,57.25200897890768,7
5,18,28,35,28,31.752933985766937,62.452008978907685,10
4,43,28,45,34,23.69293398576694,69.01200897890769,9
5,19,76,31,68,28.162933985766937,71.62200897890769,2
5,18,42,35,38,31.752933985766937,60.43200897890769,6
4,20,55,31,47,27.292933985766936,58.94200897890768,5
8,19,61,27,46,30.392933985766938,56.10200897890769,1
7,39,64,36,53,25.482933985766937,78.22200897890768,3
4,20,34,19,38,21.95293398576694,62.39200897890768,4
3,18,28,19,46,35.63293398576694,44.07200897890769,5
4,40,28,42,32,21.712933985766938,56.85200897890769,9
6,28,72,32,65,21.462933985766938,73.80200897890768,3
5,18,48,28,47,24.69293398576694,57.61200897890768,7
5,18,73,24,69,21.022933985766937,70.99200897890769,3
6,32,66,33,53,26.63293398576694,73.69200897890768,3
9,22,49,19,45,20.10293398576694,56.32200897890769,3
3,18,28,19,46,35.63293398576694,61.80200897890768,10
4,18,63,20,74,28.67293398576694,71.62200897890769,2
7,27,70,28,62,21.63293398576694,69.01200897890769,3
3,18,28,19,40,29.63293398576694,64.86200897890768,7
4,28,28,30,44,33.66293398576694,53.162008978907686,9
5,18,28,36,26,32.63293398576694,49.94200897890769,10
5,18,53,23,63,28.282933985766938,78.50200897890768,8
4,42,34,19,38,40.372933985766934,68.83200897890768,8
4,18,52,21,75,40.71293398576694,83.54200897890769,2
6,18,52,41,52,37.722933985766936,57.75200897890768,6
6,18,52,21,72,37.722933985766936,72.71200897890769,9
3,18,28,19,38,27.63293398576694,57.61200897890768,10
8,57,28,59,37,26.682933985766937,87.44200897890768,8
6,19,64,49,62,44.63293398576694,69.00200897890768,7
7,42,46,43,54,25.63293398576694,59.02200897890769,9
3,18,28,19,48,37.63293398576694,57.14200897890768,6
6,39,48,40,36,25.63293398576694,58.76200897890769,5
4,18,48,19,62,31.63293398576694,67.94200897890768,6
3,18,28,19,48,37.63293398576694,57.14200897890768,6
6,33,75,44,65,28.44293398576694,82.56200897890768,2
3,18,28,19,46,35.63293398576694,67.08200897890768,10
6,20,63,51,61,45.63293398576694,70.31200897890768,6
5,18,37,28,33,24.85293398576694,59.58200897890768,7
3,18,28,21,65,54.68293398576694,65.97200897890768,5
5,18,36,27,34,23.63293398576694,44.94200897890769,7
3,18,28,19,47,36.63293398576694,69.21200897890769,1
6,18,52,25,57,24.85293398576694,55.38200897890769,1
8,20,71,43,39,52.83293398576694,71.38200897890769,1
7,37,36,27,68,51.37293398576694,68.24200897890769,1
3,32,28,21,33,29.52293398576694,55.43200897890769,8
3,18,28,19,56,45.63293398576694,76.55200897890768,3
3,18,28,19,40,29.63293398576694,50.32200897890769,10
3,18,28,19,50,39.63293398576694,70.89200897890768,3
8,18,34,42,26,39.402933985766936,75.37200897890769,3
7,35,47,19,32,37.03293398576694,68.38200897890769,2
6,20,55,37,62,33.99293398576694,62.39200897890768,4
5,18,44,41,50,39.042933985766936,54.702008978907685,4
6,18,53,21,72,36.73293398576694,74.75200897890768,9
3,18,28,19,45,34.63293398576694,57.03200897890768,9
5,18,44,37,41,33.66293398576694,68.54200897890769,6
3,35,28,32,29,20.63293398576694,49.052008978907686,8
7,29,40,26,57,35.05293398576694,55.03200897890768,1
3,18,28,20,49,38.652933985766936,53.28200897890768,5
4,18,34,19,38,21.63293398576694,43.24200897890769,8
6,18,45,26,47,23.69293398576694,51.672008978907684,8
7,25,28,25,37,26.682933985766937,37.79200897890769,8
6,18,38,32,49,34.012933985766935,54.672008978907684,1
3,18,28,19,46,35.63293398576694,51.552008978907686,2
7,32,36,19,26,31.752933985766937,57.03200897890768,5
4,18,57,20,63,23.69293398576694,61.36200897890768,2
4,19,51,25,46,21.462933985766938,50.162008978907686,5
3,18,28,19,34,23.63293398576694,51.69200897890769,6
5,18,46,35,54,34.50293398576694,54.39200897890768,4
3,18,28,19,33,22.63293398576694,48.39200897890768,1
4,18,56,19,65,26.63293398576694,65.52200897890769,2
3,18,28,19,40,29.63293398576694,47.14200897890768,10
7,42,34,41,48,31.752933985766937,62.14200897890768,9
6,20,61,46,57,40.71293398576694,64.78200897890768,6
8,31,55,23,50,25.122933985766938,61.36200897890768,2
5,18,56,36,68,37.652933985766936,68.24200897890769,8
6,18,38,21,49,28.782933985766938,55.76200897890769,1
5,20,75,33,67,29.052933985766938,71.79200897890769,2
8,36,38,31,36,21.63293398576694,55.43200897890769,8
6,25,56,26,49,20.63293398576694,51.00200897890768,3
6,34,69,35,55,27.63293398576694,75.59200897890769,2
4,32,28,33,43,32.63293398576694,62.99200897890769,1
3,18,28,19,37,26.63293398576694,54.342008978907685,1
6,18,44,21,46,20.10293398576694,50.44200897890769,4
7,37,59,38,44,28.63293398576694,67.33200897890768,3
7,26,35,25,56,38.722933985766936,60.97200897890768,1
4,18,34,20,40,23.69293398576694,41.01200897890769,7
8,18,54,42,65,42.05293398576694,67.93200897890769,1
7,18,28,44,25,40.652933985766936,61.842008978907685,6
4,25,33,19,36,24.232933985766937,53.44200897890769,8
6,18,49,27,72,41.88293398576694,69.21200897890769,1
7,36,36,32,34,20.63293398576694,66.00200897890768,8
6,37,67,41,54,27.032933985766938,74.94200897890768,3
8,27,34,19,26,26.45293398576694,70.24200897890769,5
5,18,28,39,28,35.73293398576694,58.202008978907685,10
5,18,41,29,45,27.292933985766936,56.85200897890769,8
5,18,42,26,38,22.912933985766937,43.33200897890769,1
5,35,42,36,33,22.63293398576694,48.39200897890768,5
6,18,45,20,64,36.652933985766936,67.08200897890768,1
8,20,55,27,61,25.63293398576694,58.04200897890769,1
3,18,28,19,42,31.63293398576694,64.02200897890769,9
3,18,28,19,45,34.63293398576694,53.76200897890769,9
4,18,48,20,52,21.712933985766938,50.37200897890769,10
3,18,28,19,34,23.63293398576694,58.04200897890769,1
4,18,45,20,59,31.66293398576694,60.422008978907684,6
5,18,48,40,40,37.472933985766936,71.80200897890768,1
8,18,42,32,26,34.73293398576694,64.20200897890768,3
5,28,42,29,33,22.63293398576694,46.312008978907684,5
4,33,28,35,50,39.652933985766936,64.19200897890768,9
7,32,34,31,41,24.85293398576694,69.27200897890769,9
5,18,45,34,43,30.63293398576694,60.22200897890768,1
4,29,28,32,38,27.802933985766938,65.15200897890769,1
3,35,28,28,31,25.06293398576694,58.38200897890769,4
9,28,36,25,34,19.63293398576694,42.732008978907686,8
8,20,51,25,54,22.032933985766938,52.60200897890769,1
3,18,28,19,40,29.63293398576694,52.75200897890768,7
6,22,55,27,51,20.10293398576694,50.302008978907686,2
7,50,49,19,34,50.17293398576694,78.18200897890769,2
5,18,28,40,28,36.73293398576694,52.552008978907686,10
3,18,28,19,44,33.63293398576694,66.78200897890768,1
5,18,38,38,37,34.66293398576694,58.50200897890768,1
5,18,28,44,27,40.652933985766936,65.15200897890769,10
3,18,28,19,42,31.63293398576694,69.01200897890769,9
4,18,48,20,52,21.712933985766938,56.85200897890769,7
4,18,56,19,71,32.63293398576694,70.24200897890769,3
8,18,44,35,26,38.262933985766935,73.69200897890768,3
7,29,60,29,53,20.732933985766937,64.59200897890769,2
3,18,28,19,37,26.63293398576694,57.50200897890768,9
4,18,37,19,54,34.63293398576694,57.14200897890768,10
9,46,44,19,32,45.36293398576694,95.92200897890768,3
5,19,84,33,76,29.95293398576694,80.38200897890769,2
4,18,43,21,59,33.74293398576694,57.25200897890768,10
7,20,48,31,50,26.402933985766936,49.43200897890769,8
7,32,36,19,26,31.752933985766937,55.68200897890769,5
5,18,39,34,40,30.932933985766937,48.772008978907685,1
6,18,52,38,51,34.66293398576694,53.54200897890769,7
3,18,28,19,38,27.63293398576694,57.61200897890768,10
5,18,52,49,62,47.94293398576694,69.00200897890768,8
5,18,28,34,27,30.662933985766937,65.80200897890768,10
5,18,49,30,48,26.682933985766937,70.65200897890769,7
3,18,28,19,48,37.63293398576694,69.56200897890768,7
4,18,57,20,76,36.652933985766936,81.50200897890768,2
10,18,49,30,26,39.34293398576694,74.91200897890769,3
4,27,34,19,38,26.45293398576694,62.39200897890768,4
5,18,40,31,43,28.63293398576694,62.64200897890768,1
5,18,39,42,41,38.98293398576694,63.19200897890768,9
5,18,49,33,47,29.63293398576694,58.91200897890769,7
6,51,63,52,49,27.63293398576694,77.94200897890768,2
5,35,58,39,46,26.072933985766937,65.97200897890768,5
6,35,28,35,34,23.69293398576694,66.00200897890768,8
4,18,47,20,57,27.67293398576694,60.15200897890769,7
4,37,28,39,41,30.662933985766937,75.99200897890769,1
5,18,28,31,28,27.802933985766938,56.32200897890769,10
4,18,42,20,47,22.70293398576694,46.33200897890769,10
4,18,41,19,52,28.63293398576694,57.14200897890768,7
3,18,28,19,46,35.63293398576694,84.38200897890769,10
6,18,52,28,50,24.63293398576694,52.75200897890768,7
3,18,28,20,53,42.652933985766936,52.552008978907686,5
3,39,28,30,33,27.84293398576694,69.55200897890768,8
3,18,28,19,46,35.63293398576694,64.01200897890769,10
7,46,54,45,43,24.85293398576694,72.62200897890769,3
3,47,28,19,41,48.28293398576694,77.14200897890768,8
3,18,28,19,46,35.63293398576694,68.38200897890769,2
9,29,38,25,36,20.63293398576694,46.74200897890769,8
6,33,28,36,33,22.912933985766937,46.982008978907686,8
6,18,40,33,58,40.042933985766936,58.86200897890768,1
5,19,63,35,52,33.122933985766934,60.62200897890769,2
5,18,42,36,35,33.35293398576694,55.76200897890769,9
6,18,37,22,37,19.24293398576694,38.78200897890768,8
4,18,33,19,36,20.63293398576694,38.26200897890769,8
3,43,28,30,34,31.752933985766937,62.75200897890768,4
6,36,76,44,69,24.232933985766937,78.04200897890769,3
6,18,64,49,63,45.652933985766936,69.77200897890769,7
5,19,80,53,69,49.84293398576694,84.27200897890769,2
7,42,59,43,44,28.63293398576694,69.65200897890769,3
4,18,37,21,58,38.722933985766936,60.22200897890768,7
3,18,28,19,40,29.63293398576694,57.61200897890768,6
3,18,28,19,38,27.63293398576694,48.39200897890768,7
4,18,56,26,50,23.69293398576694,53.44200897890769,5
6,18,36,26,36,22.912933985766937,38.422008978907684,8
3,18,28,19,44,33.63293398576694,57.75200897890768,6
8,26,28,26,36,25.682933985766937,40.50200897890768,8
5,20,78,29,75,23.69293398576694,73.34200897890769,2
3,18,28,19,48,37.63293398576694,81.55200897890768,6
6,35,41,19,26,37.03293398576694,64.68200897890769,5
6,32,42,31,33,22.912933985766937,54.342008978907685,5
4,28,35,19,40,27.84293398576694,73.25200897890768,8
4,37,28,40,40,29.77293398576694,62.10200897890769,9
4,18,45,19,61,33.63293398576694,72.39200897890768,7
9,44,43,19,33,42.832933985766935,79.85200897890769,2
6,30,44,31,34,23.63293398576694,48.97200897890768,5
7,30,42,32,52,27.67293398576694,51.21200897890769,9
8,18,42,31,26,34.07293398576694,62.452008978907685,3
3,18,28,19,39,28.63293398576694,47.382008978907685,1
6,52,41,19,26,52.03293398576694,73.88200897890769,5
6,44,75,45,58,30.63293398576694,86.61200897890768,2
4,28,28,29,33,22.63293398576694,48.14200897890768,1
6,18,39,20,40,18.792933985766936,40.50200897890768,8
4,26,28,29,44,33.74293398576694,64.34200897890769,9
5,18,75,26,71,22.912933985766937,71.18200897890769,2
3,42,28,25,33,34.942933985766935,59.02200897890769,4
5,18,37,28,35,24.63293398576694,65.74200897890769,6
4,18,52,25,46,22.842933985766937,50.982008978907686,5
5,18,72,30,68,26.81293398576694,72.26200897890769,2
3,18,28,19,32,21.63293398576694,41.01200897890769,7
5,18,51,28,50,24.69293398576694,64.34200897890769,9
3,18,28,19,38,27.63293398576694,61.05200897890768,7
6,31,83,38,75,24.122933985766938,85.08200897890768,3
3,18,28,19,41,30.63293398576694,67.36200897890768,9
6,38,48,36,36,26.072933985766937,65.97200897890768,5
7,39,38,37,31,21.462933985766938,58.76200897890769,5
5,18,43,45,38,41.80293398576694,63.37200897890769,9
4,43,28,46,35,24.85293398576694,59.62200897890769,1
3,18,28,21,50,39.71293398576694,48.97200897890768,5
6,24,47,35,52,27.84293398576694,53.76200897890769,8
6,32,60,36,51,23.252933985766937,65.60200897890769,3
3,18,28,19,48,37.63293398576694,73.93200897890769,1
3,18,28,19,44,33.63293398576694,55.03200897890768,1
4,18,52,21,71,36.73293398576694,70.99200897890769,2
8,31,45,26,39,22.842933985766937,53.922008978907684,3
3,18,28,19,34,23.63293398576694,49.94200897890769,6
5,24,48,31,42,22.842933985766937,48.08200897890769,5
6,18,42,21,57,32.75293398576694,55.38200897890769,1
7,18,28,60,25,56.64293398576694,83.02200897890769,6
3,18,28,19,59,48.63293398576694,82.56200897890768,2
4,18,35,21,49,31.752933985766937,51.35200897890769,7
6,18,64,43,63,39.652933985766936,67.94200897890768,6
7,28,36,29,53,34.63293398576694,50.93200897890769,9
4,18,49,19,56,24.63293398576694,60.562008978907684,6
7,32,37,32,49,29.67293398576694,49.07200897890769,9
4,18,41,21,58,34.73293398576694,68.83200897890768,6
7,43,28,43,32,21.712933985766938,78.50200897890768,8
6,18,56,30,61,28.67293398576694,69.55200897890768,8
3,18,28,19,44,33.63293398576694,65.15200897890769,1
7,27,56,26,49,21.022933985766937,59.25200897890768,2
7,38,73,39,62,24.63293398576694,77.85200897890769,2
4,18,58,19,66,25.63293398576694,65.60200897890769,3
4,18,53,21,70,34.73293398576694,82.97200897890768,6
9,29,48,19,42,27.332933985766935,65.15200897890769,3
4,34,28,36,35,24.69293398576694,55.76200897890769,9
8,38,64,38,58,19.752933985766937,77.85200897890769,2
7,41,42,32,49,29.082933985766935,54.672008978907684,1
6,18,46,23,67,38.98293398576694,65.15200897890769,1
5,32,54,35,47,21.022933985766937,57.922008978907684,5
4,18,36,20,53,34.66293398576694,56.35200897890769,10
3,18,28,19,54,43.63293398576694,65.52200897890769,2
4,19,64,20,72,25.63293398576694,68.83200897890768,3
6,24,49,43,54,34.942933985766935,59.02200897890769,4
5,27,52,33,45,22.70293398576694,52.552008978907686,5
4,18,49,20,67,35.652933985766936,78.73200897890769,7
6,18,47,21,50,21.022933985766937,53.44200897890769,4
7,40,37,34,35,22.63293398576694,56.202008978907685,8
5,18,79,35,67,34.50293398576694,75.59200897890769,2
4,36,28,38,37,26.682933985766937,63.732008978907686,1
3,18,28,19,35,24.63293398576694,56.85200897890769,9
3,18,28,19,50,39.63293398576694,72.12200897890769,2
4,19,34,19,37,20.732933985766937,47.69200897890769,8
3,18,28,19,56,45.63293398576694,55.68200897890769,5
7,43,38,46,44,23.88293398576694,75.48200897890769,1
6,41,36,19,26,39.98293398576694,55.38200897890769,5
8,20,73,33,78,29.52293398576694,78.60200897890769,1
4,18,33,19,36,20.63293398576694,39.94200897890769,8
7,50,60,36,48,33.66293398576694,81.50200897890768,2
4,26,28,27,40,29.63293398576694,61.952008978907685,1
7,18,28,45,27,41.652933985766936,82.97200897890768,6
3,18,28,20,64,53.64293398576694,64.63200897890769,5
3,18,28,19,42,31.63293398576694,73.80200897890768,7
5,19,76,38,65,35.75293398576694,74.94200897890768,3
7,35,48,19,32,37.652933985766936,72.12200897890769,2
3,18,28,20,59,48.65293398576694,58.812008978907684,5
5,18,40,19,50,27.63293398576694,63.82200897890769,4
6,18,36,20,59,40.652933985766936,64.78200897890768,9
4,20,35,19,40,22.912933985766937,55.43200897890769,8
3,18,28,21,55,44.70293398576694,66.11200897890768,3
4,42,28,43,38,27.63293398576694,57.52200897890769,1
5,18,38,19,46,25.63293398576694,55.68200897890769,4
3,18,28,19,42,31.63293398576694,55.76200897890769,10
7,44,38,19,26,43.49293398576694,71.96200897890769,5
7,44,39,46,52,30.662933985766937,59.62200897890769,9
4,18,35,20,50,32.66293398576694,52.14200897890768,10
6,31,44,32,34,23.63293398576694,49.43200897890769,5
5,18,39,26,36,22.70293398576694,48.71200897890769,7
5,18,39,28,36,24.69293398576694,58.28200897890768,9
5,18,44,36,50,34.42293398576694,51.552008978907686,4
3,18,28,21,64,53.68293398576694,63.77200897890769,5
4,18,37,19,48,28.63293398576694,52.552008978907686,10
6,18,41,22,49,26.072933985766937,49.60200897890769,1
5,18,40,27,44,25.63293398576694,43.24200897890769,8
7,39,42,40,57,32.63293398576694,62.10200897890769,9
9,24,45,19,39,22.842933985766937,55.982008978907686,2
6,39,66,40,48,31.63293398576694,79.41200897890769,3
3,18,28,19,32,21.63293398576694,56.15200897890769,9
7,32,39,35,43,21.95293398576694,57.03200897890768,9
6,40,37,19,26,39.402933985766936,56.97200897890768,5
6,28,65,38,57,26.45293398576694,67.33200897890768,3
4,18,56,20,61,22.70293398576694,60.62200897890769,2
7,28,52,19,45,26.81293398576694,54.71200897890769,3
7,40,56,38,43,27.032933985766938,74.94200897890768,3
8,27,32,19,26,25.482933985766937,48.562008978907684,5
6,18,41,20,52,28.67293398576694,56.85200897890769,9
4,18,53,19,69,33.63293398576694,68.76200897890769,10
3,18,28,20,56,45.652933985766936,61.19200897890768,5
5,19,56,28,50,24.572933985766937,51.552008978907686,2
3,18,28,19,46,35.63293398576694,64.19200897890768,9
8,39,46,19,32,39.82293398576694,78.04200897890769,3
5,43,58,50,45,28.162933985766937,71.18200897890769,5
4,19,58,37,50,33.66293398576694,61.842008978907685,5
3,18,28,19,40,29.63293398576694,68.79200897890769,7
6,20,53,36,49,30.76293398576694,57.52200897890769,6
4,25,28,26,33,22.63293398576694,59.80200897890768,1
9,29,34,27,32,18.63293398576694,46.74200897890769,8
3,18,28,19,43,32.63293398576694,69.77200897890769,7
3,18,28,20,61,50.64293398576694,70.24200897890769,5
6,20,57,38,64,34.872933985766934,66.56200897890768,8
3,18,28,19,64,53.63293398576694,90.68200897890769,3
7,28,64,19,55,27.84293398576694,72.15200897890769,2
4,18,54,19,77,40.63293398576694,75.59200897890769,2
6,19,42,29,42,24.85293398576694,41.01200897890769,7
5,19,56,26,54,21.63293398576694,51.00200897890768,3
5,18,28,31,27,27.67293398576694,40.58200897890769,10
4,18,53,21,62,26.81293398576694,60.77200897890769,2
4,33,33,19,36,31.44293398576694,66.00200897890768,4
5,18,79,32,71,29.95293398576694,83.99200897890769,3
8,47,63,27,55,37.472933985766936,83.43200897890769,3
7,32,36,19,26,31.752933985766937,60.15200897890769,5
10,18,58,27,26,46.68293398576694,69.01200897890769,3
5,18,40,21,44,21.95293398576694,48.97200897890768,4
5,20,76,27,72,21.95293398576694,73.06200897890768,2
5,39,44,40,34,23.63293398576694,53.28200897890768,5
8,43,28,43,34,23.69293398576694,78.96200897890769,8
6,18,34,21,49,32.75293398576694,48.08200897890769,9
5,18,42,31,47,29.52293398576694,61.04200897890769,4
4,18,42,20,46,21.712933985766938,49.802008978907686,7
6,18,64,38,64,34.73293398576694,69.94200897890768,7
4,18,44,21,50,23.88293398576694,50.37200897890769,6
5,19,62,25,57,21.462933985766938,58.54200897890769,3
4,18,58,37,51,34.31293398576694,58.76200897890769,5
3,47,28,19,41,48.28293398576694,77.14200897890768,8
3,18,28,19,48,37.63293398576694,68.63200897890769,2
4,20,48,36,40,31.792933985766936,48.39200897890768,5
5,18,34,38,33,34.66293398576694,59.02200897890769,6
3,18,28,19,46,35.63293398576694,62.10200897890769,9
7,21,59,19,54,19.872933985766938,58.36200897890768,3
3,18,28,19,37,26.63293398576694,49.07200897890769,9
6,18,75,46,71,42.70293398576694,76.34200897890769,6
8,37,42,19,32,36.25293398576694,62.452008978907685,3
5,32,52,34,41,24.69293398576694,55.68200897890769,5
6,32,47,33,36,24.63293398576694,53.44200897890769,5
4,40,28,42,32,21.712933985766938,56.85200897890769,9
5,18,50,22,59,27.032933985766938,72.26200897890769,8
4,20,52,25,46,21.292933985766936,48.97200897890768,5
4,18,34,20,41,24.69293398576694,39.632008978907685,10
3,18,28,20,47,36.652933985766936,53.922008978907684,3
6,35,60,36,45,28.63293398576694,67.83200897890768,3
5,18,49,32,49,28.782933985766938,67.06200897890768,9
5,18,42,32,42,28.782933985766938,65.33200897890768,6
4,20,64,21,82,35.63293398576694,83.88200897890769,3
5,24,48,31,42,22.842933985766937,48.97200897890768,5
6,18,50,19,66,33.63293398576694,66.00200897890768,9
4,20,62,33,50,31.252933985766937,60.15200897890769,5
6,35,64,38,51,26.81293398576694,69.15200897890769,3
5,19,68,31,58,29.232933985766937,64.20200897890768,3
4,18,35,21,52,34.73293398576694,49.342008978907685,7
3,18,28,19,50,39.63293398576694,50.982008978907686,5
7,35,38,19,26,35.35293398576694,65.97200897890768,5
7,18,28,45,28,41.71293398576694,65.74200897890769,6
7,48,36,44,34,20.63293398576694,72.14200897890768,8
6,18,45,20,64,36.652933985766936,63.77200897890769,9
6,20,50,28,47,22.70293398576694,45.912008978907686,7
3,40,28,29,33,29.52293398576694,73.25200897890768,8
7,27,62,19,53,27.032933985766938,68.03200897890768,2
5,18,51,57,47,53.68293398576694,81.04200897890769,7
4,18,62,19,69,24.63293398576694,72.39200897890768,2
6,33,28,36,33,22.912933985766937,46.982008978907686,8
4,35,28,36,38,27.63293398576694,64.68200897890769,1
4,19,51,40,42,36.82293398576694,53.28200897890768,5
5,18,43,40,42,36.652933985766936,54.79200897890769,6
5,18,46,44,44,40.63293398576694,81.55200897890768,7
4,20,50,21,54,21.63293398576694,51.00200897890768,3
6,18,43,20,45,19.752933985766937,46.74200897890769,8
4,18,51,19,73,39.63293398576694,74.91200897890769,3
9,30,45,19,37,29.052933985766938,72.84200897890769,3
4,18,41,20,48,24.69293398576694,46.74200897890769,10
5,20,72,29,67,24.17293398576694,68.63200897890769,2
6,34,41,35,32,22.63293398576694,48.54200897890769,5
7,47,63,33,53,32.63293398576694,79.08200897890768,2
6,18,53,20,75,39.652933985766936,72.15200897890769,9
7,28,35,28,50,32.66293398576694,48.14200897890768,1
6,19,72,49,69,44.652933985766936,75.39200897890768,7
3,18,28,19,45,34.63293398576694,60.97200897890768,1
7,53,65,54,48,30.63293398576694,83.99200897890769,3
6,35,28,37,35,24.69293398576694,64.63200897890769,8
5,18,48,25,49,22.342933985766937,69.52200897890769,9
3,18,28,19,37,26.63293398576694,72.35200897890769,6
6,18,39,26,40,23.252933985766937,42.14200897890768,8
3,18,28,19,36,25.63293398576694,52.60200897890769,7
6,22,64,32,59,25.122933985766938,61.36200897890768,2
6,18,36,21,36,18.462933985766938,37.76200897890769,8
6,37,80,45,72,24.85293398576694,83.88200897890769,3
9,27,52,36,52,23.88293398576694,54.342008978907685,1
5,18,64,26,57,24.232933985766937,59.25200897890768,2
7,39,36,19,26,38.10293398576694,60.562008978907684,5
7,18,28,28,26,24.63293398576694,72.36200897890768,6
4,18,36,19,42,23.63293398576694,54.702008978907685,4
4,18,44,19,52,25.63293398576694,55.43200897890769,6
5,18,28,41,28,37.722933985766936,58.54200897890769,10
4,26,28,27,40,29.63293398576694,61.952008978907685,1
7,42,37,43,53,33.63293398576694,58.26200897890769,9
3,18,28,21,46,35.73293398576694,48.39200897890768,5
3,32,28,26,31,24.232933985766937,53.44200897890769,8
5,18,52,35,62,35.63293398576694,61.54200897890769,4
6,38,48,36,36,26.072933985766937,65.97200897890768,5
4,24,28,27,40,29.77293398576694,59.99200897890769,9
6,18,38,20,50,29.67293398576694,58.50200897890768,1
3,18,28,21,61,50.69293398576694,61.50200897890768,5
5,18,40,19,50,27.63293398576694,62.39200897890768,4
8,25,48,19,42,23.69293398576694,51.00200897890768,3
5,35,50,36,37,26.63293398576694,59.26200897890769,5
3,18,28,19,40,29.63293398576694,57.312008978907684,9
8,18,46,33,26,38.43293398576694,68.67200897890768,3
5,35,58,39,46,26.072933985766937,65.97200897890768,5
5,19,70,36,58,34.50293398576694,67.83200897890768,3
9,39,55,19,47,37.472933985766936,83.88200897890769,3
8,26,32,19,26,24.572933985766937,52.75200897890768,5
7,27,58,37,62,26.45293398576694,62.39200897890768,4
5,18,41,31,33,29.052933985766938,63.90200897890769,1
7,39,38,37,31,21.462933985766938,58.76200897890769,5
6,35,67,36,52,28.63293398576694,74.95200897890768,2
3,32,28,21,33,29.52293398576694,53.44200897890769,4
3,55,28,19,39,54.85293398576694,77.31200897890768,8
3,18,28,19,37,26.63293398576694,48.71200897890769,7
4,19,50,37,40,34.42293398576694,50.57200897890769,5
8,18,45,36,26,39.67293398576694,75.90200897890769,3
6,18,49,34,52,31.44293398576694,66.00200897890768,4
4,18,36,20,46,27.67293398576694,49.94200897890769,6
6,34,70,48,61,30.392933985766938,78.22200897890768,2
9,18,45,37,26,40.39293398576694,78.22200897890768,3
4,18,36,19,42,23.63293398576694,51.552008978907686,4
6,23,28,23,34,23.69293398576694,36.03200897890768,8
3,18,28,19,36,25.63293398576694,55.76200897890769,1
4,18,65,20,79,31.66293398576694,76.48200897890769,2
4,18,47,21,64,34.73293398576694,71.18200897890769,10
8,38,50,25,44,30.19293398576694,64.20200897890768,3
5,18,40,30,36,26.81293398576694,71.06200897890768,6
6,18,43,32,40,28.67293398576694,41.99200897890769,7
3,52,28,19,38,51.69293398576694,71.66200897890769,4
3,35,28,19,39,37.03293398576694,64.63200897890769,8
6,30,82,43,72,30.052933985766938,86.76200897890769,3
4,18,57,20,78,38.652933985766936,78.22200897890768,2
4,20,37,19,44,24.85293398576694,62.39200897890768,4
6,20,68,48,67,42.652933985766936,72.36200897890768,6
3,18,28,19,46,35.63293398576694,67.94200897890768,6
3,18,28,19,39,28.63293398576694,58.812008978907684,9
6,20,48,36,45,30.662933985766937,48.39200897890768,7
9,22,65,38,57,31.792933985766936,64.20200897890768,1
10,18,40,38,26,38.10293398576694,79.45200897890768,3
3,18,28,19,57,46.63293398576694,66.29200897890769,3
3,18,28,19,36,25.63293398576694,59.36200897890768,1
5,18,78,29,70,27.292933985766936,73.13200897890769,2
3,18,28,19,43,32.63293398576694,64.12200897890769,9
5,18,35,26,32,22.70293398576694,59.58200897890768,6
6,18,47,26,50,24.232933985766937,53.44200897890769,8
4,18,48,20,62,31.66293398576694,70.31200897890768,10
7,37,68,38,59,22.63293398576694,70.99200897890769,3
10,18,36,39,26,37.17293398576694,74.53200897890768,3
3,18,28,19,34,23.63293398576694,49.94200897890769,10
10,18,55,28,26,44.09293398576694,70.99200897890769,3
5,18,49,36,51,33.09293398576694,67.33200897890768,1
6,18,46,20,64,35.652933985766936,69.34200897890769,9
6,20,52,39,49,33.66293398576694,56.202008978907685,6
4,18,51,19,73,39.63293398576694,70.65200897890769,2
6,37,67,41,54,27.032933985766938,74.94200897890768,3
7,30,51,19,40,30.63293398576694,64.20200897890768,3
3,18,28,20,48,37.652933985766936,67.33200897890768,3
6,18,39,20,52,30.662933985766937,63.19200897890768,9
5,23,44,38,39,29.95293398576694,49.732008978907686,5
3,18,28,21,51,40.71293398576694,53.54200897890769,5
6,25,73,43,66,33.35293398576694,74.91200897890769,3
7,18,28,45,27,41.652933985766936,61.842008978907685,6
5,19,65,23,62,18.792933985766936,61.36200897890768,2
7,33,67,19,56,33.122933985766934,78.18200897890769,2
6,18,47,19,57,27.63293398576694,57.03200897890768,9
6,18,39,26,40,23.252933985766937,42.14200897890768,8
4,28,37,19,44,29.082933985766935,67.75200897890768,8
6,24,46,42,50,33.66293398576694,55.38200897890769,4
6,18,48,20,60,29.67293398576694,67.33200897890768,1
8,53,55,45,44,28.362933985766936,90.74200897890768,2
3,18,28,19,55,44.63293398576694,67.32200897890769,3
3,18,28,19,64,53.63293398576694,70.99200897890769,3
5,18,49,39,47,35.63293398576694,68.66200897890769,6
7,18,28,26,26,22.63293398576694,56.202008978907685,6
6,18,61,53,67,50.56293398576694,91.45200897890768,8
3,18,28,19,50,39.63293398576694,71.79200897890769,2
4,34,28,37,42,31.752933985766937,67.33200897890768,1
6,20,64,56,64,50.69293398576694,75.90200897890769,6
4,24,28,25,49,38.63293398576694,69.52200897890769,9
5,18,46,33,45,29.67293398576694,57.07200897890769,7
5,18,38,26,40,23.69293398576694,38.26200897890769,8
4,20,34,19,38,21.95293398576694,48.97200897890768,4
4,18,61,30,52,28.67293398576694,58.812008978907684,5
3,18,28,19,48,37.63293398576694,78.60200897890769,1
6,21,65,22,60,18.63293398576694,62.25200897890768,2
8,25,39,23,37,18.63293398576694,37.79200897890769,8
3,18,28,19,52,41.63293398576694,58.21200897890769,5
3,18,28,19,36,25.63293398576694,64.34200897890769,6
8,30,34,27,32,19.63293398576694,47.202008978907685,8
9,28,40,19,32,27.292933985766936,67.33200897890768,3
7,40,62,41,47,28.63293398576694,72.23200897890769,2
7,36,44,38,67,40.652933985766936,67.33200897890768,1
8,35,57,27,49,26.45293398576694,73.06200897890768,2
3,34,28,19,38,35.63293398576694,61.54200897890769,4
6,51,52,52,38,27.63293398576694,70.24200897890769,5
6,39,72,42,57,28.782933985766938,79.00200897890768,2
5,18,28,27,28,23.88293398576694,41.842008978907685,10
3,18,28,19,33,22.63293398576694,47.14200897890768,1
7,34,48,34,70,39.652933985766936,70.84200897890769,9
4,18,53,19,63,27.63293398576694,66.79200897890769,10
3,18,28,19,35,24.63293398576694,42.14200897890768,10
3,18,28,19,37,26.63293398576694,70.31200897890768,6
5,18,50,33,60,34.07293398576694,58.91200897890769,4
3,30,28,19,35,30.63293398576694,52.60200897890769,4
6,19,71,28,67,23.88293398576694,66.52200897890769,7
5,18,44,27,44,23.88293398576694,60.97200897890768,6
7,27,45,19,36,27.032933985766938,51.552008978907686,2
6,18,35,20,50,32.66293398576694,47.14200897890768,1
3,36,28,26,32,28.162933985766937,62.39200897890768,4
7,40,34,38,32,18.63293398576694,56.202008978907685,8
4,18,57,20,78,38.652933985766936,78.22200897890768,2
6,27,52,28,43,22.63293398576694,51.552008978907686,2
4,19,59,33,50,30.392933985766938,57.03200897890768,5
4,20,53,38,42,34.872933985766934,53.54200897890769,5
5,19,76,31,70,27.332933985766935,71.87200897890769,3
3,18,28,19,51,40.63293398576694,66.41200897890769,2
7,36,40,33,58,36.03293398576694,58.86200897890768,1
3,18,28,21,62,51.69293398576694,78.22200897890768,3
3,18,28,19,40,29.63293398576694,53.03200897890768,9
9,22,79,27,56,37.012933985766935,73.93200897890769,1
4,18,49,19,58,26.63293398576694,55.982008978907686,2
6,18,45,19,60,32.63293398576694,58.54200897890769,9
3,18,28,19,39,28.63293398576694,70.41200897890769,10
5,18,36,36,33,32.66293398576694,49.94200897890769,7
6,23,52,41,58,34.42293398576694,60.97200897890768,4
3,36,28,21,35,33.99293398576694,62.39200897890768,4
5,18,35,26,31,22.912933985766937,51.35200897890769,7
6,35,70,38,63,21.022933985766937,70.99200897890769,2
6,18,48,27,51,25.06293398576694,58.76200897890769,8
7,32,52,33,65,30.63293398576694,72.14200897890768,9
4,18,46,19,60,31.63293398576694,67.59200897890769,7
5,18,28,36,28,32.75293398576694,53.202008978907685,10
4,18,64,20,77,30.662933985766937,79.85200897890769,2
6,18,50,37,49,33.66293398576694,51.35200897890769,6
5,18,28,44,26,40.63293398576694,71.88200897890769,10
4,18,61,20,74,30.662933985766937,74.94200897890768,2
7,40,55,41,44,24.63293398576694,61.80200897890768,3
7,31,56,31,74,35.652933985766936,71.87200897890769,9
3,34,28,25,32,27.292933985766936,53.76200897890769,8
6,18,49,28,52,25.932933985766937,58.38200897890769,4
4,36,28,39,40,29.77293398576694,64.20200897890768,1
7,40,52,41,58,23.63293398576694,69.55200897890768,9
5,18,37,36,32,32.89293398576694,58.50200897890768,9
3,18,28,19,64,53.63293398576694,84.38200897890769,2
7,18,28,60,25,56.64293398576694,83.02200897890769,6
3,18,28,19,39,28.63293398576694,56.85200897890769,9
3,18,28,19,44,33.63293398576694,72.91200897890769,10
4,20,60,21,68,25.63293398576694,67.45200897890768,3
7,26,55,26,78,40.652933985766936,74.75200897890768,9
9,23,71,31,47,38.722933985766936,66.78200897890768,1
5,18,38,19,45,24.63293398576694,53.44200897890769,4
5,34,52,35,38,27.63293398576694,60.62200897890769,5
5,18,35,42,34,38.652933985766936,60.74200897890769,9
3,18,28,19,36,25.63293398576694,54.672008978907684,1
3,40,28,22,37,37.582933985766935,72.75200897890768,8
7,29,54,32,69,32.75293398576694,67.06200897890768,9
3,36,28,28,32,26.45293398576694,62.39200897890768,4
4,42,34,19,38,40.372933985766934,73.13200897890769,4
4,18,66,19,89,40.63293398576694,90.68200897890769,3
6,22,64,32,59,25.122933985766938,61.36200897890768,2
8,34,28,33,36,25.832933985766935,58.38200897890769,8
7,27,46,25,59,30.932933985766937,56.35200897890769,1
6,20,63,48,60,42.652933985766936,68.37200897890769,6
3,18,28,20,47,36.652933985766936,48.54200897890769,5
3,18,28,21,48,37.722933985766936,48.772008978907685,5
5,18,38,36,38,32.75293398576694,50.74200897890769,6
6,20,63,55,60,49.64293398576694,72.35200897890769,7
4,18,50,19,58,25.63293398576694,55.12200897890769,3
8,29,32,19,26,27.332933985766935,58.21200897890769,5
6,34,81,44,73,26.45293398576694,84.38200897890769,2
5,18,46,40,45,36.652933985766936,56.202008978907685,7
3,18,28,19,61,50.63293398576694,83.17200897890768,2
5,18,38,20,41,20.732933985766937,45.99200897890769,8
5,18,51,28,50,24.69293398576694,64.34200897890769,9
6,18,40,33,58,40.042933985766936,58.86200897890768,1
4,19,31,19,32,18.792933985766936,40.50200897890768,8
4,18,51,20,61,27.67293398576694,65.74200897890769,10
7,28,53,19,46,26.81293398576694,54.71200897890769,2
4,26,28,28,36,25.682933985766937,58.28200897890768,9
3,18,28,19,34,23.63293398576694,43.772008978907685,7
4,18,44,19,63,36.63293398576694,68.54200897890769,6
4,18,33,19,36,20.63293398576694,40.50200897890768,8
5,18,38,20,41,20.732933985766937,45.99200897890769,8
3,18,28,19,35,24.63293398576694,53.382008978907685,9
4,18,39,19,48,26.63293398576694,58.91200897890769,4
3,18,28,19,52,41.63293398576694,56.85200897890769,5
3,18,28,19,46,35.63293398576694,57.83200897890768,10
6,27,69,28,60,22.63293398576694,68.03200897890768,2
3,44,28,36,32,26.45293398576694,64.94200897890768,4
4,18,60,19,73,30.63293398576694,71.18200897890769,2
6,20,62,40,59,34.66293398576694,64.34200897890769,6
4,18,62,21,66,21.95293398576694,62.25200897890768,2
6,18,54,30,54,26.81293398576694,56.55200897890768,7
7,18,28,32,24,28.782933985766938,45.99200897890769,6
7,18,28,25,24,21.95293398576694,64.66200897890769,6
7,18,28,41,25,37.652933985766936,56.97200897890768,6
5,18,37,28,35,24.63293398576694,53.46200897890769,9
4,18,39,19,48,26.63293398576694,59.30200897890768,8
5,19,64,22,60,18.462933985766938,58.36200897890768,3
3,53,28,32,32,38.43293398576694,72.35200897890769,4
7,18,28,27,26,23.63293398576694,61.342008978907685,6
5,35,46,41,38,23.44293398576694,55.44200897890768,5
5,18,54,36,66,37.652933985766936,65.60200897890769,4
4,18,65,35,50,36.25293398576694,62.452008978907685,5
5,18,46,31,54,31.252933985766937,52.60200897890769,4
8,47,63,27,55,37.472933985766936,83.43200897890769,3
6,41,38,19,26,40.71293398576694,59.94200897890768,5
3,18,28,19,42,31.63293398576694,64.02200897890769,9
5,18,36,19,43,24.63293398576694,51.21200897890769,8
5,18,78,29,72,26.402933985766936,79.45200897890768,3
6,18,51,19,74,40.63293398576694,72.14200897890768,9
5,18,86,33,75,32.27293398576694,81.81200897890768,3
3,18,28,19,39,28.63293398576694,56.85200897890769,9
5,24,48,31,42,22.842933985766937,48.97200897890768,5
4,18,44,20,64,37.652933985766936,73.80200897890768,7
5,18,53,37,55,34.07293398576694,79.06200897890768,9
3,31,28,19,31,29.56293398576694,41.94200897890769,8
6,18,67,30,67,26.81293398576694,74.94200897890768,6
5,24,48,35,42,26.402933985766936,50.162008978907686,5
6,20,44,31,44,25.832933985766935,44.342008978907685,6
4,18,52,19,65,30.63293398576694,65.09200897890769,3
9,37,56,19,48,35.55293398576694,83.88200897890769,3
6,18,52,21,74,39.71293398576694,80.96200897890769,1
5,18,28,29,26,25.63293398576694,50.00200897890768,10
4,18,63,20,68,22.70293398576694,65.09200897890769,2
3,18,28,19,54,43.63293398576694,84.27200897890769,2
4,18,46,19,50,21.63293398576694,57.75200897890768,6
8,37,45,19,32,37.582933985766935,74.94200897890768,3
7,47,74,48,61,26.63293398576694,83.43200897890769,3
6,26,80,48,72,37.472933985766936,83.43200897890769,3
6,18,44,19,48,21.63293398576694,59.99200897890769,9
8,42,28,43,33,22.63293398576694,61.842008978907685,8
4,34,28,35,46,35.63293398576694,70.84200897890769,9
6,18,54,37,54,33.74293398576694,55.43200897890769,6
5,20,62,33,56,28.282933985766938,62.64200897890768,3
8,32,55,19,45,31.752933985766937,79.08200897890768,2
5,18,40,48,37,44.652933985766936,69.15200897890769,6
6,22,61,48,70,42.942933985766935,75.39200897890768,8
7,41,28,43,36,25.682933985766937,74.02200897890769,8
6,18,39,21,53,31.752933985766937,50.60200897890769,1
7,26,55,26,50,18.792933985766936,56.10200897890769,3
5,18,34,35,36,32.122933985766934,55.76200897890769,9
5,28,46,41,38,29.052933985766938,54.702008978907685,5
5,18,35,37,32,33.66293398576694,64.66200897890769,6
9,18,48,25,26,36.512933985766935,56.10200897890769,3
5,18,56,48,68,47.83293398576694,73.75200897890768,8
6,18,58,29,56,25.63293398576694,62.50200897890768,6
4,18,64,19,69,22.63293398576694,65.88200897890769,3
6,18,49,33,58,33.43293398576694,57.482008978907686,1
5,18,71,27,66,24.17293398576694,65.88200897890769,3
6,31,73,54,63,39.042933985766936,83.99200897890769,3
4,20,57,21,68,28.63293398576694,66.11200897890768,3
4,18,48,21,61,30.76293398576694,59.14200897890768,2
6,18,41,19,58,34.63293398576694,58.812008978907684,9
4,18,48,20,54,23.69293398576694,51.552008978907686,2
3,18,28,19,64,53.63293398576694,79.45200897890768,3
4,19,52,20,64,29.63293398576694,63.77200897890769,3
5,18,28,37,26,33.63293398576694,52.14200897890768,10
3,18,28,19,34,23.63293398576694,49.94200897890769,10
4,18,42,19,62,37.63293398576694,64.86200897890768,7
8,29,59,25,53,22.032933985766938,65.56200897890768,2
8,18,46,33,26,38.43293398576694,68.67200897890768,3
9,25,54,19,47,24.232933985766937,71.18200897890769,2
4,43,28,45,37,26.682933985766937,59.62200897890769,9
5,18,38,38,32,35.05293398576694,51.14200897890768,9
9,32,39,29,37,19.63293398576694,53.44200897890769,8
7,19,59,38,64,34.942933985766935,64.63200897890769,4
3,18,28,21,49,38.722933985766936,64.34200897890769,3
6,20,49,33,54,29.52293398576694,53.44200897890769,4
8,18,47,25,26,35.55293398576694,54.71200897890769,3
3,18,28,19,35,24.63293398576694,41.99200897890769,7
9,32,71,35,59,25.832933985766935,68.76200897890769,1
8,18,59,24,63,23.44293398576694,59.80200897890768,1
4,32,28,33,37,26.63293398576694,57.03200897890768,9
3,18,28,19,42,31.63293398576694,53.202008978907685,10
4,18,36,19,42,23.63293398576694,48.14200897890768,4
7,18,28,42,24,38.722933985766936,59.94200897890768,6
5,19,77,29,69,26.45293398576694,72.15200897890769,2
4,18,60,20,83,40.652933985766936,82.89200897890768,2
6,18,39,19,52,30.63293398576694,57.52200897890769,1
8,40,28,43,33,22.912933985766937,73.25200897890768,8
5,19,80,29,72,26.45293398576694,75.74200897890769,3
8,43,45,25,39,35.05293398576694,64.34200897890769,3
7,20,52,33,54,28.282933985766938,53.44200897890769,4
4,34,28,36,40,29.67293398576694,55.76200897890769,1
6,20,69,40,66,34.66293398576694,76.70200897890768,6
6,18,48,19,60,29.63293398576694,62.10200897890769,9
9,28,46,19,38,27.292933985766936,73.76200897890769,2
6,32,49,45,54,29.52293398576694,60.35200897890769,4
3,18,28,19,44,33.63293398576694,55.03200897890768,1
4,19,61,28,52,26.26293398576694,58.812008978907684,5
4,18,39,21,52,30.76293398576694,56.202008978907685,6
6,19,63,36,60,31.66293398576694,61.05200897890768,7
7,33,28,34,33,22.63293398576694,48.772008978907685,8
5,19,63,35,52,33.122933985766934,60.62200897890769,2
3,18,28,19,64,53.63293398576694,91.49200897890768,2
4,18,56,19,74,35.63293398576694,75.37200897890769,3
5,20,77,33,69,29.052933985766938,79.08200897890768,2
3,18,28,19,37,26.63293398576694,44.97200897890768,10
9,51,34,47,32,20.63293398576694,82.05200897890768,8
7,35,42,34,54,29.77293398576694,55.76200897890769,1
3,18,28,19,32,21.63293398576694,56.202008978907685,6
3,33,28,25,31,25.932933985766937,57.65200897890769,8
6,29,65,32,59,20.10293398576694,65.15200897890769,3
4,18,43,21,52,26.81293398576694,50.00200897890768,10
8,64,28,63,35,24.85293398576694,91.45200897890768,8
6,32,59,33,46,26.63293398576694,64.52200897890769,2
7,35,38,19,26,35.35293398576694,65.97200897890768,5
7,40,64,41,47,30.63293398576694,75.85200897890769,2
5,19,69,29,63,25.482933985766937,67.33200897890768,3
7,18,28,32,26,28.63293398576694,67.94200897890768,6
4,20,38,19,45,24.85293398576694,66.05200897890768,8
5,18,39,41,41,37.99293398576694,62.36200897890768,1
3,39,28,19,35,38.48293398576694,57.14200897890768,4
7,34,52,19,43,33.09293398576694,63.37200897890769,3
4,18,49,19,68,36.63293398576694,68.66200897890769,6
6,28,35,19,26,27.84293398576694,46.312008978907684,5
8,28,65,19,57,27.292933985766936,73.34200897890769,2
6,18,41,25,41,21.95293398576694,38.302008978907686,7
7,18,28,38,26,34.63293398576694,62.14200897890768,6
3,18,28,19,48,37.63293398576694,65.80200897890768,10
10,18,50,36,26,43.43293398576694,83.88200897890769,3
3,18,28,19,44,33.63293398576694,66.79200897890769,6
7,31,40,23,67,45.99293398576694,65.15200897890769,1
9,26,50,19,42,25.63293398576694,75.85200897890769,2
6,18,52,21,56,21.95293398576694,62.39200897890768,4
8,31,48,25,42,23.69293398576694,55.76200897890769,2
3,18,28,19,52,41.63293398576694,58.21200897890769,5
7,33,36,28,34,21.63293398576694,59.30200897890768,8
7,42,74,43,56,31.63293398576694,86.76200897890769,3
4,18,52,21,72,37.722933985766936,77.06200897890768,7
3,18,28,21,56,45.70293398576694,74.57200897890769,3
7,41,74,42,57,30.63293398576694,85.46200897890769,3
8,30,28,31,34,23.63293398576694,47.202008978907685,8
4,18,40,19,52,29.63293398576694,56.55200897890768,7
5,18,36,43,35,39.652933985766936,58.26200897890769,9
5,18,65,25,61,21.95293398576694,64.20200897890768,3
3,39,28,31,31,25.932933985766937,60.422008978907684,4
5,18,89,43,74,42.92293398576694,89.68200897890769,2
6,19,60,38,58,33.63293398576694,62.14200897890768,6
7,26,53,27,48,18.63293398576694,50.302008978907686,2
6,20,70,41,68,35.63293398576694,70.51200897890769,7
4,18,43,19,51,25.63293398576694,54.16200897890769,7
6,36,35,19,26,34.942933985766935,50.57200897890769,5
3,18,28,19,46,35.63293398576694,62.10200897890769,9
6,23,73,28,68,20.63293398576694,69.01200897890769,3
8,18,63,28,26,51.77293398576694,74.77200897890769,3
6,28,73,34,66,22.70293398576694,75.30200897890768,3
5,20,77,48,71,42.92293398576694,83.54200897890769,2
3,35,28,19,39,37.03293398576694,65.60200897890769,4
4,18,42,19,54,29.63293398576694,68.24200897890769,8
8,18,44,39,43,35.652933985766936,48.39200897890768,1
4,20,54,21,64,27.63293398576694,61.43200897890769,3
4,18,64,21,71,24.85293398576694,68.03200897890768,2
3,18,28,19,49,38.63293398576694,67.06200897890768,9
6,33,76,34,65,24.63293398576694,78.18200897890769,2
5,18,42,40,40,36.63293398576694,57.61200897890768,6
7,51,48,19,32,51.48293398576694,79.57200897890769,2
6,18,40,21,45,22.912933985766937,48.97200897890768,1
4,27,28,30,41,30.76293398576694,62.66200897890769,9
6,32,28,31,34,23.88293398576694,59.30200897890768,8
3,18,28,19,43,32.63293398576694,62.66200897890769,9
7,26,53,39,56,28.63293398576694,58.76200897890769,8
8,28,50,23,45,22.342933985766937,53.76200897890769,2
5,18,28,38,27,34.66293398576694,49.732008978907686,10
9,30,44,19,34,30.052933985766938,82.56200897890768,2
7,37,58,29,51,25.932933985766937,65.52200897890769,2
4,18,66,44,56,41.88293398576694,71.18200897890769,5
5,18,28,40,28,36.73293398576694,64.68200897890769,10
5,32,52,36,43,23.252933985766937,60.15200897890769,5
8,25,48,19,42,23.69293398576694,51.00200897890768,3
7,38,43,39,66,40.63293398576694,75.99200897890769,1
6,18,61,33,59,29.63293398576694,63.76200897890769,6
4,33,28,35,32,21.712933985766938,57.50200897890768,9
5,32,52,35,42,23.88293398576694,57.03200897890768,5
10,18,34,40,26,37.472933985766936,77.75200897890768,3
3,36,28,21,35,33.99293398576694,62.39200897890768,4
5,18,44,20,50,23.69293398576694,57.922008978907684,4
6,18,45,21,63,35.73293398576694,75.48200897890769,1
6,19,72,52,70,47.63293398576694,83.02200897890769,6
7,18,28,31,27,27.67293398576694,51.82200897890769,6
8,25,33,19,26,24.232933985766937,52.552008978907686,5
7,18,28,38,26,34.63293398576694,60.97200897890768,6
3,38,28,24,31,31.44293398576694,59.88200897890769,4
3,18,28,19,32,21.63293398576694,56.97200897890768,6
4,18,66,20,89,40.652933985766936,91.49200897890768,2
6,20,56,40,55,34.66293398576694,57.952008978907685,7
7,25,60,19,53,24.232933985766937,63.732008978907686,2
4,18,40,19,56,33.63293398576694,53.19200897890769,10
6,28,65,38,57,26.45293398576694,68.24200897890769,2
9,32,37,29,35,19.63293398576694,51.672008978907684,8
9,30,55,19,49,28.282933985766938,71.87200897890769,3
4,18,56,19,67,28.63293398576694,64.59200897890769,2
6,25,65,26,58,20.63293398576694,63.732008978907686,2
3,18,28,19,42,31.63293398576694,55.43200897890769,6
3,18,28,19,57,46.63293398576694,75.30200897890768,2
8,26,66,23,61,20.63293398576694,68.83200897890768,3
