V1,V2,V3,V4,V5,V6,V7,Class
3,14,23,15,15,11.908233496441735,31.53550224472692,5
4,13,34,35,43,26.758233496441736,52.39550224472692,4
5,21,47,22,36,14.908233496441735,56.45550224472692,2
2,4,24,6,36,15.948233496441734,45.84550224472692,7
3,5,55,15,51,13.758233496441735,58.33550224472692,2
1,39,7,19,19,28.098233496441736,67.73550224472693,8
4,14,17,14,12,9.008233496441735,28.795502244726922,5
5,20,7,23,15,12.158233496441735,37.155502244726925,8
2,4,16,5,25,12.908233496441735,35.99550224472692,4
6,28,25,28,19,9.988233496441735,53.04550224472692,3
1,4,7,5,23,19.908233496441735,52.06550224472692,6
4,18,63,25,54,14.728233496441735,68.78550224472693,2
6,21,7,20,15,12.158233496441735,44.00550224472692,8
6,13,7,14,15,11.908233496441735,26.12550224472692,8
3,5,38,11,38,8.908233496441735,39.15550224472692,2
5,21,22,22,38,19.908233496441735,47.16550224472692,9
5,11,32,29,37,21.628233496441734,45.23550224472692,8
1,4,7,5,16,12.908233496441735,46.57550224472692,9
2,4,13,7,32,23.008233496441736,40.91550224472692,6
1,4,7,5,38,34.90823349644173,58.34550224472692,2
2,12,13,5,20,14.538233496441736,37.73550224472692,8
3,11,31,19,26,12.508233496441735,36.835502244726925,5
3,6,47,19,38,18.908233496441735,47.91550224472692,2
7,23,18,17,18,10.908233496441735,41.04550224472692,8
4,23,7,24,14,10.908233496441735,46.71550224472692,8
4,5,34,23,43,23.148233496441733,46.24550224472692,8
4,9,34,12,32,6.738233496441735,34.39550224472692,3
1,19,7,5,12,19.718233496441734,30.37550224472692,8
4,4,36,30,36,28.908233496441735,43.82550224472692,6
7,4,15,22,7,22.698233496441734,48.99550224472692,3
4,6,45,27,46,23.928233496441734,57.27550224472692,6
3,4,25,25,27,24.008233496441736,41.14550224472692,6
2,5,13,5,19,9.988233496441735,48.02550224472692,4
6,12,29,9,27,8.378233496441734,33.695502244726924,2
3,4,19,16,17,15.088233496441735,29.385502244726922,6
6,5,36,28,40,26.268233496441734,45.75550224472692,1
4,18,44,40,57,28.608233496441734,67.73550224472693,8
4,5,36,16,38,14.108233496441734,38.77550224472692,7
3,4,54,17,46,18.328233496441733,54.04550224472692,2
3,4,25,12,27,11.188233496441734,56.52550224472692,7
3,4,28,22,19,23.148233496441733,54.00550224472692,9
7,8,25,5,23,8.378233496441734,34.655502244726925,2
2,28,7,30,24,20.938233496441736,55.27550224472692,1
5,18,29,5,18,21.708233496441736,49.805502244726924,2
3,4,30,21,30,19.908233496441735,56.93550224472692,7
6,6,41,20,37,17.508233496441733,42.69550224472692,1
7,18,37,30,31,16.438233496441732,44.58550224472692,1
4,4,32,6,50,21.938233496441736,55.27550224472692,9
2,4,19,5,31,15.908233496441735,55.055502244726924,4
7,30,18,5,13,30.388233496441735,50.22550224472692,3
3,4,20,19,19,17.948233496441734,30.77550224472692,1
2,28,7,30,19,15.948233496441734,48.54550224472692,1
3,4,20,15,26,15.568233496441735,40.24550224472692,8
3,4,27,32,29,30.978233496441735,51.33550224472692,6
4,4,28,13,33,13.338233496441735,41.31550224472692,4
1,4,7,5,37,33.90823349644173,70.72550224472693,2
3,5,57,22,49,21.798233496441735,64.89550224472693,2
3,4,29,37,29,35.90823349644173,52.95550224472692,7
6,4,41,31,37,30.218233496441734,48.33550224472692,1
4,34,23,25,15,16.718233496441734,48.67550224472692,5
5,19,17,8,30,21.598233496441736,32.99550224472692,1
2,4,21,6,45,27.928233496441734,52.18550224472692,7
1,4,7,5,30,26.908233496441735,47.73550224472692,9
3,24,31,35,23,16.718233496441734,48.67550224472692,5
4,14,37,15,32,8.908233496441735,38.10550224472692,2
4,11,45,14,42,7.518233496441734,48.48550224472692,2
1,4,7,5,46,42.90823349644173,74.13550224472692,2
1,4,7,6,33,29.928233496441734,41.93550224472692,3
2,17,15,5,23,19.168233496441733,47.40550224472692,4
4,20,28,21,17,14.908233496441735,41.31550224472692,5
3,4,33,22,45,24.718233496441734,48.02550224472692,8
4,4,25,5,38,16.908233496441735,54.38550224472692,9
3,4,27,23,19,23.608233496441734,52.055502244726924,9
1,4,7,5,24,20.908233496441735,58.875502244726924,1
2,4,13,7,38,28.988233496441733,40.64550224472692,7
4,4,29,20,29,18.908233496441735,33.335502244726925,7
4,14,17,14,12,9.008233496441735,28.795502244726922,5
1,4,7,5,13,9.908233496441735,39.15550224472692,9
7,12,29,5,23,13.908233496441735,55.51550224472692,2
3,4,24,18,24,16.908233496441735,41.93550224472692,9
4,5,25,13,26,10.978233496441735,27.00550224472692,7
2,10,12,5,17,11.718233496441734,41.04550224472692,8
6,6,38,25,42,22.348233496441736,48.54550224472692,1
3,4,33,22,45,24.718233496441734,48.02550224472692,8
5,13,42,12,37,9.298233496441734,48.48550224472692,2
7,9,29,14,31,8.378233496441734,31.53550224472692,1
1,4,7,5,27,23.908233496441735,39.07550224472692,3
3,4,28,22,19,23.148233496441733,54.00550224472692,9
1,4,7,6,37,33.928233496441734,52.54550224472692,3
7,11,21,5,17,11.968233496441735,45.19550224472692,3
4,4,27,6,41,17.948233496441734,50.72550224472692,1
2,12,7,14,17,13.958233496441736,41.67550224472692,9
1,4,7,5,31,27.908233496441735,38.77550224472692,1
3,5,47,12,45,10.228233496441735,53.24550224472692,3
3,4,51,16,49,15.088233496441735,55.65550224472692,2
6,14,39,5,33,15.568233496441735,57.19550224472692,3
2,6,14,5,21,11.188233496441734,36.835502244726925,4
5,4,7,31,8,29.928233496441734,45.23550224472692,6
2,4,23,6,33,13.958233496441736,36.59550224472692,10
2,4,40,6,52,15.948233496441734,55.625502244726924,2
2,4,29,7,46,21.028233496441736,51.85550224472692,7
5,4,7,17,8,15.948233496441734,35.21550224472692,6
1,4,7,5,27,23.908233496441735,57.73550224472692,7
4,5,38,25,39,22.938233496441736,43.27550224472692,7
2,19,7,21,25,21.938233496441736,42.20550224472692,9
2,4,15,5,33,21.908233496441735,36.835502244726925,7
4,4,15,6,39,27.928233496441734,43.17550224472692,9
5,7,37,26,43,22.878233496441734,47.21550224472692,4
2,4,29,5,52,26.908233496441735,54.38550224472692,2
3,4,24,31,25,29.928233496441734,48.33550224472692,1
4,25,49,30,36,17.508233496441733,61.43550224472692,3
3,4,14,19,12,18.048233496441735,47.40550224472692,6
2,12,7,13,14,10.908233496441735,44.36550224472692,1
4,21,40,22,27,16.908233496441735,55.19550224472692,3
1,16,7,5,16,18.908233496441735,35.99550224472692,4
5,21,32,19,23,13.398233496441735,48.99550224472692,3
3,4,11,5,16,8.908233496441735,22.17550224472692,8
1,4,7,5,19,15.908233496441735,31.03550224472692,10
1,13,7,6,10,12.448233496441734,26.12550224472692,8
5,4,7,22,8,20.938233496441736,36.59550224472692,6
2,23,7,26,21,18.048233496441735,55.19550224472692,1
6,42,16,39,16,7.908233496441735,65.20550224472693,8
3,4,21,14,28,15.308233496441735,41.77550224472692,8
4,4,36,15,43,16.118233496441736,56.64550224472692,8
2,4,21,5,27,9.908233496441735,29.705502244726922,7
4,34,41,35,30,14.908233496441735,57.96550224472692,3
2,4,19,6,42,26.928233496441734,44.44550224472692,7
1,4,7,5,16,12.908233496441735,23.42550224472692,7
3,4,17,20,23,20.068233496441735,30.37550224472692,8
3,4,57,22,45,24.718233496441734,58.67550224472692,3
2,6,46,15,41,13.338233496441735,49.82550224472692,5
1,4,7,5,41,37.90823349644173,60.89550224472692,2
2,4,44,5,62,21.908233496441735,65.54550224472692,3
4,21,41,22,27,17.908233496441735,55.51550224472692,2
4,21,20,5,7,25.308233496441733,48.07550224472692,5
1,4,7,5,25,21.908233496441735,53.33550224472692,7
1,4,7,5,13,9.908233496441735,31.53550224472692,1
5,12,21,13,44,26.908233496441735,43.38550224472692,9
2,29,15,5,23,30.158233496441735,70.83550224472692,8
5,12,18,13,27,12.908233496441735,39.49550224472692,1
3,4,17,15,18,13.958233496441736,27.46550224472692,6
1,25,7,14,14,17.798233496441735,41.77550224472692,8
4,4,25,12,38,18.668233496441733,38.42550224472692,1
1,4,7,5,13,9.908233496441735,39.59550224472692,6
2,18,7,19,19,15.908233496441735,35.945502244726924,1
7,24,15,19,15,9.908233496441735,32.445502244726924,8
3,4,15,5,22,10.908233496441735,30.59550224472692,8
2,29,7,31,18,14.958233496441736,45.99550224472692,1
6,17,46,15,42,8.908233496441735,61.07550224472692,2
4,13,41,14,34,10.908233496441735,44.58550224472692,2
6,6,53,9,62,13.128233496441736,61.43550224472692,1
1,4,7,5,32,28.908233496441735,39.15550224472692,2
3,4,32,25,32,23.908233496441735,66.36550224472693,6
1,4,7,5,41,37.90823349644173,52.95550224472692,2
5,11,31,19,35,11.968233496441735,36.835502244726925,4
1,4,7,5,28,24.908233496441735,52.60550224472692,1
5,20,23,5,13,22.778233496441736,44.01550224472692,2
1,4,7,7,43,39.968233496441734,67.27550224472692,3
1,4,7,5,14,10.908233496441735,36.59550224472692,6
1,4,7,5,46,42.90823349644173,61.24550224472692,2
4,4,31,7,37,10.228233496441735,45.78550224472692,4
3,4,16,15,14,14.108233496441734,35.99550224472692,1
2,4,26,7,33,11.188233496441734,32.46550224472692,10
6,41,29,34,21,15.218233496441735,66.93550224472692,2
5,7,41,5,38,8.148233496441735,45.64550224472692,2
5,16,21,18,33,15.948233496441734,34.60550224472692,9
3,14,23,21,20,10.618233496441734,31.93550224472692,5
6,10,7,13,16,13.128233496441736,21.15550224472692,8
3,4,7,13,7,11.908233496441735,36.585502244726925,10
2,5,35,12,31,11.118233496441734,36.835502244726925,5
4,4,37,29,36,27.928233496441734,43.95550224472692,6
5,14,20,15,39,22.908233496441735,39.06550224472692,1
3,4,46,15,40,15.568233496441735,45.79550224472692,2
5,28,32,5,13,34.51823349644173,72.65550224472693,3
3,4,31,21,43,23.908233496441735,44.93550224472692,4
1,4,7,5,39,35.90823349644173,54.57550224472692,2
3,5,60,17,54,16.438233496441732,59.875502244726924,2
1,4,7,5,15,11.908233496441735,29.30550224472692,7
2,13,7,16,20,17.058233496441733,43.17550224472692,9
1,4,7,5,19,15.908233496441735,33.125502244726924,10
2,4,15,6,26,14.958233496441736,28.00550224472692,10
5,28,38,39,45,16.118233496441736,56.52550224472692,4
5,5,26,16,29,14.348233496441734,30.135502244726922,8
1,4,7,5,42,38.90823349644173,58.67550224472692,2
3,4,19,5,31,15.908233496441735,55.74550224472692,4
3,4,17,24,18,22.938233496441736,41.89550224472692,1
6,6,38,14,39,10.978233496441735,38.77550224472692,1
1,4,7,5,21,17.908233496441735,54.45550224472692,6
3,5,38,15,37,12.968233496441735,38.10550224472692,2
1,4,7,5,14,10.908233496441735,34.74550224472692,7
3,4,17,12,21,11.968233496441735,21.65550224472692,8
2,10,7,13,19,16.078233496441733,37.555502244726924,9
1,4,7,5,20,16.908233496441735,54.33550224472692,10
1,4,7,5,15,11.908233496441735,46.35550224472692,1
2,19,7,20,31,27.908233496441735,40.875502244726924,1
3,4,15,14,15,12.908233496441735,35.085502244726925,6
4,14,56,16,49,10.978233496441735,56.73550224472692,2
1,4,7,7,46,42.95823349644173,55.35550224472692,5
5,17,47,18,38,12.908233496441735,55.26550224472692,3
1,4,7,5,15,11.908233496441735,32.21550224472692,10
4,6,28,16,28,12.908233496441735,35.36550224472692,6
3,4,19,7,25,10.228233496441735,33.835502244726925,4
2,4,20,5,33,16.908233496441735,55.53550224472692,8
3,4,20,14,20,12.908233496441735,35.36550224472692,6
1,4,7,5,14,10.908233496441735,21.69550224472692,7
8,4,13,21,7,20.998233496441735,48.48550224472692,3
3,4,26,7,36,14.108233496441734,49.95550224472692,8
3,4,55,24,43,26.378233496441734,58.76550224472692,3
2,4,20,5,33,16.908233496441735,49.39550224472692,8
1,16,7,11,11,11.118233496441734,33.31550224472692,8
2,5,36,17,28,17.508233496441733,37.73550224472692,5
5,21,45,22,34,14.908233496441735,54.57550224472692,3
3,4,14,27,14,25.908233496441735,44.36550224472692,1
3,4,19,33,18,31.928233496441734,47.26550224472692,6
3,5,59,39,50,38.11823349644173,67.66550224472692,2
2,10,7,12,19,15.948233496441734,26.725502244726922,1
6,6,29,22,36,20.458233496441736,40.52550224472692,1
5,24,15,5,7,25.448233496441734,48.67550224472692,5
5,4,7,27,5,25.998233496441735,39.59550224472692,6
4,4,22,5,39,20.908233496441735,46.76550224472692,9
3,5,61,13,59,11.188233496441734,66.82550224472692,3
4,25,45,26,29,19.908233496441735,61.61550224472692,2
1,4,7,5,30,26.908233496441735,57.15550224472692,2
4,16,61,28,53,17.508233496441733,68.85550224472692,3
2,13,13,5,19,14.728233496441735,45.78550224472692,4
6,30,13,25,13,9.908233496441735,61.89550224472692,8
3,4,18,23,20,22.018233496441734,57.19550224472692,6
1,4,7,5,22,18.908233496441735,46.76550224472692,9
2,19,7,20,23,19.908233496441735,43.61550224472692,1
4,14,41,17,35,10.228233496441735,45.38550224472692,3
3,4,13,12,13,10.908233496441735,25.65550224472692,7
8,4,15,25,7,25.448233496441734,54.72550224472692,3
5,20,17,14,12,12.508233496441735,42.20550224472692,5
1,4,7,5,14,10.908233496441735,37.295502244726926,10
1,4,7,6,37,33.928233496441734,58.33550224472692,3
6,44,33,33,23,19.528233496441732,79.31550224472693,3
5,25,17,26,37,23.908233496441735,42.15550224472692,1
2,24,7,26,32,28.928233496441734,58.84550224472692,1
3,16,28,20,21,11.528233496441734,36.42550224472692,5
1,4,7,5,16,12.908233496441735,25.53550224472692,10
3,4,31,29,32,27.928233496441734,45.53550224472692,6
5,20,17,22,27,13.958233496441736,39.15550224472692,9
2,6,11,5,15,8.378233496441734,32.82550224472692,8
5,4,7,34,7,32.90823349644173,48.72550224472692,6
4,4,20,11,23,10.618233496441734,31.78550224472692,4
1,13,7,6,10,12.448233496441734,26.12550224472692,8
6,6,53,18,62,18.118233496441736,66.37550224472693,1
3,4,16,21,14,20.028233496441736,36.64550224472692,6
4,4,42,33,44,31.978233496441735,55.78550224472692,7
4,22,31,23,19,15.908233496441735,45.78550224472692,5
3,4,7,16,7,14.908233496441735,26.635502244726922,10
5,11,39,5,34,12.508233496441735,47.125502244726924,2
5,4,7,32,6,30.928233496441734,58.33550224472692,6
1,4,7,5,28,24.908233496441735,33.85550224472692,5
3,4,21,23,20,21.938233496441736,33.195502244726924,7
3,4,15,13,13,12.158233496441735,36.835502244726925,7
2,24,7,27,14,11.188233496441734,44.73550224472692,9
1,28,7,12,12,21.628233496441734,45.23550224472692,8
3,13,21,14,14,10.908233496441735,27.46550224472692,5
6,29,7,29,15,11.968233496441735,62.35550224472692,8
1,4,7,5,17,13.908233496441735,47.73550224472692,6
2,15,7,17,14,10.978233496441735,50.17550224472692,1
3,4,25,11,27,10.228233496441735,48.055502244726924,6
2,4,16,5,25,12.908233496441735,35.99550224472692,4
4,21,39,22,26,16.908233496441735,51.22550224472692,3
4,4,27,13,45,23.608233496441734,46.38550224472692,1
3,4,18,6,24,9.988233496441735,30.59550224472692,8
1,4,7,5,29,25.908233496441735,67.82550224472692,6
3,4,21,12,19,11.188233496441734,26.725502244726922,1
5,9,38,24,45,19.558233496441733,48.02550224472692,4
5,19,26,19,34,11.968233496441735,49.19550224472692,9
4,26,56,40,50,18.228233496441735,70.72550224472693,2
2,4,16,5,25,12.908233496441735,39.59550224472692,8
2,4,12,5,17,8.908233496441735,30.37550224472692,8
3,4,28,26,32,25.288233496441734,58.84550224472692,1
1,36,7,16,19,28.098233496441736,62.14550224472692,8
2,4,29,15,25,14.678233496441734,30.135502244726922,5
1,20,7,9,14,17.798233496441735,37.78550224472692,4
2,16,7,19,14,11.188233496441734,39.53550224472692,9
2,4,28,6,48,23.928233496441734,62.125502244726924,7
5,27,33,36,39,13.908233496441735,50.08550224472692,4
4,4,31,17,37,17.328233496441733,47.72550224472692,4
5,30,15,30,38,26.928233496441734,52.40550224472692,9
6,23,14,21,14,6.908233496441735,46.24550224472692,8
4,21,20,5,7,25.308233496441733,47.16550224472692,5
7,12,42,13,36,9.908233496441735,41.43550224472692,1
6,42,28,15,21,32.76823349644173,65.97550224472693,3
4,4,22,18,21,16.948233496441734,25.385502244726922,7
6,11,18,9,18,6.908233496441735,21.185502244726923,8
2,7,9,5,11,7.518233496441734,22.17550224472692,8
5,16,15,14,11,8.908233496441735,32.36550224472692,5
5,4,7,14,7,12.908233496441735,43.95550224472692,6
3,4,57,23,50,23.218233496441734,58.67550224472692,2
6,27,17,23,17,8.908233496441735,41.77550224472692,8
3,4,20,19,24,18.468233496441734,46.38550224472692,1
2,15,7,18,25,22.018233496441734,54.875502244726924,9
4,5,57,55,57,52.90823349644173,76.24550224472692,6
3,15,23,16,15,11.908233496441735,32.84550224472692,5
4,4,27,12,32,12.508233496441735,39.07550224472692,4
3,4,25,28,25,26.908233496441735,42.54550224472692,6
1,4,7,5,25,21.908233496441735,50.17550224472692,1
6,12,11,5,7,12.848233496441734,36.14550224472692,5
2,4,24,6,36,15.948233496441734,45.84550224472692,7
5,25,21,25,52,34.928233496441734,55.19550224472692,1
1,4,7,5,17,13.908233496441735,36.405502244726925,1
2,4,45,30,37,30.158233496441735,54.57550224472692,5
1,4,7,5,35,31.908233496441735,44.01550224472692,2
2,4,29,7,46,21.028233496441736,51.85550224472692,7
2,4,32,6,50,21.938233496441736,55.27550224472692,10
3,4,21,19,28,19.558233496441733,43.74550224472692,4
2,19,14,5,21,20.458233496441736,44.43550224472692,4
2,4,27,6,43,19.938233496441736,52.39550224472692,7
2,5,37,6,50,16.908233496441735,52.54550224472692,3
1,4,7,5,14,10.908233496441735,44.36550224472692,1
4,4,27,8,48,25.118233496441736,47.125502244726924,1
6,25,29,24,22,11.188233496441734,57.92550224472692,3
6,5,42,19,50,19.168233496441733,52.15550224472692,1
4,4,16,5,37,24.908233496441735,44.58550224472692,9
1,4,7,7,45,41.95823349644173,47.16550224472692,5
2,5,11,5,14,7.068233496441735,23.33550224472692,8
4,4,27,5,42,18.908233496441735,52.91550224472692,9
1,4,7,5,37,33.90823349644173,45.79550224472692,2
1,4,7,5,44,40.90823349644173,73.07550224472693,2
3,4,17,5,28,14.908233496441735,41.77550224472692,8
3,4,13,22,14,20.938233496441736,39.59550224472692,6
5,27,13,27,24,14.958233496441736,40.24550224472692,9
2,4,32,5,44,15.908233496441735,50.18550224472692,10
7,4,17,30,7,30.838233496441735,74.07550224472693,3
2,6,13,5,19,10.228233496441735,32.36550224472692,4
4,16,61,29,53,18.328233496441733,70.15550224472693,3
2,19,12,5,17,19.718233496441734,49.39550224472692,4
2,4,15,5,29,17.908233496441735,33.335502244726925,10
1,4,7,5,18,14.908233496441735,55.74550224472692,6
3,4,21,17,21,15.908233496441735,48.25550224472692,7
7,8,58,13,37,25.288233496441734,57.32550224472692,1
4,6,36,28,38,25.008233496441736,48.055502244726924,6
1,4,7,5,32,28.908233496441735,62.45550224472692,9
4,4,23,6,46,26.928233496441734,52.40550224472692,9
3,4,37,42,51,43.468233496441734,64.33550224472692,8
4,4,18,6,36,21.938233496441736,45.75550224472692,1
2,5,35,17,25,18.778233496441732,35.99550224472692,5
2,4,18,5,29,14.908233496441735,40.46550224472692,4
6,4,27,23,7,30.818233496441735,72.95550224472693,3
6,18,7,19,18,14.908233496441735,36.835502244726925,8
1,4,7,5,31,27.908233496441735,51.63550224472692,2
2,5,9,5,11,6.148233496441735,22.17550224472692,8
7,10,20,5,16,11.118233496441734,41.93550224472692,3
3,4,7,29,8,27.928233496441734,53.04550224472692,10
5,37,19,14,13,28.648233496441733,53.63550224472692,5
2,4,35,5,44,12.908233496441735,47.59550224472692,3
5,4,7,30,6,28.928233496441734,45.23550224472692,6
7,4,13,27,7,26.708233496441736,61.43550224472692,3
4,21,54,26,43,15.608233496441734,61.61550224472692,3
3,4,13,13,11,12.158233496441735,23.33550224472692,6
2,10,13,5,20,13.128233496441736,37.155502244726925,8
1,4,7,5,29,25.908233496441735,58.54550224472692,6
3,4,23,5,40,20.908233496441735,65.44550224472692,8
4,4,14,6,39,28.928233496441734,44.36550224472692,1
4,4,28,6,52,27.928233496441734,54.00550224472692,9
4,5,38,12,37,9.988233496441735,43.54550224472692,7
4,18,37,22,30,11.528233496441734,46.25550224472692,2
5,18,13,5,7,19.138233496441735,37.73550224472692,5
6,25,7,26,13,9.908233496441735,52.94550224472692,8
5,4,7,18,8,16.948233496441734,52.055502244726924,6
1,4,7,5,37,33.90823349644173,43.33550224472692,5
2,4,23,5,44,24.908233496441735,51.93550224472692,6
4,6,34,28,32,25.008233496441736,41.00550224472692,7
5,20,13,15,10,10.618233496441734,31.93550224472692,5
2,4,27,7,41,18.048233496441735,40.24550224472692,2
3,4,19,8,25,10.618233496441734,32.82550224472692,4
5,24,16,19,16,9.908233496441735,53.86550224472692,8
6,30,31,12,26,23.558233496441733,53.24550224472692,3
3,4,13,17,13,15.908233496441735,40.64550224472692,7
1,4,7,5,20,16.908233496441735,36.42550224472692,10
4,26,37,34,28,15.308233496441735,50.98550224472692,2
5,23,19,26,43,27.988233496441733,47.21550224472692,9
1,11,7,5,12,12.508233496441735,23.89550224472692,8
1,4,7,5,27,23.908233496441735,47.58550224472692,9
5,12,14,15,21,11.188233496441734,37.155502244726925,9
5,4,7,12,5,11.188233496441734,32.16550224472692,6
4,6,50,38,49,34.928233496441734,64.33550224472692,6
3,4,16,27,14,25.998233496441735,44.73550224472692,9
1,23,7,5,18,25.858233496441734,42.75550224472692,4
6,5,25,14,31,13.908233496441735,37.73550224472692,1
3,20,34,23,25,13.128233496441736,44.89550224472692,5
6,24,27,15,20,16.118233496441736,54.28550224472692,3
3,4,62,17,56,17.328233496441733,65.54550224472692,3
4,4,23,7,27,8.378233496441734,33.835502244726925,4
4,4,35,20,34,18.938233496441732,43.07550224472692,7
3,4,17,5,27,13.908233496441735,41.04550224472692,8
1,4,7,5,15,11.908233496441735,28.33550224472692,7
1,4,7,5,27,23.908233496441735,54.77550224472692,7
1,4,7,6,38,34.928233496441734,48.67550224472692,5
2,21,7,23,19,15.948233496441734,42.25550224472692,1
5,33,42,34,27,18.908233496441735,61.61550224472692,2
3,4,27,32,29,30.978233496441735,51.33550224472692,6
2,4,18,5,29,14.908233496441735,42.75550224472692,4
1,18,7,5,18,21.708233496441736,40.46550224472692,4
7,46,18,40,18,10.908233496441735,70.83550224472692,8
4,5,30,13,31,10.978233496441735,38.33550224472692,6
1,20,7,5,16,22.268233496441734,37.78550224472692,4
2,4,21,6,28,10.978233496441735,29.725502244726922,10
5,13,37,23,43,14.728233496441735,45.78550224472692,4
3,4,26,24,26,22.908233496441735,45.35550224472692,7
2,4,44,21,31,24.528233496441736,45.84550224472692,5
3,4,15,10,19,10.308233496441735,19.42550224472692,8
3,4,15,32,17,30.978233496441735,48.17550224472692,6
6,30,13,24,13,10.908233496441735,45.23550224472692,8
4,4,17,5,33,19.908233496441735,34.60550224472692,9
3,4,7,25,8,23.928233496441734,38.33550224472692,10
4,4,25,7,44,23.008233496441736,49.21550224472692,1
3,4,17,26,16,24.928233496441734,45.75550224472692,9
3,15,23,16,15,11.908233496441735,32.84550224472692,5
7,15,29,5,24,15.988233496441735,55.65550224472692,2
1,4,7,6,37,33.928233496441734,47.59550224472692,3
2,6,11,5,15,8.378233496441734,32.36550224472692,4
2,4,24,5,38,17.908233496441735,44.73550224472692,6
4,20,28,21,17,14.908233496441735,42.20550224472692,5
1,4,7,5,32,28.908233496441735,52.15550224472692,10
5,14,40,5,33,16.118233496441736,53.58550224472692,2
2,4,27,7,42,19.038233496441734,55.74550224472692,7
2,6,32,24,23,23.148233496441733,36.93550224472692,5
1,4,7,5,25,21.908233496441735,52.73550224472692,9
1,4,7,5,14,10.908233496441735,39.53550224472692,9
5,12,16,10,16,6.908233496441735,21.65550224472692,8
4,4,44,12,42,11.188233496441734,53.805502244726924,6
4,21,24,19,15,13.398233496441735,43.54550224472692,5
2,4,22,5,42,23.908233496441735,48.54550224472692,10
1,4,7,5,14,10.908233496441735,32.73550224472692,7
6,16,30,9,28,12.158233496441735,39.71550224472692,3
3,4,18,28,22,27.258233496441736,46.58550224472692,9
4,4,32,6,38,9.988233496441735,48.02550224472692,4
7,13,38,23,24,20.548233496441735,41.89550224472692,1
5,25,14,27,28,17.948233496441734,46.875502244726924,9
2,10,11,5,15,11.118233496441734,33.31550224472692,8
2,28,7,30,16,12.968233496441735,66.37550224472693,1
4,12,47,13,44,6.908233496441735,49.27550224472692,3
6,11,38,5,34,11.968233496441735,48.48550224472692,2
5,25,7,26,18,14.908233496441735,44.36550224472692,8
4,21,24,19,15,13.398233496441735,43.54550224472692,5
3,4,16,28,13,27.098233496441736,40.24550224472692,9
1,4,7,7,39,35.968233496441734,41.31550224472692,5
2,4,34,5,40,9.908233496441735,45.19550224472692,3
1,4,7,5,14,10.908233496441735,42.97550224472692,6
2,10,7,13,18,15.088233496441735,39.49550224472692,1
1,4,7,5,34,30.908233496441735,57.19550224472692,3
3,4,23,16,31,17.508233496441733,46.14550224472692,4
3,5,59,26,45,28.318233496441735,61.61550224472692,2
2,6,31,11,27,9.568233496441735,33.31550224472692,5
5,29,50,30,41,12.908233496441735,61.43550224472692,3
2,4,26,7,43,21.028233496441736,54.375502244726924,7
7,4,39,14,7,37.14823349644173,56.52550224472692,3
4,5,32,27,34,25.008233496441736,40.36550224472692,7
2,5,32,22,25,21.368233496441736,36.93550224472692,5
4,38,31,39,19,15.908233496441735,54.33550224472692,5
4,4,23,7,27,8.378233496441734,32.82550224472692,8
3,4,24,16,22,15.088233496441735,46.055502244726924,9
4,16,16,5,7,18.908233496441735,35.99550224472692,5
2,4,30,6,38,11.968233496441735,38.10550224472692,2
1,4,7,5,27,23.908233496441735,51.77550224472692,2
5,30,19,31,34,18.908233496441735,46.76550224472692,9
2,4,25,5,43,21.908233496441735,53.33550224472692,7
5,23,37,15,32,14.208233496441736,48.91550224472692,2
3,4,20,13,18,12.158233496441735,39.49550224472692,1
5,29,13,29,35,25.928233496441734,50.18550224472692,9
4,4,23,5,29,9.908233496441735,43.38550224472692,9
2,4,45,5,52,10.908233496441735,61.33550224472692,2
3,4,54,15,47,16.118233496441736,53.58550224472692,2
1,4,7,5,32,28.908233496441735,58.78550224472692,7
3,4,27,27,27,25.908233496441735,55.74550224472692,7
4,27,44,29,38,9.988233496441735,53.04550224472692,3
3,4,25,15,34,17.358233496441734,51.14550224472692,8
3,4,19,16,17,15.088233496441735,54.45550224472692,6
5,39,48,40,35,16.908233496441735,67.38550224472692,2
4,14,15,5,7,16.718233496441734,31.53550224472692,5
4,5,43,19,45,17.058233496441733,53.24550224472692,6
1,4,7,5,21,17.908233496441735,58.79550224472692,7
1,4,7,5,28,24.908233496441735,51.76550224472692,6
2,4,20,5,33,16.908233496441735,60.70550224472692,8
3,12,27,24,23,15.608233496441734,36.14550224472692,5
5,31,19,30,27,12.158233496441735,48.17550224472692,9
2,4,27,5,44,20.908233496441735,51.33550224472692,10
1,4,7,7,28,25.008233496441736,41.93550224472692,3
2,11,7,13,25,21.938233496441736,38.77550224472692,1
5,29,16,31,32,19.938233496441736,52.40550224472692,9
3,4,7,33,8,31.928233496441734,45.84550224472692,10
2,4,25,6,50,28.928233496441734,56.305502244726924,10
1,4,7,5,23,19.908233496441735,51.57550224472692,7
4,26,30,27,19,14.908233496441735,46.03550224472692,5
3,4,7,20,9,19.038233496441734,36.42550224472692,10
4,4,25,7,45,24.008233496441736,50.17550224472692,1
2,4,44,5,68,27.908233496441735,73.07550224472693,2
1,4,7,5,13,9.908233496441735,40.91550224472692,6
1,4,7,5,28,24.908233496441735,50.45550224472692,9
2,4,45,5,57,15.908233496441735,58.67550224472692,3
5,33,53,34,42,14.908233496441735,66.82550224472692,3
3,4,25,20,35,21.938233496441736,37.295502244726926,4
5,14,24,5,17,16.118233496441736,36.21550224472692,2
2,5,36,6,45,12.908233496441735,45.09550224472692,3
2,15,7,18,15,12.158233496441735,34.60550224472692,9
1,25,7,7,15,24.528233496441736,44.36550224472692,8
2,5,34,14,31,12.448233496441734,35.945502244726924,5
1,22,7,14,13,14.728233496441735,45.78550224472692,4
2,4,21,5,36,18.908233496441735,43.82550224472692,6
1,9,7,5,11,10.308233496441735,19.42550224472692,8
3,4,15,5,23,11.908233496441735,32.36550224472692,4
4,4,32,25,30,24.008233496441736,37.555502244726924,7
3,4,17,5,26,12.908233496441735,36.835502244726925,8
5,13,7,15,14,10.978233496441735,23.33550224472692,8
2,4,31,5,49,21.908233496441735,51.63550224472692,2
5,10,14,12,31,20.938233496441736,30.53550224472692,1
5,23,13,25,25,15.948233496441734,34.53550224472692,9
3,4,14,23,18,22.348233496441736,40.52550224472692,1
6,6,52,19,59,17.798233496441735,61.99550224472692,1
1,4,7,5,45,41.90823349644173,70.00550224472693,2
1,4,7,5,16,12.908233496441735,23.42550224472692,7
5,13,37,23,43,14.728233496441735,45.78550224472692,4
4,5,35,17,35,14.908233496441735,35.99550224472692,7
4,15,37,39,47,28.988233496441733,58.03550224472692,4
7,16,21,5,13,18.328233496441733,59.66550224472692,2
1,4,7,6,33,29.928233496441734,41.93550224472692,3
2,4,28,6,52,27.928233496441734,63.54550224472692,6
2,6,46,7,68,25.908233496441735,72.65550224472693,3
1,4,7,5,22,18.908233496441735,33.85550224472692,10
4,20,19,5,7,23.908233496441735,44.93550224472692,5
3,4,21,24,27,23.828233496441737,33.125502244726924,4
4,10,38,18,34,11.968233496441735,41.93550224472692,3
2,11,9,5,11,11.188233496441734,21.815502244726922,8
4,4,40,7,48,12.158233496441735,62.35550224472692,8
1,4,7,5,26,22.908233496441735,59.38550224472692,1
3,4,7,32,9,30.978233496441735,56.305502244726924,10
7,19,21,5,13,20.908233496441735,65.95550224472693,2
3,14,25,18,20,9.738233496441735,34.60550224472692,5
4,17,23,18,15,11.908233496441735,31.955502244726922,5
4,4,32,7,40,12.158233496441735,50.31550224472692,9
1,4,7,5,13,9.908233496441735,24.74550224472692,10
5,20,13,22,37,27.928233496441734,49.91550224472692,1
4,21,39,22,26,16.908233496441735,49.91550224472692,3
5,4,7,18,6,16.948233496441734,43.81550224472692,6
2,5,15,5,22,10.978233496441735,39.07550224472692,8
4,4,18,19,38,28.318233496441735,45.99550224472692,1
4,12,52,22,46,14.728233496441735,55.51550224472692,2
4,4,27,12,32,12.508233496441735,45.23550224472692,8
2,11,12,5,17,12.508233496441735,36.835502244726925,4
4,4,13,7,25,16.078233496441733,31.03550224472692,9
2,5,29,23,21,22.698233496441734,33.96550224472692,5
6,4,13,24,7,23.828233496441737,60.76550224472692,3
2,6,12,5,17,9.298233496441734,41.77550224472692,8
5,13,31,21,35,11.968233496441735,37.78550224472692,4
3,4,67,18,62,17.838233496441735,68.47550224472693,3
5,30,23,29,44,25.008233496441736,50.75550224472692,9
4,4,38,23,39,21.938233496441736,42.25550224472692,7
8,4,16,15,7,17.358233496441734,37.31550224472692,3
7,17,21,5,13,19.168233496441733,67.38550224472692,3
4,4,42,38,40,36.968233496441734,54.375502244726924,6
2,4,42,6,56,17.948233496441734,55.54550224472692,2
2,4,11,5,15,7.908233496441735,19.42550224472692,8
1,37,7,5,19,39.01823349644173,54.375502244726924,4
1,4,7,5,44,40.90823349644173,46.68550224472692,5
3,4,7,24,9,23.008233496441736,48.91550224472692,10
3,4,15,17,15,15.908233496441735,27.16550224472692,7
3,14,25,18,20,9.738233496441735,34.60550224472692,5
2,4,13,5,38,28.908233496441735,42.25550224472692,7
4,23,20,24,13,10.908233496441735,33.125502244726924,5
4,4,21,11,40,23.828233496441737,39.74550224472692,1
2,10,7,12,29,25.928233496441734,47.125502244726924,1
3,4,29,17,28,15.948233496441734,51.85550224472692,7
2,4,18,7,43,28.988233496441733,57.19550224472692,6
4,4,26,6,38,15.948233496441734,39.54550224472692,9
5,4,7,13,5,12.158233496441735,34.13550224472692,6
3,4,15,13,18,12.448233496441734,41.43550224472692,1
3,4,24,14,29,14.208233496441736,47.51550224472692,9
2,5,13,5,18,9.008233496441735,30.59550224472692,8
4,4,23,5,40,20.908233496441735,52.70550224472692,1
1,4,7,5,18,14.908233496441735,46.58550224472692,9
3,4,19,21,19,19.908233496441735,45.23550224472692,6
1,4,7,7,40,36.968233496441734,53.805502244726924,3
6,24,29,11,25,18.468233496441734,47.59550224472692,3
2,4,29,15,21,16.718233496441734,29.705502244726922,5
1,4,7,5,21,17.908233496441735,36.555502244726924,9
3,4,29,8,40,15.308233496441735,55.65550224472692,8
5,4,7,16,7,14.908233496441735,39.54550224472692,6
2,4,31,5,38,10.908233496441735,47.305502244726924,7
2,6,13,5,19,10.228233496441735,33.835502244726925,4
3,4,19,23,19,21.908233496441735,42.25550224472692,1
4,4,23,5,40,20.908233496441735,52.70550224472692,1
2,4,20,7,36,20.028233496441736,47.305502244726924,6
2,4,36,17,25,20.188233496441736,36.91550224472692,5
4,18,37,27,28,15.948233496441734,46.03550224472692,3
2,10,7,13,18,15.088233496441735,41.43550224472692,1
4,25,46,26,34,15.908233496441735,58.84550224472692,2
1,4,7,5,21,17.908233496441735,32.16550224472692,6
2,10,12,5,17,11.718233496441734,41.04550224472692,8
2,5,34,6,48,17.908233496441735,53.04550224472692,3
3,4,30,13,30,11.908233496441735,62.38550224472692,7
1,21,7,5,20,25.308233496441733,49.39550224472692,8
1,20,7,13,12,13.338233496441735,41.31550224472692,4
3,4,21,20,28,20.458233496441736,44.43550224472692,4
2,4,38,6,49,14.958233496441736,48.95550224472692,2
4,35,26,30,17,14.728233496441735,54.57550224472692,5
3,13,22,15,17,9.008233496441735,28.795502244726922,5
5,20,13,22,38,28.928233496441734,40.89550224472692,9
1,4,7,5,28,24.908233496441735,54.00550224472692,9
5,32,33,31,24,13.128233496441736,56.01550224472692,3
3,4,13,12,13,10.908233496441735,25.65550224472692,7
3,4,17,18,14,17.248233496441735,36.405502244726925,1
6,6,22,29,39,31.708233496441736,45.53550224472692,1
1,4,7,7,43,39.968233496441734,58.16550224472692,3
5,16,15,11,38,27.678233496441734,38.77550224472692,1
4,4,49,12,48,10.978233496441735,52.055502244726924,6
4,19,17,15,12,10.978233496441735,30.53550224472692,5
2,4,39,7,48,13.128233496441736,49.91550224472692,2
2,4,16,5,25,12.908233496441735,35.99550224472692,4
2,6,13,5,19,10.228233496441735,43.54550224472692,4
1,4,7,5,28,24.908233496441735,43.95550224472692,6
4,15,7,14,15,12.158233496441735,23.33550224472692,8
5,36,7,35,16,13.128233496441736,62.14550224472692,8
3,4,19,12,14,12.508233496441735,43.19550224472692,1
2,4,35,17,25,19.528233496441732,35.99550224472692,5
3,4,17,12,17,10.908233496441735,29.885502244726922,9
1,4,7,6,32,28.928233496441734,36.93550224472692,5
5,16,35,17,30,8.908233496441735,39.71550224472692,3
5,14,31,5,22,17.358233496441734,45.79550224472692,2
1,4,7,5,32,28.908233496441735,64.33550224472692,6
4,4,32,6,53,24.928233496441734,53.91550224472692,1
6,28,17,24,17,8.908233496441735,57.41550224472692,8
3,4,7,11,9,10.228233496441735,28.33550224472692,10
3,16,25,17,16,12.908233496441735,36.91550224472692,5
3,4,56,13,52,12.848233496441734,59.24550224472692,2
2,6,45,22,33,23.118233496441736,47.16550224472692,5
5,18,28,21,45,21.028233496441736,46.76550224472692,9
2,4,21,6,32,14.958233496441736,33.71550224472692,10
4,6,52,35,52,31.908233496441735,64.43550224472692,7
4,18,7,17,15,12.158233496441735,42.69550224472692,8
4,4,34,10,41,12.508233496441735,50.25550224472692,4
5,26,28,19,21,14.538233496441736,46.03550224472692,3
2,4,15,6,24,12.968233496441735,28.33550224472692,7
6,4,13,23,7,22.878233496441734,51.22550224472692,3
2,4,31,7,56,28.988233496441733,66.93550224472692,2
4,23,15,5,7,24.528233496441736,36.93550224472692,5
6,5,41,24,48,23.218233496441734,50.72550224472692,1
2,4,29,7,53,27.988233496441733,64.94550224472692,6
1,4,7,5,15,11.908233496441735,40.01550224472692,9
5,4,7,18,8,16.948233496441734,52.055502244726924,6
2,24,7,26,19,15.948233496441734,46.35550224472692,1
1,26,7,5,18,28.508233496441736,44.36550224472692,4
7,7,42,20,31,20.188233496441736,43.61550224472692,1
1,4,7,6,39,35.928233496441734,40.46550224472692,5
3,18,31,22,24,11.528233496441734,43.54550224472692,5
3,4,15,5,22,10.908233496441735,30.135502244726922,8
1,4,7,5,20,16.908233496441735,38.77550224472692,9
4,4,19,6,41,25.928233496441734,46.03550224472692,1
3,6,62,17,56,15.568233496441735,65.95550224472693,2
3,5,59,26,45,28.318233496441735,61.61550224472692,2
3,5,70,29,55,31.368233496441736,74.88550224472692,2
4,40,53,41,40,16.908233496441735,72.95550224472693,3
4,34,23,25,15,16.718233496441734,48.67550224472692,5
2,4,26,7,45,23.008233496441736,54.57550224472692,10
2,4,19,5,37,21.908233496441735,47.26550224472692,6
3,4,39,9,37,8.378233496441734,39.71550224472692,3
3,4,19,38,19,36.90823349644173,53.63550224472692,7
4,12,52,27,46,19.138233496441735,59.24550224472692,2
1,4,7,5,19,15.908233496441735,31.03550224472692,10
3,4,29,20,26,19.208233496441736,49.19550224472692,9
2,4,28,6,39,14.958233496441736,42.305502244726924,7
1,4,7,5,20,16.908233496441735,38.83550224472692,7
1,4,7,5,30,26.908233496441735,31.475502244726922,5
1,4,7,5,25,21.908233496441735,50.98550224472692,7
2,4,19,5,38,22.908233496441735,44.13550224472692,7
2,4,44,15,37,16.118233496441736,46.68550224472692,5
4,6,32,25,33,21.938233496441736,38.33550224472692,7
4,4,36,30,36,28.908233496441735,43.82550224472692,6
2,4,34,5,40,9.908233496441735,45.19550224472692,3
7,15,27,5,23,15.608233496441734,48.54550224472692,3
5,22,7,24,14,10.978233496441735,46.24550224472692,8
2,6,34,17,28,15.568233496441735,42.33550224472692,5
5,11,37,27,43,20.068233496441735,47.72550224472692,4
2,4,15,5,23,11.908233496441735,36.14550224472692,8
5,17,37,40,43,26.708233496441736,55.74550224472692,4
3,4,31,33,43,34.36823349644173,51.14550224472692,4
1,4,7,5,27,23.908233496441735,55.74550224472692,7
3,4,17,5,27,13.908233496441735,41.04550224472692,8
4,4,18,12,21,11.528233496441734,21.185502244726923,8
4,19,22,19,15,10.978233496441735,39.07550224472692,5
2,17,7,19,33,29.928233496441734,53.91550224472692,1
5,16,35,15,29,10.228233496441735,45.38550224472692,3
4,12,26,23,33,16.118233496441736,37.73550224472692,8
1,41,7,5,20,43.12823349644173,60.70550224472692,8
3,4,18,27,21,26.108233496441734,40.91550224472692,1
1,4,7,5,14,10.908233496441735,35.945502244726924,7
3,4,19,5,31,15.908233496441735,45.78550224472692,4
4,4,24,5,33,12.908233496441735,33.765502244726925,9
3,4,15,5,22,10.908233496441735,32.16550224472692,4
4,25,15,5,7,26.378233496441734,36.67550224472692,5
7,21,17,16,17,9.908233496441735,41.77550224472692,8
2,4,15,5,28,16.908233496441735,33.195502244726924,7
5,25,16,28,40,27.988233496441733,45.75550224472692,9
1,4,7,5,20,16.908233496441735,39.49550224472692,1
1,4,7,7,43,39.968233496441734,61.61550224472692,3
2,4,29,15,21,16.718233496441734,29.705502244726922,5
7,15,18,12,18,7.908233496441735,21.815502244726922,8
1,4,7,5,20,16.908233496441735,32.405502244726925,6
3,4,23,5,40,20.908233496441735,70.83550224472692,8
4,11,46,14,43,7.518233496441734,48.48550224472692,2
2,4,20,5,33,16.908233496441735,48.02550224472692,8
3,4,57,26,49,26.378233496441734,61.43550224472692,3
1,4,7,5,35,31.908233496441735,52.35550224472692,3
2,11,7,14,29,25.998233496441735,47.51550224472692,9
4,6,47,34,48,30.928233496441734,55.75550224472692,6
5,4,7,19,6,17.948233496441734,52.54550224472692,6
2,17,10,5,13,17.248233496441735,32.445502244726924,8
1,4,7,5,16,12.908233496441735,49.13550224472692,6
6,28,34,16,29,17.838233496441735,55.65550224472692,2
2,4,35,6,42,10.978233496441735,44.01550224472692,2
3,6,49,22,39,21.938233496441736,50.84550224472692,3
2,11,12,5,17,12.508233496441735,36.835502244726925,8
1,4,7,5,19,15.908233496441735,54.45550224472692,6
3,13,22,15,17,9.008233496441735,27.89550224472692,5
7,4,33,17,7,32.54823349644173,57.19550224472692,3
1,4,7,5,26,22.908233496441735,39.54550224472692,9
4,5,24,16,29,15.088233496441735,30.59550224472692,8
1,4,7,5,17,13.908233496441735,34.13550224472692,6
1,4,7,5,26,22.908233496441735,55.27550224472692,1
5,14,23,15,42,22.908233496441735,41.93550224472692,9
1,4,7,5,37,33.90823349644173,44.58550224472692,2
5,23,14,17,14,10.908233496441735,30.37550224472692,8
4,6,31,14,33,11.188233496441734,33.765502244726925,6
1,4,7,6,41,37.91823349644173,52.40550224472692,3
4,4,27,11,32,11.718233496441734,41.04550224472692,8
4,13,41,14,34,10.908233496441735,44.58550224472692,2
4,21,39,22,26,16.908233496441735,49.91550224472692,3
3,20,31,21,19,15.908233496441735,45.84550224472692,5
7,4,23,14,7,22.268233496441734,45.38550224472692,3
3,4,14,19,14,17.908233496441735,39.53550224472692,9
4,4,27,12,26,10.978233496441735,32.16550224472692,6
3,4,7,17,9,16.078233496441733,40.64550224472692,10
1,4,7,5,32,28.908233496441735,51.18550224472692,7
3,4,68,29,55,31.198233496441734,73.07550224472693,2
3,26,31,28,24,10.978233496441735,46.58550224472692,5
4,10,34,18,30,11.968233496441735,37.31550224472692,2
1,4,7,5,27,23.908233496441735,48.58550224472692,1
5,4,7,24,7,22.908233496441735,45.53550224472692,6
2,6,28,7,40,15.908233496441735,39.49550224472692,3
1,4,7,5,25,21.908233496441735,56.01550224472692,10
1,4,7,5,24,20.908233496441735,44.73550224472692,6
1,4,7,5,29,25.908233496441735,38.51550224472692,3
6,24,23,5,13,26.268233496441734,55.78550224472692,2
1,16,7,5,16,18.908233496441735,35.99550224472692,4
3,4,15,31,18,30.078233496441737,43.01550224472692,9
5,26,34,5,25,27.678233496441734,52.06550224472692,3
1,32,7,5,19,34.36823349644173,51.14550224472692,4
2,4,24,5,37,16.908233496441735,45.23550224472692,6
1,4,7,5,32,28.908233496441735,58.78550224472692,7
7,21,17,19,17,6.908233496441735,38.29550224472692,8
6,5,31,7,31,4.908233496441735,30.53550224472692,1
1,18,7,5,18,21.708233496441736,40.46550224472692,4
3,4,19,7,25,10.228233496441735,33.835502244726925,4
3,4,13,17,13,15.908233496441735,31.475502244726922,9
1,4,7,5,21,17.908233496441735,49.63550224472692,7
8,4,13,33,7,32.54823349644173,79.31550224472693,3
2,4,17,7,26,13.128233496441736,25.455502244726922,10
4,17,31,32,39,20.028233496441736,47.40550224472692,4
4,14,42,19,35,11.968233496441735,44.16550224472692,2
3,4,18,16,17,14.958233496441736,53.70550224472692,6
3,4,27,26,21,25.748233496441735,45.49550224472692,9
4,37,56,38,43,16.908233496441735,73.13550224472692,3
8,4,28,16,7,27.618233496441736,58.305502244726924,3
2,18,7,20,26,22.938233496441736,49.19550224472692,9
4,19,21,17,14,11.528233496441734,36.42550224472692,5
4,14,41,15,34,10.908233496441735,45.79550224472692,2
1,16,7,11,11,11.118233496441734,30.59550224472692,8
5,15,45,16,38,10.908233496441735,48.95550224472692,2
3,4,15,5,22,10.908233496441735,30.59550224472692,8
3,4,27,24,19,24.528233496441736,47.21550224472692,9
4,4,33,12,33,10.908233496441735,36.59550224472692,6
5,23,38,24,25,16.908233496441735,51.63550224472692,2
5,10,20,7,37,21.368233496441736,36.125502244726924,1
4,11,7,13,13,9.988233496441735,22.73550224472692,8
4,37,43,38,28,18.908233496441735,64.61550224472693,3
2,4,25,6,31,9.988233496441735,35.21550224472692,6
2,6,37,7,48,14.908233496441735,52.06550224472692,3
1,4,7,5,15,11.908233496441735,33.195502244726924,7
2,4,25,5,42,20.908233496441735,54.375502244726924,6
7,14,26,5,19,16.118233496441736,62.84550224472692,3
2,6,15,5,23,12.158233496441735,44.36550224472692,8
4,30,60,40,51,16.638233496441735,74.13550224472692,2
2,4,37,5,59,25.908233496441735,59.94550224472692,3
3,5,62,20,54,20.028233496441736,65.95550224472693,2
2,4,19,5,31,15.908233496441735,49.94550224472692,4
5,4,7,22,8,20.938233496441736,36.59550224472692,6
1,4,7,7,42,38.968233496441734,70.15550224472693,3
1,4,7,5,24,20.908233496441735,45.84550224472692,7
4,8,43,13,40,8.908233496441735,42.41550224472692,2
2,5,36,6,57,24.908233496441735,61.43550224472692,3
1,4,7,5,38,34.90823349644173,48.95550224472692,2
1,4,7,6,33,29.928233496441734,55.26550224472692,3
5,16,40,5,31,18.908233496441735,55.01550224472692,2
1,4,7,5,29,25.908233496441735,57.86550224472692,1
5,23,38,24,25,16.908233496441735,50.72550224472692,3
1,4,7,5,27,23.908233496441735,50.47550224472692,10
6,5,29,16,35,15.568233496441735,36.405502244726925,1
3,4,7,16,9,15.088233496441735,30.135502244726922,10
3,4,14,13,16,12.158233496441735,24.32550224472692,7
4,4,32,29,38,28.648233496441733,56.52550224472692,4
4,12,42,22,36,14.728233496441735,46.25550224472692,2
4,6,37,33,37,29.908233496441735,48.055502244726924,6
4,41,7,41,13,9.988233496441735,60.70550224472692,8
2,4,35,17,25,19.528233496441732,35.99550224472692,5
1,4,7,5,16,12.908233496441735,36.77550224472692,9
3,4,27,28,26,26.928233496441734,40.24550224472692,7
3,4,15,12,15,10.908233496441735,29.30550224472692,7
5,18,29,19,35,9.908233496441735,39.54550224472692,9
2,4,32,5,47,18.908233496441735,51.18550224472692,7
2,18,7,19,29,25.908233496441735,39.54550224472692,9
4,4,27,16,26,14.958233496441736,29.94550224472692,7
2,13,7,16,19,16.078233496441733,38.42550224472692,1
5,4,7,31,6,29.928233496441734,47.54550224472692,6
6,4,24,15,7,23.628233496441734,49.21550224472692,3
2,4,40,6,62,25.928233496441734,65.95550224472693,2
5,29,48,44,57,20.548233496441735,70.83550224472692,8
1,4,7,5,27,23.908233496441735,54.77550224472692,7
4,6,30,27,32,24.008233496441736,38.83550224472692,7
4,15,42,37,53,27.618233496441736,62.14550224472692,8
6,38,27,15,20,28.908233496441735,61.14550224472692,3
3,4,21,18,20,16.948233496441734,54.45550224472692,6
2,11,7,13,25,21.938233496441736,38.77550224472692,1
1,4,7,5,28,24.908233496441735,54.04550224472692,7
2,4,31,6,39,11.968233496441735,45.53550224472692,6
2,4,26,5,50,27.908233496441735,55.27550224472692,10
4,4,31,14,37,14.728233496441735,45.78550224472692,4
3,4,7,15,7,13.908233496441735,32.46550224472692,10
3,4,28,15,28,13.908233496441735,62.125502244726924,7
2,4,23,7,46,26.998233496441735,50.81550224472692,10
3,4,21,7,28,11.188233496441734,36.835502244726925,4
3,4,21,7,28,11.188233496441734,36.835502244726925,4
4,11,38,14,35,7.518233496441734,42.64550224472692,2
2,7,18,5,29,15.308233496441735,55.65550224472692,8
1,19,7,7,13,18.228233496441735,33.835502244726925,4
3,4,19,23,19,21.908233496441735,42.25550224472692,1
5,21,7,23,18,14.958233496441736,32.445502244726924,8
5,4,7,25,7,23.908233496441735,45.35550224472692,6
3,6,45,15,41,12.848233496441734,45.38550224472692,3
2,13,7,14,23,19.908233496441735,40.70550224472692,9
3,4,31,39,43,39.968233496441734,55.055502244726924,4
3,4,24,30,17,29.868233496441736,58.875502244726924,1
5,20,15,11,11,14.678233496441734,34.375502244726924,5
2,10,7,11,30,26.908233496441735,52.91550224472692,9
3,26,31,28,24,10.978233496441735,46.58550224472692,5
2,6,16,5,25,13.128233496441736,45.78550224472692,4
7,9,25,5,23,9.298233496441734,34.39550224472692,3
2,27,7,29,21,17.948233496441734,51.32550224472692,1
1,4,7,5,28,24.908233496441735,43.95550224472692,6
4,4,31,15,32,13.958233496441736,38.18550224472692,6
4,6,31,14,33,11.188233496441734,33.765502244726925,6
4,12,42,23,36,15.568233496441735,48.48550224472692,3
1,4,7,5,13,9.908233496441735,42.41550224472692,6
3,5,49,12,45,11.118233496441734,48.48550224472692,2
2,4,15,5,32,20.908233496441735,39.50550224472692,10
3,4,30,29,28,27.988233496441733,53.90550224472692,7
5,4,7,16,6,14.958233496441736,36.93550224472692,6
4,4,21,6,33,15.948233496441734,40.24550224472692,9
6,6,38,25,42,22.348233496441736,48.54550224472692,1
3,4,21,13,21,11.908233496441735,45.34550224472692,1
7,4,13,27,7,26.708233496441736,61.43550224472692,3
1,4,7,5,31,27.908233496441735,56.10550224472692,9
3,4,28,27,31,26.108233496441734,52.94550224472692,9
3,4,14,15,12,14.108233496441734,36.59550224472692,6
2,4,14,5,20,9.908233496441735,21.69550224472692,7
4,33,52,42,44,15.218233496441735,66.93550224472692,2
4,6,25,17,31,15.568233496441735,32.36550224472692,4
3,4,21,27,15,26.708233496441736,46.875502244726924,1
3,13,27,18,23,9.568233496441735,32.82550224472692,5
3,4,20,13,26,13.908233496441735,37.73550224472692,8
3,4,19,25,18,23.928233496441734,38.33550224472692,6
5,17,15,18,32,20.908233496441735,34.60550224472692,9
5,17,33,18,24,12.908233496441735,41.93550224472692,3
5,21,30,5,16,25.928233496441734,56.45550224472692,2
1,34,7,5,20,36.608233496441734,54.57550224472692,8
6,11,37,5,33,11.968233496441735,48.48550224472692,2
1,4,7,5,21,17.908233496441735,33.71550224472692,10
2,4,22,7,37,19.038233496441734,48.055502244726924,6
5,10,27,17,31,11.118233496441734,33.31550224472692,8
2,6,10,5,13,7.518233496441734,23.42550224472692,8
4,18,31,20,26,9.008233496441735,39.07550224472692,3
6,32,33,15,26,23.218233496441734,62.84550224472692,3
4,4,22,5,35,16.908233496441735,43.74550224472692,9
4,4,22,28,33,29.408233496441735,43.01550224472692,1
5,4,7,23,9,22.018233496441734,36.64550224472692,6
2,4,18,6,34,19.938233496441736,39.13550224472692,10
1,4,7,5,20,16.908233496441735,55.86550224472692,6
3,4,7,21,9,20.028233496441736,50.47550224472692,10
5,21,17,5,7,23.628233496441734,49.36550224472692,5
4,17,23,18,15,11.908233496441735,32.82550224472692,5
2,19,7,20,21,17.908233496441735,32.16550224472692,1
1,21,7,5,20,25.308233496441733,48.99550224472692,4
3,4,29,26,27,25.008233496441736,40.53550224472692,6
3,6,41,12,37,10.308233496441735,40.24550224472692,2
4,16,56,29,48,18.328233496441733,65.54550224472692,3
3,4,50,15,44,15.568233496441735,49.68550224472692,3
5,19,26,19,19,10.978233496441735,39.07550224472692,3
7,11,33,5,28,12.508233496441735,58.305502244726924,3
2,4,45,6,70,28.928233496441734,74.88550224472692,2
6,4,42,14,7,40.04823349644173,58.16550224472692,3
3,11,31,19,26,12.508233496441735,36.835502244726925,5
1,4,7,5,35,31.908233496441735,35.99550224472692,5
5,18,19,13,34,20.068233496441735,35.945502244726924,1
4,6,25,17,31,15.568233496441735,32.36550224472692,4
4,6,39,37,41,33.97823349644173,52.22550224472692,6
2,16,7,18,18,14.958233496441736,42.69550224472692,1
5,20,16,5,7,22.268233496441734,52.28550224472692,5
4,4,24,10,44,24.528233496441736,43.61550224472692,1
4,4,16,6,18,6.148233496441735,22.17550224472692,8
3,4,18,24,20,23.008233496441736,37.73550224472692,1
1,4,7,5,37,33.90823349644173,45.79550224472692,2
3,5,43,8,41,6.738233496441735,41.75550224472692,3
6,6,45,10,50,9.738233496441735,50.17550224472692,1
1,4,7,5,17,13.908233496441735,41.89550224472692,1
2,4,28,5,35,10.908233496441735,34.655502244726925,2
4,11,38,14,35,7.518233496441734,42.64550224472692,2
2,4,21,5,31,13.908233496441735,36.14550224472692,7
4,19,22,19,15,10.978233496441735,39.07550224472692,5
4,20,33,21,23,13.908233496441735,44.01550224472692,2
2,6,32,16,23,16.638233496441735,32.84550224472692,5
4,4,15,5,22,10.908233496441735,41.04550224472692,9
6,11,12,5,7,12.508233496441735,36.835502244726925,5
2,4,25,5,36,14.908233496441735,36.91550224472692,10
1,4,7,5,26,22.908233496441735,32.46550224472692,10
4,4,31,7,37,10.228233496441735,36.125502244726924,1
7,10,20,5,16,11.118233496441734,47.73550224472692,3
3,4,16,28,13,27.098233496441736,40.24550224472692,9
2,4,16,7,28,16.078233496441733,36.64550224472692,6
3,24,37,39,31,19.138233496441735,54.33550224472692,5
4,4,24,5,33,12.908233496441735,33.765502244726925,9
3,5,48,22,39,22.268233496441734,49.91550224472692,3
5,16,46,5,38,18.328233496441733,59.875502244726924,2
1,4,7,5,30,26.908233496441735,46.25550224472692,10
6,18,36,5,30,19.138233496441735,55.18550224472692,2
5,24,28,24,21,10.978233496441735,45.84550224472692,3
2,4,19,5,35,19.908233496441735,45.23550224472692,6
5,40,40,5,27,42.18823349644173,72.95550224472693,3
2,6,29,7,48,22.908233496441735,48.54550224472692,3
1,4,7,5,25,21.908233496441735,46.76550224472692,9
1,4,7,5,16,12.908233496441735,41.89550224472692,9
3,5,53,10,52,8.028233496441734,52.40550224472692,3
1,4,7,5,20,16.908233496441735,56.52550224472692,10
4,18,26,19,17,12.908233496441735,36.835502244726925,5
1,4,7,5,27,23.908233496441735,52.39550224472692,7
1,4,7,5,27,23.908233496441735,46.38550224472692,1
1,4,7,7,36,32.97823349644173,49.50550224472692,3
2,4,20,5,42,25.908233496441735,54.33550224472692,10
3,4,23,25,21,24.008233496441736,42.97550224472692,6
1,4,7,5,29,25.908233496441735,59.73550224472692,6
3,4,32,27,31,25.928233496441734,51.18550224472692,7
3,4,20,11,20,9.908233496441735,47.305502244726924,6
1,24,7,10,14,20.458233496441736,50.25550224472692,4
5,24,17,23,32,19.038233496441734,37.555502244726924,1
7,12,19,5,13,13.908233496441735,46.25550224472692,2
2,5,28,6,35,10.908233496441735,34.39550224472692,3
3,4,50,15,44,15.568233496441735,49.68550224472692,3
3,4,27,29,25,27.988233496441733,47.15550224472692,6
3,4,21,14,25,13.758233496441735,39.74550224472692,1
3,10,27,21,23,14.678233496441734,34.375502244726924,5
4,4,27,5,49,25.908233496441735,52.055502244726924,9
4,4,43,37,44,35.928233496441734,54.45550224472692,6
1,4,7,5,19,15.908233496441735,42.25550224472692,1
5,14,14,17,35,25.008233496441736,35.99550224472692,1
3,4,23,16,19,15.608233496441734,44.13550224472692,9
5,17,41,12,36,11.718233496441734,49.50550224472692,3
6,26,15,23,15,7.908233496441735,49.44550224472692,8
1,4,7,7,33,29.988233496441733,44.82550224472692,3
5,24,16,19,16,9.908233496441735,53.86550224472692,8
1,50,7,39,15,18.328233496441733,74.84550224472693,8
2,4,14,5,21,10.908233496441735,23.975502244726922,10
1,4,7,5,27,23.908233496441735,52.055502244726924,9
4,6,40,22,39,18.938233496441732,49.13550224472692,6
7,15,18,12,18,7.908233496441735,21.815502244726922,8
5,11,29,5,23,13.128233496441736,38.51550224472692,3
4,23,23,24,15,11.908233496441735,36.14550224472692,5
2,6,30,14,27,11.528233496441734,31.955502244726922,5
1,4,7,5,28,24.908233496441735,50.47550224472692,1
2,10,7,13,19,16.078233496441733,37.555502244726924,9
3,4,23,5,40,20.908233496441735,62.35550224472692,8
3,4,18,14,16,13.128233496441736,33.99550224472692,1
3,4,7,16,9,15.088233496441735,28.36550224472692,10
7,6,45,11,37,12.848233496441734,44.36550224472692,1
3,4,7,17,7,15.908233496441735,25.53550224472692,10
2,4,18,7,42,27.988233496441733,53.70550224472692,6
5,4,7,44,6,42.91823349644173,64.33550224472692,6
3,4,47,19,39,20.028233496441736,48.99550224472692,3
7,25,13,22,13,7.908233496441735,42.15550224472692,8
1,4,7,5,31,27.908233496441735,41.22550224472692,7
1,4,7,5,41,37.90823349644173,46.03550224472692,5
6,33,27,21,20,18.668233496441733,61.61550224472692,2
3,4,7,21,9,20.028233496441736,41.31550224472692,10
3,4,23,18,31,19.168233496441733,47.40550224472692,4
1,4,7,6,42,38.91823349644173,54.33550224472692,5
2,4,25,6,38,16.948233496441734,40.46550224472692,7
3,6,49,12,44,10.978233496441735,49.50550224472692,3
3,4,62,27,56,26.708233496441736,70.72550224472693,2
3,4,31,21,43,23.908233496441735,44.93550224472692,4
3,4,24,16,27,15.308233496441735,33.765502244726925,9
4,4,25,5,35,13.908233496441735,44.48550224472692,9
1,4,7,5,32,28.908233496441735,53.04550224472692,10
4,4,18,6,39,24.928233496441734,45.53550224472692,9
1,19,7,7,13,18.228233496441735,33.835502244726925,4
1,4,7,5,34,30.908233496441735,56.45550224472692,2
5,15,35,16,28,10.908233496441735,39.375502244726924,2
1,4,7,5,28,24.908233496441735,63.54550224472692,6
5,16,37,5,28,18.908233496441735,54.04550224472692,2
1,4,7,5,27,23.908233496441735,37.295502244726926,10
4,4,19,5,44,28.908233496441735,50.18550224472692,9
3,4,15,5,22,10.908233496441735,35.265502244726925,4
1,16,7,5,16,18.908233496441735,35.99550224472692,4
5,29,17,5,7,30.838233496441735,54.57550224472692,5
4,4,40,37,38,35.968233496441734,51.50550224472692,7
2,4,29,5,51,25.908233496441735,54.72550224472692,3
7,36,16,34,16,6.908233496441735,52.22550224472692,8
1,4,7,5,25,21.908233496441735,35.085502244726925,1
1,16,7,7,13,15.568233496441735,32.36550224472692,4
3,4,31,30,24,29.868233496441736,55.27550224472692,1
7,21,36,22,37,4.908233496441735,40.52550224472692,1
4,6,36,25,36,21.908233496441735,40.76550224472692,6
4,18,21,17,14,11.188233496441734,37.73550224472692,5
4,20,22,21,15,10.908233496441735,32.73550224472692,5
1,4,7,5,27,23.908233496441735,43.33550224472692,6
4,9,34,12,32,6.738233496441735,34.39550224472692,3
3,4,17,5,28,14.908233496441735,41.31550224472692,4
3,4,23,12,22,10.978233496441735,51.57550224472692,7
4,4,24,12,28,11.968233496441735,34.60550224472692,8
3,4,39,11,39,9.908233496441735,39.375502244726924,2
4,6,43,42,45,38.968233496441734,59.29550224472692,6
1,4,7,5,16,12.908233496441735,36.64550224472692,6
1,4,7,5,27,23.908233496441735,55.19550224472692,1
4,18,18,5,7,21.708233496441736,40.46550224472692,5
1,21,7,18,10,8.908233496441735,32.445502244726924,8
2,4,31,5,44,16.908233496441735,48.07550224472692,10
5,51,32,5,13,54.608233496441734,81.75550224472693,3
1,4,7,5,27,23.908233496441735,46.25550224472692,2
1,4,7,5,28,24.908233496441735,39.71550224472692,3
4,11,38,14,35,7.518233496441734,41.93550224472692,3
3,4,7,12,9,11.188233496441734,41.22550224472692,10
5,22,36,21,61,28.988233496441733,62.45550224472692,9
4,15,49,29,44,17.838233496441735,55.65550224472692,2
1,4,7,5,32,28.908233496441735,55.27550224472692,10
1,4,7,6,29,25.928233496441734,33.96550224472692,5
3,4,15,16,20,15.988233496441735,43.17550224472692,9
6,26,27,23,21,11.118233496441734,54.72550224472692,3
4,4,37,34,35,32.97823349644173,47.26550224472692,6
1,4,7,5,45,41.90823349644173,54.57550224472692,5
3,4,19,7,25,10.228233496441735,32.36550224472692,4
5,25,33,24,47,18.048233496441735,57.92550224472692,1
1,4,7,5,13,9.908233496441735,40.24550224472692,6
3,22,32,26,27,9.738233496441735,42.15550224472692,5
4,4,16,5,38,25.908233496441735,41.89550224472692,9
2,22,12,5,17,22.588233496441735,48.72550224472692,8
5,19,7,19,18,14.958233496441736,39.07550224472692,8
3,6,50,35,41,33.318233496441735,57.96550224472692,3
4,6,28,19,35,17.798233496441735,36.835502244726925,4
3,4,13,23,13,21.908233496441735,42.25550224472692,7
3,4,13,12,15,11.188233496441734,24.40550224472692,7
8,4,23,17,7,23.908233496441735,50.71550224472692,3
3,6,67,19,63,16.558233496441733,68.78550224472693,2
5,13,17,14,42,28.908233496441735,41.67550224472692,9
2,15,17,5,27,18.778233496441732,58.03550224472692,4
1,4,7,6,28,24.928233496441734,31.93550224472692,5
2,4,19,5,31,15.908233496441735,49.94550224472692,4
2,19,7,21,17,13.958233496441736,39.15550224472692,9
3,6,49,17,42,16.118233496441736,49.21550224472692,3
4,6,33,27,33,23.908233496441735,39.59550224472692,6
4,20,48,21,36,15.908233496441735,59.29550224472692,3
1,37,7,13,15,30.158233496441735,65.44550224472692,8
6,5,35,8,42,11.188233496441734,43.61550224472692,1
5,20,30,5,21,22.268233496441734,45.84550224472692,3
4,11,7,12,15,11.908233496441735,23.89550224472692,8
6,23,25,15,19,14.728233496441735,51.63550224472692,2
3,4,19,5,31,15.908233496441735,45.78550224472692,4
3,4,16,32,14,30.978233496441735,46.57550224472692,9
1,4,7,5,20,16.908233496441735,41.93550224472692,10
3,4,48,15,46,14.108233496441734,47.98550224472692,2
2,5,45,22,37,21.798233496441735,48.02550224472692,5
6,6,44,7,45,4.908233496441735,44.36550224472692,1
4,21,44,22,30,17.908233496441735,56.45550224472692,2
5,33,33,34,23,13.908233496441735,49.46550224472692,3
5,15,7,14,16,13.128233496441736,31.08550224472692,8
3,4,17,13,21,12.848233496441734,21.65550224472692,8
1,4,7,7,29,25.998233496441735,34.39550224472692,3
5,21,17,5,7,23.628233496441734,48.02550224472692,5
3,4,18,25,20,24.008233496441736,39.59550224472692,6
7,8,55,24,47,20.908233496441735,57.92550224472692,1
5,29,7,31,13,9.988233496441735,43.01550224472692,8
7,6,44,10,37,11.528233496441734,43.19550224472692,1
5,12,33,21,39,13.908233496441735,41.31550224472692,4
5,16,37,5,28,18.908233496441735,54.04550224472692,2
2,5,46,22,37,22.268233496441734,49.36550224472692,5
3,4,23,15,21,14.108233496441734,38.82550224472692,6
5,20,13,22,37,27.928233496441734,49.91550224472692,1
1,4,7,5,21,17.908233496441735,29.725502244726922,10
4,6,31,25,30,21.938233496441736,39.59550224472692,6
2,6,29,20,21,19.168233496441733,32.16550224472692,5
1,4,7,5,24,20.908233496441735,35.06550224472692,1
8,4,28,21,7,30.308233496441733,67.27550224472692,3
3,4,25,26,35,27.168233496441736,40.53550224472692,4
5,4,7,11,5,10.228233496441735,41.14550224472692,6
1,18,7,5,18,21.708233496441736,42.69550224472692,8
2,23,7,26,18,15.088233496441735,33.335502244726925,9
2,4,28,5,39,14.908233496441735,39.375502244726924,2
2,4,16,5,38,25.908233496441735,47.54550224472692,7
5,23,13,10,10,18.228233496441735,33.125502244726924,5
5,4,7,12,8,10.978233496441735,45.23550224472692,6
1,33,7,9,18,31.218233496441734,58.78550224472692,8
5,13,38,12,33,9.298233496441734,44.82550224472692,3
3,4,17,12,21,11.968233496441735,22.73550224472692,8
1,4,7,5,39,35.90823349644173,59.24550224472692,2
6,26,21,5,13,27.318233496441735,50.98550224472692,2
6,4,40,26,48,26.378233496441734,52.54550224472692,1
2,4,14,7,30,20.028233496441736,34.74550224472692,7
6,24,25,23,19,10.228233496441735,52.95550224472692,2
2,4,13,6,31,21.938233496441736,40.24550224472692,6
4,12,7,14,18,14.958233496441736,26.635502244726922,8
5,23,33,5,23,25.378233496441734,54.38550224472692,2
7,4,32,13,7,30.158233496441735,49.50550224472692,3
7,14,31,5,27,14.678233496441734,52.02550224472692,2
4,5,35,17,35,14.908233496441735,35.99550224472692,7
2,7,9,5,11,7.518233496441734,19.955502244726922,8
3,4,33,34,47,36.108233496441734,55.53550224472692,8
1,4,7,5,20,16.908233496441735,46.64550224472692,9
2,4,21,7,44,26.998233496441735,54.45550224472692,6
6,4,22,15,7,21.938233496441736,47.16550224472692,3
3,4,17,18,15,17.058233496441733,34.60550224472692,9
2,4,16,5,35,22.908233496441735,40.53550224472692,10
2,22,7,23,31,27.908233496441735,64.35550224472692,1
5,20,13,22,38,28.928233496441734,40.89550224472692,9
3,6,58,15,54,12.848233496441734,67.38550224472692,2
2,11,13,5,19,13.128233496441736,47.72550224472692,4
2,4,32,5,40,11.908233496441735,46.875502244726924,7
1,4,7,6,36,32.928233496441734,45.09550224472692,3
4,4,18,19,38,28.318233496441735,45.99550224472692,1
1,4,7,5,17,13.908233496441735,29.885502244726922,9
2,4,18,5,29,14.908233496441735,40.46550224472692,4
6,5,31,7,31,4.908233496441735,30.53550224472692,1
5,4,7,28,9,26.998233496441735,40.24550224472692,6
4,6,36,25,36,21.908233496441735,40.76550224472692,6
6,5,41,11,47,11.718233496441734,47.29550224472692,1
4,27,15,5,7,28.258233496441736,38.77550224472692,5
2,5,30,26,23,25.098233496441736,36.67550224472692,5
2,5,37,23,31,21.938233496441736,45.23550224472692,5
4,4,27,12,32,12.508233496441735,45.23550224472692,8
4,4,16,7,30,18.048233496441735,44.73550224472692,9
3,5,58,31,53,29.408233496441735,63.24550224472692,2
1,4,7,5,27,23.908233496441735,33.765502244726925,10
6,15,33,11,29,10.308233496441735,45.09550224472692,3
6,4,34,19,7,34.318233496441735,65.20550224472693,3
5,21,26,5,13,25.308233496441733,51.22550224472692,3
3,4,58,15,52,15.568233496441735,58.69550224472692,3
2,12,12,5,17,13.338233496441735,41.31550224472692,4
6,4,13,24,7,23.828233496441737,60.76550224472692,3
2,4,42,5,52,13.908233496441735,51.85550224472692,3
1,4,7,6,29,25.928233496441734,41.93550224472692,3
4,35,25,21,16,21.398233496441733,52.28550224472692,5
1,42,7,19,19,30.738233496441733,65.20550224472693,8
3,4,24,24,19,23.558233496441733,47.125502244726924,9
5,18,15,5,7,20.028233496441736,43.54550224472692,5
1,4,7,5,30,26.908233496441735,49.13550224472692,10
5,4,7,34,8,32.928233496441734,54.45550224472692,6
4,4,41,34,42,32.928233496441734,50.98550224472692,7
4,37,56,38,43,16.908233496441735,73.13550224472692,3
2,15,7,17,13,9.988233496441735,31.475502244726922,9
4,5,38,26,38,23.908233496441735,42.97550224472692,7
5,10,30,11,54,27.908233496441735,52.91550224472692,9
5,27,33,36,39,13.908233496441735,50.08550224472692,4
7,13,17,8,17,9.908233496441735,22.17550224472692,8
6,27,38,17,30,17.508233496441733,68.85550224472692,3
4,4,13,6,28,18.938233496441732,37.555502244726924,1
1,4,7,5,13,9.908233496441735,27.00550224472692,7
4,4,38,19,37,17.948233496441734,42.97550224472692,6
3,4,50,25,43,25.098233496441736,55.78550224472692,2
2,4,16,5,25,12.908233496441735,39.59550224472692,8
2,5,27,6,40,16.908233496441735,49.46550224472692,3
3,4,15,5,23,11.908233496441735,33.31550224472692,8
1,4,7,5,30,26.908233496441735,54.04550224472692,2
1,4,7,5,32,28.908233496441735,54.77550224472692,1
4,4,26,12,31,12.508233496441735,36.835502244726925,4
2,29,7,31,20,16.948233496441734,43.74550224472692,9
1,4,7,7,46,42.95823349644173,72.65550224472693,3
2,4,35,5,60,28.908233496441735,64.13550224472692,2
2,26,7,29,16,13.128233496441736,36.77550224472692,9
5,13,33,14,46,16.908233496441735,45.555502244726924,9
1,4,7,7,46,42.95823349644173,49.82550224472692,5
2,6,39,19,33,17.328233496441733,41.31550224472692,5
4,10,37,30,33,23.328233496441737,47.73550224472692,3
6,4,23,21,7,26.538233496441734,57.08550224472692,3
5,13,33,22,39,13.908233496441735,41.77550224472692,4
5,18,45,5,34,21.708233496441736,65.20550224472693,3
4,4,39,33,39,31.908233496441735,48.055502244726924,6
1,4,7,5,39,35.90823349644173,61.43550224472692,3
5,16,14,17,28,17.908233496441735,50.17550224472692,1
2,5,45,34,33,34.36823349644173,53.33550224472692,5
2,4,20,5,35,18.908233496441735,43.07550224472692,7
3,4,28,29,25,28.098233496441736,42.41550224472692,9
3,4,21,20,21,18.908233496441735,32.16550224472692,6
5,10,30,11,54,27.908233496441735,52.91550224472692,9
1,4,7,7,32,28.988233496441733,36.93550224472692,5
4,4,28,5,50,25.908233496441735,50.45550224472692,9
4,6,39,25,40,21.938233496441736,50.81550224472692,6
5,11,17,13,23,9.988233496441735,29.885502244726922,9
3,4,25,19,25,17.908233496441735,53.805502244726924,6
1,21,7,13,12,14.208233496441736,32.445502244726924,8
2,6,29,20,21,19.168233496441733,32.16550224472692,5
3,4,18,21,13,20.668233496441736,40.89550224472692,9
3,5,44,9,43,7.068233496441735,44.75550224472692,2
2,5,45,34,33,34.36823349644173,53.33550224472692,5
4,21,7,23,16,12.968233496441735,48.02550224472692,8
5,21,33,5,20,25.308233496441733,58.34550224472692,2
5,28,17,30,31,17.948233496441734,44.58550224472692,1
4,14,46,16,39,10.978233496441735,47.98550224472692,2
4,4,23,6,31,11.968233496441735,44.73550224472692,1
6,32,7,33,17,13.908233496441735,48.72550224472692,8
1,4,7,7,41,37.968233496441734,43.54550224472692,5
4,4,14,6,39,28.928233496441734,44.36550224472692,1
2,4,14,5,21,10.908233496441735,30.53550224472692,4
4,6,48,26,47,22.938233496441736,60.09550224472692,6
2,7,13,5,19,10.618233496441734,32.82550224472692,4
1,4,7,5,30,26.908233496441735,47.73550224472692,9
1,4,7,5,42,38.90823349644173,58.33550224472692,3
3,4,7,24,8,22.938233496441736,33.125502244726924,10
1,4,7,6,37,33.928233496441734,58.33550224472692,3
1,4,7,5,27,23.908233496441735,46.25550224472692,2
1,16,7,5,16,18.908233496441735,35.99550224472692,4
5,4,7,22,7,20.908233496441735,32.555502244726924,6
2,4,25,7,45,24.008233496441736,57.27550224472692,6
3,14,25,16,18,10.978233496441735,30.135502244726922,5
4,6,24,13,25,9.988233496441735,27.16550224472692,7
6,30,41,24,35,13.128233496441736,67.27550224472692,3
5,38,37,5,24,40.30823349644173,67.66550224472692,2
2,4,29,5,39,13.908233496441735,38.51550224472692,3
3,16,25,17,16,12.908233496441735,35.99550224472692,5
2,4,22,7,43,25.008233496441736,59.29550224472692,6
4,4,14,7,24,14.108233496441734,33.335502244726925,9
4,4,28,7,33,9.298233496441734,41.77550224472692,8
4,16,16,5,7,18.908233496441735,36.91550224472692,5
5,18,34,5,23,21.708233496441736,57.08550224472692,3
3,4,7,21,9,20.028233496441736,45.84550224472692,10
3,4,24,41,22,39.968233496441734,59.34550224472692,6
5,20,36,5,24,23.908233496441735,58.98550224472692,2
3,4,45,21,38,21.368233496441736,46.76550224472692,3
2,4,35,17,25,19.528233496441732,35.99550224472692,5
1,4,7,5,28,24.908233496441735,36.21550224472692,2
1,4,7,5,25,21.908233496441735,55.75550224472692,6
1,4,7,6,41,37.91823349644173,46.58550224472692,5
2,6,41,7,59,21.908233496441735,62.805502244726924,3
4,5,45,38,44,35.928233496441734,55.86550224472692,6
1,4,7,5,14,10.908233496441735,45.53550224472692,1
2,4,32,5,47,18.908233496441735,51.18550224472692,7
1,4,7,5,20,16.908233496441735,54.33550224472692,10
3,5,54,17,49,15.988233496441735,56.23550224472692,3
4,4,19,6,22,7.068233496441735,26.12550224472692,8
7,26,13,22,13,8.908233496441735,52.94550224472692,8
1,26,7,5,15,27.318233496441735,38.09550224472692,4
3,4,29,30,16,32.08823349644173,66.37550224472693,1
5,27,13,27,24,14.958233496441736,40.24550224472692,9
4,4,14,7,39,28.988233496441733,43.81550224472692,9
2,6,37,7,50,16.908233496441735,57.96550224472692,3
2,6,14,5,21,11.188233496441734,36.835502244726925,4
1,4,7,5,41,37.90823349644173,55.78550224472692,2
5,17,14,20,26,16.078233496441733,34.68550224472692,9
6,11,7,12,17,13.908233496441735,22.17550224472692,8
4,4,21,5,42,24.908233496441735,46.875502244726924,9
2,5,12,5,17,9.008233496441735,29.385502244726922,8
2,6,28,7,49,24.908233496441735,49.21550224472692,3
4,4,21,7,41,24.008233496441736,40.70550224472692,9
3,5,60,17,54,16.438233496441732,59.875502244726924,2
2,4,40,6,55,18.938233496441732,58.33550224472692,2
4,21,14,5,7,22.288233496441734,31.78550224472692,5
6,9,10,5,7,9.738233496441735,28.795502244726922,5
7,30,25,5,16,31.418233496441736,74.13550224472692,2
3,16,28,19,21,11.188233496441734,37.73550224472692,5
1,4,7,5,35,31.908233496441735,44.01550224472692,2
6,24,27,15,20,16.118233496441736,54.28550224472692,3
1,4,7,5,25,21.908233496441735,49.21550224472692,1
3,4,32,19,13,27.508233496441736,52.66550224472692,9
4,7,40,27,51,25.858233496441734,55.65550224472692,8
2,4,12,5,17,8.908233496441735,21.65550224472692,8
2,4,18,7,28,14.108233496441734,33.85550224472692,7
3,4,7,30,9,28.988233496441733,43.82550224472692,10
6,4,23,25,24,23.928233496441734,31.78550224472692,1
2,4,39,6,62,26.928233496441734,62.81550224472692,2
1,29,7,9,19,28.098233496441736,61.89550224472692,8
1,4,7,5,13,9.908233496441735,24.40550224472692,7
4,4,18,6,36,21.938233496441736,45.75550224472692,1
2,5,15,5,23,11.968233496441735,41.31550224472692,4
4,4,21,10,27,11.718233496441734,26.725502244726922,1
4,22,25,21,16,13.128233496441736,44.89550224472692,5
2,4,13,6,38,28.928233496441734,47.54550224472692,6
6,21,7,24,15,12.158233496441735,32.445502244726924,8
2,13,7,16,19,16.078233496441733,44.13550224472692,9
3,16,25,17,16,12.908233496441735,35.99550224472692,5
2,4,46,7,62,20.028233496441736,65.95550224472693,2
4,4,28,13,53,30.158233496441735,52.60550224472692,1
5,4,7,20,7,18.908233496441735,47.26550224472692,6
2,11,12,5,17,12.508233496441735,45.23550224472692,8
1,4,7,5,27,23.908233496441735,47.15550224472692,6
6,11,12,5,7,12.508233496441735,35.945502244726924,5
1,18,7,12,12,12.508233496441735,36.835502244726925,4
4,4,20,7,42,25.998233496441735,46.38550224472692,1
4,4,23,7,27,8.378233496441734,32.36550224472692,4
1,4,7,7,42,38.968233496441734,70.15550224472693,3
2,10,7,11,14,10.908233496441735,30.53550224472692,1
6,23,30,17,24,13.128233496441736,56.23550224472692,3
1,18,7,12,12,12.508233496441735,36.835502244726925,4
2,4,13,6,25,15.948233496441734,30.295502244726922,7
3,4,7,24,8,22.938233496441736,40.20550224472692,10
3,4,31,21,43,23.908233496441735,44.93550224472692,4
1,4,7,5,23,19.908233496441735,45.84550224472692,10
4,27,24,27,15,12.968233496441735,46.58550224472692,5
2,4,16,5,25,12.908233496441735,35.99550224472692,4
5,23,56,24,43,16.908233496441735,68.47550224472693,3
3,4,14,13,14,11.908233496441735,28.94550224472692,7
5,4,7,37,8,35.928233496441734,55.21550224472692,6
2,5,28,15,23,14.208233496441736,31.93550224472692,5
3,4,23,12,22,10.978233496441735,51.57550224472692,7
4,20,28,21,17,14.908233496441735,41.31550224472692,5
3,6,54,16,51,13.398233496441735,53.805502244726924,3
4,4,17,5,28,14.908233496441735,34.53550224472692,9
3,4,15,11,20,11.718233496441734,41.04550224472692,9
2,4,28,5,39,14.908233496441735,39.71550224472692,3
5,4,7,16,7,14.908233496441735,39.54550224472692,6
4,4,17,6,30,16.948233496441734,29.885502244726922,9
6,4,17,23,7,24.498233496441735,58.67550224472692,3
4,7,40,27,51,25.858233496441734,56.14550224472692,8
5,14,13,5,7,15.568233496441735,33.835502244726925,5
2,11,12,5,17,12.508233496441735,36.835502244726925,8
1,4,7,5,20,16.908233496441735,36.42550224472692,10
6,21,35,13,29,14.728233496441735,55.51550224472692,2
3,4,27,30,27,28.908233496441735,52.39550224472692,7
2,29,7,32,14,11.188233496441734,46.57550224472692,9
3,25,31,29,22,13.398233496441735,43.95550224472692,5
7,4,13,24,7,23.828233496441737,52.54550224472692,3
4,4,15,6,33,21.938233496441736,43.01550224472692,9
3,4,17,5,28,14.908233496441735,43.27550224472692,4
2,4,18,7,33,19.038233496441734,39.59550224472692,6
2,4,14,6,33,22.938233496441736,35.945502244726924,7
5,25,19,26,42,26.908233496441735,46.35550224472692,1
6,14,29,5,23,15.568233496441735,45.38550224472692,3
6,16,7,19,17,14.108233496441734,33.31550224472692,8
1,4,7,5,32,28.908233496441735,54.57550224472692,3
5,12,21,8,46,29.408233496441735,45.34550224472692,1
1,4,7,6,35,31.928233496441734,36.835502244726925,5
4,4,40,24,42,23.008233496441736,49.13550224472692,6
2,22,7,24,15,11.968233496441735,43.61550224472692,9
3,4,7,11,7,9.908233496441735,32.21550224472692,10
2,21,13,5,19,21.938233496441736,48.33550224472692,4
6,4,19,21,7,23.908233496441735,57.96550224472692,3
4,4,25,6,45,23.928233496441734,50.47550224472692,9
1,4,7,5,23,19.908233496441735,41.59550224472692,10
5,4,7,13,7,11.908233496441735,34.74550224472692,6
3,6,41,19,37,16.558233496441733,46.03550224472692,3
3,4,7,13,9,12.158233496441735,25.23550224472692,10
4,23,7,23,16,12.968233496441735,53.86550224472692,8
2,4,37,5,54,20.908233496441735,62.96550224472692,2
3,4,32,15,32,13.908233496441735,55.54550224472692,9
2,4,21,5,27,9.908233496441735,32.16550224472692,6
2,20,7,21,23,19.908233496441735,50.31550224472692,9
4,4,15,5,36,24.908233496441735,40.01550224472692,9
6,14,34,5,28,15.568233496441735,47.98550224472692,2
4,16,49,17,40,12.908233496441735,55.01550224472692,2
3,4,7,25,8,23.928233496441734,38.33550224472692,10
3,4,24,22,22,21.028233496441736,47.16550224472692,9
6,22,25,13,19,15.568233496441735,48.48550224472692,3
1,4,7,5,20,16.908233496441735,46.38550224472692,1
2,5,29,6,41,15.908233496441735,41.93550224472692,3
7,10,49,28,50,20.938233496441736,55.27550224472692,1
5,23,33,5,23,25.378233496441734,54.38550224472692,2
4,7,25,18,31,15.568233496441735,32.82550224472692,4
3,4,29,28,15,30.838233496441735,47.73550224472692,9
4,6,30,27,32,24.008233496441736,38.83550224472692,7
2,6,30,7,48,21.908233496441735,60.76550224472692,3
2,4,19,5,31,15.908233496441735,46.71550224472692,8
1,4,7,5,13,9.908233496441735,37.555502244726924,1
1,4,7,5,30,26.908233496441735,55.53550224472692,9
6,5,48,9,55,11.528233496441734,57.92550224472692,1
1,21,7,5,15,22.698233496441734,36.14550224472692,8
1,21,7,5,20,25.308233496441733,48.02550224472692,8
1,4,7,7,37,33.97823349644173,43.95550224472692,5
3,14,25,16,18,10.978233496441735,30.135502244726922,5
2,4,46,22,37,23.148233496441733,49.36550224472692,5
3,4,7,20,8,18.938233496441732,49.19550224472692,10
3,4,11,5,16,8.908233496441735,22.17550224472692,8
3,4,25,34,27,32.97823349644173,57.27550224472692,6
3,4,25,17,35,19.528233496441732,35.99550224472692,4
1,4,7,5,16,12.908233496441735,35.945502244726924,10
4,5,34,28,34,25.908233496441735,41.00550224472692,6
3,18,31,21,23,12.158233496441735,42.20550224472692,5
1,4,7,5,46,42.90823349644173,65.95550224472693,2
4,4,21,7,31,14.108233496441734,36.42550224472692,9
2,9,11,5,15,10.308233496441735,30.135502244726922,8
1,4,7,5,35,31.908233496441735,36.835502244726925,5
6,19,35,15,31,10.308233496441735,52.02550224472692,2
3,4,7,20,9,19.038233496441734,32.16550224472692,10
3,17,27,28,23,14.678233496441734,39.50550224472692,5
2,5,36,6,58,25.908233496441735,59.29550224472692,3
8,4,17,15,7,18.048233496441735,45.19550224472692,3
2,4,41,6,49,11.968233496441735,48.48550224472692,2
5,21,16,22,28,15.908233496441735,39.15550224472692,9
1,26,7,15,14,17.798233496441735,56.64550224472692,8
2,4,30,5,40,13.908233496441735,51.50550224472692,7
2,6,13,5,19,10.228233496441735,32.36550224472692,4
3,4,23,27,23,25.908233496441735,52.06550224472692,6
2,4,15,5,29,17.908233496441735,33.335502244726925,7
6,37,7,37,13,9.988233496441735,65.44550224472692,8
4,39,31,40,19,15.908233496441735,55.74550224472692,5
4,37,41,38,27,17.908233496441735,62.96550224472692,2
1,4,7,6,37,33.928233496441734,44.58550224472692,5
1,4,7,5,23,19.908233496441735,50.81550224472692,10
3,4,27,28,26,26.928233496441734,40.24550224472692,7
3,5,52,22,40,23.908233496441735,55.19550224472692,3
4,12,7,13,16,12.908233496441735,21.65550224472692,8
5,16,25,9,34,15.948233496441734,35.085502244726925,1
1,4,7,5,28,24.908233496441735,53.63550224472692,2
8,4,23,9,7,20.398233496441733,34.39550224472692,3
3,4,46,15,41,15.088233496441735,45.79550224472692,2
1,4,7,5,14,10.908233496441735,48.055502244726924,6
4,13,28,26,35,17.798233496441735,41.77550224472692,8
3,6,48,16,44,13.758233496441735,48.54550224472692,3
3,4,15,23,15,21.908233496441735,33.195502244726924,7
1,4,7,5,35,31.908233496441735,47.59550224472692,3
5,19,19,13,45,30.838233496441735,46.38550224472692,1
3,13,21,14,14,10.908233496441735,27.46550224472692,5
3,4,7,26,9,25.008233496441736,40.53550224472692,10
2,11,11,5,15,11.968233496441735,32.82550224472692,8
3,4,14,24,18,23.328233496441737,31.78550224472692,1
5,18,14,21,24,14.108233496441734,39.53550224472692,9
4,4,21,7,42,25.008233496441736,43.61550224472692,1
5,4,7,28,9,26.998233496441735,40.19550224472692,6
3,4,28,23,29,21.938233496441736,40.76550224472692,6
2,4,45,5,66,24.908233496441735,70.00550224472693,2
3,4,19,7,25,10.228233496441735,32.36550224472692,4
5,20,23,5,13,22.778233496441736,44.01550224472692,2
4,38,31,39,19,15.908233496441735,54.33550224472692,5
1,4,7,5,35,31.908233496441735,35.99550224472692,5
4,8,37,15,34,10.618233496441734,37.155502244726925,2
1,4,7,5,21,17.908233496441735,46.875502244726924,1
5,12,19,12,37,21.938233496441736,37.555502244726924,9
5,10,23,22,27,15.608233496441734,31.78550224472692,4
2,4,22,7,29,11.188233496441734,31.53550224472692,7
7,4,16,20,7,21.398233496441733,48.47550224472692,3
3,20,34,23,25,13.128233496441736,44.89550224472692,5
2,4,15,5,29,17.908233496441735,33.335502244726925,10
4,4,31,12,37,13.128233496441736,45.78550224472692,4
4,6,46,30,46,26.908233496441735,51.85550224472692,7
3,5,69,33,62,31.798233496441735,79.31550224472693,3
4,18,41,19,30,14.908233496441735,53.63550224472692,3
1,4,7,5,16,12.908233496441735,43.61550224472692,7
6,24,13,5,7,24.788233496441734,54.33550224472692,5
4,20,23,21,15,11.908233496441735,33.555502244726924,5
2,19,7,21,31,27.928233496441734,47.58550224472692,9
6,16,7,17,15,11.908233496441735,30.59550224472692,8
3,4,7,19,8,17.948233496441734,33.31550224472692,10
2,4,22,5,37,18.908233496441735,64.33550224472692,8
2,4,31,7,52,25.008233496441736,54.38550224472692,2
3,24,31,30,22,14.208233496441736,44.58550224472692,5
4,4,37,26,36,24.928233496441734,45.23550224472692,6
4,4,16,6,33,20.938233496441736,40.24550224472692,9
4,20,23,19,15,12.158233496441735,40.42550224472692,5
3,15,33,21,28,10.978233496441735,42.20550224472692,5
6,25,25,5,13,28.098233496441736,65.95550224472693,2
5,28,30,19,45,21.938233496441736,50.47550224472692,1
5,4,7,20,7,18.908233496441735,47.26550224472692,6
1,4,7,5,26,22.908233496441735,54.57550224472692,10
4,4,42,14,42,12.908233496441735,53.63550224472692,7
3,4,11,5,15,7.908233496441735,19.955502244726922,8
1,4,7,5,26,22.908233496441735,59.38550224472692,1
1,4,7,5,20,16.908233496441735,47.29550224472692,1
4,4,23,6,33,13.958233496441736,44.13550224472692,9
2,4,25,7,47,25.998233496441735,55.75550224472692,6
1,18,7,5,18,21.708233496441736,42.305502244726924,4
1,18,7,7,14,17.798233496441735,36.835502244726925,4
7,8,55,24,47,20.908233496441735,57.92550224472692,1
5,33,42,29,27,19.718233496441734,73.07550224472693,2
4,32,62,45,52,19.528233496441732,79.31550224472693,3
5,23,28,5,13,28.118233496441736,58.76550224472692,3
2,12,7,15,23,20.028233496441736,49.21550224472692,1
1,4,7,5,17,13.908233496441735,29.885502244726922,9
3,4,19,11,25,12.398233496441735,38.77550224472692,4
2,6,13,5,19,10.228233496441735,32.36550224472692,4
2,6,30,7,41,14.908233496441735,47.73550224472692,3
3,4,32,15,18,21.108233496441734,61.43550224472692,1
3,4,7,32,9,30.978233496441735,47.40550224472692,10
7,11,26,5,21,12.508233496441735,53.24550224472692,3
1,4,7,5,27,23.908233496441735,52.91550224472692,9
5,26,14,27,38,27.908233496441735,44.36550224472692,1
1,4,7,5,27,23.908233496441735,33.765502244726925,10
1,4,7,5,13,9.908233496441735,40.36550224472692,6
5,27,28,29,38,13.958233496441736,44.73550224472692,1
3,4,13,5,19,9.908233496441735,26.12550224472692,8
7,13,13,10,13,7.908233496441735,22.17550224472692,8
4,4,40,30,48,30.158233496441735,70.83550224472692,8
1,4,7,5,15,11.908233496441735,43.01550224472692,9
5,6,37,23,43,20.998233496441735,45.78550224472692,4
2,4,29,7,35,10.228233496441735,41.34550224472692,7
6,4,26,11,7,23.828233496441737,38.10550224472692,3
2,4,14,5,20,9.908233496441735,21.69550224472692,7
4,4,38,23,39,21.938233496441736,42.25550224472692,7
2,21,7,23,36,32.928233496441734,62.45550224472692,9
1,19,7,7,11,17.508233496441733,32.16550224472692,4
4,4,19,6,44,28.928233496441734,44.75550224472692,9
5,4,7,32,6,30.928233496441734,54.375502244726924,6
1,4,7,5,15,11.908233496441735,38.33550224472692,7
5,15,45,5,39,16.438233496441732,53.805502244726924,3
7,18,37,30,31,16.438233496441732,44.58550224472692,1
2,4,27,6,35,11.968233496441735,37.295502244726926,10
6,28,25,28,19,9.988233496441735,53.04550224472692,3
2,15,7,18,25,22.018233496441734,54.875502244726924,9
4,4,26,7,31,9.298233496441734,36.835502244726925,4
5,20,17,19,12,9.298233496441734,41.31550224472692,5
1,4,7,5,23,19.908233496441735,50.81550224472692,10
3,4,7,24,9,23.008233496441736,33.85550224472692,10
6,9,10,5,7,9.738233496441735,33.125502244726924,5
1,4,7,5,42,38.90823349644173,51.85550224472692,3
2,11,7,12,17,13.908233496441735,29.885502244726922,9
1,4,7,6,41,37.91823349644173,59.13550224472692,3
4,35,27,31,17,15.088233496441735,55.35550224472692,5
5,27,22,28,41,22.908233496441735,46.58550224472692,9
4,19,14,5,7,20.458233496441736,32.16550224472692,5
2,6,28,7,40,15.908233496441735,39.49550224472692,3
1,4,7,5,23,19.908233496441735,44.13550224472692,9
3,4,49,15,44,15.088233496441735,51.63550224472692,2
7,26,31,5,25,26.708233496441736,70.72550224472693,2
1,4,7,5,42,38.90823349644173,44.01550224472692,5
2,4,14,5,21,10.908233496441735,33.125502244726924,4
1,4,7,5,14,10.908233496441735,44.13550224472692,1
4,4,54,32,52,30.978233496441735,59.73550224472692,6
2,4,42,7,59,21.028233496441736,62.39550224472692,2
3,5,47,12,45,10.228233496441735,53.24550224472692,3
2,4,32,6,51,22.938233496441736,66.41550224472692,6
3,4,17,5,27,13.908233496441735,42.15550224472692,8
1,4,7,5,31,27.908233496441735,52.54550224472692,1
3,4,27,29,25,27.988233496441733,47.15550224472692,6
2,6,40,22,29,22.508233496441736,42.65550224472692,5
3,4,14,15,13,13.958233496441736,25.385502244726922,7
6,28,31,5,17,31.688233496441736,74.07550224472693,3
5,11,32,20,37,13.338233496441735,39.07550224472692,4
4,4,25,14,23,13.128233496441736,25.65550224472692,7
1,4,7,5,17,13.908233496441735,34.53550224472692,9
5,4,7,25,7,23.908233496441735,47.73550224472692,6
5,30,17,31,36,22.908233496441735,44.48550224472692,9
2,23,7,25,17,13.958233496441736,37.555502244726924,1
1,4,7,5,21,17.908233496441735,48.72550224472692,6
6,23,34,22,29,9.298233496441734,54.38550224472692,2
5,19,31,19,39,11.968233496441735,40.875502244726924,1
4,4,17,7,30,17.058233496441733,39.15550224472692,1
4,4,33,12,33,10.908233496441735,36.59550224472692,6
6,4,13,29,7,28.648233496441733,62.805502244726924,3
3,4,25,25,33,25.448233496441734,39.59550224472692,8
3,22,32,26,27,9.738233496441735,42.15550224472692,5
2,5,44,6,69,28.908233496441735,79.31550224472693,3
1,4,7,5,29,25.908233496441735,39.15550224472692,10
3,4,24,11,26,10.228233496441735,43.81550224472692,6
1,4,7,5,19,15.908233496441735,38.77550224472692,10
5,9,41,25,47,20.068233496441735,50.25550224472692,4
5,17,15,18,32,20.908233496441735,34.60550224472692,9
3,4,25,25,33,25.448233496441734,39.59550224472692,8
3,4,7,14,8,12.968233496441735,38.77550224472692,10
1,4,7,7,46,42.95823349644173,49.82550224472692,5
5,13,33,22,39,13.908233496441735,41.77550224472692,4
4,4,15,7,17,6.738233496441735,21.15550224472692,8
5,17,35,17,55,23.928233496441734,55.26550224472692,9
4,6,50,38,49,34.928233496441734,64.33550224472692,6
4,6,42,41,41,37.91823349644173,55.74550224472692,7
5,6,26,20,29,17.248233496441735,32.16550224472692,4
1,29,7,18,14,17.798233496441735,44.43550224472692,8
6,15,12,5,7,15.988233496441735,42.20550224472692,5
3,4,16,29,16,27.908233496441735,36.77550224472692,9
1,19,7,5,12,19.718233496441734,30.37550224472692,8
3,4,7,24,9,23.008233496441736,35.36550224472692,10
7,10,21,5,17,11.118233496441734,41.93550224472692,3
3,4,19,11,25,12.398233496441735,38.77550224472692,4
4,5,45,38,44,35.928233496441734,55.86550224472692,6
3,4,55,24,46,24.928233496441734,58.33550224472692,3
4,6,42,41,41,37.91823349644173,55.74550224472692,6
8,4,14,27,7,26.998233496441735,65.97550224472693,3
4,4,31,17,37,17.328233496441733,47.72550224472692,4
4,4,22,14,20,13.128233496441736,25.385502244726922,7
7,4,15,24,7,24.528233496441736,56.01550224472692,3
3,4,14,19,12,18.048233496441735,47.40550224472692,6
2,4,19,7,39,24.008233496441736,38.77550224472692,10
3,4,14,15,13,13.958233496441736,25.385502244726922,7
2,4,20,5,42,25.908233496441735,54.33550224472692,10
2,26,7,29,16,13.128233496441736,41.65550224472692,9
2,12,7,14,16,12.968233496441735,33.99550224472692,1
6,14,10,5,7,14.348233496441734,31.93550224472692,5
3,4,7,18,7,16.908233496441735,41.00550224472692,10
6,15,14,11,14,8.908233496441735,23.33550224472692,8
6,14,41,5,35,15.568233496441735,59.13550224472692,3
4,4,27,13,49,27.318233496441735,51.63550224472692,1
2,4,16,7,38,25.998233496441735,46.64550224472692,7
1,24,7,10,14,20.458233496441736,50.25550224472692,4
1,4,7,6,31,27.928233496441734,31.53550224472692,5
1,4,7,5,37,33.90823349644173,59.94550224472692,3
1,4,7,7,34,30.978233496441735,36.42550224472692,5
2,4,32,7,51,23.008233496441736,61.75550224472692,10
5,4,7,14,5,13.128233496441736,35.085502244726925,6
1,4,7,6,42,38.91823349644173,52.28550224472692,5
2,6,31,11,27,9.568233496441735,33.31550224472692,5
3,4,39,11,39,9.908233496441735,39.375502244726924,2
4,6,28,27,29,23.928233496441734,36.64550224472692,6
2,4,37,5,59,25.908233496441735,59.94550224472692,3
1,4,7,5,40,36.90823349644173,55.625502244726924,2
2,4,34,5,49,18.908233496441735,56.01550224472692,3
1,4,7,5,27,23.908233496441735,53.70550224472692,10
1,4,7,5,13,9.908233496441735,42.25550224472692,7
6,39,34,31,25,16.638233496441735,74.13550224472692,2
6,23,24,5,13,25.858233496441734,58.33550224472692,3
6,13,12,5,7,14.208233496441736,35.945502244726924,5
1,4,7,5,15,11.908233496441735,43.01550224472692,9
2,4,21,5,46,28.908233496441735,58.79550224472692,7
7,13,17,9,17,8.908233496441735,23.89550224472692,8
1,4,7,5,23,19.908233496441735,47.73550224472692,9
5,11,31,5,25,13.128233496441736,40.24550224472692,2
2,4,19,5,43,27.908233496441735,54.45550224472692,6
4,18,48,21,43,9.298233496441734,55.18550224472692,2
5,17,30,18,21,12.908233496441735,37.31550224472692,2
3,4,14,27,14,25.908233496441735,44.36550224472692,1
4,4,29,5,47,21.908233496441735,49.39550224472692,9
4,4,40,24,42,23.008233496441736,49.13550224472692,6
6,4,14,26,7,26.048233496441735,55.19550224472692,3
4,5,46,23,45,20.938233496441736,53.54550224472692,7
1,4,7,5,17,13.908233496441735,41.93550224472692,10
5,24,38,25,25,16.908233496441735,52.95550224472692,2
1,4,7,5,35,31.908233496441735,47.98550224472692,2
1,4,7,5,18,14.908233496441735,40.91550224472692,1
6,26,27,23,21,11.118233496441734,54.72550224472692,3
1,4,7,5,13,9.908233496441735,40.64550224472692,7
1,4,7,5,42,38.90823349644173,58.33550224472692,3
5,26,13,29,20,11.188233496441734,54.77550224472692,1
5,22,19,22,13,9.988233496441735,45.78550224472692,5
4,9,50,24,47,18.228233496441735,54.38550224472692,3
3,4,7,23,7,21.908233496441735,35.53550224472692,10
2,4,27,5,47,23.908233496441735,57.73550224472692,7
4,4,26,7,50,27.988233496441733,59.38550224472692,1
3,4,11,5,15,7.908233496441735,22.50550224472692,8
5,39,50,40,37,16.908233496441735,70.72550224472693,2
1,4,7,5,40,36.90823349644173,65.95550224472693,2
1,4,7,5,31,27.908233496441735,45.53550224472692,6
3,4,21,24,21,22.908233496441735,36.14550224472692,7
2,26,7,28,14,10.978233496441735,44.94550224472692,9
5,29,19,30,36,20.908233496441735,48.54550224472692,1
1,4,7,5,32,28.908233496441735,61.43550224472692,1
4,4,18,6,28,13.958233496441736,40.89550224472692,9
5,24,52,25,43,12.908233496441735,61.24550224472692,2
4,4,43,37,44,35.928233496441734,54.45550224472692,6
2,4,16,7,31,19.038233496441734,33.31550224472692,10
6,4,13,27,7,26.708233496441736,64.61550224472693,3
5,23,15,17,15,10.908233496441735,36.14550224472692,8
2,4,28,7,52,27.988233496441733,64.43550224472692,7
1,4,7,5,19,15.908233496441735,25.23550224472692,10
3,4,17,5,28,14.908233496441735,50.08550224472692,4
4,4,29,19,54,32.55823349644173,57.86550224472692,1
3,6,67,17,61,15.568233496441735,70.15550224472693,3
1,22,7,13,13,15.568233496441735,37.73550224472692,8
1,4,7,6,36,32.928233496441734,66.82550224472692,3
4,4,16,6,33,20.938233496441736,40.24550224472692,9
6,4,34,13,7,32.068233496441735,51.85550224472692,3
1,4,7,5,28,24.908233496441735,50.47550224472692,1
1,4,7,7,46,42.95823349644173,49.36550224472692,5
1,4,7,5,25,21.908233496441735,39.71550224472692,10
1,4,7,5,21,17.908233496441735,46.875502244726924,9
5,19,47,15,40,12.508233496441735,58.69550224472692,3
3,13,27,17,23,8.908233496441735,32.36550224472692,5
4,18,21,17,14,11.188233496441734,37.73550224472692,5
2,4,14,6,25,14.958233496441736,26.635502244726922,10
7,12,36,5,30,13.908233496441735,66.82550224472692,3
1,4,7,5,28,24.908233496441735,68.47550224472693,7
5,23,18,18,18,9.908233496441735,30.37550224472692,8
2,18,12,5,17,18.778233496441732,40.53550224472692,4
2,4,32,6,51,22.938233496441736,58.78550224472692,7
2,4,41,5,48,10.908233496441735,47.125502244726924,2
3,4,19,19,19,17.908233496441735,35.945502244726924,1
3,4,25,17,35,19.528233496441732,35.99550224472692,4
4,4,20,8,30,14.348233496441734,32.99550224472692,1
3,4,14,13,14,11.908233496441735,28.94550224472692,7
5,14,37,5,30,16.118233496441736,49.68550224472692,3
6,17,21,11,17,11.968233496441735,37.31550224472692,2
1,4,7,7,41,37.968233496441734,43.54550224472692,5
1,17,7,8,13,15.568233496441735,32.82550224472692,4
3,4,15,31,18,30.078233496441737,43.01550224472692,9
5,4,7,19,7,17.908233496441735,41.00550224472692,6
1,4,7,5,46,42.90823349644173,68.78550224472693,2
1,4,7,5,26,22.908233496441735,45.19550224472692,10
2,21,7,23,36,32.928233496441734,62.45550224472692,9
2,5,32,6,42,13.908233496441735,48.54550224472692,3
8,4,36,19,7,36.108233496441734,59.94550224472692,3
3,4,17,13,22,13.338233496441735,32.445502244726924,8
1,14,7,9,9,10.228233496441735,22.50550224472692,8
5,20,49,19,41,12.158233496441735,63.77550224472692,2
2,4,25,5,44,22.908233496441735,56.52550224472692,7
5,38,48,51,57,18.908233496441735,74.84550224472693,8
2,22,7,23,14,10.908233496441735,49.39550224472692,9
3,4,7,19,7,17.908233496441735,28.33550224472692,10
2,4,25,7,50,28.988233496441733,64.94550224472692,7
3,4,13,5,18,8.908233496441735,23.42550224472692,8
3,4,49,31,42,30.838233496441735,56.01550224472692,3
1,23,7,5,18,25.858233496441734,42.75550224472692,4
5,6,48,30,57,28.608233496441734,62.35550224472692,8
3,4,39,9,37,8.378233496441734,39.71550224472692,3
3,15,33,21,28,10.978233496441735,42.20550224472692,5
4,6,32,27,32,23.908233496441735,40.19550224472692,6
2,11,12,5,17,12.508233496441735,36.835502244726925,4
4,6,38,22,38,18.908233496441735,42.97550224472692,6
6,10,11,5,7,11.118233496441734,31.475502244726922,5
3,4,15,5,23,11.908233496441735,33.31550224472692,8
7,17,62,31,36,32.97823349644173,66.37550224472693,1
5,21,36,31,41,14.208233496441736,48.33550224472692,4
8,4,16,15,7,17.358233496441734,37.31550224472692,3
1,11,7,5,11,11.968233496441735,21.185502244726923,8
4,4,33,19,35,18.048233496441735,36.835502244726925,7
1,4,7,5,29,25.908233496441735,54.38550224472692,2
2,23,7,26,18,15.088233496441735,33.335502244726925,9
3,4,15,5,24,12.908233496441735,34.60550224472692,8
1,4,7,7,29,25.998233496441735,32.16550224472692,5
4,4,16,6,27,14.958233496441736,36.77550224472692,9
2,22,7,24,20,16.948233496441734,37.73550224472692,1
2,4,39,19,33,19.138233496441735,41.31550224472692,5
2,4,22,5,37,18.908233496441735,58.78550224472692,8
2,4,27,7,52,28.988233496441733,67.77550224472692,10
2,4,31,5,51,23.908233496441735,54.28550224472692,3
4,4,20,7,42,25.998233496441735,46.38550224472692,1
2,12,7,14,16,12.968233496441735,57.32550224472692,1
2,11,10,5,13,11.528233496441734,25.53550224472692,8
1,4,7,5,29,25.908233496441735,47.59550224472692,1
2,4,15,7,36,25.008233496441736,40.20550224472692,10
3,4,23,10,31,13.338233496441735,42.75550224472692,4
3,4,11,5,15,7.908233496441735,21.15550224472692,8
1,4,7,5,25,21.908233496441735,50.98550224472692,7
5,12,48,38,57,30.478233496441735,65.44550224472692,8
3,4,18,23,19,21.938233496441736,55.74550224472692,6
5,13,12,5,7,14.208233496441736,28.795502244726922,5
3,4,17,11,17,9.908233496441735,27.73550224472692,6
3,4,26,38,26,36.90823349644173,54.375502244726924,7
3,4,17,5,28,14.908233496441735,41.77550224472692,4
6,14,10,5,7,14.348233496441734,31.93550224472692,5
4,16,16,5,7,18.908233496441735,35.99550224472692,5
1,4,7,5,17,13.908233496441735,41.65550224472692,1
6,5,36,28,40,26.268233496441734,45.75550224472692,1
4,4,27,12,29,11.188233496441734,28.94550224472692,7
2,22,7,24,18,14.958233496441736,31.78550224472692,1
1,4,7,6,28,24.928233496441734,34.39550224472692,3
2,18,7,19,19,15.908233496441735,35.945502244726924,1
4,4,18,12,21,11.528233496441734,21.185502244726923,8
7,30,18,5,13,30.388233496441735,50.22550224472692,3
4,16,56,29,48,18.328233496441733,65.54550224472692,3
2,4,21,6,34,16.948233496441734,41.00550224472692,6
3,4,36,11,34,10.228233496441735,37.31550224472692,2
3,4,25,15,24,13.958233496441736,36.93550224472692,7
1,4,7,5,20,16.908233496441735,40.53550224472692,7
5,11,27,18,31,11.118233496441734,32.82550224472692,8
4,4,24,6,45,24.928233496441734,50.47550224472692,1
7,4,13,26,7,25.748233496441735,58.33550224472692,3
2,25,7,28,23,20.028233496441736,40.24550224472692,9
1,4,7,5,26,22.908233496441735,43.19550224472692,1
4,14,44,15,37,10.908233496441735,49.68550224472692,3
1,4,7,5,25,21.908233496441735,42.54550224472692,6
3,4,28,49,27,47.91823349644173,68.47550224472693,7
5,17,40,18,31,12.908233496441735,48.54550224472692,3
2,4,25,5,34,12.908233496441735,39.74550224472692,10
8,4,16,29,7,29.538233496441734,65.54550224472692,3
3,4,30,36,31,34.928233496441734,50.08550224472692,7
2,4,22,5,37,18.908233496441735,64.33550224472692,8
4,11,44,18,41,10.618233496441734,49.50550224472692,3
2,4,32,7,43,15.088233496441735,44.16550224472692,2
2,4,16,5,38,25.908233496441735,42.97550224472692,6
4,4,27,8,48,25.118233496441736,47.125502244726924,1
2,4,31,7,40,13.128233496441736,50.81550224472692,7
5,13,15,7,15,10.908233496441735,23.89550224472692,8
2,7,18,5,29,15.308233496441735,55.65550224472692,8
2,4,15,5,23,11.908233496441735,38.09550224472692,4
4,4,35,20,34,18.938233496441732,43.07550224472692,7
1,4,7,5,35,31.908233496441735,47.59550224472692,3
4,4,27,5,33,9.908233496441735,47.58550224472692,9
5,25,18,27,24,9.988233496441735,33.335502244726925,9
5,34,18,31,18,7.908233496441735,52.39550224472692,8
1,4,7,5,19,15.908233496441735,39.94550224472692,7
2,4,14,7,35,25.008233496441736,37.295502244726926,10
6,6,44,26,53,24.928233496441734,58.875502244726924,1
4,4,28,19,39,21.708233496441736,40.875502244726924,1
2,26,7,28,17,13.958233496441736,44.13550224472692,1
2,5,33,15,25,15.948233496441734,34.60550224472692,5
1,4,7,5,20,16.908233496441735,32.405502244726925,6
1,4,7,7,32,28.988233496441733,32.84550224472692,5
3,4,14,28,15,26.928233496441734,44.13550224472692,9
2,4,22,7,33,15.088233496441735,33.39550224472692,10
7,12,27,5,23,12.848233496441734,50.71550224472692,3
5,23,32,22,23,13.128233496441736,52.54550224472692,3
5,25,29,5,13,30.308233496441733,61.61550224472692,2
3,5,66,17,61,15.988233496441735,68.85550224472692,3
1,16,7,10,11,11.968233496441735,32.36550224472692,4
3,5,34,9,34,6.908233496441735,33.695502244726924,2
3,4,7,18,8,16.948233496441734,33.71550224472692,10
2,4,23,6,37,17.948233496441734,45.23550224472692,6
2,5,28,14,22,13.908233496441735,28.795502244726922,5
2,4,45,5,57,15.908233496441735,62.84550224472692,3
1,21,7,9,13,18.228233496441735,44.00550224472692,8
4,20,33,21,23,13.908233496441735,44.01550224472692,2
3,6,38,15,36,12.158233496441735,38.10550224472692,3
3,4,7,23,9,22.018233496441734,32.445502244726924,10
4,4,21,6,33,15.948233496441734,36.555502244726924,9
7,14,42,5,38,14.678233496441734,61.07550224472692,2
7,14,20,5,13,16.118233496441736,54.28550224472692,3
4,16,54,17,46,11.908233496441735,59.875502244726924,2
5,23,15,13,49,39.64823349644173,51.63550224472692,1
4,5,45,40,44,37.91823349644173,57.19550224472692,7
5,46,14,42,14,8.908233496441735,66.36550224472693,8
2,16,13,5,19,17.328233496441733,47.72550224472692,4
3,4,15,5,23,11.908233496441735,32.36550224472692,4
1,4,7,5,29,25.908233496441735,49.46550224472692,10
3,6,51,15,48,12.448233496441734,52.02550224472692,2
1,4,7,5,29,25.908233496441735,61.99550224472692,1
6,12,7,12,17,13.958233496441736,23.89550224472692,8
2,10,11,5,15,11.118233496441734,30.59550224472692,8
3,4,7,29,9,27.988233496441733,47.97550224472692,10
5,28,44,29,34,13.908233496441735,55.65550224472692,2
1,4,7,5,17,13.908233496441735,38.06550224472692,1
7,13,38,23,24,20.548233496441735,41.89550224472692,1
2,4,29,7,36,11.188233496441734,39.15550224472692,10
1,4,7,5,16,12.908233496441735,46.57550224472692,9
4,38,50,39,37,16.908233496441735,67.66550224472692,2
1,20,7,5,19,23.908233496441735,44.93550224472692,4
2,6,39,7,49,13.908233496441735,50.84550224472692,3
2,4,27,6,34,10.978233496441735,33.695502244726924,2
4,4,14,5,23,12.908233496441735,31.78550224472692,1
1,4,7,6,40,36.928233496441734,42.20550224472692,5
6,18,12,5,7,18.778233496441732,41.31550224472692,5
3,4,25,25,27,24.008233496441736,41.14550224472692,6
2,25,7,26,16,12.908233496441735,45.75550224472692,9
4,8,40,34,51,31.218233496441734,58.78550224472692,8
4,4,30,7,36,10.228233496441735,43.54550224472692,4
5,23,13,10,10,18.228233496441735,33.125502244726924,5
1,4,7,5,40,36.90823349644173,42.20550224472692,5
2,5,28,14,22,13.908233496441735,28.795502244726922,5
1,14,7,5,15,16.718233496441734,31.53550224472692,4
3,4,7,40,9,38.968233496441734,61.75550224472692,10
7,16,16,12,16,8.908233496441735,25.53550224472692,8
1,34,7,5,22,37.44823349644173,58.78550224472692,8
1,24,7,13,12,16.908233496441735,42.15550224472692,8
1,4,7,5,27,23.908233496441735,40.24550224472692,2
4,30,42,33,33,13.128233496441736,56.01550224472692,3
2,20,7,22,32,28.928233496441734,50.72550224472692,1
4,4,35,16,42,16.948233496441734,52.94550224472692,8
5,31,20,32,31,14.908233496441735,41.65550224472692,1
2,4,25,5,36,14.908233496441735,42.54550224472692,6
1,4,7,5,14,10.908233496441735,47.40550224472692,6
2,4,42,5,55,16.908233496441735,58.33550224472692,3
2,4,19,5,31,15.908233496441735,44.93550224472692,4
4,17,20,15,13,11.528233496441734,34.60550224472692,5
3,4,17,5,26,12.908233496441735,36.835502244726925,8
3,4,18,14,17,12.968233496441735,41.67550224472692,9
5,23,41,5,28,26.928233496441734,66.56550224472693,2
3,4,33,22,47,25.928233496441734,49.39550224472692,8
2,4,46,7,67,25.008233496441736,68.78550224472693,2
2,4,27,6,43,19.938233496441736,53.70550224472692,10
4,14,54,40,48,29.618233496441736,67.38550224472692,2
4,4,30,22,36,21.938233496441736,48.33550224472692,4
3,4,33,22,45,24.718233496441734,48.02550224472692,8
1,4,7,5,36,32.90823349644173,61.61550224472692,2
1,4,7,5,32,28.908233496441735,53.70550224472692,7
7,4,13,17,7,17.328233496441733,39.07550224472692,3
1,4,7,5,32,28.908233496441735,76.24550224472692,6
1,4,7,5,13,9.908233496441735,25.65550224472692,7
2,4,19,5,31,15.908233496441735,46.71550224472692,8
1,4,7,5,24,20.908233496441735,43.61550224472692,1
6,17,7,17,14,10.978233496441735,34.60550224472692,8
1,4,7,5,26,22.908233496441735,39.06550224472692,1
4,4,49,29,50,27.928233496441734,54.77550224472692,7
1,4,7,5,29,25.908233496441735,29.705502244726922,5
3,4,23,20,31,20.908233496441735,33.835502244726925,4
1,4,7,5,18,14.908233496441735,45.75550224472692,1
3,4,27,21,31,20.398233496441733,47.58550224472692,9
1,4,7,5,44,40.90823349644173,72.95550224472693,3
3,4,20,17,14,17.328233496441733,47.29550224472692,1
6,26,35,13,29,19.138233496441735,59.24550224472692,2
2,5,15,5,23,11.968233496441735,41.31550224472692,4
5,16,15,14,11,8.908233496441735,32.36550224472692,5
7,18,17,14,17,8.908233496441735,33.31550224472692,8
5,11,19,10,27,12.158233496441735,26.725502244726922,1
4,6,52,43,52,39.90823349644173,64.43550224472692,7
2,4,27,7,44,21.028233496441736,46.25550224472692,2
2,17,7,20,17,14.108233496441734,32.99550224472692,1
1,4,7,5,15,11.908233496441735,29.30550224472692,7
6,5,31,14,38,14.538233496441736,41.89550224472692,1
1,4,7,5,22,18.908233496441735,59.29550224472692,6
2,27,7,30,27,24.008233496441736,55.27550224472692,1
4,6,34,28,32,25.008233496441736,41.00550224472692,7
5,20,17,22,27,13.958233496441736,39.15550224472692,9
2,9,13,5,18,10.978233496441735,32.16550224472692,8
5,19,26,19,19,10.978233496441735,39.07550224472692,3
1,23,7,5,16,24.928233496441734,39.94550224472692,8
3,4,31,23,31,21.908233496441735,64.35550224472692,1
1,16,7,5,16,18.908233496441735,35.99550224472692,4
4,29,21,17,14,18.668233496441733,42.33550224472692,5
2,19,7,22,13,10.228233496441735,41.89550224472692,9
2,16,7,19,31,27.988233496441733,55.53550224472692,9
6,4,40,6,40,4.908233496441735,52.70550224472692,1
3,4,17,11,17,9.908233496441735,27.73550224472692,6
2,4,20,7,44,27.988233496441733,53.805502244726924,10
5,16,13,17,24,14.908233496441735,32.36550224472692,1
6,11,30,5,26,11.968233496441735,41.93550224472692,3
1,32,7,5,17,33.638233496441735,46.57550224472692,4
4,5,39,24,39,21.908233496441735,45.53550224472692,6
4,4,24,7,48,27.988233496441733,47.51550224472692,9
7,12,63,21,46,22.698233496441734,64.35550224472692,1
1,25,7,5,14,26.048233496441735,38.09550224472692,8
1,38,7,5,19,39.968233496441734,55.055502244726924,4
4,39,31,40,19,15.908233496441735,55.74550224472692,5
4,21,7,22,17,13.908233496441735,51.63550224472692,8
4,5,38,13,39,10.978233496441735,40.46550224472692,7
4,10,26,21,33,16.118233496441736,37.155502244726925,8
4,4,30,9,36,11.118233496441734,44.00550224472692,8
1,16,7,5,16,18.908233496441735,35.99550224472692,4
8,4,26,9,7,23.328233496441737,39.71550224472692,3
2,4,37,7,56,23.008233496441736,62.47550224472692,2
1,29,7,8,13,26.708233496441736,43.01550224472692,8
3,4,21,12,21,10.908233496441735,29.705502244726922,7
8,4,36,19,7,36.108233496441734,59.94550224472692,3
3,4,19,17,13,17.328233496441733,32.36550224472692,1
2,4,13,6,25,15.948233496441734,27.00550224472692,7
3,38,33,39,20,16.908233496441735,57.27550224472692,5
4,4,30,6,36,9.988233496441735,43.54550224472692,4
3,4,23,22,31,22.698233496441734,34.945502244726924,4
5,18,29,19,35,9.908233496441735,39.54550224472692,9
4,14,53,18,48,9.738233496441735,59.13550224472692,3
4,4,43,35,44,33.928233496441734,53.16550224472692,7
3,4,16,23,14,22.018233496441734,34.74550224472692,6
3,4,20,26,19,24.928233496441734,40.53550224472692,7
3,5,57,14,54,12.448233496441734,56.52550224472692,3
1,4,7,5,24,20.908233496441735,49.13550224472692,6
2,4,34,27,25,27.678233496441734,40.36550224472692,5
3,5,62,19,58,17.508233496441733,62.81550224472692,2
3,4,7,11,9,10.228233496441735,28.33550224472692,10
1,4,7,5,30,26.908233496441735,46.25550224472692,10
2,6,33,7,51,21.908233496441735,61.14550224472692,3
3,4,18,10,24,11.718233496441734,32.16550224472692,8
4,18,44,40,57,28.608233496441734,67.73550224472693,8
1,4,7,5,28,24.908233496441735,62.125502244726924,7
1,4,7,5,24,20.908233496441735,55.78550224472692,7
3,4,52,16,48,15.608233496441734,51.85550224472692,3
6,6,46,22,25,29.718233496441734,48.07550224472692,1
3,4,7,13,7,11.908233496441735,36.585502244726925,10
5,9,38,24,45,19.558233496441733,48.02550224472692,4
3,6,56,26,46,25.378233496441734,58.84550224472692,2
2,4,29,7,51,25.998233496441735,52.02550224472692,2
8,4,29,22,7,31.708233496441736,67.27550224472692,3
3,10,27,17,23,11.118233496441734,32.36550224472692,5
7,30,25,5,16,31.418233496441736,74.13550224472692,2
5,30,39,5,24,33.928233496441734,70.00550224472693,2
2,5,33,6,56,26.908233496441735,64.61550224472693,3
1,25,7,5,14,26.048233496441735,38.09550224472692,8
4,21,24,19,15,13.398233496441735,43.54550224472692,5
4,18,37,27,28,15.948233496441734,46.03550224472692,3
6,31,13,27,13,8.908233496441735,43.01550224472692,8
5,19,21,7,29,19.168233496441733,32.16550224472692,1
3,4,59,11,57,10.228233496441735,59.94550224472692,3
5,4,7,12,7,10.908233496441735,47.40550224472692,6
4,4,45,31,45,29.908233496441735,51.57550224472692,7
1,4,7,5,19,15.908233496441735,31.78550224472692,7
2,4,14,5,27,16.908233496441735,28.94550224472692,7
2,14,7,17,25,22.018233496441734,35.085502244726925,1
1,4,7,5,32,28.908233496441735,49.805502244726924,2
1,4,7,6,40,36.928233496441734,42.20550224472692,5
5,15,20,16,43,26.908233496441735,43.17550224472692,9
4,4,37,15,37,13.908233496441735,45.89550224472692,6
4,41,7,41,13,9.988233496441735,60.70550224472692,8
8,4,22,21,7,25.838233496441735,54.57550224472692,3
8,4,16,29,7,29.538233496441734,65.54550224472692,3
4,4,44,13,46,12.158233496441735,51.60550224472692,6
3,4,28,24,15,26.928233496441734,43.61550224472692,9
1,4,7,6,39,35.928233496441734,40.46550224472692,5
3,4,13,17,13,15.908233496441735,31.475502244726922,9
2,4,38,5,50,15.908233496441735,49.68550224472692,3
3,6,35,10,34,7.068233496441735,34.39550224472692,3
2,4,20,5,33,16.908233496441735,48.02550224472692,8
5,39,7,38,15,12.158233496441735,67.73550224472693,8
2,21,7,24,18,15.088233496441735,41.89550224472692,1
5,33,33,34,23,13.908233496441735,50.22550224472692,3
4,23,56,25,52,8.028233496441734,61.24550224472692,2
6,21,34,5,24,23.628233496441734,61.61550224472692,3
3,21,33,22,20,16.908233496441735,47.16550224472692,5
2,4,38,5,55,20.908233496441735,55.53550224472692,2
1,4,7,5,14,10.908233496441735,43.81550224472692,9
1,4,7,5,20,16.908233496441735,47.29550224472692,1
3,4,26,13,14,18.328233496441733,44.36550224472692,1
3,4,21,11,28,13.128233496441736,42.41550224472692,4
3,4,54,22,41,25.308233496441733,55.51550224472692,2
4,4,20,6,33,16.948233496441734,40.24550224472692,9
2,4,27,5,49,25.908233496441735,50.47550224472692,10
2,4,28,24,21,24.158233496441735,33.85550224472692,5
2,4,24,5,42,21.908233496441735,55.78550224472692,7
2,4,17,6,35,21.938233496441736,35.99550224472692,7
3,6,41,11,37,9.568233496441735,47.73550224472692,3
4,4,17,6,30,16.948233496441734,29.885502244726922,9
6,12,35,9,32,8.908233496441735,42.41550224472692,2
5,16,13,15,19,10.228233496441735,31.475502244726922,9
1,4,7,6,38,34.928233496441734,48.67550224472692,5
3,4,23,16,19,15.608233496441734,44.13550224472692,9
3,4,7,14,8,12.968233496441735,49.46550224472692,10
7,4,15,22,7,22.698233496441734,48.99550224472692,3
2,4,38,5,58,23.908233496441735,58.69550224472692,3
2,4,31,11,27,11.118233496441734,32.36550224472692,5
5,17,25,20,42,21.028233496441736,54.875502244726924,9
5,21,26,5,13,25.308233496441733,49.91550224472692,3
1,4,7,5,21,17.908233496441735,30.53550224472692,10
5,4,7,19,5,18.048233496441735,49.13550224472692,6
1,4,7,5,30,26.908233496441735,50.45550224472692,9
4,4,20,5,39,22.908233496441735,42.20550224472692,9
1,4,7,6,34,30.928233496441734,35.945502244726924,5
3,4,13,25,17,24.308233496441733,37.555502244726924,1
1,18,7,5,18,21.708233496441736,40.46550224472692,4
1,4,7,5,30,26.908233496441735,64.43550224472692,7
3,4,31,25,23,25.448233496441734,57.92550224472692,1
2,4,20,5,34,17.908233496441735,36.42550224472692,10
2,13,12,5,17,14.208233496441736,37.78550224472692,4
5,26,21,29,28,11.188233496441734,40.91550224472692,1
5,28,15,30,29,17.948233496441734,44.58550224472692,9
2,4,32,6,50,21.938233496441736,55.27550224472692,10
4,4,47,17,47,15.908233496441735,59.34550224472692,6
4,16,61,28,53,17.508233496441733,68.85550224472692,3
1,4,7,5,31,27.908233496441735,48.07550224472692,10
5,7,31,22,35,18.468233496441734,38.29550224472692,8
2,4,34,5,57,26.908233496441735,57.19550224472692,3
2,4,27,5,49,25.908233496441735,54.77550224472692,7
1,4,7,5,24,20.908233496441735,47.125502244726924,9
4,6,26,21,28,18.048233496441735,32.555502244726924,6
3,4,26,12,31,12.508233496441735,43.19550224472692,1
4,4,31,12,37,13.128233496441736,47.72550224472692,4
5,17,46,15,39,11.528233496441734,57.19550224472692,3
3,4,27,16,25,15.088233496441735,49.91550224472692,7
6,17,7,18,16,12.908233496441735,35.06550224472692,8
6,29,24,11,20,23.328233496441737,47.73550224472692,3
7,14,19,5,13,15.568233496441735,51.63550224472692,2
2,5,33,6,55,25.908233496441735,55.26550224472692,3
4,4,38,22,38,20.908233496441735,47.305502244726924,7
2,4,31,6,45,17.948233496441734,55.21550224472692,6
1,4,7,5,19,15.908233496441735,44.13550224472692,7
2,4,17,6,27,13.958233496441736,34.13550224472692,6
4,4,47,13,46,11.968233496441735,51.18550224472692,7
7,24,15,19,15,9.908233496441735,32.445502244726924,8
4,14,47,15,40,10.908233496441735,53.58550224472692,2
4,23,46,27,35,15.308233496441735,58.33550224472692,3
2,4,19,6,30,14.958233496441736,38.33550224472692,6
5,13,37,23,43,14.728233496441735,45.78550224472692,4
2,4,20,7,26,10.228233496441735,32.405502244726925,6
5,15,33,18,50,21.028233496441736,50.45550224472692,9
1,4,7,5,13,9.908233496441735,31.475502244726922,9
4,6,39,20,38,16.948233496441734,48.72550224472692,6
5,17,25,20,42,21.028233496441736,54.875502244726924,9
8,4,18,24,7,25.858233496441734,56.23550224472692,3
2,11,13,5,19,13.128233496441736,47.72550224472692,4
4,21,39,22,26,16.908233496441735,49.91550224472692,2
2,4,13,7,31,22.018233496441734,39.59550224472692,6
2,12,7,14,25,21.938233496441736,39.74550224472692,1
1,4,7,5,35,31.908233496441735,47.98550224472692,2
4,24,50,27,43,11.188233496441734,59.24550224472692,2
4,5,38,12,37,9.988233496441735,43.54550224472692,7
3,18,31,20,22,12.968233496441735,39.07550224472692,5
3,4,19,25,18,23.928233496441734,39.94550224472692,7
4,20,23,19,15,12.158233496441735,42.20550224472692,5
5,6,17,11,19,8.378233496441734,21.15550224472692,8
2,4,35,5,51,19.908233496441735,52.35550224472692,3
3,4,17,16,21,15.608233496441734,23.33550224472692,8
3,5,70,19,60,20.308233496441733,70.78550224472693,3
2,18,7,20,26,22.938233496441736,49.19550224472692,9
4,6,42,37,42,33.90823349644173,53.70550224472692,6
2,4,30,7,51,25.008233496441736,62.38550224472692,7
3,4,14,5,18,7.908233496441735,21.185502244726923,8
2,4,29,5,54,28.908233496441735,59.73550224472692,6
5,11,31,19,35,11.968233496441735,36.835502244726925,4
4,6,28,24,28,20.908233496441735,33.85550224472692,7
6,6,42,12,31,15.988233496441735,41.43550224472692,1
6,13,12,5,7,14.208233496441736,35.945502244726924,5
6,9,10,5,7,9.738233496441735,28.795502244726922,5
5,21,36,22,25,14.908233496441735,46.25550224472692,2
4,12,26,23,33,16.118233496441736,37.73550224472692,8
2,19,7,20,21,17.908233496441735,32.16550224472692,1
3,4,16,24,17,22.938233496441736,43.61550224472692,7
2,4,46,7,67,25.008233496441736,68.78550224472693,2
1,4,7,7,44,40.95823349644173,73.13550224472692,3
6,5,24,26,42,30.818233496441735,46.35550224472692,1
3,4,14,12,14,10.908233496441735,32.73550224472692,7
2,4,27,7,41,18.048233496441735,40.24550224472692,2
2,6,16,5,25,13.128233496441736,45.78550224472692,4
2,4,34,6,54,23.928233496441734,55.51550224472692,2
6,6,36,17,37,13.958233496441736,38.64550224472692,1
4,4,26,12,31,12.508233496441735,36.835502244726925,8
1,4,7,7,43,39.968233496441734,67.27550224472692,3
5,12,18,13,27,12.908233496441735,39.49550224472692,1
2,4,19,5,31,15.908233496441735,44.93550224472692,4
3,4,29,20,26,19.208233496441736,49.19550224472692,9
4,11,7,13,16,12.968233496441735,21.65550224472692,8
3,4,29,25,21,25.448233496441734,47.59550224472692,1
3,4,23,13,25,12.158233496441735,44.36550224472692,6
4,5,24,19,25,16.948233496441734,28.33550224472692,7
4,18,26,19,17,12.908233496441735,36.835502244726925,5
2,4,41,20,36,19.718233496441734,46.03550224472692,5
1,25,7,17,12,14.208233496441736,43.81550224472692,4
2,24,7,27,19,16.078233496441733,40.24550224472692,9
6,4,47,11,49,10.228233496441735,55.27550224472692,1
6,19,18,16,18,7.908233496441735,39.07550224472692,8
7,21,29,5,24,21.628233496441734,54.38550224472692,2
2,5,11,5,15,8.028233496441734,30.135502244726922,8
2,10,11,5,15,11.118233496441734,30.59550224472692,8
2,4,27,6,33,9.988233496441735,33.765502244726925,10
3,4,26,25,22,24.308233496441733,59.38550224472692,1
6,25,27,5,15,28.098233496441736,62.39550224472692,2
4,11,39,13,34,9.008233496441735,39.49550224472692,3
1,24,7,7,11,22.348233496441736,35.265502244726925,4
5,4,7,15,5,14.108233496441734,38.33550224472692,6
5,24,40,25,27,16.908233496441735,54.28550224472692,3
4,4,21,5,28,10.908233496441735,41.60550224472692,9
5,15,18,9,18,10.908233496441735,26.635502244726922,8
4,29,22,25,15,12.508233496441735,44.58550224472692,5
3,4,19,5,31,15.908233496441735,45.78550224472692,4
1,4,7,7,32,28.988233496441733,45.84550224472692,3
1,4,7,5,28,24.908233496441735,50.45550224472692,9
2,4,27,5,47,23.908233496441735,57.73550224472692,7
3,4,21,5,36,18.908233496441735,56.64550224472692,8
2,28,7,30,16,12.968233496441735,66.37550224472693,1
2,4,14,6,31,20.938233496441736,35.53550224472692,10
3,4,7,30,8,28.928233496441734,55.27550224472692,10
2,6,14,5,21,11.188233496441734,36.835502244726925,4
5,17,48,5,42,18.228233496441735,58.16550224472692,3
2,4,38,6,58,23.928233496441734,58.69550224472692,2
4,6,44,30,44,26.908233496441735,50.18550224472692,6
4,21,7,22,17,13.908233496441735,51.63550224472692,8
1,4,7,5,29,25.908233496441735,47.73550224472692,9
1,4,7,5,34,30.908233496441735,56.01550224472692,3
1,4,7,5,24,20.908233496441735,47.16550224472692,9
2,22,7,25,23,20.028233496441736,57.92550224472692,1
2,6,29,7,35,9.908233496441735,34.39550224472692,3
7,6,31,12,31,8.908233496441735,30.53550224472692,1
1,4,7,5,27,23.908233496441735,40.20550224472692,10
3,4,7,39,8,37.91823349644173,56.52550224472692,10
3,4,20,18,18,17.058233496441733,42.69550224472692,1
3,4,21,14,23,13.128233496441736,40.70550224472692,9
7,4,26,15,7,25.378233496441734,41.93550224472692,3
3,4,14,12,12,11.188233496441734,34.74550224472692,7
5,12,40,13,35,8.908233496441735,42.41550224472692,2
1,4,7,5,25,21.908233496441735,39.74550224472692,10
2,17,7,20,19,16.078233496441733,46.38550224472692,1
3,16,28,30,21,18.668233496441733,42.33550224472692,5
3,6,52,22,43,21.398233496441733,53.63550224472692,2
2,4,14,5,21,10.908233496441735,33.125502244726924,8
2,29,7,32,19,16.078233496441733,48.17550224472692,9
2,6,14,5,21,11.188233496441734,36.835502244726925,4
1,4,7,5,34,30.908233496441735,42.41550224472692,2
2,4,46,7,57,15.088233496441735,56.73550224472692,2
3,4,15,10,19,10.308233496441735,19.42550224472692,8
2,18,19,5,30,21.708233496441736,65.20550224472693,8
3,4,37,9,37,7.908233496441735,37.155502244726925,2
3,4,15,26,19,25.288233496441734,46.35550224472692,1
5,39,50,40,37,16.908233496441735,70.72550224472693,2
6,5,53,20,45,20.028233496441736,53.91550224472692,1
2,4,27,6,35,11.968233496441735,34.945502244726924,2
1,4,7,5,43,39.90823349644173,59.24550224472692,2
4,4,30,7,54,27.988233496441733,55.26550224472692,9
2,9,15,5,23,13.338233496441735,42.75550224472692,4
2,14,7,15,28,24.908233496441735,52.60550224472692,1
2,4,28,7,52,27.988233496441733,53.63550224472692,2
2,4,29,5,35,9.908233496441735,40.53550224472692,6
5,26,35,24,24,15.308233496441735,58.33550224472692,3
5,14,22,14,33,14.958233496441736,38.10550224472692,1
1,4,7,5,36,32.90823349644173,46.25550224472692,2
1,4,7,5,14,10.908233496441735,23.975502244726922,10
2,4,25,6,31,9.988233496441735,35.21550224472692,6
3,4,20,17,21,15.948233496441734,32.405502244726925,6
5,26,35,24,24,15.308233496441735,58.33550224472692,3
3,4,15,24,13,23.008233496441736,34.60550224472692,7
2,4,22,7,43,25.008233496441736,59.29550224472692,6
7,16,16,12,16,8.908233496441735,25.53550224472692,8
6,11,7,13,13,9.988233496441735,22.17550224472692,8
3,4,25,31,17,31.108233496441734,44.48550224472692,9
5,7,31,22,35,18.468233496441734,38.29550224472692,8
3,4,57,22,46,24.158233496441735,58.34550224472692,2
1,4,7,5,41,37.90823349644173,48.48550224472692,2
1,4,7,5,23,19.908233496441735,42.97550224472692,6
3,4,15,13,15,11.908233496441735,28.33550224472692,7
2,5,29,6,41,15.908233496441735,41.93550224472692,3
4,4,35,25,35,23.908233496441735,40.53550224472692,6
2,13,14,5,21,15.308233496441735,41.77550224472692,8
2,24,7,27,21,18.048233496441735,40.91550224472692,1
2,4,29,5,37,11.908233496441735,37.155502244726925,2
1,4,7,5,27,23.908233496441735,53.70550224472692,10
4,4,21,6,33,15.948233496441734,36.555502244726924,9
1,4,7,5,41,37.90823349644173,63.77550224472692,2
1,4,7,7,34,30.978233496441735,42.33550224472692,5
3,4,31,26,33,25.008233496441736,57.92550224472692,1
4,6,39,27,37,24.008233496441736,44.36550224472692,6
1,4,7,5,15,11.908233496441735,28.33550224472692,7
2,13,12,5,17,14.208233496441736,41.77550224472692,4
5,17,34,18,25,12.908233496441735,41.93550224472692,3
1,4,7,5,24,20.908233496441735,47.16550224472692,9
1,4,7,5,30,26.908233496441735,55.26550224472692,9
3,4,7,22,9,21.028233496441736,36.59550224472692,10
2,4,26,6,34,11.968233496441735,40.36550224472692,10
2,4,19,5,42,26.908233496441735,53.63550224472692,7
1,4,7,5,30,26.908233496441735,49.13550224472692,10
2,5,28,14,22,13.908233496441735,28.795502244726922,5
2,4,19,5,37,21.908233496441735,36.585502244726925,10
4,10,40,17,36,11.118233496441734,42.53550224472692,2
2,4,22,5,42,23.908233496441735,48.54550224472692,10
3,4,13,24,14,22.938233496441736,40.24550224472692,6
5,14,35,5,28,16.118233496441736,48.70550224472692,2
2,4,16,5,25,12.908233496441735,36.835502244726925,8
3,4,22,15,20,14.108233496441734,31.53550224472692,7
5,27,28,28,35,10.908233496441735,47.41550224472692,9
3,4,7,17,8,15.948233496441734,36.91550224472692,10
6,17,16,13,16,8.908233496441735,29.385502244726922,8
4,21,7,20,14,11.188233496441734,48.02550224472692,8
3,4,17,32,20,31.078233496441737,41.65550224472692,1
2,13,7,15,32,28.928233496441734,55.54550224472692,9
3,5,53,9,53,6.908233496441735,52.22550224472692,3
1,4,7,5,21,17.908233496441735,40.24550224472692,9
2,12,7,15,15,12.158233496441735,34.32550224472692,9
2,4,15,5,23,11.908233496441735,33.835502244726925,4
3,4,28,49,27,47.91823349644173,68.47550224472693,7
5,16,33,26,39,14.728233496441735,43.81550224472692,4
2,4,16,5,25,12.908233496441735,39.94550224472692,8
4,4,32,5,41,12.908233496441735,62.45550224472692,9
3,4,7,48,8,46.91823349644173,67.77550224472692,10
4,4,15,7,34,23.008233496441736,41.43550224472692,1
1,4,7,5,18,14.908233496441735,32.46550224472692,9
6,5,24,26,42,30.818233496441735,46.35550224472692,1
2,4,13,6,22,12.968233496441735,23.02550224472692,10
2,18,19,5,32,23.008233496441736,67.73550224472693,8
5,23,44,24,31,16.908233496441735,57.15550224472692,2
3,5,58,31,53,29.408233496441735,63.24550224472692,2
6,24,43,24,39,8.028233496441734,61.24550224472692,2
4,4,38,19,37,17.948233496441734,42.97550224472692,6
2,4,35,5,51,19.908233496441735,52.35550224472692,3
3,6,45,15,41,12.848233496441734,45.38550224472692,3
1,4,7,5,46,42.90823349644173,61.24550224472692,2
3,4,17,5,28,14.908233496441735,43.81550224472692,4
3,4,25,31,17,31.108233496441734,44.48550224472692,9
3,6,49,22,39,21.938233496441736,51.22550224472692,3
3,4,19,5,30,14.908233496441735,52.22550224472692,8
3,4,25,15,34,17.358233496441734,51.14550224472692,8
2,17,7,20,17,14.108233496441734,32.99550224472692,1
3,4,15,19,15,17.908233496441735,29.94550224472692,7
2,4,33,5,58,28.908233496441735,58.98550224472692,2
3,4,22,24,22,22.908233496441735,48.055502244726924,6
5,23,18,25,24,9.988233496441735,31.78550224472692,1
3,4,21,9,28,11.968233496441735,37.78550224472692,4
5,24,54,19,47,13.128233496441736,68.78550224472693,2
3,4,28,20,31,19.208233496441736,40.875502244726924,1
3,4,32,19,33,17.948233496441734,53.91550224472692,1
4,5,23,13,21,11.188233496441734,23.42550224472692,7
3,4,7,26,9,25.008233496441736,59.76550224472692,10
2,4,28,7,42,18.048233496441735,51.76550224472692,6
3,4,25,26,35,27.168233496441736,40.53550224472692,4
2,23,7,26,21,18.048233496441735,45.49550224472692,9
5,4,7,13,6,11.968233496441735,23.33550224472692,6
2,28,7,31,17,14.108233496441734,44.48550224472692,9
1,4,7,5,18,14.908233496441735,45.35550224472692,6
2,4,34,7,55,25.008233496441736,56.45550224472692,2
1,4,7,5,20,16.908233496441735,43.07550224472692,7
3,4,13,24,14,22.938233496441736,42.41550224472692,6
2,4,20,5,33,16.908233496441735,54.57550224472692,8
4,4,20,11,23,10.618233496441734,31.78550224472692,4
1,4,7,5,39,35.90823349644173,41.31550224472692,5
1,25,7,5,20,28.608233496441734,48.95550224472692,4
3,4,31,24,28,23.148233496441733,56.10550224472692,9
4,22,14,5,7,23.218233496441734,33.96550224472692,5
5,14,49,14,44,9.008233496441735,56.52550224472692,3
4,35,25,21,16,21.398233496441733,52.28550224472692,5
5,37,19,14,13,28.648233496441733,53.63550224472692,5
3,4,55,15,50,15.088233496441735,57.15550224472692,2
2,11,11,5,15,11.968233496441735,34.60550224472692,8
5,14,43,27,51,18.328233496441733,56.64550224472692,8
3,4,27,20,19,20.908233496441735,46.38550224472692,1
2,4,32,7,42,14.108233496441734,53.70550224472692,7
5,14,18,15,39,24.908233496441735,61.43550224472692,1
5,21,13,5,7,21.938233496441736,38.83550224472692,5
1,4,7,5,23,19.908233496441735,43.38550224472692,9
2,6,41,19,31,19.528233496441732,43.54550224472692,5
4,4,40,13,48,15.218233496441735,65.44550224472692,8
1,4,7,5,22,18.908233496441735,33.39550224472692,10
5,14,13,5,7,15.568233496441735,30.135502244726922,5
5,13,16,14,29,16.908233496441735,33.99550224472692,1
6,4,38,22,7,39.26823349644173,70.78550224472693,3
1,9,7,5,11,10.308233496441735,19.42550224472692,8
2,4,30,5,43,16.908233496441735,42.64550224472692,2
1,4,7,5,20,16.908233496441735,56.52550224472692,10
6,4,38,22,7,39.26823349644173,70.78550224472693,3
6,11,30,5,26,11.968233496441735,42.64550224472692,2
5,18,28,21,45,21.028233496441736,46.76550224472692,9
5,4,7,18,8,16.948233496441734,32.405502244726925,6
4,4,25,7,44,23.008233496441736,49.21550224472692,1
7,30,14,24,14,10.908233496441735,45.23550224472692,8
2,5,28,6,36,11.908233496441735,37.31550224472692,3
6,14,41,5,35,15.568233496441735,59.13550224472692,3
6,15,14,11,14,8.908233496441735,23.33550224472692,8
1,4,7,5,30,26.908233496441735,58.305502244726924,3
7,25,34,5,28,25.748233496441735,67.27550224472692,3
6,12,7,13,13,9.908233496441735,23.42550224472692,8
3,4,7,14,7,12.908233496441735,23.02550224472692,10
6,24,7,25,13,9.908233496441735,42.15550224472692,8
4,9,52,14,49,8.908233496441735,52.40550224472692,3
2,25,7,28,28,25.008233496441736,44.73550224472692,1
3,4,58,18,52,18.228233496441735,67.38550224472692,3
1,38,7,16,17,28.988233496441733,58.03550224472692,4
4,4,32,10,38,11.718233496441734,48.02550224472692,4
4,4,17,5,33,19.908233496441735,51.32550224472692,1
6,11,12,5,7,12.508233496441735,36.835502244726925,5
1,4,7,6,46,42.91823349644173,49.36550224472692,5
3,4,23,16,31,17.508233496441733,46.14550224472692,4
3,4,37,47,51,48.178233496441734,66.36550224472693,8
6,18,23,5,15,20.028233496441736,48.99550224472692,3
4,5,31,21,39,20.908233496441735,41.31550224472692,4
1,4,7,5,26,22.908233496441735,39.06550224472692,1
1,30,7,5,19,32.54823349644173,49.94550224472692,4
3,4,32,19,13,27.508233496441736,52.66550224472692,9
6,23,31,15,25,14.728233496441735,57.15550224472692,2
4,18,58,21,49,13.128233496441736,62.81550224472692,2
6,5,40,13,27,18.668233496441733,39.49550224472692,1
5,33,42,29,27,19.718233496441734,73.07550224472693,2
1,4,7,5,22,18.908233496441735,43.01550224472692,1
3,4,25,26,25,24.908233496441735,55.75550224472692,6
7,8,44,24,38,20.068233496441735,47.59550224472692,1
3,4,16,32,15,30.928233496441734,46.64550224472692,7
3,21,37,23,31,9.988233496441735,45.78550224472692,5
4,14,47,39,40,28.908233496441735,61.14550224472692,3
4,14,56,20,51,10.978233496441735,58.69550224472692,2
1,4,7,5,36,32.90823349644173,46.25550224472692,2
1,4,7,6,28,24.928233496441734,28.795502244726922,5
2,4,18,5,29,14.908233496441735,44.36550224472692,4
5,4,7,23,8,21.938233496441736,64.94550224472692,6
5,13,16,13,37,24.928233496441734,36.85550224472692,9
3,4,26,22,19,22.288233496441734,48.07550224472692,1
2,17,7,18,30,26.908233496441735,50.45550224472692,9
1,4,7,7,34,30.978233496441735,51.22550224472692,3
5,26,16,20,16,10.908233496441735,39.59550224472692,8
5,25,43,26,29,17.908233496441735,57.92550224472692,3
3,4,15,5,23,11.908233496441735,32.36550224472692,4
4,4,22,11,26,11.118233496441734,30.59550224472692,8
4,6,36,24,45,23.148233496441733,49.44550224472692,8
1,4,7,5,31,27.908233496441735,32.82550224472692,5
5,4,7,24,5,23.008233496441736,35.36550224472692,6
4,4,28,6,34,9.988233496441735,42.41550224472692,9
1,4,7,5,27,23.908233496441735,50.72550224472692,1
3,4,22,15,20,14.108233496441734,31.53550224472692,7
1,4,7,5,23,19.908233496441735,44.73550224472692,1
2,4,35,5,44,12.908233496441735,47.59550224472692,3
5,16,35,17,30,8.908233496441735,39.71550224472692,3
6,30,13,24,13,10.908233496441735,45.23550224472692,8
3,4,25,14,26,12.968233496441735,50.98550224472692,7
5,20,31,23,45,18.048233496441735,47.58550224472692,9
7,11,20,5,16,11.968233496441735,37.31550224472692,3
2,22,7,24,15,11.968233496441735,42.75550224472692,1
5,18,15,5,7,20.028233496441736,39.07550224472692,5
2,4,23,7,48,28.988233496441733,52.06550224472692,6
1,4,7,6,34,30.928233496441734,53.04550224472692,3
1,4,7,5,45,41.90823349644173,55.65550224472692,2
1,4,7,5,27,23.908233496441735,46.38550224472692,1
1,4,7,5,15,11.908233496441735,40.20550224472692,10
1,4,7,5,27,23.908233496441735,52.39550224472692,7
6,4,40,6,40,4.908233496441735,52.70550224472692,1
2,6,32,18,27,15.988233496441735,39.50550224472692,5
2,13,7,16,20,17.058233496441733,43.17550224472692,9
4,38,20,5,7,40.30823349644173,57.27550224472692,5
4,12,30,27,37,19.558233496441733,45.23550224472692,8
4,4,37,34,35,32.97823349644173,47.26550224472692,6
1,4,7,6,41,37.91823349644173,67.27550224472692,3
3,4,24,20,24,18.908233496441735,43.61550224472692,1
2,6,12,5,17,9.298233496441734,41.77550224472692,8
1,4,7,5,19,15.908233496441735,44.75550224472692,9
4,21,7,22,18,14.908233496441735,48.02550224472692,8
3,4,22,13,30,15.218233496441735,45.23550224472692,8
4,4,30,5,53,26.908233496441735,54.23550224472692,9
2,22,7,24,19,15.948233496441734,47.125502244726924,9
5,18,13,5,7,19.138233496441735,37.73550224472692,5
5,4,7,24,7,22.908233496441735,44.36550224472692,6
1,4,7,6,31,27.928233496441734,47.16550224472692,3
4,18,63,25,54,14.728233496441735,68.78550224472693,2
2,5,34,6,48,17.908233496441735,53.04550224472692,3
4,9,31,24,39,20.028233496441736,42.75550224472692,4
5,4,7,14,5,13.128233496441736,35.085502244726925,6
3,4,30,18,35,17.838233496441735,55.26550224472692,9
6,41,29,34,21,15.218233496441735,66.93550224472692,2
3,29,37,40,31,15.568233496441735,55.74550224472692,5
4,16,42,17,33,12.908233496441735,49.21550224472692,3
4,16,51,18,47,8.028233496441734,55.26550224472692,3
3,5,53,9,53,6.908233496441735,52.22550224472692,3
6,10,11,5,7,11.118233496441734,32.36550224472692,5
3,4,7,14,8,12.968233496441735,38.77550224472692,10
8,4,37,13,7,34.958233496441736,52.40550224472692,3
5,19,46,5,37,21.398233496441733,61.57550224472692,2
3,5,45,19,37,19.168233496441733,47.16550224472692,3
2,4,21,6,42,24.928233496441734,49.63550224472692,7
1,4,7,5,21,17.908233496441735,40.70550224472692,9
1,4,7,6,30,26.928233496441734,33.555502244726924,5
4,16,23,17,15,11.908233496441735,31.475502244726922,5
3,4,23,6,31,11.968233496441735,41.31550224472692,4
6,14,39,5,33,15.568233496441735,58.33550224472692,2
1,4,7,5,18,14.908233496441735,32.10550224472692,7
3,4,25,15,24,13.958233496441736,36.93550224472692,7
5,4,7,25,7,23.908233496441735,45.35550224472692,6
1,4,7,5,21,17.908233496441735,41.60550224472692,9
2,20,7,22,22,18.938233496441732,47.16550224472692,9
2,4,12,5,17,8.908233496441735,25.33550224472692,8
7,16,29,5,21,18.328233496441733,70.15550224472693,3
6,6,42,20,45,17.248233496441735,46.38550224472692,1
1,24,7,13,12,16.908233496441735,42.15550224472692,8
4,5,52,30,50,27.988233496441733,63.54550224472692,6
1,19,7,5,12,19.718233496441734,30.37550224472692,8
3,4,20,33,19,31.928233496441734,52.22550224472692,6
2,5,30,6,54,27.908233496441735,65.97550224472693,3
2,4,31,6,39,11.968233496441735,45.53550224472692,6
4,5,38,25,39,22.938233496441736,43.27550224472692,7
5,4,7,25,7,23.908233496441735,38.33550224472692,6
1,4,7,5,18,14.908233496441735,37.73550224472692,1
3,4,14,11,14,9.908233496441735,30.53550224472692,1
1,4,7,5,31,27.908233496441735,51.63550224472692,2
3,4,30,19,42,22.348233496441736,65.20550224472693,8
3,4,15,32,19,31.198233496441734,48.17550224472692,9
1,19,7,5,16,21.398233496441733,37.295502244726926,4
4,5,30,13,31,10.978233496441735,38.33550224472692,6
2,11,7,14,29,25.998233496441735,47.51550224472692,9
3,4,19,5,32,16.908233496441735,48.02550224472692,4
5,44,52,45,33,22.908233496441735,79.31550224472693,3
4,14,44,24,38,14.728233496441735,51.63550224472692,2
5,4,7,16,6,14.958233496441736,36.93550224472692,6
3,4,30,7,42,16.078233496441733,57.41550224472692,8
1,4,7,7,27,24.008233496441736,30.53550224472692,5
4,20,28,21,17,14.908233496441735,41.31550224472692,5
4,4,20,6,41,24.928233496441734,47.29550224472692,1
6,5,55,26,47,25.448233496441734,57.92550224472692,1
4,4,18,5,33,18.908233496441735,40.91550224472692,1
2,18,7,19,29,25.908233496441735,39.54550224472692,9
5,17,34,18,27,10.908233496441735,39.15550224472692,2
3,27,23,28,15,11.908233496441735,38.77550224472692,5
2,23,7,25,17,13.958233496441736,37.555502244726924,1
1,13,7,6,11,12.848233496441734,23.33550224472692,8
3,14,23,21,20,10.618233496441734,31.93550224472692,5
3,4,27,20,19,20.908233496441735,46.38550224472692,1
5,13,41,5,34,15.308233496441735,51.42550224472692,2
4,21,40,22,31,12.908233496441735,47.16550224472692,3
2,16,7,19,28,25.008233496441736,46.76550224472692,9
4,13,14,5,7,15.308233496441735,27.46550224472692,5
1,4,7,5,30,26.908233496441735,51.50550224472692,7
5,29,33,30,24,12.908233496441735,47.73550224472692,3
6,30,31,12,26,23.558233496441733,53.24550224472692,3
4,10,40,17,36,11.118233496441734,42.53550224472692,2
5,22,36,21,61,28.988233496441733,62.45550224472692,9
7,14,20,5,13,16.118233496441736,54.28550224472692,3
4,11,7,11,17,13.958233496441736,22.99550224472692,8
7,10,24,5,20,11.118233496441734,42.53550224472692,2
4,17,31,32,39,20.028233496441736,47.40550224472692,4
1,4,7,5,31,27.908233496441735,32.82550224472692,5
4,14,34,31,43,22.268233496441734,51.14550224472692,8
1,4,7,5,13,9.908233496441735,42.25550224472692,7
3,16,37,23,31,12.398233496441735,46.68550224472692,5
1,4,7,5,32,28.908233496441735,49.91550224472692,1
5,18,38,5,28,21.108233496441734,55.53550224472692,2
2,6,34,7,49,18.908233496441735,51.22550224472692,3
5,16,33,26,39,14.728233496441735,43.81550224472692,4
1,4,7,6,37,33.928233496441734,47.59550224472692,3
2,4,35,17,25,19.528233496441732,35.99550224472692,5
4,6,29,15,31,12.158233496441735,31.53550224472692,7
7,10,25,5,21,11.118233496441734,47.59550224472692,3
1,4,7,5,41,37.90823349644173,45.64550224472692,2
5,14,15,15,34,22.908233496441735,34.32550224472692,9
4,4,15,9,17,8.378233496441734,22.50550224472692,8
5,25,15,5,7,26.378233496441734,43.95550224472692,5
1,4,7,5,25,21.908233496441735,35.89550224472692,10
2,14,7,15,28,24.908233496441735,52.60550224472692,1
2,6,44,7,66,25.908233496441735,73.13550224472692,3
7,26,31,5,25,26.708233496441736,70.72550224472693,2
1,22,7,12,13,16.438233496441732,45.78550224472692,4
2,4,27,14,21,14.728233496441735,27.46550224472692,5
2,4,32,5,50,21.908233496441735,52.15550224472692,10
5,12,16,9,16,7.908233496441735,21.65550224472692,8
4,4,28,28,33,27.448233496441734,50.08550224472692,4
3,4,65,19,56,20.548233496441735,65.20550224472693,3
3,4,26,27,26,25.908233496441735,43.54550224472692,7
4,5,30,20,37,19.558233496441733,39.07550224472692,8
4,20,48,21,36,15.908233496441735,58.98550224472692,2
3,4,37,34,51,36.108233496441734,60.53550224472692,8
5,30,53,31,40,16.908233496441735,67.27550224472692,3
1,4,7,5,30,26.908233496441735,45.555502244726924,9
5,6,21,13,23,10.228233496441735,23.42550224472692,8
5,22,21,21,40,23.008233496441736,52.15550224472692,1
2,4,37,7,56,23.008233496441736,62.47550224472692,2
5,6,27,20,31,17.508233496441733,33.835502244726925,4
1,17,7,12,11,11.118233496441734,34.60550224472692,8
4,4,32,7,53,25.008233496441736,61.43550224472692,1
6,26,35,13,29,19.138233496441735,59.24550224472692,2
5,4,7,27,7,25.908233496441735,59.73550224472692,6
5,11,7,11,18,14.958233496441736,21.185502244726923,8
2,12,12,5,17,13.338233496441735,42.15550224472692,8
4,11,7,12,15,11.908233496441735,23.89550224472692,8
3,4,15,17,15,15.908233496441735,27.16550224472692,7
2,4,25,7,50,28.988233496441733,64.94550224472692,7
3,6,63,26,59,23.328233496441737,67.27550224472692,3
3,4,7,17,9,16.078233496441733,29.725502244726922,10
4,4,32,6,38,9.988233496441735,48.02550224472692,4
4,4,22,6,40,21.938233496441736,50.75550224472692,9
1,4,7,5,27,23.908233496441735,41.00550224472692,7
3,4,37,35,51,37.01823349644173,58.78550224472692,8
3,4,22,33,21,31.928233496441734,53.54550224472692,7
5,6,48,30,57,28.608233496441734,62.35550224472692,8
2,4,40,16,33,16.948233496441734,42.20550224472692,5
3,5,53,37,41,37.14823349644173,61.57550224472692,2
1,4,7,5,29,25.908233496441735,49.19550224472692,9
2,4,43,21,31,23.908233496441735,44.93550224472692,5
3,4,23,15,31,16.718233496441734,31.53550224472692,4
5,15,27,15,33,9.988233496441735,33.765502244726925,9
3,16,28,19,21,11.188233496441734,37.73550224472692,5
3,4,19,21,19,19.908233496441735,44.44550224472692,7
2,4,27,7,40,17.058233496441733,45.19550224472692,10
2,4,16,5,25,12.908233496441735,39.94550224472692,8
4,11,35,18,31,11.118233496441734,37.31550224472692,3
1,4,7,6,37,33.928233496441734,45.23550224472692,5
6,14,39,5,33,15.568233496441735,57.19550224472692,3
1,4,7,5,32,28.908233496441735,64.33550224472692,6
6,4,39,12,7,36.66823349644173,53.805502244726924,3
1,4,7,5,22,18.908233496441735,43.74550224472692,9
1,11,7,5,12,12.508233496441735,22.73550224472692,8
6,10,11,5,7,11.118233496441734,33.555502244726924,5
2,5,30,6,54,27.908233496441735,65.97550224472693,3
1,15,7,6,13,15.568233496441735,31.08550224472692,8
6,36,7,37,16,12.908233496441735,52.22550224472692,8
1,4,7,6,45,41.91823349644173,53.33550224472692,5
2,4,29,6,48,22.938233496441736,49.19550224472692,10
6,4,44,27,29,30.538233496441734,48.58550224472692,1
5,25,21,25,52,34.928233496441734,55.19550224472692,1
3,4,32,38,30,36.968233496441734,64.33550224472692,6
2,6,14,5,21,11.188233496441734,38.82550224472692,8
2,5,32,6,42,13.908233496441735,48.54550224472692,3
3,4,14,23,18,22.348233496441736,40.52550224472692,1
1,19,7,12,12,13.338233496441735,39.07550224472692,4
1,4,7,5,31,27.908233496441735,55.21550224472692,6
4,14,42,15,35,10.908233496441735,48.70550224472692,2
2,4,44,17,37,17.798233496441735,46.68550224472692,5
4,4,14,7,29,19.038233496441734,40.52550224472692,1
4,6,25,17,31,15.568233496441735,32.36550224472692,4
6,29,15,25,15,8.908233496441735,56.14550224472692,8
2,15,14,5,21,16.948233496441734,52.94550224472692,8
3,5,45,22,40,20.668233496441736,47.16550224472692,3
2,4,40,6,52,15.948233496441734,55.625502244726924,2
5,21,45,22,34,14.908233496441735,54.57550224472692,3
5,26,41,27,28,16.908233496441735,55.625502244726924,2
1,34,7,5,19,36.218233496441734,52.39550224472692,8
5,4,7,16,9,15.088233496441735,52.06550224472692,6
4,4,25,6,45,23.928233496441734,50.47550224472692,9
1,4,7,5,34,30.908233496441735,57.19550224472692,3
7,18,59,25,43,20.998233496441735,61.99550224472692,1
1,4,7,6,29,25.928233496441734,33.96550224472692,5
5,11,29,5,23,13.128233496441736,38.51550224472692,3
5,30,53,31,41,15.908233496441735,67.27550224472692,3
4,4,26,7,46,24.008233496441736,48.07550224472692,1
5,18,15,5,7,20.028233496441736,43.54550224472692,5
3,4,13,22,14,20.938233496441736,39.59550224472692,6
3,4,19,5,30,14.908233496441735,44.00550224472692,8
5,27,15,30,40,28.988233496441733,47.73550224472692,9
2,4,14,7,33,23.008233496441736,32.73550224472692,7
1,4,7,7,29,25.998233496441735,48.54550224472692,3
3,4,25,34,27,32.97823349644173,57.27550224472692,6
2,4,23,7,39,20.028233496441736,44.36550224472692,6
5,17,33,18,24,12.908233496441735,41.93550224472692,3
2,6,11,5,15,8.378233496441734,35.265502244726925,4
2,4,28,6,52,27.928233496441734,63.54550224472692,6
1,4,7,5,27,23.908233496441735,47.125502244726924,1
4,4,15,6,24,12.968233496441735,46.35550224472692,1
4,17,28,30,35,17.798233496441735,44.43550224472692,8
1,4,7,5,30,26.908233496441735,50.22550224472692,3
3,4,23,15,22,13.958233496441736,38.10550224472692,1
3,5,49,11,49,8.908233496441735,48.95550224472692,2
1,27,7,11,13,21.938233496441736,38.77550224472692,4
3,4,19,25,18,23.928233496441734,39.94550224472692,7
7,23,22,5,15,24.158233496441735,57.92550224472692,3
3,5,56,38,43,38.44823349644173,64.61550224472693,3
1,4,7,6,44,40.91823349644173,79.31550224472693,3
5,4,7,24,9,23.008233496441736,40.53550224472692,6
3,4,18,23,19,21.938233496441736,55.74550224472692,6
2,5,10,5,13,7.068233496441735,26.12550224472692,8
4,25,49,30,38,15.608233496441734,64.13550224472692,2
2,4,28,7,42,18.048233496441735,51.76550224472692,6
3,4,32,27,30,25.998233496441735,46.875502244726924,7
4,10,25,28,31,21.938233496441736,38.77550224472692,4
4,21,14,5,7,22.288233496441734,31.78550224472692,5
5,18,17,12,12,12.508233496441735,36.835502244726925,5
6,17,7,18,16,12.908233496441735,35.06550224472692,8
1,4,7,6,28,24.928233496441734,37.31550224472692,3
2,10,7,11,20,16.908233496441735,41.04550224472692,9
1,4,7,5,15,11.908233496441735,41.43550224472692,1
1,4,7,5,15,11.908233496441735,41.04550224472692,9
2,4,33,16,28,15.988233496441735,41.60550224472692,5
5,14,31,5,22,17.358233496441734,45.79550224472692,2
3,5,57,22,49,21.798233496441735,64.89550224472693,2
3,13,22,15,17,9.008233496441735,28.795502244726922,5
4,4,47,13,46,11.968233496441735,51.18550224472692,7
2,4,35,5,60,28.908233496441735,64.13550224472692,2
2,6,27,14,22,12.508233496441735,27.89550224472692,5
5,14,34,15,29,8.908233496441735,37.155502244726925,2
7,22,36,5,31,22.588233496441735,61.43550224472692,3
3,24,31,35,23,16.718233496441734,48.67550224472692,5
7,10,29,5,25,11.118233496441734,45.09550224472692,3
2,4,27,22,21,21.938233496441736,31.78550224472692,5
1,4,7,5,23,19.908233496441735,53.24550224472692,6
6,25,25,5,13,28.098233496441736,65.95550224472693,2
3,10,27,19,23,12.848233496441734,33.31550224472692,5
5,14,23,15,42,22.908233496441735,41.93550224472692,9
3,4,30,19,31,17.948233496441734,55.53550224472692,9
1,4,7,5,29,25.908233496441735,38.51550224472692,3
1,4,7,5,30,26.908233496441735,54.875502244726924,9
2,5,36,6,45,12.908233496441735,45.09550224472692,3
5,14,34,5,27,16.118233496441736,45.79550224472692,2
1,23,7,10,15,20.028233496441736,42.75550224472692,4
2,5,36,6,57,24.908233496441735,61.43550224472692,3
4,4,24,12,28,11.968233496441735,34.60550224472692,8
6,17,31,16,27,8.378233496441734,48.54550224472692,3
4,4,21,5,36,18.908233496441735,39.15550224472692,9
5,29,7,30,14,10.908233496441735,44.43550224472692,8
4,13,48,14,41,10.908233496441735,51.42550224472692,2
1,4,7,6,34,30.928233496441734,35.945502244726924,5
6,39,35,15,29,29.618233496441736,67.38550224472692,2
4,4,35,25,33,24.008233496441736,43.33550224472692,6
3,5,54,17,49,15.988233496441735,56.23550224472692,3
1,4,7,5,20,16.908233496441735,47.305502244726924,6
1,4,7,5,22,18.908233496441735,59.29550224472692,6
3,4,32,13,34,12.158233496441735,58.14550224472692,9
6,6,34,14,29,12.508233496441735,33.99550224472692,1
5,16,33,5,24,18.908233496441735,49.21550224472692,3
3,4,54,38,41,39.37823349644173,62.96550224472692,2
4,4,30,7,36,10.228233496441735,43.54550224472692,4
7,16,34,5,30,16.558233496441733,55.26550224472692,3
3,13,27,17,23,8.908233496441735,32.36550224472692,5
3,4,14,27,18,26.268233496441734,45.53550224472692,1
3,5,54,15,49,14.208233496441736,65.97550224472693,3
1,4,7,5,31,27.908233496441735,32.36550224472692,5
3,4,23,13,21,12.158233496441735,43.38550224472692,9
5,25,18,27,24,9.988233496441735,33.335502244726925,9
2,4,19,5,43,27.908233496441735,52.54550224472692,6
1,4,7,5,18,14.908233496441735,45.53550224472692,9
4,4,41,34,42,32.928233496441734,50.98550224472692,7
3,6,58,18,54,15.608233496441734,58.16550224472692,3
5,14,13,5,7,15.568233496441735,30.135502244726922,5
1,4,7,5,45,41.90823349644173,67.77550224472692,2
1,18,7,7,14,17.798233496441735,36.835502244726925,4
1,4,7,5,26,22.908233496441735,43.54550224472692,7
3,4,7,24,9,23.008233496441736,35.36550224472692,10
1,4,7,6,34,30.928233496441734,35.945502244726924,5
4,4,31,14,37,14.728233496441735,45.78550224472692,4
5,18,15,5,7,20.028233496441736,40.42550224472692,5
2,4,31,5,54,26.908233496441735,55.51550224472692,2
3,4,7,20,9,19.038233496441734,36.42550224472692,10
4,4,27,25,52,35.928233496441734,55.19550224472692,1
1,4,7,5,42,38.90823349644173,57.08550224472692,3
1,4,7,5,44,40.90823349644173,59.875502244726924,2
1,4,7,5,14,10.908233496441735,35.945502244726924,7
4,19,7,22,18,15.088233496441735,30.37550224472692,8
7,30,14,25,14,9.908233496441735,56.64550224472692,8
5,39,44,40,29,18.908233496441735,67.38550224472692,3
5,26,45,15,39,17.328233496441733,58.33550224472692,2
2,5,11,5,14,7.068233496441735,23.33550224472692,8
7,22,19,5,13,22.878233496441734,52.95550224472692,2
7,14,25,5,19,15.568233496441735,57.15550224472692,2
5,6,27,17,31,14.678233496441734,32.36550224472692,4
5,26,19,28,32,16.948233496441734,40.24550224472692,9
1,4,7,5,24,20.908233496441735,43.61550224472692,1
2,4,42,6,65,26.928233496441734,66.56550224472693,2
5,18,31,26,35,11.968233496441735,40.53550224472692,4
2,38,15,5,23,38.83823349644173,74.84550224472693,8
1,4,7,5,28,24.908233496441735,68.47550224472693,7
2,4,26,6,42,19.938233496441736,44.89550224472692,7
4,33,7,36,14,11.188233496441734,60.53550224472692,8
1,4,7,5,25,21.908233496441735,49.21550224472692,1
1,4,7,5,31,27.908233496441735,52.54550224472692,1
3,4,19,5,31,15.908233496441735,47.72550224472692,4
4,16,23,17,15,11.908233496441735,32.36550224472692,5
3,6,44,13,42,10.228233496441735,46.25550224472692,2
6,25,27,5,15,28.098233496441736,62.39550224472692,2
6,21,29,5,19,23.628233496441734,64.89550224472693,2
4,12,53,22,47,14.728233496441735,56.45550224472692,2
3,4,20,13,22,12.158233496441735,35.61550224472692,1
3,4,17,12,23,13.128233496441736,22.99550224472692,8
3,6,50,35,41,33.318233496441735,57.96550224472692,3
5,13,23,12,40,21.028233496441736,40.70550224472692,9
4,27,44,29,38,9.988233496441735,53.04550224472692,3
1,4,7,5,29,25.908233496441735,67.82550224472692,6
5,19,44,20,35,12.908233496441735,52.02550224472692,2
1,4,7,7,33,29.988233496441733,46.03550224472692,3
1,4,7,5,20,16.908233496441735,43.82550224472692,10
1,4,7,7,29,25.998233496441735,34.39550224472692,3
4,10,39,16,35,10.308233496441735,39.375502244726924,2
2,4,41,6,63,25.928233496441734,63.77550224472692,2
3,18,31,20,22,12.968233496441735,39.07550224472692,5
8,4,30,16,7,29.408233496441735,55.26550224472692,3
1,4,7,5,14,10.908233496441735,21.69550224472692,7
1,4,7,5,46,42.90823349644173,49.36550224472692,5
4,5,42,22,41,19.938233496441736,44.44550224472692,7
3,4,24,29,27,28.098233496441736,50.47550224472692,1
4,6,25,17,31,15.568233496441735,32.36550224472692,4
2,29,7,32,20,17.058233496441733,41.65550224472692,1
6,21,7,24,15,12.158233496441735,32.445502244726924,8
5,7,17,12,19,8.378233496441734,19.955502244726922,8
3,4,23,20,23,18.908233496441735,45.23550224472692,6
1,4,7,6,32,28.928233496441734,49.91550224472692,3
3,4,7,12,9,11.188233496441734,30.53550224472692,10
5,9,27,17,31,11.968233496441735,32.36550224472692,4
4,4,36,19,36,17.908233496441735,42.54550224472692,6
2,4,34,6,43,12.968233496441735,42.41550224472692,2
4,6,23,17,25,14.108233496441734,27.73550224472692,6
7,8,62,15,39,27.678233496441734,61.43550224472692,1
1,4,7,7,44,40.95823349644173,73.13550224472692,3
3,4,15,5,24,12.908233496441735,35.06550224472692,8
1,4,7,5,19,15.908233496441735,45.23550224472692,6
3,4,19,7,25,10.228233496441735,32.36550224472692,4
2,4,13,5,19,9.908233496441735,26.635502244726922,8
4,21,54,26,43,15.608233496441734,61.61550224472692,3
4,14,53,18,48,9.738233496441735,59.13550224472692,3
4,6,34,23,43,22.268233496441734,45.78550224472692,4
3,4,28,26,32,25.288233496441734,58.84550224472692,1
2,4,19,6,26,10.978233496441735,31.03550224472692,10
3,16,25,17,16,12.908233496441735,35.99550224472692,5
1,12,7,5,13,13.908233496441735,26.635502244726922,8
2,4,23,6,44,24.928233496441734,45.84550224472692,10
2,5,31,6,45,17.908233496441735,47.16550224472692,3
3,16,25,17,16,12.908233496441735,35.99550224472692,5
3,4,37,19,31,19.138233496441735,39.07550224472692,3
3,4,31,21,43,23.908233496441735,44.93550224472692,4
3,5,49,11,49,8.908233496441735,48.95550224472692,2
7,6,44,10,37,11.528233496441734,43.19550224472692,1
2,20,7,21,23,19.908233496441735,50.31550224472692,9
3,4,7,12,8,10.978233496441735,32.46550224472692,10
1,4,7,5,19,15.908233496441735,32.46550224472692,10
5,21,46,22,35,14.908233496441735,55.51550224472692,2
2,4,16,6,38,25.928233496441734,42.97550224472692,7
4,24,43,31,32,16.438233496441732,55.78550224472692,2
2,4,27,5,40,16.908233496441735,47.15550224472692,6
4,4,32,5,41,12.908233496441735,62.45550224472692,9
1,4,7,5,23,19.908233496441735,52.70550224472692,1
2,5,31,15,25,14.728233496441735,33.835502244726925,5
1,4,7,5,16,12.908233496441735,44.73550224472692,9
1,26,7,8,18,25.858233496441734,55.65550224472692,8
1,16,7,11,11,11.118233496441734,33.31550224472692,8
2,4,15,6,27,15.948233496441734,33.335502244726925,6
3,4,28,27,31,26.108233496441734,52.94550224472692,9
3,4,21,15,23,14.108233496441734,50.81550224472692,6
4,37,42,38,30,15.908233496441735,61.33550224472692,2
3,4,39,12,35,11.968233496441735,38.51550224472692,3
4,4,17,5,27,13.908233496441735,41.65550224472692,1
5,4,7,14,7,12.908233496441735,55.75550224472692,6
4,14,48,27,41,17.798233496441735,55.625502244726924,2
3,4,31,17,15,23.908233496441735,38.77550224472692,1
1,4,7,5,22,18.908233496441735,40.64550224472692,10
3,21,25,24,19,10.228233496441735,36.93550224472692,5
4,4,33,27,31,25.998233496441735,42.41550224472692,6
1,19,7,10,13,15.568233496441735,32.16550224472692,8
5,27,38,26,27,15.088233496441735,62.39550224472692,2
1,4,7,5,28,24.908233496441735,58.84550224472692,1
3,4,7,32,8,30.928233496441734,51.33550224472692,10
6,14,39,5,33,15.568233496441735,58.33550224472692,2
5,4,7,26,7,24.908233496441735,48.055502244726924,6
3,4,45,21,38,21.368233496441736,46.76550224472692,3
2,4,31,6,42,14.958233496441736,41.22550224472692,7
1,4,7,5,21,17.908233496441735,36.555502244726924,9
1,4,7,5,29,25.908233496441735,52.02550224472692,2
1,4,7,5,43,39.90823349644173,49.27550224472692,3
2,4,15,6,33,21.938233496441736,38.33550224472692,10
2,29,7,31,20,16.948233496441734,43.74550224472692,9
2,26,7,28,19,15.948233496441734,57.86550224472692,1
2,8,9,5,11,8.378233496441734,22.50550224472692,8
3,6,59,22,54,19.718233496441734,61.61550224472692,3
1,4,7,5,17,13.908233496441735,41.93550224472692,10
5,5,36,22,41,20.668233496441736,43.54550224472692,4
1,4,7,5,15,11.908233496441735,35.53550224472692,10
1,4,7,6,36,32.928233496441734,59.29550224472692,3
7,17,62,31,36,32.97823349644173,66.37550224472693,1
3,4,30,43,28,41.95823349644173,64.43550224472692,7
3,21,33,22,20,16.908233496441735,48.07550224472692,5
3,4,15,5,23,11.908233496441735,32.82550224472692,8
1,4,7,5,34,30.908233496441735,56.45550224472692,2
2,6,30,7,41,14.908233496441735,47.73550224472692,3
3,4,21,37,21,35.90823349644173,58.33550224472692,6
1,4,7,5,20,16.908233496441735,41.43550224472692,1
1,4,7,5,30,26.908233496441735,54.04550224472692,2
2,4,16,5,25,12.908233496441735,40.53550224472692,4
3,4,23,21,31,21.798233496441735,34.375502244726924,4
4,6,34,23,43,22.268233496441734,45.78550224472692,4
1,4,7,6,33,29.928233496441734,55.19550224472692,3
1,4,7,5,30,26.908233496441735,62.38550224472692,7
1,4,7,5,21,17.908233496441735,39.15550224472692,9
3,5,48,22,39,22.268233496441734,49.91550224472692,3
3,4,33,34,47,36.108233496441734,55.53550224472692,8
6,27,13,23,13,8.908233496441735,40.24550224472692,8
6,18,41,5,33,20.028233496441736,63.77550224472692,2
5,29,38,26,25,17.508233496441733,65.95550224472693,2
1,4,7,5,16,12.908233496441735,40.53550224472692,10
3,4,22,31,20,29.988233496441733,43.74550224472692,9
3,4,25,31,23,29.988233496441733,52.73550224472692,9
4,13,54,15,49,9.008233496441735,56.52550224472692,3
1,4,7,7,28,25.008233496441736,49.21550224472692,3
6,28,27,5,13,31.688233496441736,73.07550224472693,2
5,24,15,5,7,25.448233496441734,44.58550224472692,5
3,27,25,28,16,12.908233496441735,40.24550224472692,5
4,21,18,5,7,24.158233496441735,42.65550224472692,5
2,13,7,15,32,28.928233496441734,55.54550224472692,9
1,4,7,5,25,21.908233496441735,54.375502244726924,6
1,31,7,17,14,20.458233496441736,44.43550224472692,4
2,4,42,5,56,17.908233496441735,57.08550224472692,3
3,4,19,28,14,27.448233496441734,44.94550224472692,9
2,6,42,21,34,20.028233496441736,44.89550224472692,5
2,13,13,5,19,14.728233496441735,45.78550224472692,4
1,4,7,6,31,27.928233496441734,33.835502244726925,5
3,4,25,21,35,22.778233496441736,37.78550224472692,4
5,17,21,20,34,17.058233496441733,36.42550224472692,9
2,4,21,5,46,28.908233496441735,58.33550224472692,6
2,4,25,5,42,20.908233496441735,54.375502244726924,6
3,4,31,24,43,26.378233496441734,46.71550224472692,8
3,4,44,11,42,10.228233496441735,47.59550224472692,3
6,15,32,11,28,10.308233496441735,44.13550224472692,2
2,4,26,6,40,17.948233496441734,45.35550224472692,7
7,14,16,8,16,10.908233496441735,21.15550224472692,8
2,5,41,6,63,25.908233496441735,67.27550224472692,3
2,10,14,5,21,13.128233496441736,42.41550224472692,4
6,17,21,11,17,11.968233496441735,37.31550224472692,2
4,5,36,24,45,24.028233496441736,48.02550224472692,4
3,4,17,5,26,12.908233496441735,36.835502244726925,4
4,14,53,33,46,23.218233496441734,62.84550224472692,3
2,4,31,14,27,13.758233496441735,32.36550224472692,5
7,7,42,20,31,20.188233496441736,43.61550224472692,1
5,37,43,5,30,39.37823349644173,73.13550224472692,3
2,6,30,14,27,11.528233496441734,31.955502244726922,5
2,14,16,5,25,17.358233496441734,51.14550224472692,8
3,4,17,5,27,13.908233496441735,42.15550224472692,8
3,22,21,23,14,10.908233496441735,33.96550224472692,5
5,11,31,10,44,17.058233496441733,43.19550224472692,1
1,4,7,5,20,16.908233496441735,32.16550224472692,7
7,33,17,30,17,7.908233496441735,48.72550224472692,8
3,4,27,27,27,25.908233496441735,55.74550224472692,7
2,4,14,5,21,10.908233496441735,33.125502244726924,4
4,4,23,7,29,10.228233496441735,47.73550224472692,9
3,4,22,32,16,31.568233496441735,43.01550224472692,1
3,4,7,13,7,11.908233496441735,28.94550224472692,10
3,5,50,22,39,23.328233496441737,51.77550224472692,2
4,5,39,12,41,10.228233496441735,42.305502244726924,7
2,4,27,5,49,25.908233496441735,50.47550224472692,10
5,13,24,10,44,24.308233496441733,43.61550224472692,1
2,4,15,6,32,20.938233496441736,40.36550224472692,7
1,4,7,5,31,27.908233496441735,57.92550224472692,1
3,4,19,5,31,15.908233496441735,45.78550224472692,4
1,4,7,5,38,34.90823349644173,58.34550224472692,2
7,9,40,5,37,9.738233496441735,52.40550224472692,3
2,4,24,5,38,17.908233496441735,44.73550224472692,6
4,6,34,23,43,22.268233496441734,45.78550224472692,4
3,4,21,26,21,24.908233496441735,41.00550224472692,6
1,4,7,5,25,21.908233496441735,44.48550224472692,9
4,4,22,10,26,10.308233496441735,30.135502244726922,8
4,18,37,22,30,11.528233496441734,47.16550224472692,3
2,17,7,19,33,29.928233496441734,53.91550224472692,1
1,4,7,5,24,20.908233496441735,48.33550224472692,1
1,4,7,5,37,33.90823349644173,57.92550224472692,3
3,4,15,5,23,11.908233496441735,33.835502244726925,4
1,4,7,7,43,39.968233496441734,45.78550224472692,5
3,4,25,14,34,16.638233496441735,52.39550224472692,4
6,4,47,11,49,10.228233496441735,55.27550224472692,1
2,19,7,21,13,9.988233496441735,49.91550224472692,1
4,15,15,5,7,17.508233496441733,32.84550224472692,5
5,28,36,37,41,13.338233496441735,52.22550224472692,8
1,4,7,5,31,27.908233496441735,66.93550224472692,2
1,4,7,5,41,37.90823349644173,52.95550224472692,2
2,4,46,39,33,40.30823349644173,57.27550224472692,5
2,4,16,5,38,25.908233496441735,47.54550224472692,7
1,4,7,7,42,38.968233496441734,44.89550224472692,5
3,4,52,10,50,9.298233496441734,54.38550224472692,3
5,25,33,24,47,18.048233496441735,57.92550224472692,1
8,4,25,16,7,25.008233496441736,45.09550224472692,3
2,19,7,21,13,9.988233496441735,49.91550224472692,1
1,34,7,14,16,26.758233496441736,52.39550224472692,4
1,4,7,5,27,23.908233496441735,52.055502244726924,9
2,4,28,7,36,12.158233496441735,40.76550224472692,6
2,4,15,7,40,28.988233496441733,48.17550224472692,6
2,4,29,6,48,22.938233496441736,49.19550224472692,10
3,4,21,7,28,11.188233496441734,36.835502244726925,4
2,4,43,5,54,14.908233496441735,53.58550224472692,2
2,4,36,6,49,16.948233496441734,48.70550224472692,2
1,4,7,5,19,15.908233496441735,43.19550224472692,1
4,6,39,37,41,33.97823349644173,52.22550224472692,6
5,17,40,18,34,9.908233496441735,44.75550224472692,2
3,4,14,6,18,8.028233496441734,23.33550224472692,8
2,16,7,17,15,11.908233496441735,38.77550224472692,1
3,4,7,16,8,14.958233496441736,33.765502244726925,10
6,23,14,21,14,6.908233496441735,46.24550224472692,8
2,26,7,28,34,30.928233496441734,52.54550224472692,1
4,4,32,7,50,22.018233496441734,54.77550224472692,1
2,4,18,7,29,15.088233496441735,28.33550224472692,10
3,4,17,18,21,17.508233496441733,25.33550224472692,8
2,4,22,7,40,22.018233496441734,40.64550224472692,10
5,18,19,5,28,20.548233496441735,30.77550224472692,1
3,13,31,19,26,10.978233496441735,35.945502244726924,5
5,11,18,5,18,10.908233496441735,19.42550224472692,8
1,4,7,6,33,29.928233496441734,37.73550224472692,5
6,14,7,13,18,15.088233496441735,21.815502244726922,8
4,4,30,7,54,27.988233496441733,54.875502244726924,9
4,4,25,14,23,13.128233496441736,25.65550224472692,7
6,19,21,5,13,20.908233496441735,48.54550224472692,3
4,15,48,16,41,10.908233496441735,51.85550224472692,3
1,20,7,5,15,21.798233496441735,34.375502244726924,4
3,20,34,36,25,21.398233496441733,52.28550224472692,5
8,4,13,23,7,22.878233496441734,53.04550224472692,3
4,4,14,7,38,27.988233496441733,48.54550224472692,1
3,4,66,31,54,32.54823349644173,70.00550224472693,2
5,27,14,27,37,26.928233496441734,44.94550224472692,9
3,4,31,30,24,29.868233496441736,55.27550224472692,1
2,4,30,7,48,22.018233496441734,56.93550224472692,7
1,25,7,14,14,17.798233496441735,41.77550224472692,8
6,10,11,5,7,11.118233496441734,31.475502244726922,5
8,4,13,27,7,26.708233496441736,67.38550224472692,3
3,4,15,22,14,20.938233496441736,33.335502244726925,7
4,16,39,17,30,12.908233496441735,47.59550224472692,3
6,6,29,22,36,20.458233496441736,40.52550224472692,1
5,14,32,15,39,10.908233496441735,55.54550224472692,9
3,4,21,16,25,15.608233496441734,36.555502244726924,9
6,4,13,23,7,22.878233496441734,51.22550224472692,3
2,6,43,7,59,19.908233496441735,61.61550224472692,3
4,4,38,29,38,27.908233496441735,44.73550224472692,6
3,4,18,23,20,22.018233496441734,57.19550224472692,6
1,4,7,5,27,23.908233496441735,27.46550224472692,5
6,5,42,7,44,6.148233496441735,43.19550224472692,1
6,32,33,15,26,23.218233496441734,62.84550224472692,3
3,4,15,32,19,31.198233496441734,48.17550224472692,9
2,27,7,29,15,11.968233496441735,44.58550224472692,9
2,4,29,5,54,28.908233496441735,59.73550224472692,6
5,18,15,11,11,12.848233496441734,33.31550224472692,5
3,5,57,23,55,21.028233496441736,61.43550224472692,3
3,4,16,11,18,10.228233496441735,23.42550224472692,7
2,4,14,5,20,9.908233496441735,23.33550224472692,6
3,6,66,38,56,36.47823349644173,73.13550224472692,3
5,18,31,19,46,18.908233496441735,55.53550224472692,9
3,4,7,24,9,23.008233496441736,33.85550224472692,10
6,4,30,25,7,34.388233496441735,73.13550224472692,3
3,5,38,11,38,8.908233496441735,39.15550224472692,2
3,4,56,19,45,21.708233496441736,57.08550224472692,3
7,4,34,16,7,33.05823349644173,58.69550224472692,3
5,29,15,16,11,18.468233496441734,41.60550224472692,5
5,15,49,15,44,9.008233496441735,56.73550224472692,2
2,4,27,5,35,11.908233496441735,43.33550224472692,6
3,4,33,22,47,25.928233496441734,48.99550224472692,4
2,5,30,11,27,9.738233496441735,33.555502244726924,5
5,15,39,15,34,9.008233496441735,47.98550224472692,2
3,26,25,27,16,12.908233496441735,40.36550224472692,5
7,33,21,5,13,33.98823349644173,66.93550224472692,2
4,4,23,11,27,11.118233496441734,33.31550224472692,8
6,4,33,29,28,28.428233496441734,40.91550224472692,1
3,4,70,29,59,30.308233496441733,74.07550224472693,3
4,12,7,13,16,12.908233496441735,21.65550224472692,8
4,4,26,6,34,11.968233496441735,44.48550224472692,1
1,4,7,5,14,10.908233496441735,35.53550224472692,10
4,21,43,24,32,15.088233496441735,52.54550224472692,3
2,4,32,6,38,9.988233496441735,39.15550224472692,2
4,4,23,6,38,18.938233496441732,38.10550224472692,1
4,6,34,23,43,22.268233496441734,45.78550224472692,4
6,18,47,5,39,20.028233496441736,68.78550224472693,2
2,4,24,5,47,26.908233496441735,59.34550224472692,6
3,18,31,20,22,12.968233496441735,39.07550224472692,5
4,14,51,18,46,9.738233496441735,57.19550224472692,3
5,28,26,29,35,12.908233496441735,50.47550224472692,9
3,4,7,24,9,23.008233496441736,48.91550224472692,10
1,42,7,19,19,30.738233496441733,65.20550224472693,8
6,18,41,5,33,20.028233496441736,63.77550224472692,2
3,4,23,28,28,27.448233496441734,44.73550224472692,1
5,23,18,19,18,8.908233496441735,48.02550224472692,8
4,4,26,14,31,14.208233496441736,37.78550224472692,4
4,6,25,20,31,18.228233496441735,33.835502244726925,4
3,4,16,29,15,27.928233496441734,44.58550224472692,9
5,39,51,40,34,20.908233496441735,74.13550224472692,2
2,28,7,31,25,22.018233496441734,48.33550224472692,1
5,13,29,14,42,16.908233496441735,47.51550224472692,9
2,4,45,5,57,15.908233496441735,58.67550224472692,3
1,4,7,5,36,32.90823349644173,56.45550224472692,2
4,33,7,34,14,10.908233496441735,57.14550224472692,8
2,14,13,5,20,16.118233496441736,40.24550224472692,8
4,26,19,22,13,11.718233496441734,38.83550224472692,5
5,15,25,6,30,15.088233496441735,31.03550224472692,1
2,4,13,7,30,21.028233496441736,35.36550224472692,10
3,18,29,19,18,14.908233496441735,40.46550224472692,5
1,4,7,5,24,20.908233496441735,38.33550224472692,6
1,4,7,5,23,19.908233496441735,44.73550224472692,1
3,4,19,5,31,15.908233496441735,47.21550224472692,4
4,13,34,35,43,26.758233496441736,52.39550224472692,4
2,5,31,13,27,11.968233496441735,36.14550224472692,5
5,4,7,12,5,11.188233496441734,32.16550224472692,6
7,16,30,5,22,18.328233496441733,68.85550224472692,3
4,5,24,16,29,15.088233496441735,30.59550224472692,8
1,39,7,18,13,26.708233496441736,55.74550224472692,4
3,4,17,20,23,20.068233496441735,30.37550224472692,8
4,14,59,18,55,8.908233496441735,61.07550224472692,2
5,18,47,19,38,12.908233496441735,54.57550224472692,2
1,4,7,5,16,12.908233496441735,32.445502244726924,10
5,28,53,29,37,19.908233496441735,70.15550224472693,3
1,4,7,5,28,24.908233496441735,53.63550224472692,2
4,5,50,35,49,32.928233496441734,58.54550224472692,6
7,24,18,5,13,24.528233496441736,49.46550224472692,3
2,4,33,28,25,28.258233496441736,40.24550224472692,5
4,6,30,23,30,19.908233496441735,34.74550224472692,7
4,4,29,23,30,21.938233496441736,34.74550224472692,6
1,4,7,5,17,13.908233496441735,36.93550224472692,6
6,39,35,15,29,29.618233496441736,67.38550224472692,2
2,23,7,24,15,11.908233496441735,51.63550224472692,1
3,6,38,15,36,12.158233496441735,38.10550224472692,3
6,29,29,20,21,16.718233496441734,65.95550224472693,2
5,4,7,40,5,38.968233496441734,57.19550224472692,6
3,4,28,13,29,11.968233496441735,51.76550224472692,6
2,17,7,18,30,26.908233496441735,50.45550224472692,9
5,4,7,26,7,24.908233496441735,48.055502244726924,6
5,24,22,25,47,28.908233496441735,59.38550224472692,1
2,4,26,5,37,14.908233496441735,45.89550224472692,6
2,4,14,5,39,28.908233496441735,48.055502244726924,6
5,26,40,27,27,16.908233496441735,54.72550224472692,3
4,4,19,7,39,24.008233496441736,44.94550224472692,9
1,31,7,20,14,17.798233496441735,44.43550224472692,4
1,4,7,5,24,20.908233496441735,59.34550224472692,6
2,15,19,5,30,19.468233496441734,62.14550224472692,8
2,4,22,5,37,18.908233496441735,53.86550224472692,8
1,11,7,8,9,8.378233496441734,19.955502244726922,8
1,4,7,5,24,20.908233496441735,47.125502244726924,9
4,16,28,32,35,20.458233496441736,44.43550224472692,4
4,5,27,19,28,16.948233496441734,34.13550224472692,6
2,4,25,5,36,14.908233496441735,42.54550224472692,6
3,4,19,19,18,17.948233496441734,38.64550224472692,1
1,18,7,7,14,17.798233496441735,36.835502244726925,4
2,4,13,5,25,15.908233496441735,25.65550224472692,7
5,4,7,12,8,10.978233496441735,45.23550224472692,6
1,32,7,5,17,33.638233496441735,46.57550224472692,4
3,4,26,7,36,14.108233496441734,49.44550224472692,8
3,4,32,31,32,29.908233496441735,66.41550224472692,6
5,25,33,5,16,30.928233496441734,66.28550224472693,2
3,4,7,17,7,15.908233496441735,28.00550224472692,10
4,16,7,18,13,9.988233496441735,36.835502244726925,8
3,4,13,16,14,14.958233496441736,40.36550224472692,6
3,4,13,21,17,20.398233496441733,39.15550224472692,9
2,4,30,5,55,28.908233496441735,57.15550224472692,2
5,23,19,24,36,20.908233496441735,47.125502244726924,9
3,4,48,12,44,11.968233496441735,47.125502244726924,2
3,4,51,15,47,14.678233496441734,54.28550224472692,3
1,4,7,5,19,15.908233496441735,29.385502244726922,6
3,4,19,31,21,29.988233496441733,45.23550224472692,6
4,20,28,21,17,14.908233496441735,42.20550224472692,5
1,16,7,7,13,15.568233496441735,32.36550224472692,4
7,4,13,18,7,18.228233496441735,45.84550224472692,3
1,19,7,5,15,20.908233496441735,33.835502244726925,4
4,4,21,6,33,15.948233496441734,40.24550224472692,9
4,4,27,5,49,25.908233496441735,52.055502244726924,9
1,4,7,5,13,9.908233496441735,47.54550224472692,6
2,4,14,7,38,27.988233496441733,42.97550224472692,6
2,5,32,6,48,19.908233496441735,49.91550224472692,3
1,4,7,5,36,32.90823349644173,36.91550224472692,5
2,13,7,16,25,22.018233496441734,31.03550224472692,1
3,4,7,30,9,28.988233496441733,43.82550224472692,10
1,4,7,6,40,36.928233496441734,56.52550224472692,3
2,6,10,5,13,7.518233496441734,23.42550224472692,8
3,4,51,15,47,14.678233496441734,54.28550224472692,3
2,4,42,5,55,16.908233496441735,58.33550224472692,3
2,4,19,5,31,15.908233496441735,44.93550224472692,4
4,4,30,7,54,27.988233496441733,54.875502244726924,9
2,4,19,7,40,25.008233496441736,41.00550224472692,10
4,14,17,14,12,9.008233496441735,27.89550224472692,5
1,4,7,5,38,34.90823349644173,58.69550224472692,2
7,8,26,5,23,8.908233496441735,37.155502244726925,2
3,4,17,24,15,23.008233496441736,42.75550224472692,1
2,4,21,5,36,18.908233496441735,43.82550224472692,6
7,21,17,16,17,9.908233496441735,41.77550224472692,8
4,25,7,28,14,11.188233496441734,38.09550224472692,8
3,4,29,11,28,9.988233496441735,58.54550224472692,6
1,4,7,5,27,23.908233496441735,41.22550224472692,10
2,4,27,6,50,26.928233496441734,51.77550224472692,2
3,4,20,20,17,19.208233496441736,32.99550224472692,1
3,4,25,34,24,32.928233496441734,53.33550224472692,7
4,16,16,5,7,18.908233496441735,35.99550224472692,5
3,4,18,13,18,11.908233496441735,33.85550224472692,7
3,4,22,23,21,21.938233496441736,43.27550224472692,7
6,39,29,18,21,27.318233496441735,67.38550224472692,3
1,21,7,7,13,20.068233496441735,43.54550224472692,4
1,26,7,13,15,20.028233496441736,45.23550224472692,8
2,4,18,5,29,14.908233496441735,42.75550224472692,4
3,4,52,38,42,38.38823349644173,61.33550224472692,2
4,19,21,17,14,11.528233496441734,36.42550224472692,5
3,4,23,15,21,14.108233496441734,38.82550224472692,6
4,4,32,7,53,25.008233496441736,58.14550224472692,9
1,4,7,6,38,34.928233496441734,40.42550224472692,5
5,4,7,20,5,19.038233496441734,51.60550224472692,6
7,11,20,5,16,11.968233496441735,37.31550224472692,3
5,25,34,5,22,28.098233496441736,58.84550224472692,2
3,4,30,16,33,15.308233496441735,50.45550224472692,9
2,4,22,6,28,9.988233496441735,33.85550224472692,10
2,4,27,6,50,26.928233496441734,51.77550224472692,2
4,25,27,26,17,13.908233496441735,42.15550224472692,5
4,6,28,24,28,20.908233496441735,33.85550224472692,7
4,4,26,14,31,14.208233496441736,37.78550224472692,4
6,18,7,19,18,14.908233496441735,36.835502244726925,8
2,4,16,5,25,12.908233496441735,39.59550224472692,8
3,13,22,15,17,9.008233496441735,28.795502244726922,5
2,29,7,31,23,19.938233496441736,52.73550224472692,9
3,11,31,19,26,12.508233496441735,35.945502244726924,5
3,4,21,24,27,23.828233496441737,33.125502244726924,4
5,16,14,17,28,17.908233496441735,47.29550224472692,1
4,4,28,23,28,21.908233496441735,33.195502244726924,7
5,12,32,13,29,6.908233496441735,33.695502244726924,2
3,13,33,21,28,12.508233496441735,42.20550224472692,5
2,4,29,5,44,18.908233496441735,51.60550224472692,6
7,12,19,5,13,13.908233496441735,48.48550224472692,3
2,13,13,5,19,14.728233496441735,45.78550224472692,4
4,8,28,21,35,17.798233496441735,37.78550224472692,4
1,4,7,5,18,14.908233496441735,32.16550224472692,1
5,21,30,19,21,13.398233496441735,46.25550224472692,2
3,4,14,19,14,17.908233496441735,39.53550224472692,9
2,15,7,16,33,29.908233496441735,50.45550224472692,9
2,5,35,12,31,11.118233496441734,36.835502244726925,5
6,23,40,10,37,18.228233496441735,54.38550224472692,3
1,20,7,5,19,23.908233496441735,44.93550224472692,4
3,4,41,31,38,30.078233496441737,50.22550224472692,3
4,37,31,38,19,15.908233496441735,53.63550224472692,5
3,4,25,26,26,24.928233496441734,39.59550224472692,7
5,18,24,20,45,24.928233496441734,46.38550224472692,1
4,4,36,14,38,13.128233496441736,39.54550224472692,6
2,6,32,7,44,15.908233496441735,45.84550224472692,3
3,4,19,17,17,16.078233496441733,44.75550224472692,9
5,13,34,5,27,15.308233496441735,44.58550224472692,2
4,21,24,19,15,13.398233496441735,43.54550224472692,5
2,4,19,5,31,15.908233496441735,44.93550224472692,4
4,6,39,17,40,13.958233496441736,43.61550224472692,7
1,4,7,5,30,26.908233496441735,55.53550224472692,9
5,28,19,29,44,28.908233496441735,49.63550224472692,9
4,12,22,22,27,14.208233496441736,32.445502244726924,8
1,4,7,7,39,35.968233496441734,50.84550224472692,3
3,6,40,12,39,9.008233496441735,39.49550224472692,3
5,11,29,8,48,23.328233496441737,47.125502244726924,1
3,6,48,27,43,24.528233496441736,52.06550224472692,3
3,4,23,28,28,27.448233496441734,44.73550224472692,1
3,6,48,42,39,40.04823349644173,60.76550224472692,3
1,4,7,5,27,23.908233496441735,33.125502244726924,5
2,4,31,14,27,13.758233496441735,32.36550224472692,5
4,4,29,5,53,27.908233496441735,57.32550224472692,1
5,17,31,18,24,10.908233496441735,37.31550224472692,3
5,22,36,23,25,14.908233496441735,48.48550224472692,3
5,16,14,5,7,17.798233496441735,42.33550224472692,5
3,4,20,13,17,12.448233496441734,41.43550224472692,1
1,4,7,5,46,42.90823349644173,49.36550224472692,5
8,4,13,26,7,25.748233496441735,54.28550224472692,3
3,4,21,27,19,25.998233496441735,40.24550224472692,9
3,4,22,29,19,28.098233496441736,49.63550224472692,9
1,4,7,5,22,18.908233496441735,46.76550224472692,9
4,11,39,13,34,9.008233496441735,39.49550224472692,3
7,4,13,21,7,20.998233496441735,46.03550224472692,3
1,4,7,6,27,23.928233496441734,49.46550224472692,3
5,39,19,30,13,15.568233496441735,55.74550224472692,5
3,21,37,25,27,14.348233496441734,49.36550224472692,5
2,4,20,7,36,20.028233496441736,47.305502244726924,6
4,6,31,26,39,24.528233496441736,44.36550224472692,8
1,4,7,5,17,13.908233496441735,51.32550224472692,1
1,4,7,5,14,10.908233496441735,28.94550224472692,7
4,6,31,26,39,24.528233496441736,44.36550224472692,8
3,4,32,31,32,29.908233496441735,66.41550224472692,6
3,4,21,31,21,29.908233496441735,58.79550224472692,7
1,4,7,5,26,22.908233496441735,48.07550224472692,1
1,4,7,5,25,21.908233496441735,54.375502244726924,6
7,8,28,5,26,8.378233496441734,39.71550224472692,3
3,4,16,15,14,14.108233496441734,35.99550224472692,1
3,4,15,24,13,23.008233496441736,34.60550224472692,7
5,13,12,5,7,14.208233496441736,28.795502244726922,5
7,10,24,5,20,11.118233496441734,42.53550224472692,2
4,5,40,14,42,12.158233496441735,43.81550224472692,6
2,6,35,7,45,13.908233496441735,45.38550224472692,3
3,4,49,15,44,15.088233496441735,51.63550224472692,2
1,4,7,5,19,15.908233496441735,44.75550224472692,9
2,4,15,5,23,11.908233496441735,34.945502244726924,4
5,42,7,43,16,12.908233496441735,65.20550224472693,8
2,13,7,16,22,19.038233496441734,46.055502244726924,9
6,6,42,20,45,17.248233496441735,46.38550224472692,1
1,4,7,5,13,9.908233496441735,42.15550224472692,1
7,31,15,27,15,8.908233496441735,62.35550224472692,8
2,6,15,5,23,12.158233496441735,44.36550224472692,8
1,10,7,7,9,8.378233496441734,21.15550224472692,8
2,4,43,5,56,16.908233496441735,59.24550224472692,2
4,4,18,7,29,15.088233496441735,32.16550224472692,1
5,4,7,18,8,16.948233496441734,32.405502244726925,6
5,28,26,29,35,12.908233496441735,50.47550224472692,9
3,4,28,13,29,11.968233496441735,51.76550224472692,6
1,4,7,5,31,27.908233496441735,38.09550224472692,5
6,18,12,5,7,18.778233496441732,41.31550224472692,5
5,16,14,5,7,17.798233496441735,37.73550224472692,5
2,4,35,6,59,27.928233496441734,67.66550224472692,2
5,23,32,22,23,13.128233496441736,52.54550224472692,3
1,24,7,10,12,19.718233496441734,43.27550224472692,4
1,4,7,5,41,37.90823349644173,48.48550224472692,2
6,18,21,5,13,20.028233496441736,46.03550224472692,3
3,14,21,15,14,10.908233496441735,29.705502244726922,5
1,38,7,16,17,28.988233496441733,58.03550224472692,4
3,4,17,5,28,14.908233496441735,43.27550224472692,4
3,4,31,30,32,28.928233496441734,60.09550224472692,6
5,18,15,5,7,20.028233496441736,43.54550224472692,5
2,12,7,14,31,27.928233496441734,47.73550224472692,9
5,33,42,19,34,20.908233496441735,62.47550224472692,2
5,24,18,27,29,15.088233496441735,48.58550224472692,1
1,4,7,5,14,10.908233496441735,33.335502244726925,9
2,4,31,5,49,21.908233496441735,51.63550224472692,2
3,4,21,30,15,29.618233496441736,41.60550224472692,9
2,11,11,5,15,11.968233496441735,32.82550224472692,8
4,6,40,38,39,34.928233496441734,52.20550224472692,7
4,4,26,6,42,19.938233496441736,52.15550224472692,1
4,21,39,22,26,16.908233496441735,51.77550224472692,2
1,4,7,5,40,36.90823349644173,55.625502244726924,2
3,6,44,21,39,18.778233496441732,45.84550224472692,3
7,16,24,5,18,17.328233496441733,56.23550224472692,3
1,4,7,5,41,37.90823349644173,47.125502244726924,2
1,4,7,5,39,35.90823349644173,49.91550224472692,2
2,4,43,5,50,10.908233496441735,49.27550224472692,3
1,4,7,5,34,30.908233496441735,59.66550224472692,2
5,16,36,17,28,11.908233496441735,42.53550224472692,2
2,8,13,5,19,11.118233496441734,44.00550224472692,8
8,4,18,24,7,25.858233496441734,56.23550224472692,3
3,4,14,26,18,25.288233496441734,33.335502244726925,9
3,4,7,20,8,18.938233496441732,42.69550224472692,10
2,4,20,5,33,16.908233496441735,48.99550224472692,4
4,9,24,20,29,15.088233496441735,32.16550224472692,8
1,4,7,5,28,24.908233496441735,63.54550224472692,6
8,4,17,15,7,18.048233496441735,45.19550224472692,3
1,25,7,16,14,16.118233496441736,52.94550224472692,8
3,4,28,27,28,25.908233496441735,63.54550224472692,6
6,5,31,29,31,26.908233496441735,44.73550224472692,1
1,30,7,19,14,17.798233496441735,43.74550224472692,4
3,4,22,13,30,15.218233496441735,45.23550224472692,8
3,4,17,5,28,14.908233496441735,41.31550224472692,4
2,4,27,5,36,12.908233496441735,40.20550224472692,10
1,4,7,5,45,41.90823349644173,54.57550224472692,5
1,4,7,6,43,39.91823349644173,81.75550224472693,3
5,25,43,26,29,17.908233496441735,57.92550224472692,3
5,25,21,15,14,16.948233496441734,49.82550224472692,5
2,4,26,6,40,17.948233496441734,45.35550224472692,7
1,4,7,5,39,35.90823349644173,49.91550224472692,2
2,4,25,6,49,27.928233496441734,56.01550224472692,10
1,21,7,7,13,20.068233496441735,43.54550224472692,4
3,4,15,11,15,9.908233496441735,32.555502244726924,6
1,4,7,5,32,28.908233496441735,53.91550224472692,1
6,26,7,29,14,11.188233496441734,56.64550224472692,8
3,4,24,19,24,17.908233496441735,45.23550224472692,6
3,4,16,11,18,10.228233496441735,23.42550224472692,7
1,4,7,5,20,16.908233496441735,41.93550224472692,9
6,15,11,5,7,15.608233496441734,41.60550224472692,5
3,4,27,33,37,33.638233496441735,46.57550224472692,4
3,4,19,16,17,15.088233496441735,29.385502244726922,6
1,4,7,5,29,25.908233496441735,41.34550224472692,7
1,4,7,5,19,15.908233496441735,44.44550224472692,7
2,4,42,6,49,10.978233496441735,48.48550224472692,2
1,4,7,5,40,36.90823349644173,65.95550224472693,2
1,4,7,5,13,9.908233496441735,30.295502244726922,7
6,18,19,5,13,19.138233496441735,39.07550224472692,3
1,4,7,5,38,34.90823349644173,48.95550224472692,2
2,14,7,17,25,22.018233496441734,35.085502244726925,1
2,4,15,5,27,15.908233496441735,29.94550224472692,7
5,4,7,22,7,20.908233496441735,42.97550224472692,6
2,4,18,5,29,14.908233496441735,40.46550224472692,4
4,4,26,12,31,12.508233496441735,36.835502244726925,8
3,5,42,20,37,18.778233496441732,48.54550224472692,3
3,4,17,12,23,13.128233496441736,23.89550224472692,8
4,6,30,24,31,20.938233496441736,36.93550224472692,6
2,6,11,5,15,8.378233496441734,32.16550224472692,4
4,8,44,30,57,28.608233496441734,61.89550224472692,8
3,4,7,12,9,11.188233496441734,41.22550224472692,10
5,27,15,18,11,14.678233496441734,39.50550224472692,5
6,41,15,36,15,9.908233496441735,67.73550224472693,8
4,4,20,13,20,11.908233496441735,23.33550224472692,6
2,5,28,6,47,22.908233496441735,53.24550224472692,3
4,5,36,27,36,24.908233496441735,45.84550224472692,7
1,4,7,5,23,19.908233496441735,45.84550224472692,10
4,6,34,23,43,22.268233496441734,45.78550224472692,4
5,4,7,34,7,32.90823349644173,48.72550224472692,6
4,15,49,29,44,17.838233496441735,55.65550224472692,2
4,15,51,16,45,9.908233496441735,53.805502244726924,3
4,4,31,7,37,10.228233496441735,45.78550224472692,4
2,6,17,5,26,13.128233496441736,49.95550224472692,8
3,5,63,19,57,18.228233496441735,63.77550224472692,2
3,4,19,5,30,14.908233496441735,43.54550224472692,4
2,4,27,7,42,19.038233496441734,55.74550224472692,7
1,29,7,18,14,17.798233496441735,44.43550224472692,8
5,21,26,5,13,25.308233496441733,49.91550224472692,2
5,17,55,18,46,12.908233496441735,61.07550224472692,2
1,4,7,6,40,36.928233496441734,42.20550224472692,5
6,4,13,29,7,28.648233496441733,62.805502244726924,3
4,4,28,19,45,25.928233496441734,50.47550224472692,1
6,19,14,15,14,8.908233496441735,32.16550224472692,8
2,4,16,5,25,12.908233496441735,35.99550224472692,4
5,13,33,14,46,16.908233496441735,45.555502244726924,9
2,4,18,7,42,27.988233496441733,55.74550224472692,6
3,4,11,5,15,7.908233496441735,21.815502244726922,8
1,26,7,5,16,27.678233496441734,39.59550224472692,8
7,10,24,5,20,11.118233496441734,39.375502244726924,2
5,4,7,36,8,34.928233496441734,53.805502244726924,6
4,6,39,27,37,24.008233496441736,44.36550224472692,6
1,4,7,5,25,21.908233496441735,40.46550224472692,7
3,4,23,5,40,20.908233496441735,74.84550224472693,8
3,4,25,17,14,20.188233496441736,50.17550224472692,1
1,4,7,7,32,28.988233496441733,39.50550224472692,5
3,4,7,36,7,34.90823349644173,54.57550224472692,10
3,4,23,20,23,18.908233496441735,45.23550224472692,6
6,6,19,26,37,30.078233496441737,42.15550224472692,1
5,24,21,24,38,20.938233496441736,47.59550224472692,1
5,5,36,22,41,20.668233496441736,43.54550224472692,4
3,5,41,11,38,9.738233496441735,41.93550224472692,3
3,4,19,5,31,15.908233496441735,45.78550224472692,4
6,27,38,17,30,17.508233496441733,68.85550224472692,3
4,5,34,28,34,25.908233496441735,41.00550224472692,6
1,4,7,5,19,15.908233496441735,32.46550224472692,10
5,41,26,5,13,43.12823349644173,60.76550224472692,3
3,4,19,33,18,31.928233496441734,47.26550224472692,6
2,4,16,5,25,12.908233496441735,35.99550224472692,4
4,14,20,15,13,10.908233496441735,28.795502244726922,5
5,20,53,21,44,12.908233496441735,59.94550224472692,3
4,24,7,25,16,12.908233496441735,39.59550224472692,8
1,4,7,5,22,18.908233496441735,43.27550224472692,7
2,5,40,19,31,19.718233496441734,42.20550224472692,5
2,5,40,6,57,20.908233496441735,56.52550224472692,3
2,4,32,6,53,24.928233496441734,61.57550224472692,2
3,4,23,31,25,29.988233496441733,53.24550224472692,6
1,34,7,20,12,19.718233496441734,49.39550224472692,4
2,4,14,5,39,28.908233496441735,48.055502244726924,6
7,14,20,5,13,16.118233496441736,61.14550224472692,3
5,25,17,26,31,17.908233496441735,43.81550224472692,9
3,4,23,28,28,27.448233496441734,47.41550224472692,9
5,20,15,11,11,14.678233496441734,33.555502244726924,5
5,23,7,26,15,12.158233496441735,49.44550224472692,8
5,4,7,25,8,23.928233496441734,43.82550224472692,6
5,26,22,25,43,25.008233496441736,61.99550224472692,1
6,13,43,10,40,8.908233496441735,52.40550224472692,3
2,4,21,7,31,14.108233496441734,30.53550224472692,10
7,16,24,5,16,18.328233496441733,65.54550224472692,3
3,4,7,22,8,20.938233496441736,46.25550224472692,10
1,20,7,5,16,22.268233496441734,37.78550224472692,4
5,15,39,16,32,10.908233496441735,44.13550224472692,2
4,11,7,13,16,12.968233496441735,21.65550224472692,8
7,14,29,5,23,15.568233496441735,67.38550224472692,2
2,4,19,5,37,21.908233496441735,45.23550224472692,6
3,4,28,27,28,25.908233496441735,63.54550224472692,6
1,4,7,5,31,27.908233496441735,50.81550224472692,7
4,4,27,5,33,9.908233496441735,47.58550224472692,9
6,4,41,9,7,38.13823349644173,49.27550224472692,3
2,17,7,18,21,17.908233496441735,36.42550224472692,9
7,36,16,34,16,6.908233496441735,52.22550224472692,8
3,4,41,31,38,30.078233496441737,50.22550224472692,3
4,5,33,17,34,14.958233496441736,35.945502244726924,7
4,4,31,12,37,13.128233496441736,45.78550224472692,4
5,4,7,41,8,39.91823349644173,60.09550224472692,6
6,17,16,11,16,10.908233496441735,31.08550224472692,8
3,4,31,36,30,34.928233496441734,55.21550224472692,6
2,23,7,25,22,18.938233496441732,59.38550224472692,1
2,15,7,16,33,29.908233496441735,50.45550224472692,9
4,4,13,7,19,10.228233496441735,42.15550224472692,1
2,6,27,15,22,13.338233496441735,30.53550224472692,5
5,23,14,19,14,8.908233496441735,48.02550224472692,8
3,4,14,24,18,23.328233496441737,31.78550224472692,1
5,19,7,19,18,14.958233496441736,39.07550224472692,8
2,4,43,6,58,18.938233496441732,63.24550224472692,2
3,4,55,19,48,19.558233496441733,55.53550224472692,2
4,9,50,24,47,18.228233496441735,54.38550224472692,3
4,4,42,16,40,15.088233496441735,52.95550224472692,7
7,4,16,20,7,21.398233496441733,48.47550224472692,3
2,4,23,6,35,15.948233496441734,42.97550224472692,6
5,21,17,5,7,23.628233496441734,49.36550224472692,5
1,4,7,5,16,12.908233496441735,32.445502244726924,10
2,5,37,6,55,21.908233496441735,58.33550224472692,3
5,13,35,12,30,9.298233496441734,41.93550224472692,3
2,27,7,30,27,24.008233496441736,55.27550224472692,1
3,5,58,21,48,21.938233496441736,59.29550224472692,3
2,5,34,12,31,10.618233496441734,35.945502244726924,5
5,23,44,24,34,13.908233496441735,54.38550224472692,2
1,16,7,7,11,14.678233496441734,32.36550224472692,4
2,4,13,6,21,11.968233496441735,24.40550224472692,7
1,30,7,15,16,22.268233496441734,51.14550224472692,8
3,24,37,39,31,19.138233496441735,54.33550224472692,5
2,5,39,19,29,20.308233496441733,40.46550224472692,5
4,23,7,23,17,13.958233496441736,39.94550224472692,8
7,17,37,5,31,18.228233496441735,68.47550224472693,3
2,26,7,28,28,24.928233496441734,47.41550224472692,9
3,4,20,15,23,14.348233496441734,41.93550224472692,9
5,13,38,12,33,9.298233496441734,44.82550224472692,3
5,22,21,21,40,23.008233496441736,52.15550224472692,1
3,4,23,7,31,12.158233496441735,41.31550224472692,4
1,4,7,5,32,28.908233496441735,55.27550224472692,10
3,4,26,12,31,12.508233496441735,43.19550224472692,1
3,4,7,12,9,11.188233496441734,30.53550224472692,10
1,4,7,5,17,13.908233496441735,34.60550224472692,9
4,5,45,28,47,25.998233496441735,52.18550224472692,7
1,4,7,5,16,12.908233496441735,35.99550224472692,1
3,4,25,19,28,18.228233496441735,46.76550224472692,9
4,21,7,20,14,11.188233496441734,48.02550224472692,8
4,4,30,9,36,11.118233496441734,44.00550224472692,8
4,4,27,6,38,14.958233496441736,47.21550224472692,9
5,31,45,32,30,18.908233496441735,63.24550224472692,2
4,19,22,19,15,10.978233496441735,39.07550224472692,5
6,6,44,7,45,4.908233496441735,44.36550224472692,1
4,6,39,27,39,23.908233496441735,50.08550224472692,7
7,14,36,5,31,15.088233496441735,58.69550224472692,2
1,4,7,5,23,19.908233496441735,34.60550224472692,9
4,4,44,39,45,37.91823349644173,56.52550224472692,7
5,13,16,14,29,16.908233496441735,33.99550224472692,1
1,33,7,5,21,36.108233496441734,57.14550224472692,8
1,4,7,5,25,21.908233496441735,56.52550224472692,7
5,6,26,25,29,22.158233496441735,35.265502244726925,4
4,7,26,30,33,26.998233496441735,43.01550224472692,8
5,18,17,12,12,12.508233496441735,36.835502244726925,5
1,4,7,5,42,38.90823349644173,58.67550224472692,2
3,4,17,5,28,14.908233496441735,41.31550224472692,4
3,4,19,5,31,15.908233496441735,45.78550224472692,4
4,16,23,17,15,11.908233496441735,32.36550224472692,5
6,28,34,16,29,17.838233496441735,55.65550224472692,2
3,14,25,20,19,11.718233496441734,33.835502244726925,5
1,15,7,6,13,15.568233496441735,31.08550224472692,8
4,5,48,44,46,41.95823349644173,62.125502244726924,7
2,4,27,6,40,16.948233496441734,42.65550224472692,10
7,8,32,5,29,8.908233496441735,42.41550224472692,2
2,9,13,5,18,10.978233496441735,32.16550224472692,8
2,4,37,28,27,28.988233496441733,43.33550224472692,5
3,4,32,27,31,25.928233496441734,51.18550224472692,7
5,4,7,29,9,27.988233496441733,50.18550224472692,6
3,4,57,22,46,24.158233496441735,58.34550224472692,2
1,4,7,5,22,18.908233496441735,48.055502244726924,6
4,14,50,15,43,10.908233496441735,55.54550224472692,2
3,4,24,21,24,19.908233496441735,44.73550224472692,6
3,4,23,5,40,20.908233496441735,70.83550224472692,8
3,5,56,25,50,23.828233496441737,59.24550224472692,2
2,4,15,7,29,18.048233496441735,29.30550224472692,7
1,16,7,7,13,15.568233496441735,32.36550224472692,4
5,4,7,19,7,17.908233496441735,41.00550224472692,6
6,22,18,18,18,8.908233496441735,32.445502244726924,8
3,4,7,17,7,15.908233496441735,35.99550224472692,10
6,5,20,10,29,13.758233496441735,31.53550224472692,1
1,4,7,5,19,15.908233496441735,38.33550224472692,6
3,4,13,15,15,14.108233496441734,34.32550224472692,9
3,15,28,30,24,18.468233496441734,41.60550224472692,5
2,5,31,15,25,14.728233496441735,33.835502244726925,5
1,4,7,5,18,14.908233496441735,33.99550224472692,1
5,22,43,5,36,23.218233496441734,58.67550224472692,2
4,5,35,26,37,24.008233496441736,42.97550224472692,6
3,4,21,14,28,15.308233496441735,41.77550224472692,8
1,16,7,7,11,14.678233496441734,32.36550224472692,4
1,20,7,11,13,15.568233496441735,37.155502244726925,8
1,4,7,6,42,38.91823349644173,52.28550224472692,5
1,4,7,5,32,28.908233496441735,61.43550224472692,1
3,14,22,20,17,10.978233496441735,30.53550224472692,5
4,4,20,6,40,23.928233496441734,39.49550224472692,1
1,4,7,5,32,28.908233496441735,66.36550224472693,6
1,4,7,5,42,38.90823349644173,65.20550224472693,3
3,4,7,26,9,25.008233496441736,59.76550224472692,10
1,4,7,5,24,20.908233496441735,41.93550224472692,9
3,4,26,30,27,28.928233496441734,55.27550224472692,1
3,4,15,29,14,27.928233496441734,40.19550224472692,6
2,4,16,7,40,27.988233496441733,52.20550224472692,7
4,10,38,18,34,11.968233496441735,39.15550224472692,2
5,16,37,27,43,15.568233496441735,47.72550224472692,4
3,4,35,9,34,8.028233496441734,34.655502244726925,2
3,4,29,14,16,19.718233496441734,57.32550224472692,1
3,4,24,31,25,29.928233496441734,49.13550224472692,6
3,33,33,34,20,16.908233496441735,53.33550224472692,5
5,17,18,20,37,23.008233496441736,42.69550224472692,1
5,23,15,23,24,12.968233496441735,43.61550224472692,9
2,4,18,7,42,27.988233496441733,53.70550224472692,6
4,4,27,13,49,27.318233496441735,51.63550224472692,1
6,22,15,20,15,6.908233496441735,37.155502244726925,8
4,5,45,40,44,37.91823349644173,57.19550224472692,7
2,26,7,27,31,27.908233496441735,52.94550224472692,9
5,19,33,35,39,20.068233496441735,49.39550224472692,4
1,4,7,5,29,25.908233496441735,54.72550224472692,3
1,4,7,5,20,16.908233496441735,42.69550224472692,1
5,4,7,24,9,23.008233496441736,40.53550224472692,6
3,4,21,11,28,13.128233496441736,42.41550224472692,4
2,4,23,5,45,25.908233496441735,51.57550224472692,7
1,4,7,5,28,24.908233496441735,58.84550224472692,1
3,4,15,14,15,12.908233496441735,40.36550224472692,7
3,4,29,8,40,15.308233496441735,56.14550224472692,8
7,14,20,5,13,16.118233496441736,61.14550224472692,3
2,4,29,5,37,11.908233496441735,37.155502244726925,2
1,4,7,6,46,42.91823349644173,49.36550224472692,5
7,4,13,17,7,17.328233496441733,39.07550224472692,3
1,24,7,5,16,25.838233496441735,39.59550224472692,8
4,6,28,19,35,17.798233496441735,36.835502244726925,4
5,25,29,5,13,30.308233496441733,62.805502244726924,3
3,4,19,5,31,15.908233496441735,47.72550224472692,4
3,4,50,23,44,22.878233496441734,52.95550224472692,2
1,4,7,7,40,36.968233496441734,53.805502244726924,3
1,23,7,5,14,24.158233496441735,33.125502244726924,4
5,4,7,11,9,10.228233496441735,42.54550224472692,6
1,4,7,5,33,29.908233496441735,58.84550224472692,2
2,29,7,32,16,13.128233496441736,43.01550224472692,1
3,4,21,26,14,26.048233496441735,46.875502244726924,9
5,25,7,26,18,14.908233496441735,44.36550224472692,8
3,4,18,29,13,28.428233496441734,45.53550224472692,9
4,21,39,22,26,16.908233496441735,50.84550224472692,3
1,4,7,5,31,27.908233496441735,64.35550224472692,1
2,4,13,6,22,12.968233496441735,24.74550224472692,10
5,12,34,12,59,28.928233496441734,58.14550224472692,9
3,6,42,12,38,10.308233496441735,41.93550224472692,3
2,4,29,6,50,24.928233496441734,58.54550224472692,6
4,19,37,30,28,17.358233496441734,48.54550224472692,3
4,4,22,6,30,11.968233496441735,31.03550224472692,1
6,21,23,5,13,23.628233496441734,52.54550224472692,3
5,24,38,25,25,16.908233496441735,52.95550224472692,2
5,23,14,19,14,8.908233496441735,48.02550224472692,8
1,4,7,5,16,12.908233496441735,43.61550224472692,7
5,20,17,19,12,9.298233496441734,41.31550224472692,5
6,19,41,15,36,10.978233496441735,58.69550224472692,2
2,4,25,7,44,23.008233496441736,50.18550224472692,6
4,5,33,17,34,14.958233496441736,35.945502244726924,7
3,4,24,33,24,31.908233496441735,45.84550224472692,7
5,4,7,13,8,11.968233496441735,33.765502244726925,6
1,21,7,14,12,13.338233496441735,41.77550224472692,4
5,21,30,5,16,25.928233496441734,56.45550224472692,2
2,20,7,22,17,13.958233496441736,31.03550224472692,9
5,31,16,28,33,21.368233496441736,43.01550224472692,1
4,6,50,46,50,42.90823349644173,64.94550224472692,7
6,5,55,26,47,25.448233496441734,57.92550224472692,1
1,29,7,16,15,20.028233496441736,46.14550224472692,4
2,4,19,6,25,9.988233496441735,25.23550224472692,10
3,4,20,28,16,27.258233496441736,38.77550224472692,9
2,19,7,20,23,19.908233496441735,43.61550224472692,1
2,20,7,22,32,28.928233496441734,50.72550224472692,1
1,4,7,5,34,30.908233496441735,45.19550224472692,3
5,10,20,11,42,25.908233496441735,41.04550224472692,9
4,14,44,24,37,15.308233496441735,48.91550224472692,2
5,12,32,13,27,8.908233496441735,34.655502244726925,2
4,10,57,21,53,14.678233496441734,59.94550224472692,3
1,4,7,5,16,12.908233496441735,44.58550224472692,9
1,4,7,5,16,12.908233496441735,42.97550224472692,6
3,4,13,26,17,25.288233496441734,42.15550224472692,1
1,4,7,5,16,12.908233496441735,35.945502244726924,10
5,14,23,17,31,12.158233496441735,49.21550224472692,1
3,5,65,24,54,25.008233496441736,66.56550224472693,2
2,4,29,5,44,18.908233496441735,51.60550224472692,6
2,6,9,5,11,6.738233496441735,21.15550224472692,8
2,19,7,21,25,21.938233496441736,42.20550224472692,9
4,4,32,10,38,11.718233496441734,48.02550224472692,4
1,4,7,5,23,19.908233496441735,38.10550224472692,1
1,4,7,5,30,26.908233496441735,45.555502244726924,9
3,4,29,26,27,25.008233496441736,40.53550224472692,6
2,4,17,6,35,21.938233496441736,35.99550224472692,7
5,24,54,19,47,13.128233496441736,68.78550224472693,2
5,21,27,5,14,25.308233496441733,55.19550224472692,3
3,4,7,24,9,23.008233496441736,40.20550224472692,10
3,4,37,9,37,7.908233496441735,37.155502244726925,2
3,4,28,15,28,13.908233496441735,52.60550224472692,1
3,4,7,17,9,16.078233496441733,39.71550224472692,10
1,4,7,5,35,31.908233496441735,48.91550224472692,2
6,15,7,17,16,12.968233496441735,25.53550224472692,8
1,20,7,5,19,23.908233496441735,44.93550224472692,4
5,14,34,15,29,8.908233496441735,37.155502244726925,2
3,4,48,15,46,14.108233496441734,47.98550224472692,2
1,4,7,5,22,18.908233496441735,53.54550224472692,7
7,4,29,15,7,28.078233496441737,44.82550224472692,3
5,42,13,37,13,9.908233496441735,60.70550224472692,8
5,27,17,8,38,32.90823349644173,44.13550224472692,1
3,4,19,5,30,14.908233496441735,43.54550224472692,4
5,16,15,11,11,11.118233496441734,31.475502244726922,5
3,4,25,17,14,20.188233496441736,50.17550224472692,1
5,5,18,12,21,10.618233496441734,22.17550224472692,8
1,28,7,11,14,23.218233496441734,42.41550224472692,4
5,37,14,31,14,10.908233496441735,60.53550224472692,8
2,13,13,5,19,14.728233496441735,45.78550224472692,4
4,6,29,14,28,10.978233496441735,29.30550224472692,7
4,18,56,19,45,14.908233496441735,65.20550224472693,3
5,11,31,19,35,11.968233496441735,36.835502244726925,8
3,4,21,22,27,21.938233496441736,33.125502244726924,8
4,16,49,24,43,13.128233496441736,56.23550224472692,3
5,4,7,29,7,27.908233496441735,52.22550224472692,6
4,5,38,16,39,13.958233496441736,47.54550224472692,6
4,4,20,11,22,10.228233496441735,21.69550224472692,7
5,34,30,5,19,35.858233496441734,57.96550224472692,3
1,21,7,5,14,22.288233496441734,33.125502244726924,8
3,4,55,15,50,15.088233496441735,57.15550224472692,2
5,28,19,29,44,28.908233496441735,49.63550224472692,9
1,4,7,5,35,31.908233496441735,35.99550224472692,5
3,4,17,5,28,14.908233496441735,41.31550224472692,4
3,4,16,29,15,27.928233496441734,44.58550224472692,9
3,4,32,27,30,25.998233496441735,46.875502244726924,7
5,23,7,26,13,10.228233496441735,49.95550224472692,8
6,27,13,21,13,10.908233496441735,49.95550224472692,8
5,27,15,28,38,26.908233496441735,44.13550224472692,9
2,12,7,15,23,20.028233496441736,49.21550224472692,1
3,38,33,39,20,16.908233496441735,57.27550224472692,5
2,7,18,5,29,15.308233496441735,56.14550224472692,8
6,24,23,5,13,26.268233496441734,55.78550224472692,2
2,5,31,13,27,11.968233496441735,36.14550224472692,5
5,27,53,28,38,18.908233496441735,68.85550224472692,3
1,4,7,5,45,41.90823349644173,55.65550224472692,2
8,4,23,17,7,23.908233496441735,48.54550224472692,3
1,4,7,5,26,22.908233496441735,44.36550224472692,1
4,4,33,19,35,18.048233496441735,36.835502244726925,7
4,6,38,13,40,10.228233496441735,40.64550224472692,7
4,21,49,24,44,9.298233496441734,54.38550224472692,2
3,4,26,24,25,22.938233496441736,44.48550224472692,1
3,4,21,20,21,18.908233496441735,32.16550224472692,6
2,24,7,27,15,12.158233496441735,46.875502244726924,1
5,23,7,26,13,10.228233496441735,49.95550224472692,8
6,39,37,27,31,18.228233496441735,70.72550224472693,2
2,4,27,6,35,11.968233496441735,37.295502244726926,10
4,12,44,26,40,17.508233496441733,50.71550224472692,3
4,9,24,20,29,15.088233496441735,32.16550224472692,8
3,4,24,16,22,15.088233496441735,46.055502244726924,9
5,10,26,17,29,10.618233496441734,30.59550224472692,8
5,15,7,16,13,9.908233496441735,30.59550224472692,8
5,28,48,29,32,19.908233496441735,65.54550224472692,3
1,4,7,5,32,28.908233496441735,55.27550224472692,9
1,4,7,5,25,21.908233496441735,53.33550224472692,7
1,4,7,5,24,20.908233496441735,59.34550224472692,6
3,4,14,28,17,27.098233496441736,44.13550224472692,1
1,4,7,7,34,30.978233496441735,42.33550224472692,5
3,4,32,37,34,35.968233496441734,53.70550224472692,7
2,4,16,5,25,12.908233496441735,40.53550224472692,4
2,21,7,23,19,15.948233496441734,42.25550224472692,1
3,4,14,15,12,14.108233496441734,36.59550224472692,6
5,11,28,18,33,11.718233496441734,34.60550224472692,8
4,4,20,6,41,24.928233496441734,47.29550224472692,1
1,23,7,6,13,22.878233496441734,48.02550224472692,4
1,4,7,5,27,23.908233496441735,41.00550224472692,7
4,4,17,15,39,28.078233496441737,42.75550224472692,1
5,23,38,24,25,16.908233496441735,51.63550224472692,2
4,6,36,28,38,25.008233496441736,48.055502244726924,6
3,4,13,5,19,9.908233496441735,32.445502244726924,8
1,4,7,5,13,9.908233496441735,39.15550224472692,9
4,6,43,28,42,24.928233496441734,54.375502244726924,7
3,4,7,27,7,25.908233496441735,40.36550224472692,10
3,12,27,24,23,15.608233496441734,36.14550224472692,5
2,4,44,5,67,26.908233496441735,68.47550224472693,3
3,4,13,5,18,8.908233496441735,23.89550224472692,8
5,4,7,29,5,27.988233496441733,42.41550224472692,6
5,11,31,19,35,11.968233496441735,36.835502244726925,8
2,4,19,5,25,9.908233496441735,29.61550224472692,7
2,4,15,5,32,20.908233496441735,39.50550224472692,10
2,6,13,5,19,10.228233496441735,32.36550224472692,4
1,4,7,5,44,40.90823349644173,65.54550224472692,3
2,4,27,5,37,13.908233496441735,39.07550224472692,3
1,14,7,6,12,14.208233496441736,29.385502244726922,8
5,18,28,11,33,13.338233496441735,35.06550224472692,1
4,4,32,6,53,24.928233496441734,53.91550224472692,1
5,22,18,22,37,22.938233496441736,40.52550224472692,1
1,4,7,6,33,29.928233496441734,55.19550224472692,3
2,21,7,24,13,10.228233496441735,34.53550224472692,9
3,4,25,12,27,11.188233496441734,56.52550224472692,7
3,4,25,7,34,13.128233496441736,45.78550224472692,4
3,4,54,12,52,11.188233496441734,54.57550224472692,2
5,26,19,20,13,13.128233496441736,46.03550224472692,5
4,23,43,24,33,13.908233496441735,54.38550224472692,2
1,4,7,5,38,34.90823349644173,58.69550224472692,3
5,23,18,22,37,23.008233496441736,47.125502244726924,1
4,4,26,5,38,15.908233496441735,43.19550224472692,1
1,4,7,5,34,30.908233496441735,42.41550224472692,2
1,21,7,5,15,22.698233496441734,34.945502244726924,4
5,43,17,39,17,8.908233496441735,64.33550224472692,8
5,29,7,31,13,9.988233496441735,43.01550224472692,8
3,5,64,26,50,28.318233496441735,66.28550224472693,2
2,4,16,5,25,12.908233496441735,40.53550224472692,4
2,14,7,17,14,11.188233496441734,47.29550224472692,1
1,4,7,5,29,25.908233496441735,49.19550224472692,9
2,26,7,27,22,18.908233496441735,61.99550224472692,1
3,4,7,20,8,18.938233496441732,37.295502244726926,10
1,4,7,5,27,23.908233496441735,39.54550224472692,6
5,16,15,11,11,11.118233496441734,31.475502244726922,5
1,19,7,11,12,14.208233496441736,41.04550224472692,8
3,6,43,15,42,11.968233496441735,44.16550224472692,2
6,4,23,13,7,21.798233496441735,38.51550224472692,3
3,14,37,23,31,13.908233496441735,46.68550224472692,5
1,17,7,12,11,11.118233496441734,35.06550224472692,8
4,6,31,17,32,13.958233496441736,35.085502244726925,6
3,6,44,21,39,18.778233496441732,45.84550224472692,3
4,24,27,22,17,14.348233496441734,49.36550224472692,5
6,23,31,15,25,14.728233496441735,57.15550224472692,2
4,4,26,12,31,12.508233496441735,36.835502244726925,4
1,20,7,14,12,12.508233496441735,37.78550224472692,4
5,29,46,30,29,20.908233496441735,65.95550224472693,2
4,6,43,24,43,20.908233496441735,57.19550224472692,6
6,42,28,15,21,32.76823349644173,65.97550224472693,3
1,4,7,5,18,14.908233496441735,31.16550224472692,10
6,23,17,19,17,8.908233496441735,37.73550224472692,8
5,19,51,20,41,13.908233496441735,58.69550224472692,2
5,16,15,11,38,27.678233496441734,38.77550224472692,1
1,4,7,5,28,24.908233496441735,54.00550224472692,9
1,4,7,5,20,16.908233496441735,55.86550224472692,6
7,46,18,40,18,10.908233496441735,70.83550224472692,8
7,14,29,5,23,15.568233496441735,67.38550224472692,2
3,16,28,30,21,18.668233496441733,42.33550224472692,5
6,12,7,13,13,9.908233496441735,23.42550224472692,8
5,4,7,15,5,14.108233496441734,38.33550224472692,6
4,4,15,12,17,11.188233496441734,21.815502244726922,8
3,4,31,28,34,27.098233496441736,52.54550224472692,1
2,9,12,5,17,10.978233496441735,43.27550224472692,4
1,4,7,5,22,18.908233496441735,33.85550224472692,10
4,6,25,17,31,15.568233496441735,32.36550224472692,4
3,14,41,26,34,16.948233496441734,49.82550224472692,5
2,17,7,18,13,9.908233496441735,39.54550224472692,9
2,10,14,5,21,13.128233496441736,42.41550224472692,4
1,4,7,5,23,19.908233496441735,53.24550224472692,6
3,4,39,12,35,11.968233496441735,38.51550224472692,3
1,4,7,5,28,24.908233496441735,54.04550224472692,7
5,30,17,31,36,22.908233496441735,44.48550224472692,9
6,32,7,33,17,13.908233496441735,48.72550224472692,8
1,23,7,6,17,24.498233496441735,48.02550224472692,4
3,4,19,21,19,19.908233496441735,45.23550224472692,6
7,16,15,11,15,9.908233496441735,22.50550224472692,8
6,18,12,5,7,18.778233496441732,41.31550224472692,5
1,4,7,5,21,17.908233496441735,43.82550224472692,6
3,18,31,22,24,11.528233496441734,43.54550224472692,5
2,4,25,6,36,14.958233496441736,35.89550224472692,10
5,37,27,5,13,39.75823349644173,62.96550224472692,2
3,4,21,14,25,13.758233496441735,39.74550224472692,1
3,4,15,5,23,11.908233496441735,32.36550224472692,4
5,37,28,5,13,40.15823349644173,64.61550224472693,3
2,20,7,23,18,15.088233496441735,40.52550224472692,1
5,15,25,16,36,14.908233496441735,36.555502244726924,9
2,26,7,28,15,11.968233496441735,44.13550224472692,9
3,5,48,28,44,26.268233496441734,53.04550224472692,3
4,5,18,14,21,12.448233496441734,23.33550224472692,8
5,14,43,5,36,16.118233496441736,55.54550224472692,2
5,28,21,28,46,28.928233496441734,51.32550224472692,1
2,4,18,7,28,14.108233496441734,33.85550224472692,7
1,4,7,5,23,19.908233496441735,45.84550224472692,10
4,4,26,6,34,11.968233496441735,44.48550224472692,1
5,23,15,15,39,29.538233496441734,42.75550224472692,1
7,10,34,5,30,11.118233496441734,48.95550224472692,2
1,4,7,5,28,24.908233496441735,64.43550224472692,7
4,6,42,28,53,27.618233496441736,57.41550224472692,8
2,12,7,14,16,12.968233496441735,57.32550224472692,1
1,4,7,5,27,23.908233496441735,42.65550224472692,10
4,6,43,28,42,24.928233496441734,54.375502244726924,7
1,21,7,5,20,25.308233496441733,48.02550224472692,8
5,4,7,16,7,14.908233496441735,23.33550224472692,6
4,5,38,13,39,10.978233496441735,40.46550224472692,7
1,16,7,7,13,15.568233496441735,32.36550224472692,4
4,19,22,19,15,10.978233496441735,39.07550224472692,5
2,4,37,5,46,12.908233496441735,45.79550224472692,2
3,20,31,21,19,15.908233496441735,44.93550224472692,5
4,4,40,12,42,11.188233496441734,46.875502244726924,7
2,4,19,5,31,15.908233496441735,44.93550224472692,4
3,4,7,27,8,25.928233496441734,45.19550224472692,10
5,5,21,13,23,11.188233496441734,23.89550224472692,8
3,4,32,38,30,36.968233496441734,64.33550224472692,6
1,13,7,6,11,12.848233496441734,23.33550224472692,8
4,16,28,32,35,20.458233496441736,44.43550224472692,4
1,4,7,5,17,13.908233496441735,41.65550224472692,1
7,37,13,33,13,8.908233496441735,65.44550224472692,8
4,14,50,15,43,10.908233496441735,55.54550224472692,2
7,25,13,22,13,7.908233496441735,42.15550224472692,8
3,4,23,31,25,29.988233496441733,53.24550224472692,6
4,18,39,22,32,11.528233496441734,48.99550224472692,3
1,21,7,9,13,18.228233496441735,44.00550224472692,8
1,4,7,5,23,19.908233496441735,47.73550224472692,9
5,18,15,5,7,20.028233496441736,39.07550224472692,5
3,4,23,28,28,27.448233496441734,47.41550224472692,9
3,4,26,24,25,22.938233496441736,44.48550224472692,1
2,22,7,24,25,21.938233496441736,44.48550224472692,1
6,11,33,5,29,11.968233496441735,44.82550224472692,3
2,4,20,5,34,17.908233496441735,36.42550224472692,10
3,6,44,13,42,10.228233496441735,46.25550224472692,2
3,4,54,12,52,11.188233496441734,58.305502244726924,3
1,15,7,5,12,15.988233496441735,23.33550224472692,8
2,16,7,19,28,25.008233496441736,35.06550224472692,1
2,8,14,5,21,11.968233496441735,37.78550224472692,4
1,4,7,5,31,27.908233496441735,54.38550224472692,2
7,14,21,5,14,16.118233496441736,55.625502244726924,2
1,4,7,5,16,12.908233496441735,33.31550224472692,10
5,26,14,29,38,27.988233496441733,44.73550224472692,9
3,4,17,5,28,14.908233496441735,41.31550224472692,4
2,6,16,5,25,13.128233496441736,45.78550224472692,4
5,27,16,26,26,14.108233496441734,38.77550224472692,9
5,12,33,21,39,13.908233496441735,41.31550224472692,4
4,10,34,18,30,11.968233496441735,37.31550224472692,2
2,27,12,5,17,27.448233496441734,50.08550224472692,4
2,4,34,27,25,27.678233496441734,40.36550224472692,5
2,4,16,5,25,12.908233496441735,39.59550224472692,8
3,4,30,7,42,16.078233496441733,57.41550224472692,8
1,4,7,5,15,11.908233496441735,26.93550224472692,10
2,4,12,5,17,8.908233496441735,21.65550224472692,8
7,6,31,12,31,8.908233496441735,30.53550224472692,1
5,23,20,22,33,17.058233496441733,37.73550224472692,1
1,4,7,6,28,24.928233496441734,34.39550224472692,3
5,20,15,11,11,14.678233496441734,34.375502244726924,5
6,11,36,5,32,11.968233496441735,49.50550224472692,3
3,21,25,24,19,10.228233496441735,36.93550224472692,5
3,4,15,5,22,10.908233496441735,30.135502244726922,8
1,4,7,5,37,33.90823349644173,57.92550224472692,3
7,18,59,25,43,20.998233496441735,61.99550224472692,1
1,4,7,5,20,16.908233496441735,42.20550224472692,9
4,4,20,7,31,15.088233496441735,38.77550224472692,9
3,4,15,26,19,25.288233496441734,46.35550224472692,1
6,4,13,27,7,26.708233496441736,64.61550224472693,3
5,29,50,30,41,12.908233496441735,61.43550224472692,3
2,4,17,5,23,9.908233496441735,27.46550224472692,6
2,4,40,7,62,25.998233496441735,65.95550224472693,2
2,4,12,5,17,8.908233496441735,23.89550224472692,8
4,5,31,21,32,18.938233496441732,35.21550224472692,6
4,23,23,24,15,11.908233496441735,36.14550224472692,5
4,27,23,28,15,11.908233496441735,39.50550224472692,5
4,11,38,27,34,19.428233496441734,45.19550224472692,3
2,4,29,5,36,10.908233496441735,37.31550224472692,2
1,4,7,5,32,28.908233496441735,66.41550224472692,6
4,4,27,12,32,12.508233496441735,39.07550224472692,4
1,4,7,5,15,11.908233496441735,41.65550224472692,9
5,16,17,18,42,28.928233496441734,44.75550224472692,9
2,22,7,24,28,24.928233496441734,56.10550224472692,9
1,38,7,29,13,15.568233496441735,56.52550224472692,4
4,6,39,32,38,28.928233496441734,47.40550224472692,6
6,14,30,5,24,15.568233496441735,44.16550224472692,2
4,27,23,28,15,11.908233496441735,39.50550224472692,5
5,11,32,29,37,21.628233496441734,45.23550224472692,8
3,30,37,36,27,15.088233496441735,55.35550224472692,5
3,4,31,11,20,16.438233496441732,36.125502244726924,1
7,4,17,30,7,30.838233496441735,74.07550224472693,3
4,4,25,6,41,19.938233496441736,46.76550224472692,9
3,4,25,7,34,13.128233496441736,45.78550224472692,4
5,9,26,16,29,10.618233496441734,30.135502244726922,8
3,4,30,35,30,33.90823349644173,51.50550224472692,7
4,4,13,7,25,16.078233496441733,31.03550224472692,9
7,4,29,15,7,28.078233496441737,44.82550224472692,3
2,6,33,7,41,11.908233496441735,46.03550224472692,3
7,8,31,5,28,8.908233496441735,44.75550224472692,2
1,21,7,5,20,25.308233496441733,48.02550224472692,8
4,5,36,16,38,14.108233496441734,38.77550224472692,7
4,28,55,34,42,17.838233496441735,74.88550224472692,2
3,4,30,18,25,17.838233496441735,54.875502244726924,9
3,4,25,26,35,27.168233496441736,40.53550224472692,4
3,4,13,15,14,13.958233496441736,27.00550224472692,7
1,15,7,12,10,8.908233496441735,25.53550224472692,8
5,20,27,20,51,27.928233496441734,54.23550224472692,9
6,13,43,10,40,8.908233496441735,52.40550224472692,3
3,4,18,16,17,14.958233496441736,53.70550224472692,6
7,14,49,17,31,22.018233496441734,49.21550224472692,1
4,23,54,24,41,16.908233496441735,66.56550224472693,2
2,13,16,5,25,16.638233496441735,52.39550224472692,4
4,4,47,36,49,34.968233496441734,57.73550224472692,7
4,4,26,5,38,15.908233496441735,43.19550224472692,1
3,4,21,7,28,11.188233496441734,36.835502244726925,4
4,5,27,19,28,16.948233496441734,33.195502244726924,7
4,6,44,15,44,11.908233496441735,54.45550224472692,6
4,4,28,20,33,19.718233496441734,49.39550224472692,4
3,6,42,11,40,8.378233496441734,42.53550224472692,2
6,37,16,34,16,7.908233496441735,62.14550224472692,8
6,37,16,34,16,7.908233496441735,62.14550224472692,8
2,4,43,6,55,15.948233496441734,61.61550224472692,2
5,18,7,21,17,14.108233496441734,38.82550224472692,8
3,10,27,17,23,11.118233496441734,32.36550224472692,5
2,4,30,7,39,13.128233496441736,42.25550224472692,10
5,28,36,37,41,13.338233496441735,52.22550224472692,8
1,4,7,5,21,17.908233496441735,48.25550224472692,7
2,4,30,11,27,10.618233496441734,31.475502244726922,5
3,4,37,24,51,27.508233496441736,53.86550224472692,8
1,4,7,6,33,29.928233496441734,64.61550224472693,3
2,12,15,5,22,14.538233496441736,45.23550224472692,8
3,21,37,25,27,14.348233496441734,49.36550224472692,5
5,13,31,21,35,11.968233496441735,37.78550224472692,4
5,20,36,5,24,23.908233496441735,59.29550224472692,3
3,4,21,7,28,11.188233496441734,38.82550224472692,8
1,4,7,5,39,35.90823349644173,66.28550224472693,2
4,4,27,6,38,14.958233496441736,47.21550224472692,9
7,20,20,5,13,21.368233496441736,61.61550224472692,2
4,4,49,12,48,10.978233496441735,52.055502244726924,6
4,4,38,28,36,26.998233496441735,44.13550224472692,7
1,4,7,5,35,31.908233496441735,58.76550224472692,3
4,26,16,5,7,27.678233496441734,40.36550224472692,5
3,16,25,17,16,12.908233496441735,35.99550224472692,5
4,33,7,33,15,11.968233496441735,55.53550224472692,8
7,10,35,17,35,9.908233496441735,35.99550224472692,1
4,6,39,20,38,16.948233496441734,48.72550224472692,6
1,4,7,5,15,11.908233496441735,38.33550224472692,10
4,19,37,30,28,17.358233496441734,48.54550224472692,3
2,26,7,29,17,14.108233496441734,44.58550224472692,1
2,4,30,5,41,14.908233496441735,50.22550224472692,3
2,4,36,17,25,20.188233496441736,36.91550224472692,5
1,4,7,5,13,9.908233496441735,40.91550224472692,6
1,26,7,8,18,25.858233496441734,56.14550224472692,8
5,22,31,21,46,19.038233496441734,64.35550224472692,1
1,4,7,5,31,27.908233496441735,55.18550224472692,2
1,4,7,5,13,9.908233496441735,34.32550224472692,9
2,4,22,5,37,18.908233496441735,60.53550224472692,8
2,12,15,5,23,15.218233496441735,65.44550224472692,8
4,4,18,6,33,18.938233496441732,46.58550224472692,9
3,4,7,28,7,26.908233496441735,39.50550224472692,10
4,24,27,22,17,14.348233496441734,49.36550224472692,5
5,26,22,25,43,25.008233496441736,61.99550224472692,1
2,4,16,5,29,16.908233496441735,35.945502244726924,10
2,16,7,18,14,10.978233496441735,36.405502244726925,1
4,4,31,6,55,27.928233496441734,57.92550224472692,1
1,4,7,5,19,15.908233496441735,46.03550224472692,1
2,4,34,7,47,17.058233496441733,47.91550224472692,2
5,21,17,20,26,13.128233496441736,31.03550224472692,9
3,4,25,31,23,29.988233496441733,52.73550224472692,9
4,22,31,23,19,15.908233496441735,46.68550224472692,5
3,4,25,29,26,27.928233496441734,50.47550224472692,9
2,6,15,5,23,12.158233496441735,62.35550224472692,8
4,18,48,21,43,9.298233496441734,55.18550224472692,2
1,4,7,5,45,41.90823349644173,70.00550224472693,2
4,4,15,9,17,8.378233496441734,22.50550224472692,8
1,4,7,5,31,27.908233496441735,52.40550224472692,9
1,32,7,23,12,15.088233496441735,48.72550224472692,8
1,4,7,5,24,20.908233496441735,58.875502244726924,1
5,22,23,24,48,28.928233496441734,50.72550224472692,1
2,4,23,6,44,24.928233496441734,45.84550224472692,10
7,4,13,21,7,20.998233496441735,46.03550224472692,3
5,4,7,13,7,11.908233496441735,44.73550224472692,6
2,4,45,7,64,23.008233496441736,67.77550224472692,2
5,16,14,5,7,17.798233496441735,36.42550224472692,5
8,4,21,28,7,30.838233496441735,70.15550224472693,3
2,4,35,5,42,10.908233496441735,50.98550224472692,2
3,4,21,26,14,26.048233496441735,46.875502244726924,9
2,4,15,7,29,18.048233496441735,29.30550224472692,7
5,25,29,5,13,30.308233496441733,62.805502244726924,3
2,5,13,5,18,9.008233496441735,31.08550224472692,8
4,4,39,33,39,31.908233496441735,48.055502244726924,6
4,18,57,21,49,12.158233496441735,63.77550224472692,2
4,21,40,22,31,12.908233496441735,47.16550224472692,3
4,23,54,24,47,10.908233496441735,60.89550224472692,2
2,6,40,7,54,17.908233496441735,53.805502244726924,3
1,20,7,5,15,21.798233496441735,34.375502244726924,4
2,4,15,7,32,21.028233496441736,40.19550224472692,6
2,11,7,13,14,10.978233496441735,37.155502244726925,9
3,4,18,20,21,19.208233496441736,32.16550224472692,1
7,23,39,5,35,23.328233496441737,61.24550224472692,2
1,4,7,5,18,14.908233496441735,31.16550224472692,10
2,4,41,6,63,25.928233496441734,63.77550224472692,2
5,4,7,36,8,34.928233496441734,50.81550224472692,6
3,4,13,5,19,9.908233496441735,32.445502244726924,8
7,10,35,17,35,9.908233496441735,35.99550224472692,1
6,4,17,23,7,24.498233496441735,58.67550224472692,3
5,29,38,26,25,17.508233496441733,65.95550224472693,2
5,14,14,14,31,20.938233496441736,31.53550224472692,1
6,17,25,11,21,11.968233496441735,41.93550224472692,3
6,11,27,10,25,6.738233496441735,34.39550224472692,3
4,4,17,5,40,26.908233496441735,45.75550224472692,9
3,4,7,20,9,19.038233496441734,32.16550224472692,10
3,4,18,14,16,13.128233496441736,33.99550224472692,1
1,4,7,5,21,17.908233496441735,43.82550224472692,6
3,4,21,5,36,18.908233496441735,56.64550224472692,8
3,4,25,17,25,15.908233496441735,35.085502244726925,1
5,15,15,12,15,7.908233496441735,23.33550224472692,8
2,4,22,6,38,19.938233496441736,43.27550224472692,7
5,21,26,5,13,25.308233496441733,51.22550224472692,3
6,23,30,17,24,13.128233496441736,56.23550224472692,3
3,4,26,11,24,10.228233496441735,45.89550224472692,6
2,4,25,6,49,27.928233496441734,56.01550224472692,10
4,30,53,32,45,11.968233496441735,63.24550224472692,2
4,4,44,26,42,25.008233496441736,51.93550224472692,6
1,4,7,5,14,10.908233496441735,26.635502244726922,10
1,18,7,12,12,12.508233496441735,36.835502244726925,8
2,12,12,5,17,13.338233496441735,41.31550224472692,4
1,16,7,7,13,15.568233496441735,32.36550224472692,4
5,26,21,29,28,11.188233496441734,40.91550224472692,1
4,35,26,30,17,14.728233496441735,54.57550224472692,5
3,4,30,14,33,13.398233496441735,45.555502244726924,9
1,4,7,5,26,22.908233496441735,55.27550224472692,10
2,15,7,17,17,13.958233496441736,44.75550224472692,9
2,4,13,7,31,22.018233496441734,39.59550224472692,6
1,4,7,5,38,34.90823349644173,58.69550224472692,3
4,4,14,7,22,12.158233496441735,45.53550224472692,1
5,16,14,17,28,17.908233496441735,47.29550224472692,1
5,26,28,19,21,14.538233496441736,46.03550224472692,3
3,13,27,18,23,9.568233496441735,32.82550224472692,5
1,4,7,5,19,15.908233496441735,52.54550224472692,6
1,4,7,5,25,21.908233496441735,39.59550224472692,7
3,4,28,15,28,13.908233496441735,52.60550224472692,1
4,6,39,32,38,28.928233496441734,47.40550224472692,6
1,4,7,5,20,16.908233496441735,41.93550224472692,9
2,18,7,19,19,15.908233496441735,30.77550224472692,1
2,4,14,5,21,10.908233496441735,33.125502244726924,8
3,4,15,5,22,10.908233496441735,30.135502244726922,8
1,4,7,5,31,27.908233496441735,38.09550224472692,5
7,17,14,15,14,6.908233496441735,34.60550224472692,8
4,4,28,19,45,25.928233496441734,50.47550224472692,1
6,27,17,23,17,8.908233496441735,41.77550224472692,8
4,13,28,26,35,17.798233496441735,41.77550224472692,8
2,4,30,7,39,13.128233496441736,42.25550224472692,10
6,4,33,29,28,28.428233496441734,40.91550224472692,1
3,6,52,14,48,11.968233496441735,51.42550224472692,2
1,20,7,14,12,12.508233496441735,37.78550224472692,4
2,23,7,26,21,18.048233496441735,55.19550224472692,1
5,12,50,13,45,8.908233496441735,52.22550224472692,3
2,6,46,22,37,21.398233496441733,49.36550224472692,5
2,24,7,27,19,16.078233496441733,40.24550224472692,9
3,20,31,21,19,15.908233496441735,44.93550224472692,5
2,4,19,5,31,15.908233496441735,54.375502244726924,4
4,5,45,20,45,17.908233496441735,55.21550224472692,6
1,4,7,5,34,30.908233496441735,47.91550224472692,2
2,5,13,5,19,9.988233496441735,43.54550224472692,4
2,4,20,5,33,16.908233496441735,54.57550224472692,8
3,4,15,29,14,27.928233496441734,40.19550224472692,6
5,4,7,23,8,21.938233496441736,64.94550224472692,6
4,6,38,22,38,18.908233496441735,42.97550224472692,6
3,4,57,15,51,15.568233496441735,56.52550224472692,2
4,6,50,46,50,42.90823349644173,64.94550224472692,7
5,19,31,19,39,11.968233496441735,40.875502244726924,1
1,4,7,6,29,25.928233496441734,50.72550224472692,3
1,12,7,6,10,11.528233496441734,23.89550224472692,8
1,4,7,5,36,32.90823349644173,61.61550224472692,2
2,4,19,5,25,9.908233496441735,29.61550224472692,7
2,19,7,22,19,16.078233496441733,54.00550224472692,9
3,4,16,32,15,30.928233496441734,46.64550224472692,7
1,4,7,5,43,39.90823349644173,59.24550224472692,2
4,16,16,5,7,18.908233496441735,36.91550224472692,5
1,16,7,5,16,18.908233496441735,35.99550224472692,4
4,11,52,19,47,12.508233496441735,54.57550224472692,2
6,6,41,14,50,15.308233496441735,55.27550224472692,1
3,4,7,18,7,16.908233496441735,41.00550224472692,10
2,22,7,24,18,14.958233496441736,47.125502244726924,1
3,5,52,15,48,13.758233496441735,55.625502244726924,2
4,23,26,22,17,13.128233496441736,48.02550224472692,5
1,4,7,5,27,23.908233496441735,44.13550224472692,2
5,11,31,10,44,17.058233496441733,43.19550224472692,1
5,22,14,23,39,28.908233496441735,49.39550224472692,9
2,5,36,6,61,28.908233496441735,66.82550224472692,3
3,9,23,15,20,9.738233496441735,28.795502244726922,5
4,4,22,7,35,17.058233496441733,49.63550224472692,9
2,4,41,5,50,12.908233496441735,52.95550224472692,2
5,14,34,5,27,16.118233496441736,45.79550224472692,2
2,5,34,12,31,10.618233496441734,35.945502244726924,5
5,20,36,5,24,23.908233496441735,59.29550224472692,3
1,4,7,5,24,20.908233496441735,45.84550224472692,7
5,20,15,19,11,8.378233496441734,32.73550224472692,5
3,4,25,17,35,19.528233496441732,35.99550224472692,4
5,11,27,18,31,11.118233496441734,32.82550224472692,8
3,14,41,26,34,16.948233496441734,49.82550224472692,5
7,18,50,21,40,14.108233496441734,52.15550224472692,1
5,4,7,18,9,17.058233496441733,27.73550224472692,6
1,15,7,6,13,15.568233496441735,30.59550224472692,8
3,4,31,26,33,25.008233496441736,57.92550224472692,1
6,27,29,17,21,17.508233496441733,59.66550224472692,2
1,11,7,6,9,10.228233496441735,22.17550224472692,8
2,25,7,27,22,18.938233496441732,45.75550224472692,1
2,6,45,22,33,23.118233496441736,47.16550224472692,5
1,4,7,5,20,16.908233496441735,47.305502244726924,6
4,46,7,46,14,10.978233496441735,66.36550224472693,8
4,14,17,14,12,9.008233496441735,28.795502244726922,5
2,4,36,5,47,14.908233496441735,50.71550224472692,3
1,4,7,5,18,14.908233496441735,39.59550224472692,6
1,4,7,5,18,14.908233496441735,45.35550224472692,6
1,4,7,5,22,18.908233496441735,31.53550224472692,7
4,6,46,30,46,26.908233496441735,51.85550224472692,7
8,4,31,19,7,31.688233496441736,61.43550224472692,3
8,4,26,9,7,23.328233496441737,39.71550224472692,3
4,6,39,17,40,13.958233496441736,43.61550224472692,7
5,21,31,5,22,23.148233496441733,47.16550224472692,3
2,6,32,16,23,16.638233496441735,32.84550224472692,5
4,26,19,15,13,17.328233496441733,38.09550224472692,5
8,4,13,21,7,20.998233496441735,49.46550224472692,3
1,4,7,5,31,27.908233496441735,32.82550224472692,5
1,4,7,5,43,39.90823349644173,51.42550224472692,2
3,4,19,5,32,16.908233496441735,48.02550224472692,4
2,4,35,5,48,16.908233496441735,47.98550224472692,2
5,4,7,29,6,27.928233496441734,40.91550224472692,6
5,21,26,5,13,25.308233496441733,49.91550224472692,2
1,4,7,7,41,37.968233496441734,62.805502244726924,3
1,4,7,5,30,26.908233496441735,57.15550224472692,2
3,4,17,13,17,11.908233496441735,35.99550224472692,7
5,16,35,15,29,10.228233496441735,45.38550224472692,3
3,4,26,6,36,13.958233496441736,48.02550224472692,4
1,26,7,5,15,27.318233496441735,38.09550224472692,4
2,28,7,29,25,21.908233496441735,42.41550224472692,9
5,26,19,20,13,13.128233496441736,46.03550224472692,5
2,4,37,19,31,19.138233496441735,39.07550224472692,5
4,5,27,19,28,16.948233496441734,34.13550224472692,6
4,14,47,25,40,16.118233496441736,54.28550224472692,3
3,4,25,19,25,17.908233496441735,53.805502244726924,6
5,17,21,17,46,28.928233496441734,46.64550224472692,9
3,6,49,22,39,21.938233496441736,50.84550224472692,3
4,4,18,6,26,11.968233496441735,41.67550224472692,9
4,4,28,23,33,22.588233496441735,48.72550224472692,8
4,4,27,15,29,14.108233496441734,29.705502244726922,7
1,12,7,7,10,10.618233496441734,23.42550224472692,8
3,4,29,20,29,18.908233496441735,41.34550224472692,7
4,6,31,17,32,13.958233496441736,35.085502244726925,6
4,10,38,18,34,11.968233496441735,41.93550224472692,3
2,4,13,5,32,22.908233496441735,40.36550224472692,6
3,4,7,25,9,24.008233496441736,41.59550224472692,10
2,11,7,14,33,29.988233496441733,45.555502244726924,9
5,4,7,18,6,16.948233496441734,43.81550224472692,6
1,4,7,5,31,27.908233496441735,57.92550224472692,1
8,4,16,18,7,19.718233496441734,41.93550224472692,3
4,4,24,5,41,20.908233496441735,48.33550224472692,1
1,16,7,7,13,15.568233496441735,32.36550224472692,4
1,4,7,5,32,28.908233496441735,44.16550224472692,2
1,4,7,5,15,11.908233496441735,48.17550224472692,9
6,11,27,10,25,6.738233496441735,34.39550224472692,3
5,22,19,25,37,22.018233496441734,52.055502244726924,9
1,4,7,5,33,29.908233496441735,45.79550224472692,2
1,4,7,5,19,15.908233496441735,45.23550224472692,6
3,4,27,21,29,20.028233496441736,57.73550224472692,7
3,4,22,31,20,29.988233496441733,43.74550224472692,9
1,4,7,5,32,28.908233496441735,59.76550224472692,10
6,14,7,15,15,11.908233496441735,22.50550224472692,8
5,29,36,26,25,15.608233496441734,61.43550224472692,3
5,51,32,5,13,54.608233496441734,81.75550224472693,3
6,33,23,31,18,9.738233496441735,50.22550224472692,3
3,4,7,17,9,16.078233496441733,29.725502244726922,10
6,26,28,25,21,11.188233496441734,59.24550224472692,2
3,6,68,29,51,31.708233496441736,72.65550224472693,3
2,6,28,10,23,9.738233496441735,28.795502244726922,5
6,6,45,10,50,9.738233496441735,50.17550224472692,1
2,29,7,31,23,19.938233496441736,52.73550224472692,9
5,33,7,34,14,10.908233496441735,58.78550224472692,8
4,25,45,26,29,19.908233496441735,61.61550224472692,2
4,17,7,17,14,10.978233496441735,25.33550224472692,8
1,4,7,5,19,15.908233496441735,46.03550224472692,1
3,6,48,16,44,13.758233496441735,48.54550224472692,3
2,4,22,5,31,12.908233496441735,38.18550224472692,6
4,4,16,6,27,14.958233496441736,36.77550224472692,9
2,4,32,6,57,28.928233496441734,76.24550224472692,6
5,18,13,17,22,13.128233496441736,52.66550224472692,9
3,4,7,20,9,19.038233496441734,37.295502244726926,10
4,6,49,27,49,23.908233496441735,53.90550224472692,7
2,4,31,5,54,26.908233496441735,55.51550224472692,2
5,26,34,5,25,27.678233496441734,52.06550224472692,3
2,4,34,6,43,12.968233496441735,42.41550224472692,2
4,27,16,5,7,28.608233496441734,40.24550224472692,5
1,4,7,6,27,23.928233496441734,47.16550224472692,3
1,4,7,5,25,21.908233496441735,35.89550224472692,10
7,8,42,5,39,8.908233496441735,52.22550224472692,3
1,4,7,5,31,27.908233496441735,48.48550224472692,3
3,4,24,29,27,28.098233496441736,50.47550224472692,1
1,18,7,7,12,16.908233496441735,36.835502244726925,4
5,4,7,31,9,29.988233496441733,45.23550224472692,6
4,5,43,35,43,32.90823349644173,52.39550224472692,7
1,4,7,5,19,15.908233496441735,38.33550224472692,6
5,19,21,7,29,19.168233496441733,32.16550224472692,1
7,4,34,16,7,33.05823349644173,58.69550224472692,3
1,4,7,5,16,12.908233496441735,46.64550224472692,7
3,4,7,26,9,25.008233496441736,48.07550224472692,10
2,4,17,7,30,17.058233496441733,36.93550224472692,6
4,26,30,27,19,14.908233496441735,46.03550224472692,5
2,10,13,5,19,12.398233496441735,38.77550224472692,4
5,6,31,19,35,16.558233496441733,36.835502244726925,4
1,4,7,5,36,32.90823349644173,44.75550224472692,2
2,4,17,5,27,13.908233496441735,46.57550224472692,4
8,4,13,18,7,18.228233496441735,50.22550224472692,3
3,4,26,16,26,14.908233496441735,44.89550224472692,7
2,5,36,17,28,17.508233496441733,37.73550224472692,5
5,26,7,27,13,9.908233496441735,55.65550224472692,8
1,23,7,10,13,19.138233496441735,48.02550224472692,4
6,6,26,8,31,9.008233496441735,32.36550224472692,1
4,6,51,47,49,43.95823349644173,66.36550224472693,6
2,17,7,20,24,21.028233496441736,43.61550224472692,1
3,4,7,14,7,12.908233496441735,23.02550224472692,10
3,4,17,30,17,28.908233496441735,47.73550224472692,6
4,4,33,16,35,15.088233496441735,39.94550224472692,7
5,23,44,24,31,16.908233496441735,57.15550224472692,2
1,4,7,5,39,35.90823349644173,54.57550224472692,2
1,11,7,5,12,12.508233496441735,21.65550224472692,8
3,6,59,24,54,21.628233496441734,60.89550224472692,2
1,4,7,5,19,15.908233496441735,38.64550224472692,1
1,25,7,5,16,26.758233496441736,40.53550224472692,4
4,4,22,7,26,8.378233496441734,35.265502244726925,4
3,4,29,17,28,15.948233496441734,51.85550224472692,7
1,4,7,5,22,18.908233496441735,31.53550224472692,7
1,4,7,6,33,29.928233496441734,37.73550224472692,5
1,4,7,5,16,12.908233496441735,40.53550224472692,10
4,4,28,10,33,10.978233496441735,43.27550224472692,4
4,25,51,28,38,17.058233496441733,62.39550224472692,2
4,5,27,13,29,11.188233496441734,33.335502244726925,6
2,4,42,5,57,18.908233496441735,58.67550224472692,2
2,4,27,6,34,10.978233496441735,33.695502244726924,2
3,4,7,24,8,22.938233496441736,40.20550224472692,10
1,4,7,5,21,17.908233496441735,38.77550224472692,1
3,4,31,31,43,32.54823349644173,49.94550224472692,4
3,5,36,15,31,14.208233496441736,36.21550224472692,2
1,4,7,5,30,26.908233496441735,42.64550224472692,2
3,27,23,28,15,11.908233496441735,38.77550224472692,5
2,4,18,6,27,12.968233496441735,28.36550224472692,10
2,12,7,14,25,21.938233496441736,39.74550224472692,1
1,4,7,5,42,38.90823349644173,56.52550224472692,2
1,4,7,5,36,32.90823349644173,48.70550224472692,2
2,27,7,28,21,17.908233496441735,38.06550224472692,1
6,5,39,27,38,24.928233496441734,44.36550224472692,1
1,4,7,5,19,15.908233496441735,52.54550224472692,6
2,4,27,5,39,15.908233496441735,47.40550224472692,10
3,4,15,16,13,15.088233496441735,38.33550224472692,7
5,18,45,5,34,21.708233496441736,65.20550224472693,3
1,30,7,22,13,14.728233496441735,48.33550224472692,4
3,6,52,22,43,21.398233496441733,53.63550224472692,2
2,20,7,23,18,15.088233496441735,40.52550224472692,1
2,5,28,15,23,14.208233496441736,31.93550224472692,5
1,4,7,5,42,38.90823349644173,55.01550224472692,2
1,11,7,8,9,8.378233496441734,22.17550224472692,8
1,4,7,5,28,24.908233496441735,41.31550224472692,10
1,22,7,7,16,22.268233496441734,45.78550224472692,4
5,17,55,18,46,12.908233496441735,61.07550224472692,2
7,14,42,5,38,14.678233496441734,61.07550224472692,2
1,16,7,7,13,15.568233496441735,32.36550224472692,4
4,16,46,17,37,12.908233496441735,54.04550224472692,2
3,4,20,21,25,20.668233496441736,42.20550224472692,9
4,5,40,14,42,12.158233496441735,45.35550224472692,7
3,4,37,24,51,27.508233496441736,53.86550224472692,8
4,9,7,10,18,14.908233496441735,19.42550224472692,8
2,5,29,19,26,17.248233496441735,32.73550224472692,5
5,23,15,13,11,15.608233496441734,36.14550224472692,5
5,13,43,12,38,9.298233496441734,48.48550224472692,2
3,4,7,36,7,34.90823349644173,54.57550224472692,10
5,4,7,13,7,11.908233496441735,34.74550224472692,6
4,4,23,20,23,18.908233496441735,27.46550224472692,6
2,26,7,28,16,12.968233496441735,38.77550224472692,9
2,4,30,6,44,17.948233496441734,46.25550224472692,10
2,4,19,7,25,10.228233496441735,28.33550224472692,10
4,4,17,6,31,17.948233496441734,41.89550224472692,1
5,26,40,27,27,16.908233496441735,54.72550224472692,3
1,15,7,12,10,8.908233496441735,25.53550224472692,8
1,11,7,8,9,8.378233496441734,19.955502244726922,8
3,4,21,29,21,27.908233496441735,49.63550224472692,7
3,4,19,20,19,18.908233496441735,44.13550224472692,7
7,10,49,28,50,20.938233496441736,55.27550224472692,1
4,4,26,7,44,22.018233496441734,44.36550224472692,1
6,13,11,5,7,13.758233496441735,32.36550224472692,5
1,4,7,5,15,11.908233496441735,40.36550224472692,7
1,4,7,5,19,15.908233496441735,50.18550224472692,9
4,4,26,8,31,9.738233496441735,38.29550224472692,8
3,4,18,31,18,29.908233496441735,45.99550224472692,1
3,4,57,15,53,14.678233496441734,62.84550224472692,3
1,4,7,5,27,23.908233496441735,51.63550224472692,1
3,4,7,32,9,30.978233496441735,47.40550224472692,10
2,4,32,7,49,21.028233496441736,49.805502244726924,2
3,4,24,31,25,29.928233496441734,49.13550224472692,6
3,4,13,5,20,10.908233496441735,31.78550224472692,4
2,4,22,5,37,18.908233496441735,58.78550224472692,8
3,4,24,24,19,23.558233496441733,47.125502244726924,9
3,4,33,42,47,43.468233496441734,60.70550224472692,8
5,5,21,13,23,11.188233496441734,23.89550224472692,8
5,11,37,27,43,20.068233496441735,47.72550224472692,4
3,4,18,26,20,25.008233496441736,45.35550224472692,6
1,10,7,7,9,8.378233496441734,21.15550224472692,8
4,4,43,11,43,9.908233496441735,52.54550224472692,6
5,18,15,5,7,20.028233496441736,43.54550224472692,5
4,4,44,13,46,12.158233496441735,51.60550224472692,6
1,4,7,6,37,33.928233496441734,41.75550224472692,3
1,4,7,5,29,25.908233496441735,54.72550224472692,3
2,4,18,7,43,28.988233496441733,57.19550224472692,6
4,28,51,29,32,22.908233496441735,72.65550224472693,3
7,9,50,17,28,26.998233496441735,50.17550224472692,1
6,26,21,5,13,27.318233496441735,50.98550224472692,2
5,13,31,15,48,20.938233496441736,47.73550224472692,9
5,29,54,30,41,16.908233496441735,67.77550224472692,2
5,14,32,15,39,10.908233496441735,55.54550224472692,9
1,4,7,5,43,39.90823349644173,44.93550224472692,5
3,4,7,17,9,16.078233496441733,40.64550224472692,10
2,4,15,7,32,21.028233496441736,40.19550224472692,6
7,7,31,17,24,15.308233496441735,32.36550224472692,1
1,4,7,5,15,11.908233496441735,39.74550224472692,10
2,7,9,5,11,7.518233496441734,22.17550224472692,8
4,4,22,14,20,13.128233496441736,25.385502244726922,7
5,4,7,25,7,23.908233496441735,47.73550224472692,6
1,4,7,5,44,40.90823349644173,45.84550224472692,5
3,4,16,23,14,22.018233496441734,34.74550224472692,6
2,4,16,6,23,10.978233496441735,23.42550224472692,7
6,29,13,5,7,29.618233496441736,55.74550224472692,5
7,24,21,5,14,25.098233496441736,59.24550224472692,2
1,4,7,7,37,33.97823349644173,52.06550224472692,3
1,4,7,7,35,31.978233496441735,45.38550224472692,3
4,4,31,5,46,18.908233496441735,52.40550224472692,9
3,4,7,26,8,24.928233496441734,39.74550224472692,10
5,23,16,18,16,9.908233496441735,48.02550224472692,8
5,18,15,5,7,20.028233496441736,42.20550224472692,5
2,4,38,5,57,22.908233496441735,58.34550224472692,2
3,4,7,23,9,22.018233496441734,52.15550224472692,10
5,4,7,14,7,12.908233496441735,76.24550224472692,6
2,13,7,14,24,20.908233496441735,43.61550224472692,1
4,22,50,23,43,10.908233496441735,58.67550224472692,2
1,4,7,5,13,9.908233496441735,27.00550224472692,7
4,24,27,22,17,14.348233496441734,49.36550224472692,5
4,4,31,7,53,25.998233496441735,56.10550224472692,9
6,21,35,13,29,14.728233496441735,55.51550224472692,2
1,4,7,5,30,26.908233496441735,31.475502244726922,5
2,4,41,20,36,19.718233496441734,46.03550224472692,5
1,4,7,6,43,39.91823349644173,52.22550224472692,3
2,18,7,19,18,14.908233496441735,40.42550224472692,9
2,4,29,7,50,25.008233496441736,49.46550224472692,10
2,4,31,15,25,15.568233496441735,38.09550224472692,5
3,5,35,14,31,12.848233496441734,34.945502244726924,2
4,19,17,15,12,10.978233496441735,30.53550224472692,5
3,4,14,12,14,10.908233496441735,32.73550224472692,7
5,37,30,5,18,39.01823349644173,61.33550224472692,2
5,29,54,30,41,16.908233496441735,67.77550224472692,2
1,4,7,7,30,26.998233496441735,31.955502244726922,5
6,5,41,11,47,11.718233496441734,47.29550224472692,1
3,4,24,14,24,12.908233496441735,43.61550224472692,1
2,4,20,7,27,11.188233496441734,32.16550224472692,7
4,4,17,6,29,15.948233496441734,36.405502244726925,1
6,10,7,13,16,13.128233496441736,21.15550224472692,8
2,12,7,13,17,13.908233496441735,41.43550224472692,1
4,25,15,5,7,26.378233496441734,36.67550224472692,5
1,4,7,5,35,31.908233496441735,53.63550224472692,3
4,14,20,15,13,10.908233496441735,28.795502244726922,5
1,4,7,5,29,25.908233496441735,39.15550224472692,10
5,15,25,16,36,14.908233496441735,36.555502244726924,9
7,9,40,5,37,9.738233496441735,52.40550224472692,3
4,4,27,16,26,14.958233496441736,29.94550224472692,7
1,4,7,5,25,21.908233496441735,34.68550224472692,9
5,4,7,12,8,10.978233496441735,27.46550224472692,6
6,19,14,15,14,8.908233496441735,32.16550224472692,8
6,29,41,23,36,12.508233496441735,61.43550224472692,3
3,4,15,16,13,15.088233496441735,38.33550224472692,7
5,20,17,16,12,10.978233496441735,42.20550224472692,5
5,18,34,5,23,21.708233496441736,57.08550224472692,3
3,4,19,21,19,19.908233496441735,29.61550224472692,7
2,4,45,5,52,10.908233496441735,61.33550224472692,2
2,4,31,7,48,21.028233496441736,60.09550224472692,6
4,6,36,24,45,23.148233496441733,49.44550224472692,8
7,16,29,5,21,18.328233496441733,70.15550224472693,3
2,4,38,6,49,14.958233496441736,48.95550224472692,2
3,4,26,24,26,22.908233496441735,45.35550224472692,7
3,4,14,5,18,7.908233496441735,21.185502244726923,8
1,4,7,5,16,12.908233496441735,41.89550224472692,9
4,6,36,33,38,29.988233496441733,47.305502244726924,6
2,4,23,6,37,17.948233496441734,41.59550224472692,10
3,4,32,13,34,12.158233496441735,58.14550224472692,9
2,12,12,5,17,13.338233496441735,32.445502244726924,8
3,4,23,27,31,27.318233496441735,38.09550224472692,4
4,4,29,19,54,32.55823349644173,57.86550224472692,1
3,5,67,52,51,52.608233496441734,81.75550224472693,3
4,14,52,20,47,10.978233496441735,58.69550224472692,3
2,11,13,5,19,13.128233496441736,45.78550224472692,4
2,26,7,29,27,24.008233496441736,50.47550224472692,1
7,9,25,5,23,9.298233496441734,34.39550224472692,3
2,4,19,5,25,9.908233496441735,29.385502244726922,6
5,12,17,12,31,17.948233496441734,41.43550224472692,1
1,4,7,5,44,40.90823349644173,73.07550224472693,2
2,4,27,7,44,21.028233496441736,46.25550224472692,2
4,30,22,23,15,14.538233496441736,45.23550224472692,5
7,12,19,5,13,13.908233496441735,46.25550224472692,2
3,4,28,22,32,21.368233496441736,50.72550224472692,1
1,4,7,5,13,9.908233496441735,42.15550224472692,1
2,4,38,6,58,23.928233496441734,58.69550224472692,2
7,10,17,5,13,11.118233496441734,37.31550224472692,2
1,19,7,5,14,20.458233496441736,30.53550224472692,4
5,4,7,14,7,12.908233496441735,38.82550224472692,6
1,4,7,5,26,22.908233496441735,43.19550224472692,1
3,6,54,19,48,17.328233496441733,55.18550224472692,2
2,4,42,6,65,26.928233496441734,66.56550224472693,2
3,4,18,6,24,9.988233496441735,31.08550224472692,8
2,4,12,5,17,8.908233496441735,30.37550224472692,8
2,4,23,6,36,16.948233496441734,45.84550224472692,10
2,4,14,6,33,22.938233496441736,35.945502244726924,7
6,11,33,5,29,11.968233496441735,44.82550224472692,3
1,4,7,5,25,21.908233496441735,50.47550224472692,9
5,21,13,24,31,22.018233496441734,41.89550224472692,9
5,29,48,30,31,20.908233496441735,65.95550224472693,2
1,4,7,6,43,39.91823349644173,81.75550224472693,3
5,13,25,11,40,19.208233496441736,39.74550224472692,1
5,40,40,5,27,42.18823349644173,72.95550224472693,3
5,18,17,12,12,12.508233496441735,36.835502244726925,5
2,4,37,19,31,19.138233496441735,39.07550224472692,5
2,4,32,7,48,20.028233496441736,53.04550224472692,10
6,4,27,32,31,31.198233496441734,41.65550224472692,1
5,13,42,12,37,9.298233496441734,48.48550224472692,2
4,13,14,5,7,15.308233496441735,27.46550224472692,5
6,28,37,17,29,18.328233496441733,70.15550224472693,3
4,4,38,30,36,28.988233496441733,45.35550224472692,6
3,4,21,27,15,26.708233496441736,46.875502244726924,1
3,4,25,17,25,15.908233496441735,35.085502244726925,1
2,4,31,5,51,23.908233496441735,54.28550224472692,3
5,4,7,44,6,42.91823349644173,64.33550224472692,6
5,17,14,16,35,25.008233496441736,36.405502244726925,1
2,4,29,5,52,26.908233496441735,54.38550224472692,2
5,23,29,24,52,26.908233496441735,54.38550224472692,9
1,4,7,5,20,16.908233496441735,46.38550224472692,1
2,5,33,6,41,11.908233496441735,41.93550224472692,3
6,23,43,18,37,12.398233496441735,68.47550224472693,3
6,4,27,23,7,30.818233496441735,72.95550224472693,3
3,4,7,26,8,24.928233496441734,39.74550224472692,10
5,30,25,31,37,15.908233496441735,48.33550224472692,1
3,4,37,47,51,48.178233496441734,66.36550224472693,8
1,4,7,5,46,42.90823349644173,56.73550224472692,2
4,6,40,22,39,18.938233496441732,49.13550224472692,6
6,5,44,22,37,21.368233496441736,47.125502244726924,1
2,10,7,11,14,10.908233496441735,30.53550224472692,1
1,4,7,5,42,38.90823349644173,65.20550224472693,3
3,5,69,33,62,31.798233496441735,79.31550224472693,3
4,4,26,19,31,18.778233496441732,40.53550224472692,4
3,4,25,20,35,21.938233496441736,37.295502244726926,4
4,25,59,31,53,11.718233496441734,67.27550224472692,3
7,10,20,5,16,11.118233496441734,41.93550224472692,3
4,12,59,34,53,25.748233496441735,66.82550224472692,3
8,4,21,18,7,23.008233496441736,53.24550224472692,3
2,4,22,7,37,19.038233496441734,48.055502244726924,6
2,4,28,24,21,24.158233496441735,33.85550224472692,5
1,4,7,5,17,13.908233496441735,34.13550224472692,6
4,20,51,22,45,9.988233496441735,54.57550224472692,3
5,11,32,20,37,13.338233496441735,39.07550224472692,4
2,4,34,7,56,25.998233496441735,59.66550224472692,2
4,6,27,22,26,18.938233496441732,31.78550224472692,7
5,17,24,16,31,11.188233496441734,41.93550224472692,9
2,4,22,6,46,27.928233496441734,53.54550224472692,7
4,14,48,20,44,10.308233496441735,52.02550224472692,2
4,20,60,30,54,14.728233496441735,67.77550224472692,2
5,21,36,31,41,14.208233496441736,48.33550224472692,4
1,4,7,5,23,19.908233496441735,38.82550224472692,6
5,37,14,31,14,10.908233496441735,60.53550224472692,8
1,4,7,5,26,22.908233496441735,39.54550224472692,9
2,4,30,7,49,23.008233496441736,53.90550224472692,7
5,19,44,20,35,12.908233496441735,52.02550224472692,2
1,23,7,10,15,20.028233496441736,42.75550224472692,4
7,12,63,21,46,22.698233496441734,64.35550224472692,1
1,23,7,6,17,24.498233496441735,48.02550224472692,4
5,12,44,5,41,12.448233496441734,49.27550224472692,3
4,4,22,11,26,11.118233496441734,30.59550224472692,8
4,6,40,33,39,29.928233496441734,50.81550224472692,7
5,22,15,5,7,23.608233496441734,45.23550224472692,5
4,19,19,15,13,11.718233496441734,33.835502244726925,5
3,4,32,21,13,28.748233496441735,49.91550224472692,1
1,4,7,5,23,19.908233496441735,51.93550224472692,6
5,24,17,23,32,19.038233496441734,37.555502244726924,1
5,25,17,26,37,23.908233496441735,42.15550224472692,1
3,4,17,16,21,15.608233496441734,23.33550224472692,8
4,24,50,27,43,11.188233496441734,59.24550224472692,2
2,4,25,5,41,19.908233496441735,50.98550224472692,7
1,4,7,5,33,29.908233496441735,58.98550224472692,2
6,32,18,26,18,10.908233496441735,51.14550224472692,8
2,9,15,5,23,13.338233496441735,44.36550224472692,4
3,4,24,11,26,10.228233496441735,43.81550224472692,6
2,27,7,29,13,9.988233496441735,45.53550224472692,9
1,4,7,5,18,14.908233496441735,32.16550224472692,10
1,4,7,5,44,40.90823349644173,72.95550224472693,3
2,5,45,6,66,24.908233496441735,68.85550224472692,3
3,4,67,18,62,17.838233496441735,68.47550224472693,3
1,4,7,5,26,22.908233496441735,45.19550224472692,10
1,4,7,5,30,26.908233496441735,64.43550224472692,7
2,4,43,5,54,14.908233496441735,53.58550224472692,2
3,4,25,7,34,13.128233496441736,45.78550224472692,4
1,4,7,5,21,17.908233496441735,39.74550224472692,1
7,7,31,17,24,15.308233496441735,32.36550224472692,1
2,4,30,7,52,25.998233496441735,64.43550224472692,7
4,20,38,21,31,10.908233496441735,46.76550224472692,3
2,5,42,25,37,23.558233496441733,54.33550224472692,5
5,4,7,12,8,10.978233496441735,27.46550224472692,6
4,4,46,16,48,15.088233496441735,58.33550224472692,6
2,4,21,5,35,17.908233496441735,57.14550224472692,8
3,4,30,35,30,33.90823349644173,51.50550224472692,7
5,42,7,43,16,12.908233496441735,65.20550224472693,8
4,6,53,47,51,43.95823349644173,67.82550224472692,6
3,21,29,22,18,14.908233496441735,42.65550224472692,5
4,6,32,27,32,23.908233496441735,40.19550224472692,6
1,4,7,5,42,38.90823349644173,56.52550224472692,2
1,4,7,5,29,25.908233496441735,47.125502244726924,1
1,4,7,5,22,18.908233496441735,49.63550224472692,9
7,8,25,5,23,8.378233496441734,34.655502244726925,2
5,11,21,16,23,8.378233496441734,25.53550224472692,8
2,4,42,7,58,20.028233496441736,67.38550224472692,2
5,23,25,24,41,19.908233496441735,44.48550224472692,1
4,20,28,21,17,14.908233496441735,42.20550224472692,5
1,31,7,18,15,20.028233496441736,47.40550224472692,4
6,30,13,25,13,9.908233496441735,61.89550224472692,8
3,4,17,18,14,17.248233496441735,36.405502244726925,1
6,11,7,11,13,9.988233496441735,19.955502244726922,8
5,21,16,20,37,25.008233496441736,40.01550224472692,9
2,29,7,30,25,21.908233496441735,55.27550224472692,9
4,4,28,7,34,10.228233496441735,50.72550224472692,1
4,15,51,16,45,9.908233496441735,53.805502244726924,3
6,17,7,18,15,11.908233496441735,32.82550224472692,8
4,4,13,7,38,28.988233496441733,39.54550224472692,9
1,4,7,7,30,26.998233496441735,47.73550224472692,3
3,4,21,5,35,17.908233496441735,52.94550224472692,8
5,29,7,29,13,9.988233496441735,61.89550224472692,8
2,6,30,7,48,21.908233496441735,60.76550224472692,3
5,17,14,20,26,16.078233496441733,34.68550224472692,9
2,6,40,22,29,22.508233496441736,42.65550224472692,5
5,12,48,38,57,30.478233496441735,65.44550224472692,8
1,4,7,5,13,9.908233496441735,31.475502244726922,9
1,20,7,5,19,23.908233496441735,44.93550224472692,4
4,4,26,5,47,24.908233496441735,55.27550224472692,1
1,4,7,5,28,24.908233496441735,43.61550224472692,9
4,21,7,22,18,14.908233496441735,48.02550224472692,8
4,4,38,29,38,27.908233496441735,44.73550224472692,6
6,23,43,18,37,12.398233496441735,68.47550224472693,3
3,4,29,30,16,32.08823349644173,66.37550224472693,1
7,13,17,8,17,9.908233496441735,22.17550224472692,8
5,26,7,28,15,11.968233496441735,56.14550224472692,8
2,4,19,6,30,14.958233496441736,38.33550224472692,6
5,26,22,28,40,21.938233496441736,45.75550224472692,1
1,30,7,15,16,22.268233496441734,51.14550224472692,8
3,5,55,21,49,20.068233496441735,61.61550224472692,2
2,4,17,6,27,13.958233496441736,34.13550224472692,6
2,6,9,5,11,6.738233496441735,21.15550224472692,8
3,4,31,33,31,31.908233496441735,47.305502244726924,7
1,4,7,5,27,23.908233496441735,43.33550224472692,6
1,4,7,5,29,25.908233496441735,51.85550224472692,7
2,4,15,7,24,13.128233496441736,26.93550224472692,10
3,4,20,13,18,12.158233496441735,39.49550224472692,1
2,5,36,6,58,25.908233496441735,59.29550224472692,3
2,5,36,17,28,17.508233496441733,37.73550224472692,5
3,4,30,13,30,11.908233496441735,62.38550224472692,7
2,4,31,6,45,17.948233496441734,55.21550224472692,6
4,14,50,24,44,14.728233496441735,57.15550224472692,2
7,17,15,14,15,7.908233496441735,32.82550224472692,8
3,4,7,27,8,25.928233496441734,45.19550224472692,10
7,22,21,5,15,22.878233496441734,54.72550224472692,3
6,15,7,15,17,13.958233496441736,30.135502244726922,8
5,39,7,38,15,12.158233496441735,67.73550224472693,8
3,4,19,15,19,13.908233496441735,31.78550224472692,7
2,4,27,7,42,19.038233496441734,42.53550224472692,2
3,22,31,31,22,15.948233496441734,45.23550224472692,5
2,4,27,5,43,19.908233496441735,51.33550224472692,6
4,20,48,21,36,15.908233496441735,59.29550224472692,3
1,4,7,5,22,18.908233496441735,49.63550224472692,6
5,30,53,31,41,15.908233496441735,67.27550224472692,3
5,15,39,16,32,10.908233496441735,44.13550224472692,2
1,4,7,5,20,16.908233496441735,35.61550224472692,1
4,8,53,13,50,8.908233496441735,52.22550224472692,3
3,4,33,35,45,36.218233496441734,54.57550224472692,8
1,14,7,12,9,7.518233496441734,21.815502244726922,8
1,4,7,6,36,32.928233496441734,61.43550224472692,3
2,4,16,5,25,12.908233496441735,37.295502244726926,4
1,4,7,5,27,23.908233496441735,47.40550224472692,10
1,4,7,5,15,11.908233496441735,41.65550224472692,9
3,26,25,27,16,12.908233496441735,40.36550224472692,5
2,4,25,7,36,15.088233496441735,48.055502244726924,6
2,5,46,22,37,22.268233496441734,49.36550224472692,5
5,18,15,11,11,12.848233496441734,33.31550224472692,5
2,4,20,7,27,11.188233496441734,32.16550224472692,7
5,21,13,24,31,22.018233496441734,41.89550224472692,9
4,4,28,6,49,24.928233496441734,52.94550224472692,9
1,4,7,6,32,28.928233496441734,48.54550224472692,3
3,4,26,19,18,20.028233496441736,40.42550224472692,9
6,14,14,5,7,16.118233496441736,49.82550224472692,5
4,4,23,11,27,11.118233496441734,33.31550224472692,8
5,18,18,17,37,23.008233496441736,38.64550224472692,1
7,17,21,5,13,19.168233496441733,67.38550224472692,3
4,16,46,17,37,12.908233496441735,54.04550224472692,2
3,5,61,13,59,11.188233496441734,66.82550224472692,3
1,4,7,7,28,25.008233496441736,41.93550224472692,3
2,4,40,6,62,25.928233496441734,65.95550224472693,2
2,5,41,27,31,27.168233496441736,46.58550224472692,5
6,6,22,29,39,31.708233496441736,45.53550224472692,1
1,4,7,5,19,15.908233496441735,32.36550224472692,1
3,4,28,29,30,27.988233496441733,50.47550224472692,1
1,4,7,5,15,11.908233496441735,33.335502244726925,6
3,4,15,11,15,9.908233496441735,32.555502244726924,6
4,4,28,7,34,10.228233496441735,50.72550224472692,1
6,19,21,5,13,20.908233496441735,48.54550224472692,3
1,17,7,12,11,11.118233496441734,34.60550224472692,8
4,20,23,21,15,11.908233496441735,33.555502244726924,5
5,17,34,18,25,12.908233496441735,41.93550224472692,3
3,4,25,17,35,19.528233496441732,36.835502244726925,8
3,4,27,24,19,24.528233496441736,47.21550224472692,9
1,4,7,5,27,23.908233496441735,47.21550224472692,9
2,4,16,5,25,12.908233496441735,35.99550224472692,4
2,4,18,7,29,15.088233496441735,28.33550224472692,10
8,4,13,23,7,22.878233496441734,53.04550224472692,3
4,4,22,6,40,21.938233496441736,50.75550224472692,9
2,4,43,5,58,18.908233496441735,67.38550224472692,3
3,4,21,19,28,19.558233496441733,43.74550224472692,4
5,14,32,5,27,15.088233496441735,38.10550224472692,2
7,24,21,5,14,25.098233496441736,59.24550224472692,2
1,4,7,5,27,23.908233496441735,48.47550224472692,3
4,4,31,7,41,14.108233496441734,55.27550224472692,1
5,12,33,21,39,13.908233496441735,41.31550224472692,4
1,4,7,5,13,9.908233496441735,47.54550224472692,6
3,4,15,5,23,11.908233496441735,32.82550224472692,8
5,14,14,17,35,25.008233496441736,35.99550224472692,1
1,33,7,5,20,35.68823349644173,55.53550224472692,8
5,14,28,13,53,28.988233496441733,52.60550224472692,1
3,16,25,17,16,12.908233496441735,36.91550224472692,5
8,4,16,18,7,19.718233496441734,41.93550224472692,3
3,30,37,36,27,15.088233496441735,55.35550224472692,5
2,17,7,19,16,12.968233496441735,32.46550224472692,9
1,4,7,5,26,22.908233496441735,48.07550224472692,1
1,4,7,5,14,10.908233496441735,26.635502244726922,10
5,20,15,19,11,8.378233496441734,32.73550224472692,5
2,10,10,5,13,10.618233496441734,31.78550224472692,4
3,4,26,13,14,18.328233496441733,44.36550224472692,1
3,4,21,24,21,22.908233496441735,36.14550224472692,7
3,4,28,18,28,16.908233496441735,43.95550224472692,6
5,26,35,24,24,15.308233496441735,58.33550224472692,3
1,4,7,6,33,29.928233496441734,34.60550224472692,5
3,18,33,21,28,9.298233496441734,41.31550224472692,5
2,4,23,6,43,23.928233496441734,53.24550224472692,6
4,18,18,5,7,21.708233496441736,40.46550224472692,5
4,26,7,27,13,9.908233496441735,39.59550224472692,8
4,14,14,5,7,16.118233496441736,29.705502244726922,5
7,5,40,30,47,28.908233496441735,52.70550224472692,1
1,4,7,5,24,20.908233496441735,45.23550224472692,6
5,24,23,26,47,27.928233496441734,57.92550224472692,1
5,10,20,11,42,25.908233496441735,41.04550224472692,9
4,4,22,7,35,17.058233496441733,49.63550224472692,9
2,4,31,7,54,26.998233496441735,55.18550224472692,2
3,4,46,15,44,14.108233496441734,48.91550224472692,2
1,4,7,5,16,12.908233496441735,42.97550224472692,7
6,6,44,15,49,13.338233496441735,49.21550224472692,1
2,4,39,7,48,13.128233496441736,49.91550224472692,2
7,21,29,5,24,21.628233496441734,54.38550224472692,2
1,4,7,5,34,30.908233496441735,55.51550224472692,2
1,4,7,5,16,12.908233496441735,34.74550224472692,6
2,4,24,7,31,11.188233496441734,38.33550224472692,6
3,4,17,13,21,12.848233496441734,21.65550224472692,8
2,4,30,7,49,23.008233496441736,53.90550224472692,7
1,17,7,5,12,17.838233496441735,25.33550224472692,8
1,4,7,6,46,42.91823349644173,48.07550224472692,5
3,4,21,17,21,15.908233496441735,48.25550224472692,7
1,4,7,5,36,32.90823349644173,50.71550224472692,3
3,4,19,5,30,14.908233496441735,52.22550224472692,8
7,12,13,10,13,6.908233496441735,23.42550224472692,8
4,6,34,23,43,22.268233496441734,45.78550224472692,4
1,4,7,5,42,38.90823349644173,57.08550224472692,3
1,14,7,9,9,10.228233496441735,22.50550224472692,8
5,10,14,12,31,20.938233496441736,30.53550224472692,1
5,17,34,18,27,10.908233496441735,39.15550224472692,2
1,22,7,14,13,14.728233496441735,45.78550224472692,4
4,4,36,15,43,16.118233496441736,56.64550224472692,8
1,4,7,5,42,38.90823349644173,62.39550224472692,2
2,5,27,14,21,13.908233496441735,27.46550224472692,5
5,4,7,37,7,35.90823349644173,54.45550224472692,6
1,4,7,5,13,9.908233496441735,23.02550224472692,10
2,6,41,19,31,19.528233496441732,43.54550224472692,5
6,28,37,17,29,18.328233496441733,70.15550224472693,3
3,4,52,38,42,38.38823349644173,61.33550224472692,2
6,11,7,13,13,9.988233496441735,22.17550224472692,8
2,12,7,15,22,19.038233496441734,38.10550224472692,1
5,26,7,28,15,11.968233496441735,56.14550224472692,8
3,4,19,20,19,18.908233496441735,44.13550224472692,7
3,6,62,17,56,15.568233496441735,65.95550224472693,2
2,15,14,5,21,16.948233496441734,52.94550224472692,8
5,28,13,27,29,20.028233496441736,45.53550224472692,9
7,11,26,5,21,12.508233496441735,53.24550224472692,3
3,4,17,22,21,21.368233496441736,39.15550224472692,1
3,4,20,13,17,12.448233496441734,41.43550224472692,1
6,19,41,15,36,10.978233496441735,58.69550224472692,2
4,4,31,18,37,18.228233496441735,55.74550224472692,4
4,25,46,26,34,15.908233496441735,58.84550224472692,2
5,11,15,7,15,8.908233496441735,19.42550224472692,8
2,4,31,7,54,26.998233496441735,55.18550224472692,2
4,4,30,6,36,9.988233496441735,47.73550224472692,9
8,4,13,22,7,21.938233496441736,50.72550224472692,3
3,4,20,17,21,15.948233496441734,32.405502244726925,6
2,13,12,5,17,14.208233496441736,37.78550224472692,4
4,19,28,32,35,17.798233496441735,44.43550224472692,4
7,10,40,5,36,11.118233496441734,59.94550224472692,3
2,5,42,21,34,20.908233496441735,52.28550224472692,5
1,4,7,5,17,13.908233496441735,45.75550224472692,9
3,4,16,31,14,29.988233496441733,47.54550224472692,7
5,15,20,16,43,26.908233496441735,43.17550224472692,9
3,4,7,31,7,29.908233496441735,49.13550224472692,10
3,4,17,26,16,24.928233496441734,45.75550224472692,9
1,4,7,6,36,32.928233496441734,45.09550224472692,3
3,4,50,13,47,12.448233496441734,49.27550224472692,3
3,4,31,23,31,21.908233496441735,64.35550224472692,1
3,4,19,7,25,10.228233496441735,32.36550224472692,4
4,4,42,14,42,12.908233496441735,53.63550224472692,7
2,4,20,5,33,16.908233496441735,49.39550224472692,8
5,34,17,32,17,6.908233496441735,58.78550224472692,8
5,29,15,29,33,21.938233496441736,41.60550224472692,9
5,20,23,23,48,28.988233496441733,50.31550224472692,9
3,4,25,16,19,16.438233496441732,38.42550224472692,1
2,4,22,5,37,18.908233496441735,53.86550224472692,8
2,4,27,5,36,12.908233496441735,40.20550224472692,10
1,4,7,5,17,13.908233496441735,27.73550224472692,6
1,20,7,6,15,20.908233496441735,41.31550224472692,4
1,4,7,5,14,10.908233496441735,43.81550224472692,9
5,26,15,5,7,27.318233496441735,46.58550224472692,5
7,8,27,5,25,8.378233496441734,33.695502244726924,2
3,4,29,11,28,9.988233496441735,58.54550224472692,6
5,13,12,5,7,14.208233496441736,28.795502244726922,5
1,16,7,5,16,18.908233496441735,36.835502244726925,8
2,4,28,5,49,24.908233496441735,52.055502244726924,6
5,4,7,12,7,10.908233496441735,39.59550224472692,6
2,4,15,5,23,11.908233496441735,31.53550224472692,4
4,4,22,5,35,16.908233496441735,43.74550224472692,9
4,6,36,33,38,29.988233496441733,47.305502244726924,6
4,4,32,14,32,12.908233496441735,32.10550224472692,7
4,5,31,21,39,20.908233496441735,41.31550224472692,4
1,4,7,7,32,28.988233496441733,39.50550224472692,5
2,7,12,5,17,9.738233496441735,38.29550224472692,8
5,19,19,13,45,30.838233496441735,46.38550224472692,1
1,4,7,5,41,37.90823349644173,63.77550224472692,2
1,4,7,5,31,27.908233496441735,54.28550224472692,3
3,19,36,27,30,13.128233496441736,46.03550224472692,5
3,4,7,26,8,24.928233496441734,39.74550224472692,10
1,4,7,5,16,12.908233496441735,33.31550224472692,10
5,18,30,5,19,21.708233496441736,53.63550224472692,3
2,4,19,5,42,26.908233496441735,53.63550224472692,7
6,4,35,9,7,32.18823349644173,41.75550224472692,3
1,4,7,5,33,29.908233496441735,40.24550224472692,5
4,4,24,6,35,14.958233496441736,43.61550224472692,1
1,4,7,5,21,17.908233496441735,50.81550224472692,6
4,14,40,15,31,12.908233496441735,45.79550224472692,2
4,4,46,39,48,37.968233496441734,58.79550224472692,7
4,19,14,5,7,20.458233496441736,32.16550224472692,5
1,4,7,5,30,26.908233496441735,45.84550224472692,3
1,4,7,5,14,10.908233496441735,40.52550224472692,1
7,17,18,14,18,7.908233496441735,32.82550224472692,8
3,4,21,23,20,21.938233496441736,33.195502244726924,7
5,17,15,14,11,9.568233496441735,32.82550224472692,5
3,4,33,26,45,28.098233496441736,48.95550224472692,4
6,4,21,17,7,22.348233496441736,45.84550224472692,3
6,21,13,5,7,21.938233496441736,45.78550224472692,5
2,5,11,5,15,8.028233496441734,30.135502244726922,8
3,4,7,17,7,15.908233496441735,35.99550224472692,10
6,36,7,37,16,12.908233496441735,52.22550224472692,8
2,4,22,5,44,25.908233496441735,49.63550224472692,6
3,4,11,5,15,7.908233496441735,21.815502244726922,8
5,25,19,26,42,26.908233496441735,46.35550224472692,1
2,4,42,21,31,23.328233496441737,44.01550224472692,5
3,4,31,24,28,23.148233496441733,56.10550224472692,9
5,27,21,18,30,17.358233496441734,38.06550224472692,1
2,15,7,18,19,16.078233496441733,48.54550224472692,1
2,4,17,7,41,27.988233496441733,47.73550224472692,6
1,4,7,7,46,42.95823349644173,72.65550224472693,3
2,4,32,6,53,24.928233496441734,61.57550224472692,2
3,4,17,12,17,10.908233496441735,29.885502244726922,9
4,21,7,22,15,11.908233496441735,36.14550224472692,8
3,4,14,19,14,17.908233496441735,35.945502244726924,7
1,22,7,7,16,22.268233496441734,45.78550224472692,4
2,4,30,11,27,10.618233496441734,31.475502244726922,5
2,6,33,7,41,11.908233496441735,46.03550224472692,3
6,6,34,13,42,13.908233496441735,41.43550224472692,1
4,41,39,42,26,16.908233496441735,60.76550224472692,3
1,4,7,5,14,10.908233496441735,44.36550224472692,1
4,4,23,7,27,8.378233496441734,32.36550224472692,4
4,4,13,7,19,10.228233496441735,42.15550224472692,1
4,14,41,15,34,10.908233496441735,45.79550224472692,2
3,10,27,21,23,14.678233496441734,34.375502244726924,5
2,4,19,5,43,27.908233496441735,54.45550224472692,6
2,4,34,5,57,26.908233496441735,57.19550224472692,3
3,4,30,21,27,20.188233496441736,54.23550224472692,9
3,4,16,23,18,22.018233496441734,52.20550224472692,7
1,4,7,6,33,29.928233496441734,55.26550224472692,3
3,4,31,11,20,16.438233496441732,36.125502244726924,1
1,4,7,5,25,21.908233496441735,36.93550224472692,7
5,39,48,40,35,16.908233496441735,67.38550224472692,2
1,18,7,12,12,12.508233496441735,36.835502244726925,4
5,21,16,22,28,15.908233496441735,39.15550224472692,9
1,26,7,17,13,15.568233496441735,47.72550224472692,4
2,6,37,26,31,23.828233496441737,43.95550224472692,5
5,28,30,19,45,21.938233496441736,50.47550224472692,1
2,4,13,6,25,15.948233496441734,27.00550224472692,7
3,4,27,12,29,11.188233496441734,47.125502244726924,1
2,4,27,7,34,11.188233496441734,41.00550224472692,7
1,4,7,5,37,33.90823349644173,42.15550224472692,5
3,4,20,11,26,12.398233496441735,37.155502244726925,8
1,4,7,5,13,9.908233496441735,34.32550224472692,9
1,4,7,5,15,11.908233496441735,29.94550224472692,7
3,4,15,14,15,12.908233496441735,35.085502244726925,6
4,25,50,26,33,20.908233496441735,66.28550224472693,2
3,4,27,26,21,25.748233496441735,55.19550224472692,1
2,15,7,18,24,21.028233496441736,41.93550224472692,9
1,4,7,5,20,16.908233496441735,41.93550224472692,10
1,4,7,5,21,17.908233496441735,48.72550224472692,6
5,22,19,19,39,24.308233496441733,42.25550224472692,1
2,25,7,28,28,25.008233496441736,44.73550224472692,1
7,10,40,5,36,11.118233496441734,59.94550224472692,3
3,6,42,12,38,10.308233496441735,41.93550224472692,3
4,5,23,13,21,11.188233496441734,23.42550224472692,7
3,5,70,29,55,31.368233496441736,74.88550224472692,2
4,4,15,6,33,21.938233496441736,43.01550224472692,9
5,21,33,5,20,25.308233496441733,58.34550224472692,2
5,38,40,39,27,16.908233496441735,61.14550224472692,3
3,4,32,20,31,18.938233496441732,58.78550224472692,7
7,14,21,5,14,16.118233496441736,65.97550224472693,3
2,5,31,15,23,15.948233496441734,31.53550224472692,5
5,29,16,31,36,23.928233496441734,66.37550224472693,1
2,4,21,7,39,22.018233496441734,50.81550224472692,6
5,21,27,5,13,25.928233496441734,55.51550224472692,2
4,11,37,12,31,9.908233496441735,40.24550224472692,2
3,4,26,15,20,15.568233496441735,39.06550224472692,1
4,22,44,25,38,10.228233496441735,52.95550224472692,2
4,14,36,15,31,8.908233496441735,38.10550224472692,3
2,4,22,6,46,27.928233496441734,53.54550224472692,7
5,27,34,26,48,18.048233496441735,52.54550224472692,1
4,4,20,7,36,20.028233496441736,35.61550224472692,1
4,21,41,22,27,17.908233496441735,55.51550224472692,2
7,22,15,18,15,8.908233496441735,44.00550224472692,8
1,29,7,7,15,28.258233496441736,62.35550224472692,8
1,4,7,5,24,20.908233496441735,43.61550224472692,1
1,4,7,6,28,24.928233496441734,28.795502244726922,5
5,14,28,13,53,28.988233496441733,52.60550224472692,1
2,4,25,7,39,18.048233496441735,39.71550224472692,10
1,18,7,5,18,21.708233496441736,42.69550224472692,8
3,4,11,5,16,8.908233496441735,22.17550224472692,8
3,4,26,11,24,10.228233496441735,45.89550224472692,6
3,5,61,20,55,19.138233496441735,61.57550224472692,2
6,11,12,5,7,12.508233496441735,36.835502244726925,5
1,18,7,7,14,17.798233496441735,36.835502244726925,4
5,11,32,12,27,8.908233496441735,34.39550224472692,3
3,16,28,19,21,11.188233496441734,37.73550224472692,5
6,5,48,22,37,23.328233496441737,49.91550224472692,1
2,12,7,14,16,12.968233496441735,36.85550224472692,9
2,4,31,28,23,28.258233496441736,38.77550224472692,5
1,4,7,5,15,11.908233496441735,33.335502244726925,7
7,10,21,5,17,11.118233496441734,41.93550224472692,3
4,4,44,29,44,27.908233496441735,49.63550224472692,6
2,4,41,6,49,11.968233496441735,48.48550224472692,2
1,4,7,5,30,26.908233496441735,58.305502244726924,3
6,21,29,5,19,23.628233496441734,64.89550224472693,2
3,4,23,25,21,24.008233496441736,42.97550224472692,6
5,18,14,14,14,8.908233496441735,25.33550224472692,8
5,23,15,18,15,9.908233496441735,33.125502244726924,8
4,6,28,19,35,17.798233496441735,36.835502244726925,4
8,4,13,33,7,32.54823349644173,79.31550224472693,3
4,13,31,14,24,10.908233496441735,34.945502244726924,2
6,27,13,23,13,8.908233496441735,40.24550224472692,8
5,4,7,24,9,23.008233496441736,49.63550224472692,6
1,4,7,5,39,35.90823349644173,62.81550224472692,2
5,18,15,5,7,20.028233496441736,39.07550224472692,5
3,4,29,20,29,18.908233496441735,41.34550224472692,7
4,6,42,23,43,19.938233496441736,53.70550224472692,7
5,28,14,25,14,7.908233496441735,38.09550224472692,8
6,16,13,5,7,17.328233496441733,46.68550224472692,5
3,4,22,24,22,22.908233496441735,48.055502244726924,6
2,4,30,6,38,11.968233496441735,38.10550224472692,2
4,34,7,35,18,14.908233496441735,52.39550224472692,8
1,4,7,5,13,9.908233496441735,31.53550224472692,1
1,4,7,5,35,31.908233496441735,58.76550224472692,3
1,27,7,7,19,28.098233496441736,57.41550224472692,8
3,4,22,31,19,30.078233496441737,46.76550224472692,9
2,4,32,7,42,14.108233496441734,53.70550224472692,7
4,28,22,26,15,11.528233496441734,43.95550224472692,5
1,4,7,5,24,20.908233496441735,43.81550224472692,6
6,16,13,13,13,7.908233496441735,30.59550224472692,8
6,25,31,13,27,17.508233496441733,50.71550224472692,3
2,6,46,31,37,29.538233496441734,55.35550224472692,5
3,4,17,29,21,28.238233496441733,51.32550224472692,1
3,4,25,17,35,19.528233496441732,35.99550224472692,4
4,24,27,22,17,14.348233496441734,49.36550224472692,5
2,5,12,5,17,9.008233496441735,29.385502244726922,8
4,17,54,18,48,9.908233496441735,58.16550224472692,3
2,4,16,7,23,11.188233496441734,25.53550224472692,10
8,4,39,11,7,36.468233496441734,52.22550224472692,3
2,4,28,6,49,24.928233496441734,53.90550224472692,10
1,4,7,5,24,20.908233496441735,43.61550224472692,1
3,4,25,17,35,19.528233496441732,35.99550224472692,4
3,4,7,22,8,20.938233496441736,31.03550224472692,10
4,4,22,28,33,29.408233496441735,43.01550224472692,1
1,4,7,5,29,25.908233496441735,57.86550224472692,1
1,4,7,5,28,24.908233496441735,43.61550224472692,9
6,12,27,9,25,8.378233496441734,34.655502244726925,2
2,4,43,21,31,23.908233496441735,44.93550224472692,5
3,4,16,22,13,21.168233496441736,41.89550224472692,9
4,4,23,6,31,11.968233496441735,34.60550224472692,9
3,4,31,21,43,23.908233496441735,44.93550224472692,4
4,23,15,5,7,24.528233496441736,36.93550224472692,5
4,14,41,17,35,10.228233496441735,45.38550224472692,3
5,12,33,21,39,13.908233496441735,41.31550224472692,4
5,18,15,5,7,20.028233496441736,43.54550224472692,5
3,11,31,19,26,12.508233496441735,35.945502244726924,5
6,4,34,19,7,34.318233496441735,65.20550224472693,3
5,33,42,29,27,19.718233496441734,74.88550224472692,2
4,14,42,19,35,11.968233496441735,44.16550224472692,2
5,18,29,5,18,21.708233496441736,49.805502244726924,2
5,31,14,33,37,26.928233496441734,46.57550224472692,9
1,11,7,5,11,11.968233496441735,21.185502244726923,8
7,4,15,24,7,24.528233496441736,56.01550224472692,3
4,4,24,11,33,14.728233496441735,35.06550224472692,1
5,4,7,19,9,18.048233496441735,40.76550224472692,6
6,28,32,17,24,18.328233496441733,65.54550224472692,3
1,4,7,5,17,13.908233496441735,36.405502244726925,1
4,4,18,6,28,13.958233496441736,40.89550224472692,9
3,4,29,18,29,16.908233496441735,64.94550224472692,6
3,4,22,6,30,11.968233496441735,39.07550224472692,8
4,4,27,15,29,14.108233496441734,29.705502244726922,7
2,5,28,14,22,13.908233496441735,28.795502244726922,5
1,4,7,5,28,24.908233496441735,34.655502244726925,2
1,4,7,5,28,24.908233496441735,52.055502244726924,6
8,4,34,14,7,32.36823349644173,54.38550224472692,3
4,21,14,5,7,22.288233496441734,31.78550224472692,5
1,4,7,5,23,19.908233496441735,36.59550224472692,10
4,20,19,5,7,23.908233496441735,44.93550224472692,5
2,4,41,7,47,10.228233496441735,45.64550224472692,2
4,4,42,33,44,31.978233496441735,55.78550224472692,7
1,4,7,5,14,10.908233496441735,25.385502244726922,7
3,5,55,21,49,20.068233496441735,61.61550224472692,2
7,11,33,5,28,12.508233496441735,54.57550224472692,2
1,4,7,5,39,35.90823349644173,61.43550224472692,3
4,18,23,19,15,11.908233496441735,33.31550224472692,5
1,12,7,5,13,13.908233496441735,26.635502244726922,8
2,4,25,5,31,9.908233496441735,36.93550224472692,7
2,5,15,5,22,10.978233496441735,39.07550224472692,8
4,20,28,21,17,14.908233496441735,41.31550224472692,5
1,4,7,5,26,22.908233496441735,52.15550224472692,1
6,15,28,11,24,10.308233496441735,39.375502244726924,2
3,4,27,16,37,18.778233496441732,58.03550224472692,4
3,4,18,6,24,9.988233496441735,30.59550224472692,8
1,4,7,5,14,10.908233496441735,36.59550224472692,6
2,4,26,6,40,17.948233496441734,45.19550224472692,10
5,30,23,33,41,22.018233496441734,52.73550224472692,9
1,4,7,6,36,32.928233496441734,59.29550224472692,3
3,5,66,17,61,15.988233496441735,68.85550224472692,3
3,4,7,18,8,16.948233496441734,33.71550224472692,10
5,21,21,20,35,18.048233496441735,39.15550224472692,1
2,4,22,5,37,18.908233496441735,66.36550224472693,8
4,11,38,14,35,7.518233496441734,41.93550224472692,3
4,4,21,7,42,25.008233496441736,43.61550224472692,1
3,5,49,15,42,15.308233496441735,48.70550224472692,2
2,6,32,18,27,15.988233496441735,39.50550224472692,5
1,4,7,5,22,18.908233496441735,43.01550224472692,1
3,4,11,5,15,7.908233496441735,21.15550224472692,8
1,4,7,5,32,28.908233496441735,61.57550224472692,2
5,11,31,19,35,11.968233496441735,36.835502244726925,8
4,17,20,15,13,11.528233496441734,34.60550224472692,5
3,6,58,18,54,15.608233496441734,58.16550224472692,3
3,4,7,13,7,11.908233496441735,28.94550224472692,10
4,14,56,16,49,10.978233496441735,56.73550224472692,2
6,17,7,18,15,11.908233496441735,32.82550224472692,8
3,5,54,13,52,11.188233496441734,55.51550224472692,2
4,4,19,7,36,21.028233496441736,38.64550224472692,1
2,10,7,12,31,27.928233496441734,43.19550224472692,1
4,4,23,6,38,18.938233496441732,38.10550224472692,1
1,4,7,5,28,24.908233496441735,40.875502244726924,1
6,13,11,5,7,13.758233496441735,32.82550224472692,5
4,14,53,33,46,23.218233496441734,62.84550224472692,3
2,25,7,26,17,13.908233496441735,43.81550224472692,9
4,23,20,19,13,12.508233496441735,37.73550224472692,5
7,12,13,7,13,9.908233496441735,19.955502244726922,8
2,12,13,5,20,14.538233496441736,37.73550224472692,8
5,4,7,19,6,17.948233496441734,52.54550224472692,6
6,4,27,32,31,31.198233496441734,41.65550224472692,1
1,4,7,5,22,18.908233496441735,31.03550224472692,1
8,4,22,28,7,31.368233496441736,68.85550224472692,3
5,30,40,31,31,12.908233496441735,53.24550224472692,3
1,4,7,7,35,31.978233496441735,45.38550224472692,3
5,29,28,20,21,16.118233496441736,48.54550224472692,3
4,4,23,20,23,18.908233496441735,27.46550224472692,6
4,28,51,29,32,22.908233496441735,72.65550224472693,3
2,4,16,5,38,25.908233496441735,42.97550224472692,6
2,4,39,6,62,26.928233496441734,62.81550224472692,2
2,21,7,24,19,16.078233496441733,47.21550224472692,9
4,25,45,26,29,19.908233496441735,62.805502244726924,3
3,4,14,28,17,27.098233496441736,44.13550224472692,1
2,4,28,7,52,27.988233496441733,64.43550224472692,7
4,21,18,5,7,24.158233496441735,42.65550224472692,5
3,25,31,29,22,13.398233496441735,43.95550224472692,5
3,4,25,18,14,20.938233496441736,34.68550224472692,9
1,4,7,5,32,28.908233496441735,55.54550224472692,9
3,18,29,19,18,14.908233496441735,40.46550224472692,5
3,4,29,25,21,25.448233496441734,47.59550224472692,1
1,4,7,5,23,19.908233496441735,39.15550224472692,10
1,4,7,5,21,17.908233496441735,45.34550224472692,1
4,4,20,7,38,22.018233496441734,41.93550224472692,9
5,26,46,27,35,14.908233496441735,59.24550224472692,2
5,12,18,13,36,21.908233496441735,41.43550224472692,1
1,4,7,5,42,38.90823349644173,55.54550224472692,2
5,4,7,40,5,38.968233496441734,57.19550224472692,6
2,14,7,17,13,10.228233496441735,32.36550224472692,1
4,5,31,14,33,12.158233496441735,40.24550224472692,6
3,4,15,14,15,12.908233496441735,40.36550224472692,7
4,6,51,41,50,37.91823349644173,62.38550224472692,7
1,23,7,7,17,23.628233496441734,49.95550224472692,8
5,18,27,5,16,21.708233496441736,47.91550224472692,2
2,4,15,7,24,13.128233496441736,27.16550224472692,7
5,28,48,29,32,19.908233496441735,65.54550224472692,3
4,14,47,15,40,10.908233496441735,53.58550224472692,2
4,24,27,22,17,14.348233496441734,49.36550224472692,5
5,4,7,25,7,23.908233496441735,38.33550224472692,6
3,13,22,15,17,9.008233496441735,28.795502244726922,5
3,4,7,31,7,29.908233496441735,49.13550224472692,10
2,4,45,5,52,10.908233496441735,54.38550224472692,3
1,4,7,5,17,13.908233496441735,35.99550224472692,7
2,10,13,5,19,12.398233496441735,38.77550224472692,4
7,16,15,13,15,7.908233496441735,30.59550224472692,8
1,4,7,5,14,10.908233496441735,40.52550224472692,1
2,4,46,5,66,23.908233496441735,74.13550224472692,2
3,4,27,23,19,23.608233496441734,52.055502244726924,9
3,6,56,17,52,14.678233496441734,59.66550224472692,2
3,5,70,19,60,20.308233496441733,70.78550224472693,3
1,20,7,6,15,20.908233496441735,41.31550224472692,4
2,4,13,6,38,28.928233496441734,47.54550224472692,6
7,25,53,32,25,32.54823349644173,58.875502244726924,1
2,5,34,14,31,12.448233496441734,35.945502244726924,5
5,42,42,43,28,17.908233496441735,65.97550224472693,3
3,4,20,20,17,19.208233496441736,32.99550224472692,1
2,4,44,5,67,26.908233496441735,68.47550224472693,3
1,4,7,5,13,9.908233496441735,37.555502244726924,1
2,9,15,5,23,13.338233496441735,42.75550224472692,4
2,4,30,5,54,27.908233496441735,58.305502244726924,3
5,17,47,18,38,12.908233496441735,55.26550224472692,3
3,14,23,15,15,11.908233496441735,31.53550224472692,5
3,4,15,22,15,20.908233496441735,33.335502244726925,6
4,34,7,35,18,14.908233496441735,52.39550224472692,8
3,4,57,15,51,15.568233496441735,57.19550224472692,3
1,12,7,7,10,10.618233496441734,23.42550224472692,8
3,4,58,21,48,22.778233496441736,58.98550224472692,2
5,18,38,5,28,21.108233496441734,55.53550224472692,2
1,26,7,17,13,15.568233496441735,47.72550224472692,4
5,17,30,18,21,12.908233496441735,37.31550224472692,2
5,24,38,25,29,12.908233496441735,47.59550224472692,3
5,33,42,34,27,18.908233496441735,61.61550224472692,2
1,22,7,14,13,14.728233496441735,45.78550224472692,4
7,8,42,5,39,8.908233496441735,52.22550224472692,3
7,9,37,5,34,9.738233496441735,54.38550224472692,3
5,13,16,13,37,24.928233496441734,36.85550224472692,9
2,4,25,5,44,22.908233496441735,53.805502244726924,6
4,10,39,16,35,10.308233496441735,39.375502244726924,2
3,4,21,16,25,15.608233496441734,36.555502244726924,9
1,18,7,7,14,17.798233496441735,36.835502244726925,4
1,23,7,5,14,24.158233496441735,33.125502244726924,4
1,4,7,6,36,32.928233496441734,37.73550224472692,5
2,4,15,6,26,14.958233496441736,28.00550224472692,10
1,4,7,5,43,39.90823349644173,53.58550224472692,2
5,13,24,5,17,15.308233496441735,34.945502244726924,2
5,23,18,19,18,8.908233496441735,48.02550224472692,8
5,10,32,20,37,14.208233496441736,41.04550224472692,8
3,21,21,22,14,10.908233496441735,31.78550224472692,5
4,4,21,5,42,24.908233496441735,46.875502244726924,9
3,4,11,5,15,7.908233496441735,19.955502244726922,8
2,4,31,14,27,13.758233496441735,32.82550224472692,5
4,4,20,7,38,22.018233496441734,41.93550224472692,9
4,21,39,22,26,16.908233496441735,51.22550224472692,3
4,11,35,18,31,11.118233496441734,37.31550224472692,3
6,26,25,12,21,19.428233496441734,45.19550224472692,3
2,4,25,7,39,18.048233496441735,39.71550224472692,10
4,13,54,15,49,9.008233496441735,56.52550224472692,3
3,4,20,18,18,17.058233496441733,42.69550224472692,1
2,4,30,5,40,13.908233496441735,51.50550224472692,7
1,4,7,5,15,11.908233496441735,41.04550224472692,9
5,14,13,5,7,15.568233496441735,33.835502244726925,5
1,4,7,6,34,30.928233496441734,56.23550224472692,3
1,4,7,5,23,19.908233496441735,35.99550224472692,10
2,4,15,5,23,11.908233496441735,34.945502244726924,4
3,4,17,5,27,13.908233496441735,45.23550224472692,8
1,4,7,6,32,28.928233496441734,36.93550224472692,5
1,4,7,5,27,23.908233496441735,31.78550224472692,5
3,4,35,34,49,36.108233496441734,57.14550224472692,8
2,4,20,6,45,28.928233496441734,55.86550224472692,6
5,26,43,27,28,18.908233496441735,59.24550224472692,2
1,4,7,5,22,18.908233496441735,38.18550224472692,6
4,4,16,5,37,24.908233496441735,44.58550224472692,9
1,4,7,7,39,35.968233496441734,50.84550224472692,3
4,16,56,30,48,19.168233496441733,65.95550224472693,2
2,4,20,7,28,12.158233496441735,35.36550224472692,6
3,4,18,24,20,23.008233496441736,37.73550224472692,1
1,4,7,5,27,23.908233496441735,44.13550224472692,2
4,21,24,19,15,13.398233496441735,43.54550224472692,5
5,25,43,22,34,13.758233496441735,61.61550224472692,3
4,4,35,21,36,19.938233496441736,45.23550224472692,6
1,34,7,5,22,37.44823349644173,58.78550224472692,8
3,4,19,5,30,14.908233496441735,48.33550224472692,4
2,4,39,6,56,20.938233496441736,59.24550224472692,2
2,27,7,30,15,12.158233496441735,41.60550224472692,9
7,14,19,5,13,15.568233496441735,51.63550224472692,2
3,4,18,31,18,29.908233496441735,45.99550224472692,1
4,6,28,19,35,17.798233496441735,38.82550224472692,8
1,4,7,5,24,20.908233496441735,47.51550224472692,9
2,5,27,6,45,21.908233496441735,47.16550224472692,3
4,4,18,7,21,7.518233496441734,23.42550224472692,8
4,5,24,16,29,15.088233496441735,31.08550224472692,8
3,4,25,17,25,15.908233496441735,54.375502244726924,6
5,23,15,15,39,29.538233496441734,42.75550224472692,1
4,4,20,7,31,15.088233496441735,38.77550224472692,9
6,39,37,27,31,18.228233496441735,70.72550224472693,2
1,32,7,5,19,34.36823349644173,51.14550224472692,4
4,6,38,13,40,10.228233496441735,40.64550224472692,7
2,29,7,31,23,19.938233496441736,50.75550224472692,9
1,4,7,5,43,39.90823349644173,53.58550224472692,2
2,11,10,5,13,11.528233496441734,25.53550224472692,8
1,4,7,5,32,28.908233496441735,50.18550224472692,10
1,4,7,5,32,28.908233496441735,61.57550224472692,2
2,4,19,5,27,11.908233496441735,33.125502244726924,10
4,6,48,36,48,32.90823349644173,56.93550224472692,7
1,4,7,5,26,22.908233496441735,52.15550224472692,1
3,5,56,25,50,23.828233496441737,59.24550224472692,2
4,4,25,5,32,10.908233496441735,34.68550224472692,9
4,6,27,20,29,17.058233496441733,32.16550224472692,7
1,46,7,5,22,48.50823349644173,66.36550224472693,8
3,6,54,16,51,13.398233496441735,53.805502244726924,3
2,4,45,7,64,23.008233496441736,67.77550224472692,2
1,4,7,5,19,15.908233496441735,54.45550224472692,6
4,4,40,12,42,11.188233496441734,46.875502244726924,7
7,19,21,5,13,20.908233496441735,65.95550224472693,2
8,4,31,23,7,33.90823349644173,68.47550224472693,3
5,30,15,30,38,26.928233496441734,52.40550224472692,9
6,6,53,18,62,18.118233496441736,66.37550224472693,1
1,4,7,6,35,31.928233496441734,35.99550224472692,5
5,26,7,27,13,9.908233496441735,55.65550224472692,8
7,4,32,13,7,30.158233496441735,49.50550224472692,3
1,4,7,5,20,16.908233496441735,35.36550224472692,6
1,4,7,5,46,42.90823349644173,57.27550224472692,5
2,4,16,5,25,12.908233496441735,37.78550224472692,4
2,9,13,5,19,11.718233496441734,48.02550224472692,4
1,4,7,5,19,15.908233496441735,44.94550224472692,9
4,6,19,16,21,13.128233496441736,23.33550224472692,6
2,4,23,6,45,25.928233496441734,57.19550224472692,7
8,4,30,15,7,28.988233496441733,52.35550224472692,3
5,29,25,30,47,25.908233496441735,52.70550224472692,1
3,5,55,15,51,13.758233496441735,58.33550224472692,2
4,18,50,34,42,20.908233496441735,62.47550224472692,2
4,4,21,7,41,24.008233496441736,40.70550224472692,9
5,38,19,25,13,19.138233496441735,54.33550224472692,5
2,6,40,7,54,17.908233496441735,53.805502244726924,3
2,12,7,13,34,30.908233496441735,58.14550224472692,9
3,4,62,27,56,26.708233496441736,70.72550224472693,2
4,4,31,5,40,12.908233496441735,52.54550224472692,1
2,4,42,5,57,18.908233496441735,56.52550224472692,2
1,23,7,5,22,28.118233496441736,53.86550224472692,8
6,20,38,20,34,8.028233496441734,52.35550224472692,3
1,4,7,5,16,12.908233496441735,42.97550224472692,7
4,4,28,10,33,10.978233496441735,43.27550224472692,4
2,4,25,5,34,12.908233496441735,39.74550224472692,10
3,4,30,14,33,13.398233496441735,45.555502244726924,9
3,4,7,15,9,14.108233496441734,41.93550224472692,10
3,4,24,19,24,17.908233496441735,45.23550224472692,6
3,16,25,17,16,12.908233496441735,35.99550224472692,5
1,4,7,5,28,24.908233496441735,39.71550224472692,3
2,4,21,6,32,14.958233496441736,33.71550224472692,10
1,4,7,5,27,23.908233496441735,51.33550224472692,6
7,13,31,22,33,12.158233496441735,37.73550224472692,1
1,4,7,5,15,11.908233496441735,48.17550224472692,6
3,4,54,38,41,39.37823349644173,62.96550224472692,2
3,10,27,21,23,14.678233496441734,33.555502244726924,5
2,8,18,5,29,15.608233496441734,58.78550224472692,8
1,4,7,6,31,27.928233496441734,36.14550224472692,5
1,4,7,5,27,23.908233496441735,40.24550224472692,7
4,18,60,19,49,14.908233496441735,70.78550224472693,3
7,13,50,29,47,19.208233496441736,55.27550224472692,1
3,13,33,21,28,12.508233496441735,42.20550224472692,5
1,4,7,7,28,25.008233496441736,39.49550224472692,3
8,4,13,26,7,25.748233496441735,61.14550224472692,3
2,4,16,7,39,26.998233496441735,43.61550224472692,7
2,4,20,5,36,19.908233496441735,43.82550224472692,10
5,6,26,20,29,17.248233496441735,32.16550224472692,4
1,4,7,5,19,15.908233496441735,33.125502244726924,10
1,4,7,5,20,16.908233496441735,43.07550224472692,7
2,4,31,14,27,13.758233496441735,32.82550224472692,5
3,4,32,15,32,13.908233496441735,55.54550224472692,9
4,4,25,7,45,24.008233496441736,50.17550224472692,1
3,4,16,32,14,30.978233496441735,46.57550224472692,9
1,19,7,10,13,15.568233496441735,32.16550224472692,8
2,26,7,28,15,11.968233496441735,47.73550224472692,9
1,4,7,5,21,17.908233496441735,49.63550224472692,7
4,4,31,7,37,10.228233496441735,36.125502244726924,1
4,4,32,6,50,21.938233496441736,55.27550224472692,9
4,14,51,27,45,17.328233496441733,58.33550224472692,2
1,4,7,5,22,18.908233496441735,47.97550224472692,10
8,4,25,16,7,25.008233496441736,45.09550224472692,3
3,4,7,40,9,38.968233496441734,61.75550224472692,10
2,5,39,19,29,20.308233496441733,40.46550224472692,5
1,29,7,7,15,28.258233496441736,62.35550224472692,8
5,30,25,31,37,15.908233496441735,48.33550224472692,1
6,11,38,5,34,11.968233496441735,48.48550224472692,2
4,11,46,14,43,7.518233496441734,48.48550224472692,2
5,15,42,26,49,16.118233496441736,52.94550224472692,8
5,21,19,23,39,23.928233496441734,54.00550224472692,9
1,4,7,5,27,23.908233496441735,49.91550224472692,7
7,22,21,5,15,22.878233496441734,54.72550224472692,3
3,6,59,26,51,24.528233496441736,62.39550224472692,2
2,4,18,7,29,15.088233496441735,32.16550224472692,10
1,4,7,5,27,23.908233496441735,40.24550224472692,7
5,33,28,27,21,13.808233496441735,50.98550224472692,2
1,4,7,5,37,33.90823349644173,39.07550224472692,5
1,4,7,6,43,39.91823349644173,52.22550224472692,3
3,16,28,19,21,11.188233496441734,37.73550224472692,5
1,4,7,5,31,27.908233496441735,38.77550224472692,5
1,4,7,5,42,38.90823349644173,55.01550224472692,2
4,14,56,20,51,10.978233496441735,58.69550224472692,2
1,21,7,5,15,22.698233496441734,34.945502244726924,4
5,25,32,26,56,27.908233496441735,58.84550224472692,1
7,4,27,11,7,24.788233496441734,39.49550224472692,3
1,4,7,7,41,37.968233496441734,43.54550224472692,5
5,28,32,5,13,34.51823349644173,72.65550224472693,3
1,4,7,5,13,9.908233496441735,38.77550224472692,7
3,4,24,30,17,29.868233496441736,58.875502244726924,1
1,27,7,11,13,21.938233496441736,38.77550224472692,4
3,4,21,18,28,18.668233496441733,44.43550224472692,8
4,4,28,5,40,15.908233496441735,43.61550224472692,9
6,30,24,5,15,31.418233496441736,56.01550224472692,3
2,4,44,6,61,20.938233496441736,61.57550224472692,2
5,4,7,24,7,22.908233496441735,55.74550224472692,6
4,21,43,22,30,16.908233496441735,53.63550224472692,2
5,12,33,21,39,13.908233496441735,41.31550224472692,4
4,6,38,29,37,25.928233496441734,46.64550224472692,7
5,17,13,19,21,11.968233496441735,39.54550224472692,9
6,16,30,9,28,12.158233496441735,39.71550224472692,3
5,12,34,12,31,7.068233496441735,39.49550224472692,3
3,4,21,20,27,20.068233496441735,30.53550224472692,4
4,4,31,15,32,13.958233496441736,38.18550224472692,6
5,30,23,29,44,25.008233496441736,50.75550224472692,9
4,4,25,9,48,27.258233496441736,48.54550224472692,1
2,4,45,5,51,9.908233496441735,55.65550224472692,2
3,4,14,29,17,28.098233496441736,44.58550224472692,1
4,4,16,5,26,13.908233496441735,46.57550224472692,9
6,12,29,9,27,8.378233496441734,33.695502244726924,2
3,4,20,17,21,15.948233496441734,32.16550224472692,7
7,19,34,5,30,19.428233496441734,52.35550224472692,3
3,4,32,30,25,29.868233496441736,55.27550224472692,9
1,4,7,5,14,10.908233496441735,42.97550224472692,6
1,4,7,5,22,18.908233496441735,37.555502244726924,7
3,4,29,16,30,14.958233496441736,67.82550224472692,6
2,4,32,7,51,23.008233496441736,66.36550224472693,6
3,4,20,11,26,12.398233496441735,37.155502244726925,8
3,4,52,22,49,21.168233496441736,54.38550224472692,2
5,13,17,14,42,28.908233496441735,41.67550224472692,9
4,11,45,31,40,23.558233496441733,53.24550224472692,3
5,21,13,5,7,21.938233496441736,38.83550224472692,5
4,14,50,24,44,14.728233496441735,57.15550224472692,2
3,11,31,19,26,12.508233496441735,36.835502244726925,5
2,6,42,7,67,28.908233496441735,70.15550224472693,3
4,16,51,18,47,8.028233496441734,55.26550224472692,3
1,4,7,5,32,28.908233496441735,46.76550224472692,3
5,18,15,5,7,20.028233496441736,39.07550224472692,5
1,4,7,5,19,15.908233496441735,36.585502244726925,10
2,24,7,26,33,29.928233496441734,57.92550224472692,1
2,5,33,6,56,26.908233496441735,64.61550224472693,3
4,4,38,28,36,26.998233496441735,44.13550224472692,7
5,14,13,5,7,15.568233496441735,32.82550224472692,5
4,7,41,8,38,6.908233496441735,41.75550224472692,3
2,5,16,5,25,12.968233496441735,46.24550224472692,8
5,14,25,15,48,26.908233496441735,47.73550224472692,9
5,13,29,14,42,16.908233496441735,47.51550224472692,9
4,4,15,6,40,28.928233496441734,48.17550224472692,9
4,10,37,18,33,11.968233496441735,41.93550224472692,3
2,4,15,5,27,15.908233496441735,29.94550224472692,7
5,24,31,19,24,13.128233496441736,48.47550224472692,3
3,4,55,24,50,23.558233496441733,57.92550224472692,3
1,16,7,7,11,14.678233496441734,32.82550224472692,8
4,4,31,7,55,27.988233496441733,64.35550224472692,1
3,6,47,8,44,7.068233496441735,45.64550224472692,2
6,4,24,13,7,22.698233496441734,46.76550224472692,3
1,4,7,5,30,26.908233496441735,56.93550224472692,7
2,10,7,13,21,18.048233496441735,43.38550224472692,9
4,4,26,12,31,12.508233496441735,36.835502244726925,4
5,14,23,17,31,12.158233496441735,49.21550224472692,1
4,4,27,5,44,20.908233496441735,48.58550224472692,1
4,4,29,7,36,11.188233496441734,47.59550224472692,1
1,4,7,5,45,41.90823349644173,54.38550224472692,3
1,4,7,5,15,11.908233496441735,40.01550224472692,9
2,5,16,5,25,12.968233496441735,46.24550224472692,8
3,4,23,18,31,19.168233496441733,47.40550224472692,4
5,5,38,24,45,23.218233496441734,48.02550224472692,4
2,27,7,29,19,15.948233496441734,49.63550224472692,9
4,6,33,13,33,9.908233496441735,32.73550224472692,7
3,4,14,23,13,21.938233496441736,48.055502244726924,6
3,4,17,5,26,12.908233496441735,40.53550224472692,4
4,27,16,5,7,28.608233496441734,40.24550224472692,5
2,12,15,5,22,14.538233496441736,45.23550224472692,8
6,4,24,22,7,27.948233496441734,59.29550224472692,3
1,4,7,5,16,12.908233496441735,35.99550224472692,1
2,4,13,6,25,15.948233496441734,30.295502244726922,7
2,6,36,7,49,16.908233496441735,49.50550224472692,3
5,15,15,12,15,7.908233496441735,23.33550224472692,8
1,4,7,5,25,21.908233496441735,39.74550224472692,10
4,4,18,7,34,20.028233496441736,33.99550224472692,1
1,23,7,5,19,26.378233496441734,46.71550224472692,8
7,4,35,16,7,33.98823349644173,59.13550224472692,3
2,4,30,5,41,14.908233496441735,50.22550224472692,3
1,26,7,5,18,28.508233496441736,44.36550224472692,4
1,4,7,5,14,10.908233496441735,44.13550224472692,1
3,4,22,31,23,29.928233496441734,50.75550224472692,9
3,4,13,13,11,12.158233496441735,23.33550224472692,6
1,4,7,5,21,17.908233496441735,58.33550224472692,6
3,4,17,5,26,12.908233496441735,36.835502244726925,4
4,5,50,35,49,32.928233496441734,58.54550224472692,6
4,4,15,5,22,10.908233496441735,41.04550224472692,9
5,12,44,5,41,12.448233496441734,49.27550224472692,3
1,4,7,6,45,41.91823349644173,68.85550224472692,3
5,4,7,28,6,26.928233496441734,59.29550224472692,6
1,4,7,5,18,14.908233496441735,28.94550224472692,10
2,19,7,21,17,13.958233496441736,39.15550224472692,9
1,4,7,5,26,22.908233496441735,55.27550224472692,10
4,12,7,14,18,14.958233496441736,26.635502244726922,8
1,25,7,8,13,22.878233496441734,47.21550224472692,4
5,34,14,29,14,9.908233496441735,57.14550224472692,8
1,4,7,5,20,16.908233496441735,35.61550224472692,1
2,6,19,5,30,15.088233496441735,57.41550224472692,8
4,4,32,25,30,24.008233496441736,37.555502244726924,7
3,4,27,24,25,23.008233496441736,43.33550224472692,6
1,33,7,5,21,36.108233496441734,57.14550224472692,8
3,4,23,27,23,25.908233496441735,52.06550224472692,6
4,4,20,5,28,11.908233496441735,30.77550224472692,1
1,4,7,5,45,41.90823349644173,61.33550224472692,2
6,4,34,13,7,32.068233496441735,51.85550224472692,3
3,11,31,19,26,12.508233496441735,36.835502244726925,5
5,34,17,32,17,6.908233496441735,58.78550224472692,8
4,11,45,14,42,7.518233496441734,48.48550224472692,2
6,4,13,28,7,27.678233496441734,58.76550224472692,3
3,4,27,24,15,26.378233496441734,51.63550224472692,1
5,26,34,27,25,12.908233496441735,45.19550224472692,3
3,4,18,29,19,27.928233496441734,40.91550224472692,1
5,20,45,21,38,10.908233496441735,52.35550224472692,3
3,4,17,5,28,14.908233496441735,49.39550224472692,4
5,22,19,22,13,9.988233496441735,45.78550224472692,5
4,4,14,7,22,12.158233496441735,45.53550224472692,1
1,4,7,5,28,24.908233496441735,39.375502244726924,2
4,4,28,7,38,14.108233496441734,58.84550224472692,1
1,4,7,5,20,16.908233496441735,53.805502244726924,10
1,4,7,5,19,15.908233496441735,38.77550224472692,10
1,4,7,5,28,24.908233496441735,42.41550224472692,9
3,4,19,5,32,16.908233496441735,48.02550224472692,4
4,4,24,10,44,24.528233496441736,43.61550224472692,1
5,41,26,5,13,43.12823349644173,60.76550224472692,3
3,4,32,21,23,22.268233496441734,50.31550224472692,9
2,4,15,5,33,21.908233496441735,32.21550224472692,10
1,23,7,5,19,26.378233496441734,46.71550224472692,8
8,4,30,21,7,31.928233496441734,66.82550224472692,3
1,4,7,5,19,15.908233496441735,29.61550224472692,7
1,4,7,5,21,17.908233496441735,58.79550224472692,7
1,4,7,6,35,31.928233496441734,51.22550224472692,3
4,33,20,5,7,35.68823349644173,53.33550224472692,5
3,6,40,12,39,9.008233496441735,39.49550224472692,3
6,14,13,5,7,15.568233496441735,46.68550224472692,5
3,21,33,22,20,16.908233496441735,47.16550224472692,5
4,11,38,27,34,19.428233496441734,45.19550224472692,3
1,4,7,5,24,20.908233496441735,49.13550224472692,6
3,4,26,22,19,22.288233496441734,48.07550224472692,1
2,4,25,5,36,14.908233496441735,36.91550224472692,10
1,4,7,5,18,14.908233496441735,33.85550224472692,7
3,4,21,5,35,17.908233496441735,52.94550224472692,8
2,4,23,6,36,16.948233496441734,45.84550224472692,10
5,15,40,16,33,10.908233496441735,45.09550224472692,3
3,4,19,5,30,14.908233496441735,43.54550224472692,4
2,7,13,5,19,10.618233496441734,32.82550224472692,4
2,4,19,5,43,27.908233496441735,52.54550224472692,6
2,4,21,5,27,9.908233496441735,29.705502244726922,7
1,4,7,5,32,28.908233496441735,52.66550224472692,9
4,4,25,6,45,23.928233496441734,52.73550224472692,9
2,5,37,6,43,9.908233496441735,41.75550224472692,3
5,20,23,23,48,28.988233496441733,50.31550224472692,9
1,4,7,5,29,25.908233496441735,49.19550224472692,10
3,4,20,19,19,17.948233496441734,30.77550224472692,1
3,4,21,7,28,11.188233496441734,36.835502244726925,4
6,6,53,9,62,13.128233496441736,61.43550224472692,1
1,4,7,5,32,28.908233496441735,53.91550224472692,1
4,14,44,15,37,10.908233496441735,49.68550224472692,3
2,4,16,5,40,27.908233496441735,49.13550224472692,6
1,23,7,5,22,28.118233496441736,53.86550224472692,8
6,28,38,12,33,21.628233496441734,58.305502244726924,3
2,13,13,5,19,14.728233496441735,45.78550224472692,4
4,21,39,22,26,16.908233496441735,50.84550224472692,3
1,4,7,5,44,40.90823349644173,45.84550224472692,5
2,5,46,6,70,27.908233496441735,70.78550224472693,3
2,27,7,30,17,14.108233496441734,58.875502244726924,1
3,4,7,32,9,30.978233496441735,56.305502244726924,10
3,4,15,22,16,20.938233496441736,40.01550224472692,9
6,41,15,36,15,9.908233496441735,67.73550224472693,8
4,16,23,17,15,11.908233496441735,31.475502244726922,5
4,10,38,18,34,11.968233496441735,39.15550224472692,2
6,13,11,5,7,13.758233496441735,32.36550224472692,5
4,4,31,14,37,14.728233496441735,45.78550224472692,4
3,6,62,26,49,26.928233496441734,65.95550224472693,2
3,4,50,23,44,22.878233496441734,52.95550224472692,2
4,15,31,30,39,20.028233496441736,46.14550224472692,4
3,4,27,33,37,33.638233496441735,46.57550224472692,4
4,18,26,19,17,12.908233496441735,35.945502244726924,5
4,4,15,6,39,27.928233496441734,43.17550224472692,9
5,20,31,5,24,21.368233496441736,46.76550224472692,3
1,4,7,5,23,19.908233496441735,34.60550224472692,9
4,10,57,21,53,14.678233496441734,59.94550224472692,3
2,27,7,30,17,14.108233496441734,58.875502244726924,1
1,4,7,5,43,39.90823349644173,61.61550224472692,2
7,16,15,11,15,9.908233496441735,22.50550224472692,8
1,4,7,5,31,27.908233496441735,52.40550224472692,9
2,4,13,5,33,23.908233496441735,42.41550224472692,6
6,11,30,5,26,11.968233496441735,41.93550224472692,3
5,29,7,30,14,10.908233496441735,44.43550224472692,8
1,4,7,5,18,14.908233496441735,45.99550224472692,1
2,4,25,7,44,23.008233496441736,50.18550224472692,6
4,4,29,24,27,23.008233496441736,34.60550224472692,7
3,4,21,20,28,20.458233496441736,44.43550224472692,4
1,4,7,5,32,28.908233496441735,54.77550224472692,1
3,4,13,15,14,13.958233496441736,27.00550224472692,7
1,4,7,5,42,38.90823349644173,55.54550224472692,2
2,4,45,5,57,15.908233496441735,62.84550224472692,3
1,4,7,5,44,40.90823349644173,59.875502244726924,2
2,4,21,6,45,27.928233496441734,52.18550224472692,7
7,8,27,5,25,8.378233496441734,33.695502244726924,2
7,4,33,17,7,32.54823349644173,57.19550224472692,3
3,6,47,19,38,18.908233496441735,47.91550224472692,2
3,4,20,13,26,13.908233496441735,37.73550224472692,8
6,20,38,20,34,8.028233496441734,52.35550224472692,3
3,4,22,17,24,16.078233496441733,59.29550224472692,6
4,4,14,5,23,12.908233496441735,31.78550224472692,1
5,14,35,5,28,16.118233496441736,48.70550224472692,2
2,4,13,5,33,23.908233496441735,42.41550224472692,6
2,11,7,12,17,13.908233496441735,29.885502244726922,9
3,4,33,22,45,24.718233496441734,48.02550224472692,8
2,4,21,5,31,13.908233496441735,36.14550224472692,7
5,22,7,24,14,10.978233496441735,46.24550224472692,8
2,4,15,5,23,11.908233496441735,36.14550224472692,8
1,4,7,5,18,14.908233496441735,40.91550224472692,1
2,16,13,5,19,17.328233496441733,47.72550224472692,4
2,4,25,5,41,19.908233496441735,42.69550224472692,10
3,4,15,5,22,10.908233496441735,35.265502244726925,4
5,14,7,16,16,12.968233496441735,29.385502244726922,8
3,4,18,10,24,11.718233496441734,32.16550224472692,8
3,4,29,9,40,15.608233496441734,58.78550224472692,8
2,4,37,5,62,28.908233496441735,70.72550224472693,2
1,23,7,10,13,19.138233496441735,48.02550224472692,4
3,4,17,20,23,20.068233496441735,30.37550224472692,8
1,21,7,5,21,25.928233496441734,51.63550224472692,8
4,14,44,24,37,15.308233496441735,48.91550224472692,2
5,17,48,5,42,18.228233496441735,58.16550224472692,3
4,4,19,13,34,20.908233496441735,35.945502244726924,1
3,4,46,15,44,14.108233496441734,48.91550224472692,2
2,6,13,5,19,10.228233496441735,45.78550224472692,4
1,4,7,5,24,20.908233496441735,43.81550224472692,6
1,35,7,28,12,13.338233496441735,50.08550224472692,4
1,4,7,5,22,18.908233496441735,49.63550224472692,9
3,4,26,19,18,20.028233496441736,40.42550224472692,9
4,4,31,27,33,25.998233496441735,41.14550224472692,6
6,5,39,27,38,24.928233496441734,44.36550224472692,1
3,4,25,29,26,27.928233496441734,50.47550224472692,9
1,4,7,5,30,26.908233496441735,53.90550224472692,7
5,23,15,13,11,15.608233496441734,36.14550224472692,5
4,26,43,27,34,12.908233496441735,52.06550224472692,3
1,4,7,5,23,19.908233496441735,51.57550224472692,7
2,4,18,7,29,15.088233496441735,32.16550224472692,10
1,4,7,5,17,13.908233496441735,39.15550224472692,1
1,33,7,9,18,31.218233496441734,58.78550224472692,8
8,4,13,26,7,25.748233496441735,54.28550224472692,3
3,4,19,17,17,16.078233496441733,44.75550224472692,9
6,11,7,11,13,9.988233496441735,19.955502244726922,8
4,14,49,43,42,32.76823349644173,65.97550224472693,3
2,28,7,31,19,16.078233496441733,46.76550224472692,9
4,4,19,6,22,7.068233496441735,26.12550224472692,8
1,4,7,5,14,10.908233496441735,37.295502244726926,10
2,12,7,13,14,10.908233496441735,44.36550224472692,1
4,4,26,12,31,12.508233496441735,36.835502244726925,8
2,4,21,7,31,14.108233496441734,30.53550224472692,10
1,4,7,5,18,14.908233496441735,41.67550224472692,9
3,4,42,24,37,23.558233496441733,45.84550224472692,3
1,26,7,5,16,27.678233496441734,39.59550224472692,8
1,4,7,5,32,28.908233496441735,53.70550224472692,7
5,22,19,25,37,22.018233496441734,52.055502244726924,9
3,4,17,5,26,12.908233496441735,36.835502244726925,4
4,4,18,7,29,15.088233496441735,32.16550224472692,1
3,4,17,5,28,14.908233496441735,41.31550224472692,4
2,11,7,13,22,18.938233496441732,35.61550224472692,1
3,5,53,10,52,8.028233496441734,52.40550224472692,3
3,4,19,5,31,15.908233496441735,45.78550224472692,4
7,10,29,5,25,11.118233496441734,45.09550224472692,3
4,9,31,27,39,22.698233496441734,44.36550224472692,4
3,4,7,39,8,37.91823349644173,56.52550224472692,10
2,12,15,5,23,15.218233496441735,65.44550224472692,8
5,22,19,17,13,12.398233496441735,46.68550224472692,5
5,21,19,23,39,23.928233496441734,54.00550224472692,9
6,26,28,15,21,17.798233496441735,55.625502244726924,2
4,4,22,10,26,10.308233496441735,30.135502244726922,8
3,4,7,29,9,27.988233496441733,53.90550224472692,10
3,4,7,22,8,20.938233496441736,31.03550224472692,10
2,4,30,5,43,16.908233496441735,42.64550224472692,2
4,4,14,5,33,22.908233496441735,44.58550224472692,1
4,4,23,6,33,13.958233496441736,44.13550224472692,9
1,4,7,5,25,21.908233496441735,53.805502244726924,6
1,4,7,5,28,24.908233496441735,40.875502244726924,1
2,4,27,5,35,11.908233496441735,43.33550224472692,6
1,4,7,5,18,14.908233496441735,46.58550224472692,9
3,4,62,17,56,17.328233496441733,65.54550224472692,3
2,9,13,5,19,11.718233496441734,48.02550224472692,4
3,4,7,33,8,31.928233496441734,45.84550224472692,10
3,4,24,22,22,21.028233496441736,47.16550224472692,9
1,4,7,5,35,31.908233496441735,53.63550224472692,3
3,4,7,30,8,28.928233496441734,48.54550224472692,10
6,16,13,5,7,17.328233496441733,46.68550224472692,5
2,4,28,7,36,12.158233496441735,40.76550224472692,6
2,17,13,5,19,18.228233496441735,55.74550224472692,4
2,4,42,21,31,23.328233496441737,44.01550224472692,5
5,4,7,37,7,35.90823349644173,54.45550224472692,6
4,4,36,14,38,13.128233496441736,39.54550224472692,6
1,4,7,6,36,32.928233496441734,37.73550224472692,5
1,4,7,5,14,10.908233496441735,39.53550224472692,9
4,28,55,34,42,17.838233496441735,73.07550224472693,2
1,4,7,5,22,18.908233496441735,47.97550224472692,10
1,4,7,5,23,19.908233496441735,43.38550224472692,9
4,4,18,6,29,14.958233496441736,32.46550224472692,9
5,14,20,15,39,22.908233496441735,39.06550224472692,1
5,28,16,29,34,21.908233496441735,41.65550224472692,9
2,5,27,14,21,13.908233496441735,27.46550224472692,5
2,26,7,28,22,18.938233496441732,46.58550224472692,9
2,4,27,7,34,11.188233496441734,41.00550224472692,7
1,4,7,5,25,21.908233496441735,56.01550224472692,10
4,6,31,27,33,24.008233496441736,39.59550224472692,7
2,4,17,7,26,13.128233496441736,25.455502244726922,10
1,4,7,5,25,21.908233496441735,50.47550224472692,9
2,14,7,16,27,23.928233496441734,33.765502244726925,9
4,23,37,25,28,12.968233496441735,45.84550224472692,3
6,4,19,22,7,24.718233496441734,53.63550224472692,3
2,6,28,10,23,9.738233496441735,28.795502244726922,5
4,6,42,41,41,37.91823349644173,55.74550224472692,6
2,6,27,15,22,13.338233496441735,30.53550224472692,5
6,19,13,5,7,20.068233496441735,46.03550224472692,5
5,33,28,27,21,13.808233496441735,50.98550224472692,2
3,4,7,14,7,12.908233496441735,35.89550224472692,10
2,6,14,5,21,11.188233496441734,36.835502244726925,4
3,5,55,17,51,15.608233496441734,55.26550224472692,3
1,4,7,6,30,26.928233496441734,33.555502244726924,5
6,14,40,5,34,15.568233496441735,58.69550224472692,3
1,4,7,5,25,21.908233496441735,64.94550224472692,7
5,9,26,16,29,10.618233496441734,30.135502244726922,8
5,16,15,11,11,11.118233496441734,32.36550224472692,5
3,4,15,5,23,11.908233496441735,32.82550224472692,8
2,4,19,5,27,11.908233496441735,33.125502244726924,10
3,4,18,29,13,28.428233496441734,45.53550224472692,9
6,6,30,11,35,10.308233496441735,35.99550224472692,1
4,40,53,41,40,16.908233496441735,72.95550224472693,3
2,4,27,5,39,15.908233496441735,47.40550224472692,10
5,10,26,17,29,10.618233496441734,30.59550224472692,8
4,6,37,33,37,29.908233496441735,48.055502244726924,6
3,4,15,10,19,10.308233496441735,19.42550224472692,8
4,11,7,11,17,13.958233496441736,22.99550224472692,8
6,5,48,9,55,11.528233496441734,57.92550224472692,1
6,10,11,5,7,11.118233496441734,34.375502244726924,5
6,33,23,25,18,14.208233496441736,49.46550224472692,3
1,22,7,7,13,20.998233496441735,45.78550224472692,4
1,4,7,5,13,9.908233496441735,31.03550224472692,9
5,21,36,22,25,14.908233496441735,46.25550224472692,2
3,4,25,7,34,13.128233496441736,45.78550224472692,4
2,6,46,7,68,25.908233496441735,72.65550224472693,3
4,4,40,13,48,15.218233496441735,65.44550224472692,8
3,5,40,25,38,23.008233496441736,49.46550224472692,3
2,4,28,6,52,27.928233496441734,68.47550224472693,7
1,4,7,5,21,17.908233496441735,52.18550224472692,7
5,11,14,10,37,26.998233496441735,43.19550224472692,1
3,4,19,15,19,13.908233496441735,31.78550224472692,7
4,18,60,19,49,14.908233496441735,70.78550224472693,3
5,18,28,11,33,13.338233496441735,35.06550224472692,1
1,15,7,10,11,11.118233496441734,30.135502244726922,8
1,4,7,5,37,33.90823349644173,42.15550224472692,5
5,16,14,5,7,17.798233496441735,37.73550224472692,5
5,11,14,10,37,26.998233496441735,43.19550224472692,1
6,14,29,9,26,10.618233496441734,37.155502244726925,2
5,11,29,8,48,23.328233496441737,47.125502244726924,1
3,4,24,14,24,12.908233496441735,43.61550224472692,1
3,4,21,7,28,11.188233496441734,36.835502244726925,4
1,4,7,6,37,33.928233496441734,52.54550224472692,3
1,4,7,6,36,32.928233496441734,37.73550224472692,5
3,4,7,14,8,12.968233496441735,49.46550224472692,10
6,31,14,26,14,9.908233496441735,44.43550224472692,8
1,4,7,5,37,33.90823349644173,62.47550224472692,2
2,5,33,15,25,15.948233496441734,34.60550224472692,5
4,4,14,8,38,28.098233496441736,44.13550224472692,1
1,4,7,5,30,26.908233496441735,54.23550224472692,9
5,25,40,26,31,12.908233496441735,50.71550224472692,3
4,21,24,19,15,13.398233496441735,43.54550224472692,5
3,4,21,20,27,20.068233496441735,30.53550224472692,4
1,4,7,5,26,22.908233496441735,44.48550224472692,1
4,4,28,6,52,27.928233496441734,54.00550224472692,9
2,4,44,5,68,27.908233496441735,73.07550224472693,2
1,4,7,5,23,19.908233496441735,45.84550224472692,10
1,4,7,5,20,16.908233496441735,32.99550224472692,1
3,4,29,27,39,28.078233496441737,44.36550224472692,4
1,37,7,5,19,39.01823349644173,54.375502244726924,4
6,28,32,17,24,18.328233496441733,65.54550224472692,3
3,4,22,19,22,17.908233496441735,49.63550224472692,6
7,8,32,5,29,8.908233496441735,42.41550224472692,2
7,18,18,14,18,8.908233496441735,36.835502244726925,8
4,7,40,27,51,25.858233496441734,56.14550224472692,8
6,23,17,19,17,8.908233496441735,37.73550224472692,8
3,4,64,41,53,41.54823349644173,72.95550224472693,3
2,21,13,5,19,21.938233496441736,48.33550224472692,4
4,4,15,6,24,12.968233496441735,46.35550224472692,1
5,17,46,15,39,11.528233496441734,57.19550224472692,3
5,25,21,26,38,20.908233496441735,45.49550224472692,9
2,13,12,5,17,14.208233496441736,41.77550224472692,4
1,4,7,5,36,32.90823349644173,56.45550224472692,2
3,18,31,20,22,12.968233496441735,39.07550224472692,5
4,11,41,14,38,7.518233496441734,44.82550224472692,3
2,20,7,22,16,12.968233496441735,39.15550224472692,9
4,23,50,26,43,11.188233496441734,57.92550224472692,3
6,4,23,13,7,21.798233496441735,38.51550224472692,3
1,17,7,8,13,15.568233496441735,32.82550224472692,4
1,4,7,5,30,26.908233496441735,56.93550224472692,7
3,4,30,21,30,19.908233496441735,56.93550224472692,7
2,17,7,18,21,17.908233496441735,36.42550224472692,9
4,8,34,13,32,8.378233496441734,33.695502244726924,2
3,4,21,15,23,14.108233496441734,50.81550224472692,6
3,4,19,7,25,10.228233496441735,32.36550224472692,4
4,6,28,19,35,17.798233496441735,36.835502244726925,4
3,4,17,5,26,12.908233496441735,36.835502244726925,4
3,4,22,29,19,28.098233496441736,49.63550224472692,9
1,4,7,7,41,37.968233496441734,43.54550224472692,5
6,4,40,26,48,26.378233496441734,52.54550224472692,1
3,4,18,25,20,24.008233496441736,39.59550224472692,6
1,18,7,7,14,17.798233496441735,36.835502244726925,4
1,4,7,5,13,9.908233496441735,23.33550224472692,6
1,4,7,5,13,9.908233496441735,25.65550224472692,7
2,29,7,30,25,21.908233496441735,52.70550224472692,1
5,15,19,12,38,23.328233496441737,38.42550224472692,1
3,4,25,14,34,16.638233496441735,52.39550224472692,4
7,4,35,16,7,33.98823349644173,59.13550224472692,3
2,4,14,5,33,22.908233496441735,36.59550224472692,6
1,4,7,5,24,20.908233496441735,33.765502244726925,9
5,24,14,19,14,9.908233496441735,46.71550224472692,8
1,4,7,5,15,11.908233496441735,29.94550224472692,7
2,6,43,7,63,23.908233496441735,67.27550224472692,3
4,4,43,24,45,23.008233496441736,53.33550224472692,7
6,4,53,9,58,10.308233496441735,57.32550224472692,1
6,23,34,22,29,9.298233496441734,54.38550224472692,2
2,4,23,7,31,12.158233496441735,33.765502244726925,6
1,4,7,5,17,13.908233496441735,41.89550224472692,1
2,27,7,30,13,10.228233496441735,50.18550224472692,9
2,4,19,7,40,25.008233496441736,41.00550224472692,10
1,18,7,5,18,21.708233496441736,40.46550224472692,4
4,23,43,24,33,13.908233496441735,54.38550224472692,2
3,4,29,27,39,28.078233496441737,44.36550224472692,4
2,26,7,29,30,26.998233496441735,50.47550224472692,1
1,4,7,6,27,23.928233496441734,27.46550224472692,5
4,6,29,15,31,12.158233496441735,31.53550224472692,7
1,17,7,12,11,11.118233496441734,32.82550224472692,8
1,4,7,5,27,23.908233496441735,57.73550224472692,7
5,4,7,26,7,24.908233496441735,42.97550224472692,6
2,4,41,7,59,22.018233496441734,60.89550224472692,2
6,21,34,21,28,9.988233496441735,54.57550224472692,3
5,26,22,28,40,21.938233496441736,45.75550224472692,1
6,13,12,5,7,14.208233496441736,42.20550224472692,5
1,4,7,5,15,11.908233496441735,32.555502244726924,6
4,4,42,16,40,15.088233496441735,52.95550224472692,7
2,12,7,14,16,12.968233496441735,33.99550224472692,1
3,4,24,33,24,31.908233496441735,53.16550224472692,7
1,4,7,5,26,22.908233496441735,55.27550224472692,1
2,5,34,6,54,23.908233496441735,56.23550224472692,3
2,4,20,6,45,28.928233496441734,56.52550224472692,10
4,4,13,7,38,28.988233496441733,39.54550224472692,9
2,5,33,6,55,25.908233496441735,55.26550224472692,3
1,4,7,5,15,11.908233496441735,28.00550224472692,10
1,4,7,5,14,10.908233496441735,24.32550224472692,7
1,4,7,5,27,23.908233496441735,51.63550224472692,1
2,4,15,6,33,21.938233496441736,38.33550224472692,10
4,6,28,16,28,12.908233496441735,35.36550224472692,6
4,5,33,12,33,9.908233496441735,40.24550224472692,7
5,23,47,24,40,10.908233496441735,54.38550224472692,3
4,22,55,30,50,12.508233496441735,61.43550224472692,3
4,6,27,20,29,17.058233496441733,32.16550224472692,7
3,4,23,5,40,20.908233496441735,74.84550224472693,8
2,5,40,6,57,20.908233496441735,56.52550224472692,3
2,6,41,7,59,21.908233496441735,62.805502244726924,3
2,4,42,7,59,21.028233496441736,62.39550224472692,2
1,4,7,5,31,27.908233496441735,36.125502244726924,1
1,32,7,23,12,15.088233496441735,48.72550224472692,8
4,5,51,35,50,32.928233496441734,58.78550224472692,7
5,17,30,18,48,21.908233496441735,50.45550224472692,9
4,29,21,17,14,18.668233496441733,42.33550224472692,5
3,4,26,13,14,18.328233496441733,37.155502244726925,9
2,12,7,13,34,30.908233496441735,58.14550224472692,9
1,4,7,5,42,38.90823349644173,62.39550224472692,2
4,6,25,20,31,18.228233496441735,33.835502244726925,4
3,18,31,21,23,12.158233496441735,42.20550224472692,5
6,4,21,18,7,23.008233496441736,47.59550224472692,3
2,4,13,6,22,12.968233496441735,24.74550224472692,10
2,4,20,5,33,16.908233496441735,48.02550224472692,8
1,4,7,5,14,10.908233496441735,44.13550224472692,9
3,21,21,22,14,10.908233496441735,31.78550224472692,5
1,11,7,6,9,10.228233496441735,22.17550224472692,8
2,4,15,5,23,11.908233496441735,34.375502244726924,4
2,4,21,7,39,22.018233496441734,48.72550224472692,6
4,4,20,7,36,20.028233496441736,35.61550224472692,1
2,4,37,6,45,11.968233496441735,44.58550224472692,2
5,29,33,30,24,12.908233496441735,47.73550224472692,3
5,4,7,16,7,14.908233496441735,23.33550224472692,6
1,4,7,5,26,22.908233496441735,44.89550224472692,7
1,4,7,5,17,13.908233496441735,34.60550224472692,9
8,4,16,17,7,18.908233496441735,47.73550224472692,3
6,42,16,39,16,7.908233496441735,65.20550224472693,8
5,30,40,31,31,12.908233496441735,53.24550224472692,3
3,4,29,18,29,16.908233496441735,64.94550224472692,6
3,4,13,24,14,22.938233496441736,40.24550224472692,6
1,4,7,5,31,27.908233496441735,34.375502244726924,5
2,6,31,11,27,9.568233496441735,32.36550224472692,5
6,14,14,5,7,16.118233496441736,49.82550224472692,5
5,17,15,14,11,9.568233496441735,31.955502244726922,5
2,9,14,5,21,12.508233496441735,50.25550224472692,4
1,4,7,5,25,21.908233496441735,48.54550224472692,1
2,10,7,11,20,16.908233496441735,41.04550224472692,9
5,7,38,5,35,8.148233496441735,41.75550224472692,3
4,4,20,7,41,25.008233496441736,42.69550224472692,1
2,25,7,26,17,13.908233496441735,43.81550224472692,9
4,4,38,15,40,14.108233496441734,47.54550224472692,7
3,4,13,5,20,10.908233496441735,31.78550224472692,4
5,17,19,9,48,34.26823349644173,48.54550224472692,1
6,27,13,21,13,10.908233496441735,49.95550224472692,8
1,4,7,6,29,25.928233496441734,32.73550224472692,5
4,25,7,28,14,11.188233496441734,38.09550224472692,8
3,4,17,5,26,12.908233496441735,36.835502244726925,4
3,4,47,19,39,20.028233496441736,48.99550224472692,3
2,4,37,19,31,19.138233496441735,39.07550224472692,5
4,4,26,6,42,19.938233496441736,52.15550224472692,1
4,6,51,41,50,37.91823349644173,62.38550224472692,7
1,4,7,5,25,21.908233496441735,53.805502244726924,6
5,17,14,16,35,25.008233496441736,36.405502244726925,1
2,4,46,39,33,40.30823349644173,57.27550224472692,5
2,4,27,6,44,20.938233496441736,44.13550224472692,2
5,14,13,10,10,9.738233496441735,28.795502244726922,5
3,4,22,19,22,17.908233496441735,49.63550224472692,6
5,15,22,16,46,27.908233496441735,46.055502244726924,9
4,20,22,21,15,10.908233496441735,32.73550224472692,5
5,4,7,26,7,24.908233496441735,38.18550224472692,6
1,4,7,5,14,10.908233496441735,48.54550224472692,1
2,6,11,5,15,8.378233496441734,32.36550224472692,4
2,26,7,28,22,18.938233496441732,46.58550224472692,9
2,22,12,5,17,22.588233496441735,48.72550224472692,8
4,6,39,27,39,23.908233496441735,50.08550224472692,7
2,6,34,17,28,15.568233496441735,36.42550224472692,5
2,6,11,5,15,8.378233496441734,33.835502244726925,4
3,4,22,32,16,31.568233496441735,43.01550224472692,1
5,12,21,13,44,26.908233496441735,43.38550224472692,9
2,4,25,5,41,19.908233496441735,42.69550224472692,10
1,4,7,7,33,29.988233496441733,46.03550224472692,3
4,4,25,5,32,10.908233496441735,34.68550224472692,9
4,4,24,11,33,14.728233496441735,35.06550224472692,1
3,4,7,16,9,15.088233496441735,28.36550224472692,10
2,16,7,18,14,10.978233496441735,36.405502244726925,1
3,4,60,26,49,27.618233496441736,64.13550224472692,2
3,4,31,30,32,28.928233496441734,60.09550224472692,6
3,14,25,18,19,10.618233496441734,32.82550224472692,5
6,17,11,5,7,17.508233496441733,39.50550224472692,5
5,23,7,26,15,12.158233496441735,49.44550224472692,8
2,4,14,7,38,27.988233496441733,42.97550224472692,6
5,8,36,22,41,17.838233496441735,44.00550224472692,8
3,21,37,25,27,14.348233496441734,49.36550224472692,5
4,29,24,30,15,12.908233496441735,41.60550224472692,5
1,31,7,17,14,20.458233496441736,44.43550224472692,4
7,24,18,5,13,24.528233496441736,49.46550224472692,3
5,26,7,29,13,10.228233496441735,45.23550224472692,8
3,4,21,29,21,27.908233496441735,49.63550224472692,7
6,20,44,11,40,14.678233496441734,59.94550224472692,3
4,4,14,8,38,28.098233496441736,44.13550224472692,1
4,4,28,17,33,16.908233496441735,43.81550224472692,4
3,4,7,30,7,28.908233496441735,55.27550224472692,10
1,4,7,5,29,25.908233496441735,51.85550224472692,7
1,34,7,5,20,36.608233496441734,54.57550224472692,8
1,4,7,5,40,36.90823349644173,65.95550224472693,2
2,4,18,5,38,23.908233496441735,45.35550224472692,6
6,18,47,5,39,20.028233496441736,68.78550224472693,2
2,5,28,6,36,11.908233496441735,37.31550224472692,3
5,13,12,5,7,14.208233496441736,27.89550224472692,5
5,13,37,23,43,14.728233496441735,45.78550224472692,4
3,4,17,5,27,13.908233496441735,39.07550224472692,4
3,4,24,16,27,15.308233496441735,33.765502244726925,9
6,4,19,22,7,24.718233496441734,53.63550224472692,3
3,6,51,15,47,12.848233496441734,61.14550224472692,3
1,4,7,5,17,13.908233496441735,25.455502244726922,10
4,16,49,24,43,13.128233496441736,56.23550224472692,3
1,4,7,5,45,41.90823349644173,58.67550224472692,3
1,4,7,5,20,16.908233496441735,30.77550224472692,1
5,26,15,12,42,34.79823349644173,46.875502244726924,1
6,19,13,5,7,20.068233496441735,46.03550224472692,5
2,4,25,5,43,21.908233496441735,53.33550224472692,7
3,4,52,19,41,21.708233496441736,53.63550224472692,3
3,4,17,18,21,17.508233496441733,25.33550224472692,8
5,6,37,23,43,20.998233496441735,45.78550224472692,4
3,4,7,18,7,16.908233496441735,26.93550224472692,10
2,4,38,5,57,22.908233496441735,58.34550224472692,2
1,4,7,6,27,23.928233496441734,47.16550224472692,3
7,8,31,5,28,8.908233496441735,44.75550224472692,2
2,4,36,5,55,22.908233496441735,56.45550224472692,2
5,36,7,35,16,13.128233496441736,62.14550224472692,8
4,5,25,22,25,19.908233496441735,30.295502244726922,7
3,6,67,17,61,15.568233496441735,70.15550224472693,3
5,21,13,5,7,21.938233496441736,36.93550224472692,5
4,4,25,5,35,13.908233496441735,44.48550224472692,9
3,4,23,15,31,16.718233496441734,31.53550224472692,4
1,4,7,5,26,22.908233496441735,43.54550224472692,7
6,18,23,5,15,20.028233496441736,48.99550224472692,3
3,5,67,52,51,52.608233496441734,81.75550224472693,3
2,27,7,28,21,17.908233496441735,38.06550224472692,1
3,4,15,12,15,10.908233496441735,29.30550224472692,7
3,4,13,26,13,24.908233496441735,47.54550224472692,6
5,29,19,30,36,20.908233496441735,48.54550224472692,1
7,18,16,15,16,7.908233496441735,35.06550224472692,8
6,5,38,14,33,13.338233496441735,38.10550224472692,1
3,4,28,16,29,14.958233496441736,54.04550224472692,7
1,20,7,7,12,18.778233496441732,41.77550224472692,8
2,8,19,5,32,17.508233496441733,61.89550224472692,8
5,15,25,6,30,15.088233496441735,31.03550224472692,1
2,4,29,7,51,25.998233496441735,52.02550224472692,2
2,23,7,25,18,14.958233496441736,48.58550224472692,1
5,13,16,13,37,24.928233496441734,57.32550224472692,1
3,4,24,18,24,16.908233496441735,41.93550224472692,9
5,4,7,16,9,15.088233496441735,52.06550224472692,6
3,4,13,5,18,8.908233496441735,25.53550224472692,8
3,4,19,12,14,12.508233496441735,43.19550224472692,1
3,5,57,14,54,12.448233496441734,56.52550224472692,3
2,4,45,5,52,10.908233496441735,54.38550224472692,3
2,28,7,29,19,15.908233496441735,40.91550224472692,1
4,8,44,30,57,28.608233496441734,61.89550224472692,8
3,4,14,30,19,29.408233496441735,48.54550224472692,1
3,4,18,12,17,10.978233496441735,32.10550224472692,7
1,16,7,10,11,11.968233496441735,32.36550224472692,4
6,33,27,21,20,18.668233496441733,61.61550224472692,2
6,38,27,15,20,28.908233496441735,61.14550224472692,3
4,4,27,5,44,20.908233496441735,48.58550224472692,1
2,21,7,24,18,15.088233496441735,41.89550224472692,1
2,4,12,5,17,8.908233496441735,30.37550224472692,8
1,4,7,5,37,33.90823349644173,44.58550224472692,2
1,4,7,5,22,18.908233496441735,43.74550224472692,9
5,6,37,23,43,20.998233496441735,45.78550224472692,4
4,6,40,33,39,29.928233496441734,50.81550224472692,7
3,16,28,20,21,11.528233496441734,36.42550224472692,5
4,20,39,21,30,12.908233496441735,45.84550224472692,3
1,34,7,5,19,36.218233496441734,52.39550224472692,8
3,4,42,24,37,23.558233496441733,45.84550224472692,3
3,4,19,17,13,17.328233496441733,32.36550224472692,1
2,4,30,5,55,28.908233496441735,57.15550224472692,2
3,4,7,30,8,28.928233496441734,50.18550224472692,10
4,11,35,12,30,8.908233496441735,34.39550224472692,3
3,4,23,7,31,12.158233496441735,44.36550224472692,8
6,21,25,13,19,14.728233496441735,46.25550224472692,2
3,4,27,23,23,22.348233496441736,50.72550224472692,1
2,15,7,18,15,12.158233496441735,34.60550224472692,9
3,4,7,22,9,21.028233496441736,39.15550224472692,10
6,14,32,5,26,15.568233496441735,48.91550224472692,2
7,4,39,14,7,37.14823349644173,56.52550224472692,3
4,41,7,44,17,14.108233496441734,64.33550224472692,8
7,14,21,5,14,16.118233496441736,55.625502244726924,2
2,4,25,5,31,9.908233496441735,36.93550224472692,7
3,6,48,27,43,24.528233496441736,52.06550224472692,3
1,4,7,5,31,27.908233496441735,32.36550224472692,5
4,19,22,19,15,10.978233496441735,39.07550224472692,5
5,23,15,23,24,12.968233496441735,43.61550224472692,9
3,4,21,7,28,11.188233496441734,36.835502244726925,4
1,22,7,14,13,14.728233496441735,45.78550224472692,4
3,4,19,7,25,10.228233496441735,32.36550224472692,4
7,17,37,5,31,18.228233496441735,68.47550224472693,3
1,4,7,5,36,32.90823349644173,64.89550224472693,2
1,4,7,5,30,26.908233496441735,54.23550224472692,9
6,31,13,27,13,8.908233496441735,43.01550224472692,8
2,7,12,5,17,9.738233496441735,38.29550224472692,8
5,17,22,22,25,8.908233496441735,32.445502244726924,8
3,4,53,21,51,20.028233496441736,54.57550224472692,3
3,14,37,23,31,13.908233496441735,46.68550224472692,5
4,4,30,7,54,27.988233496441733,55.26550224472692,9
5,22,19,15,13,13.908233496441735,46.68550224472692,5
2,4,24,5,43,22.908233496441735,53.16550224472692,7
2,6,43,22,37,20.068233496441735,45.78550224472692,5
2,4,39,5,61,25.908233496441735,61.07550224472692,2
3,4,32,20,31,18.938233496441732,58.78550224472692,7
2,22,7,24,15,11.968233496441735,43.61550224472692,9
5,17,41,12,36,11.718233496441734,49.50550224472692,3
5,27,23,28,30,10.908233496441735,40.24550224472692,9
1,33,7,5,20,35.68823349644173,55.53550224472692,8
1,4,7,5,32,28.908233496441735,52.66550224472692,9
1,4,7,7,33,29.988233496441733,44.82550224472692,3
5,29,17,5,7,30.838233496441735,54.57550224472692,5
1,11,7,5,12,12.508233496441735,22.99550224472692,8
5,4,7,28,9,26.998233496441735,40.24550224472692,6
1,4,7,5,29,25.908233496441735,57.32550224472692,1
3,4,28,29,25,28.098233496441736,42.41550224472692,9
4,4,29,7,53,27.988233496441733,66.37550224472693,1
8,4,30,21,7,31.928233496441734,66.82550224472692,3
2,4,13,7,30,21.028233496441736,35.36550224472692,10
4,6,53,35,52,31.928233496441734,60.45550224472692,7
7,33,17,30,17,7.908233496441735,48.72550224472692,8
4,4,34,10,41,12.508233496441735,50.25550224472692,4
3,18,25,24,20,10.978233496441735,37.73550224472692,5
3,4,28,20,31,19.208233496441736,40.875502244726924,1
6,17,38,17,34,8.028233496441734,55.26550224472692,3
1,4,7,5,19,15.908233496441735,47.26550224472692,6
4,20,19,5,7,23.908233496441735,44.01550224472692,5
3,4,18,13,18,11.908233496441735,33.85550224472692,7
1,4,7,5,16,12.908233496441735,44.58550224472692,9
4,4,32,6,56,27.928233496441734,55.54550224472692,9
1,24,7,15,13,15.568233496441735,40.24550224472692,8
1,18,7,7,14,17.798233496441735,36.835502244726925,4
6,6,50,29,20,41.108233496441734,54.77550224472692,1
3,4,13,5,18,8.908233496441735,25.53550224472692,8
5,16,40,5,31,18.908233496441735,55.01550224472692,2
5,29,48,44,57,20.548233496441735,70.83550224472692,8
3,4,23,22,31,22.698233496441734,34.945502244726924,4
1,4,7,5,18,14.908233496441735,32.16550224472692,10
5,11,28,18,33,11.718233496441734,34.60550224472692,8
4,5,37,19,35,17.058233496441733,45.23550224472692,6
2,4,19,6,25,9.988233496441735,25.23550224472692,10
2,16,7,19,14,11.188233496441734,39.53550224472692,9
1,4,7,5,39,35.90823349644173,61.07550224472692,2
1,4,7,5,43,39.90823349644173,67.38550224472692,3
1,4,7,5,30,26.908233496441735,53.90550224472692,7
1,4,7,6,28,24.928233496441734,53.24550224472692,3
1,4,7,5,31,27.908233496441735,50.81550224472692,7
5,37,28,5,13,40.15823349644173,64.61550224472693,3
1,23,7,6,13,22.878233496441734,48.02550224472692,4
1,19,7,5,15,20.908233496441735,33.835502244726925,4
1,4,7,5,24,20.908233496441735,55.78550224472692,7
7,10,28,5,24,11.118233496441734,44.13550224472692,2
2,12,7,15,15,12.158233496441735,34.32550224472692,9
4,4,29,6,44,18.938233496441732,47.125502244726924,1
2,4,14,6,24,13.958233496441736,24.32550224472692,7
7,11,21,5,17,11.968233496441735,45.19550224472692,3
1,20,7,7,15,20.028233496441736,41.31550224472692,4
2,6,13,5,19,10.228233496441735,45.78550224472692,4
2,5,41,6,53,15.908233496441735,52.40550224472692,3
2,4,37,5,46,12.908233496441735,45.79550224472692,2
5,18,35,15,30,10.308233496441735,44.16550224472692,2
3,4,21,29,20,27.928233496441734,52.18550224472692,7
5,5,26,16,29,14.348233496441734,30.135502244726922,8
5,31,14,33,37,26.928233496441734,46.57550224472692,9
5,4,7,26,7,24.908233496441735,42.97550224472692,6
1,15,7,6,11,14.678233496441734,30.135502244726922,8
4,30,54,31,39,18.908233496441735,70.00550224472693,2
1,4,7,5,27,23.908233496441735,55.74550224472692,7
2,12,7,15,25,22.018233496441734,47.73550224472692,9
2,4,22,5,44,25.908233496441735,55.11550224472692,10
6,43,7,45,18,14.958233496441736,70.83550224472692,8
2,5,43,30,37,28.648233496441733,55.74550224472692,5
4,4,23,5,42,22.908233496441735,47.41550224472692,9
3,4,16,18,17,16.948233496441734,25.385502244726922,7
5,26,13,24,13,6.908233496441735,39.59550224472692,8
4,30,60,40,51,16.638233496441735,74.13550224472692,2
3,5,40,25,38,23.008233496441736,49.46550224472692,3
2,4,27,5,40,16.908233496441735,47.15550224472692,6
5,13,24,10,44,24.308233496441733,43.61550224472692,1
1,4,7,5,27,23.908233496441735,47.125502244726924,1
3,4,17,24,15,23.008233496441736,42.75550224472692,1
3,4,13,17,15,16.078233496441733,38.77550224472692,7
7,17,15,14,15,7.908233496441735,32.82550224472692,8
2,4,29,7,53,27.988233496441733,64.94550224472692,6
5,20,7,23,15,12.158233496441735,37.155502244726925,8
7,16,57,25,47,16.718233496441734,59.38550224472692,1
4,26,7,27,13,9.908233496441735,39.59550224472692,8
4,23,14,5,7,24.158233496441735,33.85550224472692,5
4,4,19,6,44,28.928233496441734,44.75550224472692,9
4,5,42,23,42,20.908233496441735,44.89550224472692,7
1,14,7,5,15,16.718233496441734,31.53550224472692,4
2,6,13,5,19,10.228233496441735,43.54550224472692,4
5,26,18,29,39,25.008233496441736,45.53550224472692,1
3,5,52,15,48,13.758233496441735,55.625502244726924,2
1,38,7,29,13,15.568233496441735,56.52550224472692,4
5,4,7,16,7,14.908233496441735,55.86550224472692,6
2,4,20,6,29,12.968233496441735,30.135502244726922,10
3,4,22,16,24,15.088233496441735,37.555502244726924,7
1,4,7,6,28,24.928233496441734,28.795502244726922,5
4,21,14,5,7,22.288233496441734,31.78550224472692,5
1,4,7,5,21,17.908233496441735,41.00550224472692,6
2,16,7,17,21,17.908233496441735,34.60550224472692,9
1,4,7,5,21,17.908233496441735,45.34550224472692,1
2,4,20,5,33,16.908233496441735,48.02550224472692,8
3,4,7,28,8,26.928233496441734,50.81550224472692,10
7,10,47,17,28,23.828233496441737,47.29550224472692,1
2,23,7,24,29,25.908233496441735,54.38550224472692,9
2,10,7,11,20,16.908233496441735,36.125502244726924,1
4,21,7,21,15,11.968233496441735,49.39550224472692,8
2,13,7,15,20,16.948233496441734,39.06550224472692,1
3,4,21,18,21,16.908233496441735,36.42550224472692,9
3,4,15,13,13,12.158233496441735,36.835502244726925,7
5,18,13,15,13,7.908233496441735,36.835502244726925,8
3,4,16,29,16,27.908233496441735,36.77550224472692,9
5,6,27,17,31,14.678233496441734,32.36550224472692,4
2,4,20,5,33,16.908233496441735,55.53550224472692,8
2,4,25,5,44,22.908233496441735,56.52550224472692,7
2,26,7,28,28,24.928233496441734,47.41550224472692,9
1,4,7,5,28,24.908233496441735,52.94550224472692,9
2,4,28,6,39,14.958233496441736,42.305502244726924,7
1,4,7,5,24,20.908233496441735,44.73550224472692,6
7,30,14,25,14,9.908233496441735,56.64550224472692,8
3,4,29,26,27,25.008233496441736,59.73550224472692,6
5,44,52,45,33,22.908233496441735,79.31550224472693,3
2,29,7,32,14,11.188233496441734,46.57550224472692,9
4,29,24,30,15,12.908233496441735,41.60550224472692,5
5,27,38,26,27,15.088233496441735,62.39550224472692,2
2,11,7,12,14,10.908233496441735,43.19550224472692,1
4,4,28,6,49,24.928233496441734,52.94550224472692,9
6,13,11,5,7,13.758233496441735,32.82550224472692,5
6,5,31,14,38,14.538233496441736,41.89550224472692,1
1,4,7,5,16,12.908233496441735,49.13550224472692,6
5,27,44,28,29,18.908233496441735,59.66550224472692,2
2,13,7,14,23,19.908233496441735,40.70550224472692,9
6,4,35,9,7,32.18823349644173,41.75550224472692,3
6,6,30,29,33,26.108233496441734,40.91550224472692,1
2,4,18,5,29,14.908233496441735,44.36550224472692,4
3,4,24,22,24,20.908233496441735,38.33550224472692,6
5,12,40,13,35,8.908233496441735,42.41550224472692,2
2,4,33,5,46,16.908233496441735,45.79550224472692,2
4,4,37,26,36,24.928233496441734,45.23550224472692,6
5,23,19,24,36,20.908233496441735,47.125502244726924,9
7,12,27,5,23,12.848233496441734,50.71550224472692,3
3,4,19,21,19,19.908233496441735,29.61550224472692,7
6,18,21,5,13,20.028233496441736,46.25550224472692,2
2,4,14,5,21,10.908233496441735,23.975502244726922,10
4,4,17,18,30,22.288233496441734,38.06550224472692,1
5,18,17,12,12,12.508233496441735,36.835502244726925,5
3,4,33,22,45,24.718233496441734,48.02550224472692,8
2,15,7,18,21,18.048233496441735,46.64550224472692,9
4,4,35,25,33,24.008233496441736,43.33550224472692,6
3,4,15,5,24,12.908233496441735,35.06550224472692,8
5,21,17,5,7,23.628233496441734,48.02550224472692,5
5,20,17,19,12,9.298233496441734,41.31550224472692,5
7,8,26,5,23,8.908233496441735,37.155502244726925,2
1,4,7,5,16,12.908233496441735,52.20550224472692,7
1,4,7,5,15,11.908233496441735,35.085502244726925,6
6,15,7,17,16,12.968233496441735,25.53550224472692,8
3,4,7,27,9,25.998233496441735,41.93550224472692,10
5,4,7,13,8,11.968233496441735,33.765502244726925,6
3,4,7,16,9,15.088233496441735,30.135502244726922,10
6,4,13,32,7,31.568233496441735,81.75550224472693,3
4,36,41,37,28,16.908233496441735,61.57550224472692,2
1,4,7,5,19,15.908233496441735,43.19550224472692,1
2,12,12,5,17,13.338233496441735,32.445502244726924,8
3,4,25,19,26,17.948233496441734,40.46550224472692,7
4,6,45,27,46,23.928233496441734,57.27550224472692,6
5,4,7,20,8,18.938233496441732,33.335502244726925,6
3,4,30,36,31,34.928233496441734,50.08550224472692,7
3,4,17,13,16,11.968233496441735,36.93550224472692,6
3,4,7,30,8,28.928233496441734,55.27550224472692,10
4,14,51,15,42,12.908233496441735,56.52550224472692,2
4,4,47,17,47,15.908233496441735,59.34550224472692,6
3,4,7,14,8,12.968233496441735,31.16550224472692,10
2,4,34,6,54,23.928233496441734,55.51550224472692,2
6,5,35,8,42,11.188233496441734,43.61550224472692,1
2,4,27,7,42,19.038233496441734,41.22550224472692,10
3,5,41,11,37,10.308233496441735,41.93550224472692,3
3,4,21,9,28,11.968233496441735,37.78550224472692,4
2,4,45,5,51,9.908233496441735,55.65550224472692,2
2,4,37,19,31,19.138233496441735,39.07550224472692,5
3,4,14,19,14,17.908233496441735,35.945502244726924,7
4,4,21,11,40,23.828233496441737,39.74550224472692,1
3,6,59,26,45,27.508233496441736,62.805502244726924,3
7,9,37,5,34,9.738233496441735,54.38550224472692,3
3,21,37,25,27,14.348233496441734,49.36550224472692,5
3,4,31,11,29,10.228233496441735,41.22550224472692,7
3,4,7,28,8,26.928233496441734,47.41550224472692,10
3,4,18,19,16,18.048233496441735,32.46550224472692,9
1,20,7,13,12,13.338233496441735,41.31550224472692,4
2,4,21,7,39,22.018233496441734,50.81550224472692,6
5,23,44,24,34,13.908233496441735,54.38550224472692,2
4,13,14,5,7,15.308233496441735,27.46550224472692,5
7,14,26,5,19,16.118233496441736,62.84550224472692,3
6,28,27,5,13,31.688233496441736,74.88550224472692,2
3,4,14,16,14,14.908233496441735,23.33550224472692,6
4,4,15,7,29,18.048233496441735,41.65550224472692,9
4,18,48,19,38,13.908233496441735,55.53550224472692,2
5,22,7,22,17,13.958233496441736,37.73550224472692,8
3,4,30,16,42,20.188233496441736,62.14550224472692,8
2,22,7,23,14,10.908233496441735,49.39550224472692,9
6,29,41,23,36,12.508233496441735,61.43550224472692,3
3,18,26,21,22,8.378233496441734,32.73550224472692,5
1,4,7,5,20,16.908233496441735,30.135502244726922,10
2,9,11,5,15,10.308233496441735,32.36550224472692,4
2,28,7,29,25,21.908233496441735,42.41550224472692,9
3,4,55,19,48,19.558233496441733,55.53550224472692,2
4,4,15,7,29,18.048233496441735,41.65550224472692,9
5,16,24,19,45,25.008233496441736,46.03550224472692,1
2,10,7,13,18,15.088233496441735,39.49550224472692,1
6,29,41,21,35,14.728233496441735,67.77550224472692,2
5,27,16,26,26,14.108233496441734,38.77550224472692,9
2,21,7,24,19,16.078233496441733,47.21550224472692,9
5,12,16,10,16,6.908233496441735,21.65550224472692,8
4,6,32,25,33,21.938233496441736,38.33550224472692,7
2,4,31,7,40,13.128233496441736,50.81550224472692,7
3,4,17,5,27,13.908233496441735,45.23550224472692,8
5,4,7,27,6,25.928233496441734,53.70550224472692,6
1,4,7,5,18,14.908233496441735,57.19550224472692,6
4,4,15,5,36,24.908233496441735,40.01550224472692,9
3,4,52,19,41,21.708233496441736,53.63550224472692,3
4,4,26,7,50,27.988233496441733,59.38550224472692,1
2,28,13,5,19,28.648233496441733,56.52550224472692,4
2,4,30,5,46,19.908233496441735,48.91550224472692,10
4,4,37,31,36,29.928233496441734,45.23550224472692,6
1,11,7,5,12,12.508233496441735,22.99550224472692,8
1,4,7,5,31,27.908233496441735,55.27550224472692,1
1,18,7,5,18,21.708233496441736,42.305502244726924,4
4,33,7,34,14,10.908233496441735,57.14550224472692,8
2,4,20,7,30,14.108233496441734,38.83550224472692,7
2,29,7,30,25,21.908233496441735,52.70550224472692,1
1,4,7,5,15,11.908233496441735,37.555502244726924,9
3,4,21,20,23,19.038233496441734,43.61550224472692,1
7,20,20,5,13,21.368233496441736,61.61550224472692,2
5,28,27,6,45,33.11823349644173,50.47550224472692,1
1,23,7,7,17,23.628233496441734,49.44550224472692,8
1,4,7,6,31,27.928233496441734,47.16550224472692,3
2,4,29,7,53,27.988233496441733,67.82550224472692,6
5,24,14,19,14,9.908233496441735,46.71550224472692,8
1,20,7,7,12,18.778233496441732,41.77550224472692,8
2,15,7,17,14,10.978233496441735,50.17550224472692,1
5,28,38,39,45,16.118233496441736,56.52550224472692,4
3,4,24,21,24,19.908233496441735,44.73550224472692,6
2,4,17,7,30,17.058233496441733,36.93550224472692,6
2,4,44,6,60,19.938233496441736,59.875502244726924,2
1,4,7,5,25,21.908233496441735,39.71550224472692,10
3,5,36,12,35,9.988233496441735,37.31550224472692,3
1,4,7,5,25,21.908233496441735,46.76550224472692,9
4,18,40,19,29,14.908233496441735,49.805502244726924,2
5,6,36,22,41,19.718233496441734,43.54550224472692,4
6,31,14,26,14,9.908233496441735,44.43550224472692,8
5,11,37,23,43,16.438233496441732,45.78550224472692,4
5,4,7,28,9,26.998233496441735,40.19550224472692,6
2,5,41,6,59,21.908233496441735,59.13550224472692,3
7,17,18,14,18,7.908233496441735,32.82550224472692,8
1,4,7,5,19,15.908233496441735,50.18550224472692,9
2,6,19,5,30,15.088233496441735,57.41550224472692,8
5,26,14,29,38,27.988233496441733,44.73550224472692,9
3,4,28,23,29,21.938233496441736,40.76550224472692,6
1,4,7,5,31,27.908233496441735,41.22550224472692,7
5,34,15,30,15,8.908233496441735,55.53550224472692,8
3,4,23,10,31,13.338233496441735,44.36550224472692,4
4,4,20,5,26,9.908233496441735,46.64550224472692,9
5,14,12,5,7,15.088233496441735,30.53550224472692,5
1,4,7,5,45,41.90823349644173,61.33550224472692,2
2,4,30,7,52,25.998233496441735,64.43550224472692,7
3,4,25,28,25,26.908233496441735,42.54550224472692,6
4,4,25,14,24,12.968233496441735,29.61550224472692,7
4,10,43,16,39,10.308233496441735,44.13550224472692,2
2,4,20,5,35,18.908233496441735,43.07550224472692,7
5,4,7,36,9,34.968233496441734,58.54550224472692,6
4,4,14,7,38,27.988233496441733,48.54550224472692,1
2,4,23,7,46,26.998233496441735,50.81550224472692,10
5,4,7,33,6,31.928233496441734,48.055502244726924,6
3,5,49,12,46,10.618233496441734,48.48550224472692,2
5,4,7,24,5,23.008233496441736,35.36550224472692,6
3,4,7,22,7,20.908233496441735,42.65550224472692,10
3,4,13,15,14,13.958233496441736,31.53550224472692,1
3,4,17,5,28,14.908233496441735,41.77550224472692,8
6,23,24,5,13,25.858233496441734,58.33550224472692,3
4,16,16,5,7,18.908233496441735,35.99550224472692,5
3,4,32,37,34,35.968233496441734,53.70550224472692,7
2,4,39,6,64,28.928233496441734,66.28550224472693,2
3,23,23,24,15,11.908233496441735,36.93550224472692,5
2,4,35,6,59,27.928233496441734,67.66550224472692,2
1,4,7,6,46,42.91823349644173,49.36550224472692,5
4,4,33,27,31,25.998233496441735,42.41550224472692,6
4,18,41,19,30,14.908233496441735,53.63550224472692,3
2,5,38,25,31,24.158233496441735,48.67550224472692,5
6,14,13,5,7,15.568233496441735,46.68550224472692,5
5,29,27,28,50,26.998233496441735,55.27550224472692,1
1,4,7,5,14,10.908233496441735,30.53550224472692,1
3,4,24,19,28,18.468233496441734,35.06550224472692,1
7,14,36,5,31,15.088233496441735,58.69550224472692,2
2,4,32,6,57,28.928233496441734,59.76550224472692,10
3,5,49,15,42,15.308233496441735,48.70550224472692,2
7,13,13,10,13,7.908233496441735,22.17550224472692,8
5,25,14,27,28,17.948233496441734,46.875502244726924,9
5,18,14,21,24,14.108233496441734,39.53550224472692,9
6,26,25,12,21,19.428233496441734,45.19550224472692,3
4,37,41,38,27,17.908233496441735,62.96550224472692,2
5,4,7,28,6,26.928233496441734,59.29550224472692,6
2,4,18,6,29,14.958233496441736,28.94550224472692,10
8,4,16,17,7,18.908233496441735,47.73550224472692,3
4,4,23,6,31,11.968233496441735,44.73550224472692,1
1,4,7,5,35,31.908233496441735,64.13550224472692,2
6,11,31,5,27,11.968233496441735,39.49550224472692,3
1,4,7,5,20,16.908233496441735,35.36550224472692,6
1,4,7,5,14,10.908233496441735,33.335502244726925,9
5,15,40,16,33,10.908233496441735,45.09550224472692,3
5,17,31,18,24,10.908233496441735,37.31550224472692,3
6,4,32,15,39,16.118233496441736,39.06550224472692,1
2,4,44,5,64,23.908233496441735,72.95550224472693,3
2,6,28,7,49,24.908233496441735,49.21550224472692,3
7,24,42,30,36,11.718233496441734,48.54550224472692,1
2,4,23,7,39,20.028233496441736,44.36550224472692,6
3,6,55,13,53,10.228233496441735,56.45550224472692,2
3,4,20,21,25,20.668233496441736,42.20550224472692,9
2,4,12,5,17,8.908233496441735,25.33550224472692,8
2,4,32,6,51,22.938233496441736,66.41550224472692,6
1,20,7,5,19,23.908233496441735,44.93550224472692,4
4,4,31,14,31,12.908233496441735,36.14550224472692,7
6,29,41,21,35,14.728233496441735,67.77550224472692,2
6,18,21,5,13,20.028233496441736,46.03550224472692,3
1,4,7,7,27,24.008233496441736,31.78550224472692,5
4,6,24,13,25,9.988233496441735,27.16550224472692,7
5,4,7,32,6,30.928233496441734,54.375502244726924,6
4,6,26,24,26,20.908233496441735,32.405502244726925,6
2,4,22,5,42,23.908233496441735,47.97550224472692,10
3,4,18,26,20,25.008233496441736,45.35550224472692,6
6,13,44,5,39,14.208233496441736,56.52550224472692,3
4,33,7,33,15,11.968233496441735,55.53550224472692,8
1,4,7,5,27,23.908233496441735,45.19550224472692,10
3,4,31,36,30,34.928233496441734,50.81550224472692,7
3,4,7,28,8,26.928233496441734,47.41550224472692,10
1,4,7,5,24,20.908233496441735,50.47550224472692,1
2,4,19,5,31,15.908233496441735,52.39550224472692,8
1,21,7,8,12,18.778233496441732,38.29550224472692,8
1,24,7,15,13,15.568233496441735,40.24550224472692,8
2,20,7,23,23,20.028233496441736,50.72550224472692,1
3,4,32,23,36,22.348233496441736,62.45550224472692,9
3,4,13,15,14,13.958233496441736,31.53550224472692,1
2,6,14,5,21,11.188233496441734,36.835502244726925,4
2,4,18,6,34,19.938233496441736,39.13550224472692,10
3,4,28,18,28,16.908233496441735,43.95550224472692,6
1,4,7,5,16,12.908233496441735,40.24550224472692,9
3,4,7,25,9,24.008233496441736,39.13550224472692,10
5,4,7,31,9,29.988233496441733,49.13550224472692,6
5,20,31,23,45,18.048233496441735,47.58550224472692,9
1,4,7,5,18,14.908233496441735,45.99550224472692,1
3,4,21,13,21,11.908233496441735,45.34550224472692,1
3,4,25,11,23,10.228233496441735,35.21550224472692,6
4,4,43,28,43,26.908233496441735,48.25550224472692,7
5,19,17,8,30,21.598233496441736,32.99550224472692,1
2,6,12,5,17,9.298233496441734,36.835502244726925,4
1,4,7,7,43,39.968233496441734,58.16550224472692,3
2,6,37,7,48,14.908233496441735,52.06550224472692,3
3,6,59,24,56,21.168233496441736,61.24550224472692,2
2,4,22,5,37,18.908233496441735,60.53550224472692,8
2,4,30,7,39,13.128233496441736,50.08550224472692,7
2,13,7,15,20,16.948233496441734,39.06550224472692,1
3,4,29,26,29,24.908233496441735,51.60550224472692,6
1,4,7,5,22,18.908233496441735,48.055502244726924,6
4,12,22,22,27,14.208233496441736,32.445502244726924,8
1,4,7,5,37,33.90823349644173,62.96550224472692,2
1,4,7,5,27,23.908233496441735,50.72550224472692,1
2,4,29,5,36,10.908233496441735,37.31550224472692,2
1,4,7,5,15,11.908233496441735,32.21550224472692,10
3,4,30,18,25,17.838233496441735,54.875502244726924,9
3,4,17,5,28,14.908233496441735,43.81550224472692,4
2,4,31,11,27,11.118233496441734,34.375502244726924,5
4,16,39,17,30,12.908233496441735,47.59550224472692,3
2,4,30,5,42,15.908233496441735,45.84550224472692,3
2,4,22,5,42,23.908233496441735,47.97550224472692,10
1,4,7,6,29,25.928233496441734,32.73550224472692,5
1,4,7,5,46,42.90823349644173,65.95550224472693,2
2,26,7,29,17,14.108233496441734,44.58550224472692,1
3,4,57,15,51,15.568233496441735,57.19550224472692,3
5,4,7,29,9,27.988233496441733,50.18550224472692,6
4,4,26,7,46,24.008233496441736,48.07550224472692,1
1,4,7,5,29,25.908233496441735,47.73550224472692,9
6,24,25,23,19,10.228233496441735,52.95550224472692,2
3,4,30,19,42,22.348233496441736,65.20550224472693,8
6,19,35,15,31,10.308233496441735,52.02550224472692,2
2,4,19,6,26,10.978233496441735,31.03550224472692,10
3,4,7,14,7,12.908233496441735,35.89550224472692,10
5,24,17,19,17,9.908233496441735,39.94550224472692,8
5,16,24,19,45,25.008233496441736,46.03550224472692,1
3,21,37,23,31,9.988233496441735,45.78550224472692,5
5,14,13,5,7,15.568233496441735,38.09550224472692,5
3,4,27,16,37,18.778233496441732,58.03550224472692,4
4,4,26,5,47,24.908233496441735,55.27550224472692,1
3,6,68,29,51,31.708233496441736,72.65550224472693,3
2,4,19,5,31,15.908233496441735,44.93550224472692,4
1,4,7,5,13,9.908233496441735,40.64550224472692,7
6,18,21,5,13,20.028233496441736,47.16550224472692,3
2,4,27,5,44,20.908233496441735,51.33550224472692,10
3,4,15,22,15,20.908233496441735,33.335502244726925,6
3,5,45,14,41,12.848233496441734,44.58550224472692,2
1,4,7,6,33,29.928233496441734,64.61550224472693,3
2,4,25,7,36,15.088233496441735,48.055502244726924,6
5,29,48,30,31,20.908233496441735,65.95550224472693,2
3,4,13,5,18,8.908233496441735,23.89550224472692,8
1,4,7,5,28,24.908233496441735,34.655502244726925,2
3,4,29,19,41,22.348233496441736,42.69550224472692,8
6,25,7,26,13,9.908233496441735,52.94550224472692,8
6,30,41,24,35,13.128233496441736,67.27550224472692,3
6,4,33,28,46,30.328233496441737,51.32550224472692,1
3,4,37,34,51,36.108233496441734,60.53550224472692,8
6,5,38,14,33,13.338233496441735,38.10550224472692,1
5,4,7,32,9,30.978233496441735,45.89550224472692,6
1,4,7,5,27,23.908233496441735,55.19550224472692,1
2,17,14,5,21,18.668233496441733,44.43550224472692,8
1,4,7,5,20,16.908233496441735,40.53550224472692,7
2,16,7,19,13,10.228233496441735,52.66550224472692,9
5,30,18,19,38,27.228233496441735,45.99550224472692,1
3,4,64,41,53,41.54823349644173,72.95550224472693,3
6,14,44,5,38,15.568233496441735,56.73550224472692,2
5,4,7,21,8,19.938233496441736,48.17550224472692,6
1,4,7,6,41,37.91823349644173,59.13550224472692,3
2,9,14,5,21,12.508233496441735,50.25550224472692,4
3,4,17,15,18,13.958233496441736,27.46550224472692,6
3,4,7,19,8,17.948233496441734,33.31550224472692,10
5,18,49,5,38,21.708233496441736,70.78550224472693,3
1,4,7,5,27,23.908233496441735,42.53550224472692,2
5,21,26,5,13,25.308233496441733,50.84550224472692,3
5,29,27,28,50,26.998233496441735,55.27550224472692,1
2,4,19,5,31,15.908233496441735,55.055502244726924,4
5,16,14,17,28,17.908233496441735,50.17550224472692,1
2,4,18,5,29,14.908233496441735,40.46550224472692,4
3,5,54,15,49,14.208233496441736,65.97550224472693,3
5,11,31,5,25,13.128233496441736,40.24550224472692,2
1,4,7,5,18,14.908233496441735,33.99550224472692,1
1,4,7,5,44,40.90823349644173,46.68550224472692,5
3,4,7,11,9,10.228233496441735,25.455502244726922,10
4,23,7,23,17,13.958233496441736,39.94550224472692,8
6,25,25,5,13,28.098233496441736,61.43550224472692,3
3,4,23,10,31,13.338233496441735,42.75550224472692,4
1,4,7,5,17,13.908233496441735,25.455502244726922,10
1,4,7,5,34,30.908233496441735,40.36550224472692,5
3,4,13,5,19,9.908233496441735,26.12550224472692,8
6,30,24,5,15,31.418233496441736,56.01550224472692,3
1,46,7,5,22,48.50823349644173,66.36550224472693,8
5,4,7,25,8,23.928233496441734,43.82550224472692,6
1,4,7,5,30,26.908233496441735,50.08550224472692,7
2,4,28,5,39,14.908233496441735,41.31550224472692,10
2,4,27,6,43,19.938233496441736,52.39550224472692,7
2,4,27,6,50,26.928233496441734,49.91550224472692,7
3,4,15,13,19,12.848233496441734,37.555502244726924,9
2,4,20,7,44,27.988233496441733,53.805502244726924,10
1,4,7,5,37,33.90823349644173,70.72550224472693,2
5,19,47,15,40,12.508233496441735,58.69550224472692,3
2,4,18,5,29,14.908233496441735,42.305502244726924,4
3,4,7,17,8,15.948233496441734,24.74550224472692,10
4,21,39,22,26,16.908233496441735,51.22550224472692,3
5,4,7,24,6,22.938233496441736,51.76550224472692,6
1,4,7,5,30,26.908233496441735,38.10550224472692,2
3,4,13,11,11,10.228233496441735,30.295502244726922,7
1,25,7,5,20,28.608233496441734,48.95550224472692,4
1,11,7,5,12,12.508233496441735,23.89550224472692,8
6,21,13,5,7,21.938233496441736,45.78550224472692,5
1,4,7,5,15,11.908233496441735,34.60550224472692,7
1,4,7,5,29,25.908233496441735,49.46550224472692,10
3,4,25,7,34,13.128233496441736,45.78550224472692,4
3,4,16,26,16,24.908233496441735,42.97550224472692,6
5,20,30,5,21,22.268233496441734,45.84550224472692,3
5,13,15,7,15,10.908233496441735,23.89550224472692,8
2,5,27,6,45,21.908233496441735,47.16550224472692,3
2,4,19,5,31,15.908233496441735,52.39550224472692,8
1,4,7,5,22,18.908233496441735,43.27550224472692,7
1,29,7,8,13,26.708233496441736,43.01550224472692,8
1,4,7,5,14,10.908233496441735,32.73550224472692,7
4,4,29,5,48,22.908233496441735,49.19550224472692,9
3,4,21,13,25,12.848233496441734,38.77550224472692,1
1,4,7,7,43,39.968233496441734,45.78550224472692,5
1,4,7,5,32,28.908233496441735,62.45550224472692,9
5,17,21,20,34,17.058233496441733,36.42550224472692,9
2,6,11,5,15,8.378233496441734,32.82550224472692,8
2,16,7,19,28,25.008233496441736,35.06550224472692,1
6,6,30,18,36,16.438233496441732,39.15550224472692,1
1,4,7,5,21,17.908233496441735,40.24550224472692,9
5,4,7,29,5,27.988233496441733,42.41550224472692,6
1,4,7,5,21,17.908233496441735,43.61550224472692,1
3,4,15,13,18,12.448233496441734,41.43550224472692,1
2,25,7,27,13,9.988233496441735,54.77550224472692,1
2,5,28,6,47,22.908233496441735,53.24550224472692,3
2,25,7,27,22,18.938233496441732,45.75550224472692,1
1,4,7,5,28,24.908233496441735,42.305502244726924,7
5,13,34,5,27,15.308233496441735,44.58550224472692,2
5,18,17,12,12,12.508233496441735,35.945502244726924,5
7,4,13,26,7,25.748233496441735,58.33550224472692,3
5,6,33,21,39,19.138233496441735,41.77550224472692,8
7,30,22,5,14,31.108233496441734,63.24550224472692,2
2,29,7,31,18,14.958233496441736,43.01550224472692,9
1,4,7,5,33,29.908233496441735,58.98550224472692,2
1,4,7,5,24,20.908233496441735,48.33550224472692,1
1,4,7,5,16,12.908233496441735,25.385502244726922,7
4,4,23,10,27,10.308233496441735,32.36550224472692,4
5,27,15,18,11,14.678233496441734,39.50550224472692,5
6,16,7,18,18,14.958233496441736,32.82550224472692,8
3,4,33,26,45,28.098233496441736,48.95550224472692,4
7,10,25,5,21,11.118233496441734,47.59550224472692,3
5,23,25,24,41,19.908233496441735,44.48550224472692,1
3,4,21,17,28,17.798233496441735,44.43550224472692,4
2,5,37,6,47,13.908233496441735,47.59550224472692,3
2,4,18,6,27,12.968233496441735,28.36550224472692,10
1,4,7,5,31,27.908233496441735,38.77550224472692,1
3,4,29,24,39,25.378233496441734,42.75550224472692,4
5,4,7,11,5,10.228233496441735,41.14550224472692,6
2,4,25,7,45,24.008233496441736,57.27550224472692,6
6,5,41,19,45,17.508233496441733,46.03550224472692,1
5,4,7,36,9,34.968233496441734,58.54550224472692,6
4,4,32,7,40,12.158233496441735,50.31550224472692,9
5,18,14,14,14,8.908233496441735,25.33550224472692,8
6,22,12,5,7,22.588233496441735,42.15550224472692,5
4,4,26,8,31,9.738233496441735,38.29550224472692,8
2,11,12,5,17,12.508233496441735,36.835502244726925,8
3,4,17,5,28,14.908233496441735,48.72550224472692,8
6,10,11,5,7,11.118233496441734,34.375502244726924,5
2,6,29,7,48,22.908233496441735,48.54550224472692,3
1,4,7,5,20,16.908233496441735,52.22550224472692,6
7,31,15,27,15,8.908233496441735,62.35550224472692,8
1,4,7,5,27,23.908233496441735,67.77550224472692,10
2,6,13,5,19,10.228233496441735,32.36550224472692,4
3,4,21,18,28,18.668233496441733,44.43550224472692,8
5,4,7,30,5,28.988233496441733,53.24550224472692,6
3,4,13,17,13,15.908233496441735,40.64550224472692,7
3,4,7,21,9,20.028233496441736,45.84550224472692,10
2,29,7,31,15,11.968233496441735,52.40550224472692,9
3,5,55,17,49,16.438233496441732,55.01550224472692,2
3,4,21,21,19,20.028233496441736,43.82550224472692,6
2,6,34,17,28,15.568233496441735,42.33550224472692,5
6,5,40,13,27,18.668233496441733,39.49550224472692,1
5,25,43,22,34,13.758233496441735,61.61550224472692,3
2,6,13,5,19,10.228233496441735,45.78550224472692,4
1,4,7,5,27,23.908233496441735,27.46550224472692,5
2,26,7,28,13,9.988233496441735,40.24550224472692,9
4,14,51,18,46,9.738233496441735,57.19550224472692,3
3,4,27,14,28,12.968233496441735,41.00550224472692,7
3,4,52,10,50,9.298233496441734,54.38550224472692,3
4,18,45,19,34,14.908233496441735,57.08550224472692,3
7,8,28,5,26,8.378233496441734,39.71550224472692,3
1,4,7,5,27,23.908233496441735,45.19550224472692,10
2,4,42,6,55,16.948233496441734,55.01550224472692,2
5,13,49,14,43,9.908233496441735,52.40550224472692,3
1,4,7,5,21,17.908233496441735,48.25550224472692,7
2,14,7,16,25,21.938233496441736,36.555502244726924,9
3,4,7,22,7,20.908233496441735,33.335502244726925,10
3,4,32,9,44,16.558233496441733,61.89550224472692,8
2,28,13,5,19,28.648233496441733,52.22550224472692,8
2,4,31,7,56,28.988233496441733,66.93550224472692,2
4,4,31,27,33,25.998233496441735,41.14550224472692,6
4,4,31,7,53,25.998233496441735,56.10550224472692,9
1,4,7,5,19,15.908233496441735,41.00550224472692,10
6,43,7,45,18,14.958233496441736,70.83550224472692,8
4,5,43,35,43,32.90823349644173,52.39550224472692,7
5,28,25,29,35,13.908233496441735,42.41550224472692,9
1,4,7,5,29,25.908233496441735,40.53550224472692,6
4,25,27,26,17,13.908233496441735,42.15550224472692,5
2,4,27,5,43,19.908233496441735,51.33550224472692,6
1,4,7,5,29,25.908233496441735,40.53550224472692,6
4,19,54,30,46,16.718233496441734,65.95550224472693,2
1,4,7,5,27,23.908233496441735,50.47550224472692,10
4,6,42,37,42,33.90823349644173,53.70550224472692,6
3,4,16,14,14,13.128233496441736,42.97550224472692,7
1,4,7,7,46,42.95823349644173,49.36550224472692,5
3,4,15,13,15,11.908233496441735,28.33550224472692,7
1,4,7,5,28,24.908233496441735,52.60550224472692,1
4,4,31,11,38,13.128233496441736,38.77550224472692,1
6,6,50,29,20,41.108233496441734,54.77550224472692,1
5,23,15,13,49,39.64823349644173,51.63550224472692,1
1,18,7,7,14,17.798233496441735,38.82550224472692,8
1,4,7,5,37,33.90823349644173,59.94550224472692,3
1,4,7,5,21,17.908233496441735,33.71550224472692,10
1,4,7,5,31,27.908233496441735,54.28550224472692,3
6,4,13,28,7,27.678233496441734,58.76550224472692,3
5,21,26,5,13,25.308233496441733,51.77550224472692,2
4,6,34,23,43,22.268233496441734,45.78550224472692,4
3,4,23,27,31,27.318233496441735,38.09550224472692,4
4,4,32,7,53,25.008233496441736,58.14550224472692,9
1,4,7,5,26,22.908233496441735,40.42550224472692,9
3,4,23,23,22,21.938233496441736,51.93550224472692,6
1,21,7,18,10,8.908233496441735,32.445502244726924,8
5,15,19,12,38,23.328233496441737,38.42550224472692,1
1,4,7,6,30,26.928233496441734,36.67550224472692,5
2,4,13,5,19,9.908233496441735,26.635502244726922,8
4,4,24,12,28,11.968233496441735,35.06550224472692,8
5,11,7,11,18,14.958233496441736,21.185502244726923,8
4,4,17,18,30,22.288233496441734,38.06550224472692,1
1,4,7,5,27,23.908233496441735,34.945502244726924,2
5,18,15,5,7,20.028233496441736,40.42550224472692,5
2,4,36,6,44,11.968233496441735,44.75550224472692,2
2,5,30,11,27,9.738233496441735,33.555502244726924,5
1,4,7,5,15,11.908233496441735,35.085502244726925,6
3,4,25,21,35,22.778233496441736,37.78550224472692,4
1,4,7,5,14,10.908233496441735,31.78550224472692,1
2,4,35,5,46,14.908233496441735,48.91550224472692,2
1,4,7,5,21,17.908233496441735,30.53550224472692,10
5,28,13,27,29,20.028233496441736,45.53550224472692,9
4,6,40,32,38,28.988233496441733,48.17550224472692,6
6,17,34,9,31,13.398233496441735,44.75550224472692,2
3,4,35,22,49,25.928233496441734,51.63550224472692,8
4,4,17,7,30,17.058233496441733,39.15550224472692,1
3,6,54,19,48,17.328233496441733,55.18550224472692,2
6,22,17,17,17,9.908233496441735,38.82550224472692,8
4,11,35,12,30,8.908233496441735,34.39550224472692,3
4,20,48,21,36,15.908233496441735,58.98550224472692,2
2,18,7,19,24,20.908233496441735,46.38550224472692,1
1,4,7,5,18,14.908233496441735,37.73550224472692,1
4,4,23,7,27,8.378233496441734,33.835502244726925,4
5,23,38,24,25,16.908233496441735,50.72550224472692,3
5,12,14,11,37,26.998233496441735,44.36550224472692,1
2,4,13,6,21,11.968233496441735,24.40550224472692,7
6,4,33,28,46,30.328233496441737,51.32550224472692,1
5,4,7,30,6,28.928233496441734,45.23550224472692,6
2,11,12,5,17,12.508233496441735,36.835502244726925,8
4,4,28,13,53,30.158233496441735,52.60550224472692,1
5,22,15,18,15,8.908233496441735,49.39550224472692,8
4,23,46,27,35,15.308233496441735,58.33550224472692,3
6,13,13,5,7,14.728233496441735,53.63550224472692,5
3,4,7,25,9,24.008233496441736,41.59550224472692,10
3,4,20,15,26,15.568233496441735,40.24550224472692,8
3,4,21,12,19,11.188233496441734,26.725502244726922,1
3,21,21,22,14,10.908233496441735,31.78550224472692,5
4,4,24,6,45,24.928233496441734,50.47550224472692,1
6,6,34,13,42,13.908233496441735,41.43550224472692,1
1,4,7,5,23,19.908233496441735,47.41550224472692,9
1,4,7,5,26,22.908233496441735,37.155502244726925,9
2,4,27,6,33,9.988233496441735,33.765502244726925,10
1,4,7,5,15,11.908233496441735,41.43550224472692,1
2,4,24,6,40,19.938233496441736,43.81550224472692,6
3,4,27,26,21,25.748233496441735,55.19550224472692,1
6,4,21,18,7,23.008233496441736,47.59550224472692,3
3,14,21,15,14,10.908233496441735,29.705502244726922,5
2,19,7,21,31,27.928233496441734,47.58550224472692,9
5,18,13,17,22,13.128233496441736,52.66550224472692,9
3,4,24,20,24,18.908233496441735,43.61550224472692,1
2,15,7,18,19,16.078233496441733,48.54550224472692,1
1,21,7,14,12,13.338233496441735,41.77550224472692,4
7,14,15,11,15,7.908233496441735,26.12550224472692,8
6,6,30,11,35,10.308233496441735,35.99550224472692,1
1,4,7,5,21,17.908233496441735,36.14550224472692,7
4,8,34,13,32,8.378233496441734,33.695502244726924,2
5,36,28,5,15,38.44823349644173,61.57550224472692,2
3,4,7,26,9,25.008233496441736,35.945502244726924,10
1,4,7,5,25,21.908233496441735,50.17550224472692,1
3,4,17,24,18,22.938233496441736,41.89550224472692,1
3,4,7,30,8,28.928233496441734,48.54550224472692,10
1,4,7,5,23,19.908233496441735,52.40550224472692,9
2,4,27,6,33,9.988233496441735,40.24550224472692,7
2,4,35,5,52,20.908233496441735,53.63550224472692,3
6,4,23,21,7,26.538233496441734,57.08550224472692,3
5,15,39,15,34,9.008233496441735,47.98550224472692,2
1,4,7,5,18,14.908233496441735,40.89550224472692,9
2,4,16,5,35,22.908233496441735,40.53550224472692,10
7,32,23,5,13,33.638233496441735,79.31550224472693,3
3,5,63,19,57,18.228233496441735,63.77550224472692,2
2,4,22,7,40,22.018233496441734,40.64550224472692,10
5,6,27,17,31,14.678233496441734,32.82550224472692,8
5,18,15,5,7,20.028233496441736,39.07550224472692,5
3,4,18,20,21,19.208233496441736,32.16550224472692,1
4,4,31,24,32,22.938233496441736,36.93550224472692,7
1,4,7,5,19,15.908233496441735,41.00550224472692,10
3,4,31,35,43,36.218233496441734,52.39550224472692,8
3,4,7,20,8,18.938233496441732,49.19550224472692,10
3,4,28,16,29,14.958233496441736,54.04550224472692,7
1,4,7,5,29,25.908233496441735,52.95550224472692,7
2,4,36,6,57,24.928233496441734,64.89550224472693,2
8,4,28,16,7,27.618233496441736,58.305502244726924,3
2,13,13,5,19,14.728233496441735,45.78550224472692,4
3,4,19,17,24,16.908233496441735,46.03550224472692,1
3,4,18,28,22,27.258233496441736,46.58550224472692,9
3,4,28,19,28,17.908233496441735,42.305502244726924,7
4,37,42,38,30,15.908233496441735,61.33550224472692,2
3,21,37,25,27,14.348233496441734,49.36550224472692,5
4,21,7,21,15,11.968233496441735,49.39550224472692,8
2,4,26,6,38,15.948233496441734,43.54550224472692,7
2,23,7,25,22,18.938233496441732,59.38550224472692,1
3,4,7,17,9,16.078233496441733,39.71550224472692,10
2,4,21,6,28,10.978233496441735,29.725502244726922,10
2,4,20,5,33,16.908233496441735,40.53550224472692,7
1,4,7,5,27,23.908233496441735,67.77550224472692,10
4,4,31,14,31,12.908233496441735,36.14550224472692,7
1,4,7,6,34,30.928233496441734,35.945502244726924,5
1,25,7,16,14,16.118233496441736,52.94550224472692,8
1,4,7,5,27,23.908233496441735,47.40550224472692,10
5,32,33,31,24,13.128233496441736,56.01550224472692,3
1,33,7,5,22,36.55823349644173,60.53550224472692,8
1,4,7,5,27,23.908233496441735,51.77550224472692,2
7,15,17,11,17,8.908233496441735,30.135502244726922,8
4,19,7,22,14,11.188233496441734,30.37550224472692,8
4,4,19,19,39,28.318233496441735,42.25550224472692,1
3,5,42,21,33,21.398233496441733,44.01550224472692,2
3,4,21,22,16,21.628233496441734,39.15550224472692,9
4,4,16,8,18,7.518233496441734,22.17550224472692,8
2,4,12,5,17,8.908233496441735,21.65550224472692,8
1,29,7,16,15,20.028233496441736,46.14550224472692,4
4,22,55,30,50,12.508233496441735,61.43550224472692,3
4,4,43,35,44,33.928233496441734,53.16550224472692,7
3,5,59,39,50,38.11823349644173,67.66550224472692,2
5,28,38,29,25,16.908233496441735,53.04550224472692,3
2,4,16,7,39,26.998233496441735,43.61550224472692,7
1,4,7,5,21,17.908233496441735,41.00550224472692,6
1,4,7,5,19,15.908233496441735,31.78550224472692,7
2,4,35,12,31,11.968233496441735,36.835502244726925,5
4,4,15,12,17,11.188233496441734,21.815502244726922,8
1,4,7,5,25,21.908233496441735,41.14550224472692,6
6,12,7,12,17,13.958233496441736,23.89550224472692,8
3,6,57,15,56,11.968233496441735,56.73550224472692,2
1,4,7,5,29,25.908233496441735,64.94550224472692,6
4,21,20,5,7,25.308233496441733,48.07550224472692,5
4,18,21,17,14,11.188233496441734,37.73550224472692,5
2,14,14,5,21,16.118233496441736,56.64550224472692,8
2,23,7,26,21,18.048233496441735,45.49550224472692,9
2,4,24,5,42,21.908233496441735,55.78550224472692,7
7,30,22,5,14,31.108233496441734,63.24550224472692,2
4,16,23,17,15,11.908233496441735,32.36550224472692,5
5,16,21,18,33,15.948233496441734,34.60550224472692,9
6,4,21,17,7,22.348233496441736,45.84550224472692,3
1,4,7,5,20,16.908233496441735,30.77550224472692,1
4,38,20,5,7,40.30823349644173,57.27550224472692,5
4,30,54,31,39,18.908233496441735,70.00550224472693,2
2,14,7,15,14,10.908233496441735,31.53550224472692,1
4,4,18,6,21,7.068233496441735,23.89550224472692,8
2,12,7,15,25,22.018233496441734,47.73550224472692,9
3,4,54,12,52,11.188233496441734,54.57550224472692,2
1,28,7,11,14,23.218233496441734,42.41550224472692,4
3,4,16,14,16,12.908233496441735,49.13550224472692,6
2,4,31,11,27,11.118233496441734,34.375502244726924,5
3,4,51,16,49,15.088233496441735,55.65550224472692,2
1,4,7,5,13,9.908233496441735,24.40550224472692,7
3,4,30,14,31,12.968233496441735,47.73550224472692,9
1,4,7,5,19,15.908233496441735,44.44550224472692,7
4,17,62,24,56,12.398233496441735,68.47550224472693,3
1,4,7,5,22,18.908233496441735,50.75550224472692,9
4,24,27,22,17,14.348233496441734,49.36550224472692,5
5,25,17,23,12,9.738233496441735,42.15550224472692,5
3,4,22,31,19,30.078233496441737,46.76550224472692,9
2,29,7,32,16,13.128233496441736,43.01550224472692,1
1,4,7,7,31,27.988233496441733,32.36550224472692,5
4,10,26,21,33,16.118233496441736,37.155502244726925,8
4,18,39,22,32,11.528233496441734,48.99550224472692,3
1,4,7,5,29,25.908233496441735,57.32550224472692,1
1,4,7,5,25,21.908233496441735,38.42550224472692,1
2,4,31,7,52,25.008233496441736,54.38550224472692,2
6,17,24,12,20,11.118233496441734,37.31550224472692,3
1,4,7,5,15,11.908233496441735,33.335502244726925,6
3,10,27,17,23,11.118233496441734,31.475502244726922,5
4,4,21,7,38,21.028233496441736,38.77550224472692,1
5,4,7,46,6,44.91823349644173,66.41550224472692,6
1,4,7,5,40,36.90823349644173,65.95550224472693,2
2,4,14,7,30,20.028233496441736,34.74550224472692,7
4,4,43,29,44,27.928233496441734,51.33550224472692,6
5,14,15,15,34,22.908233496441735,34.32550224472692,9
2,4,28,5,37,12.908233496441735,43.95550224472692,6
5,18,16,18,30,17.948233496441734,32.46550224472692,9
2,4,20,7,39,23.008233496441736,52.22550224472692,6
5,29,7,29,13,9.988233496441735,61.89550224472692,8
4,4,35,16,42,16.948233496441734,52.94550224472692,8
1,4,7,5,25,21.908233496441735,48.54550224472692,1
5,13,35,12,30,9.298233496441734,42.64550224472692,2
5,24,52,25,43,12.908233496441735,61.24550224472692,2
2,4,37,5,47,13.908233496441735,48.99550224472692,3
2,4,32,7,51,23.008233496441736,66.36550224472693,6
7,15,27,5,23,15.608233496441734,48.54550224472692,3
2,20,7,22,16,12.968233496441735,39.15550224472692,9
6,24,43,24,39,8.028233496441734,61.24550224472692,2
5,27,21,18,30,17.358233496441734,38.06550224472692,1
4,4,25,9,48,27.258233496441736,48.54550224472692,1
3,18,33,21,28,9.298233496441734,41.31550224472692,5
2,4,15,6,34,22.938233496441736,39.74550224472692,10
1,4,7,5,35,31.908233496441735,48.91550224472692,2
2,5,43,6,53,13.908233496441735,52.22550224472692,3
4,10,28,29,35,23.218233496441734,42.41550224472692,4
3,13,31,19,26,10.978233496441735,35.945502244726924,5
2,4,28,6,48,23.928233496441734,62.125502244726924,7
4,4,26,7,31,9.298233496441734,36.835502244726925,4
5,26,16,20,16,10.908233496441735,39.59550224472692,8
3,4,58,21,48,22.778233496441736,58.98550224472692,2
2,22,7,24,18,14.958233496441736,47.125502244726924,1
1,4,7,5,16,12.908233496441735,40.24550224472692,9
1,4,7,5,31,27.908233496441735,55.51550224472692,2
2,5,13,5,18,9.008233496441735,31.08550224472692,8
1,4,7,5,37,33.90823349644173,39.07550224472692,5
5,29,17,32,25,12.158233496441735,58.875502244726924,1
4,27,15,5,7,28.258233496441736,38.77550224472692,5
6,6,52,19,59,17.798233496441735,61.99550224472692,1
2,4,12,5,17,8.908233496441735,23.33550224472692,8
5,36,39,22,29,21.938233496441736,64.89550224472693,2
2,12,7,13,21,17.908233496441735,45.34550224472692,1
5,4,7,31,8,29.928233496441734,66.36550224472693,6
1,4,7,6,45,41.91823349644173,48.02550224472692,5
1,4,7,5,23,19.908233496441735,57.19550224472692,7
3,5,55,24,46,24.028233496441736,58.33550224472692,3
5,21,27,5,13,25.928233496441734,55.51550224472692,2
1,4,7,6,40,36.928233496441734,42.20550224472692,5
3,4,19,5,31,15.908233496441735,47.21550224472692,4
4,4,15,6,40,28.928233496441734,48.17550224472692,9
2,6,14,5,21,11.188233496441734,38.82550224472692,8
1,4,7,7,36,32.97823349644173,49.50550224472692,3
2,28,7,29,19,15.908233496441735,40.91550224472692,1
3,4,17,5,27,13.908233496441735,39.07550224472692,4
1,4,7,5,23,19.908233496441735,39.15550224472692,10
5,30,17,5,7,31.768233496441734,55.35550224472692,5
5,30,18,32,33,18.938233496441732,43.01550224472692,9
2,4,14,6,31,20.938233496441736,35.53550224472692,10
4,17,23,18,15,11.908233496441735,32.82550224472692,5
3,4,18,12,17,10.978233496441735,32.10550224472692,7
3,4,18,14,17,12.968233496441735,41.67550224472692,9
3,4,23,22,31,22.698233496441734,34.945502244726924,4
1,4,7,7,45,41.95823349644173,47.16550224472692,5
2,4,16,5,29,16.908233496441735,35.945502244726924,10
4,4,20,8,30,14.348233496441734,32.99550224472692,1
3,4,19,13,25,13.908233496441735,26.635502244726922,8
5,25,21,26,38,20.908233496441735,45.49550224472692,9
7,10,24,5,20,11.118233496441734,39.375502244726924,2
4,25,45,26,29,19.908233496441735,62.805502244726924,3
1,4,7,5,13,9.908233496441735,39.54550224472692,9
5,18,18,21,24,10.228233496441735,40.42550224472692,9
4,26,16,5,7,27.678233496441734,40.36550224472692,5
4,14,44,24,38,14.728233496441735,50.72550224472692,3
2,4,35,6,42,10.978233496441735,44.01550224472692,2
5,14,31,5,26,15.088233496441735,38.10550224472692,3
5,26,35,24,24,15.308233496441735,58.33550224472692,3
6,13,11,5,7,13.758233496441735,31.955502244726922,5
4,4,20,6,33,16.948233496441734,40.24550224472692,9
2,4,32,5,50,21.908233496441735,52.15550224472692,10
1,4,7,6,37,33.928233496441734,44.58550224472692,5
3,5,35,14,31,12.848233496441734,34.945502244726924,2
1,4,7,5,27,23.908233496441735,47.58550224472692,9
6,25,25,5,13,28.098233496441736,61.43550224472692,3
3,29,37,36,26,16.438233496441732,54.57550224472692,5
2,5,37,23,31,21.938233496441736,45.23550224472692,5
1,4,7,5,21,17.908233496441735,52.18550224472692,7
4,6,32,22,30,19.038233496441734,40.91550224472692,6
2,11,7,12,14,10.908233496441735,43.19550224472692,1
7,15,13,13,13,6.908233496441735,30.135502244726922,8
1,4,7,5,24,20.908233496441735,53.16550224472692,7
1,4,7,6,42,38.91823349644173,53.63550224472692,5
4,6,36,24,45,23.148233496441733,49.95550224472692,8
1,4,7,5,45,41.90823349644173,74.07550224472693,3
5,14,43,5,36,16.118233496441736,55.54550224472692,2
2,4,33,5,58,28.908233496441735,58.98550224472692,2
4,5,21,15,23,13.128233496441736,24.40550224472692,7
3,5,35,12,35,9.908233496441735,34.39550224472692,3
3,4,7,17,8,15.948233496441734,23.975502244726922,10
2,4,32,7,43,15.088233496441735,44.16550224472692,2
2,19,12,5,17,19.718233496441734,49.39550224472692,4
3,4,58,18,52,18.228233496441735,67.38550224472692,3
6,33,42,13,36,25.748233496441735,66.82550224472692,3
5,18,15,5,7,20.028233496441736,43.54550224472692,5
8,4,37,13,7,34.958233496441736,52.40550224472692,3
3,4,19,7,25,10.228233496441735,32.36550224472692,4
3,6,55,13,53,10.228233496441735,56.45550224472692,2
3,25,23,26,15,11.908233496441735,36.67550224472692,5
6,29,7,29,15,11.968233496441735,62.35550224472692,8
4,4,13,7,30,21.028233496441736,31.475502244726922,9
3,4,21,17,28,17.798233496441735,44.43550224472692,4
2,4,21,6,27,9.988233496441735,33.195502244726924,7
4,4,43,24,45,23.008233496441736,53.33550224472692,7
2,4,23,7,31,12.158233496441735,33.765502244726925,6
3,5,41,11,38,9.738233496441735,41.93550224472692,3
2,4,37,23,32,22.588233496441735,42.15550224472692,5
1,33,7,5,22,36.55823349644173,60.53550224472692,8
1,4,7,5,29,25.908233496441735,52.02550224472692,2
2,6,27,22,21,20.068233496441735,31.78550224472692,5
3,4,13,24,14,22.938233496441736,42.41550224472692,6
1,4,7,5,27,23.908233496441735,45.49550224472692,9
5,7,38,5,35,8.148233496441735,41.75550224472692,3
1,4,7,5,18,14.908233496441735,32.46550224472692,9
4,4,54,32,52,30.978233496441735,59.73550224472692,6
6,23,21,5,13,24.528233496441736,45.84550224472692,3
3,18,31,20,22,12.968233496441735,39.07550224472692,5
4,18,26,19,17,12.908233496441735,36.835502244726925,5
2,26,7,28,13,9.988233496441735,40.24550224472692,9
3,4,29,8,40,15.308233496441735,55.65550224472692,8
2,6,31,11,27,9.568233496441735,32.36550224472692,5
2,4,13,6,22,12.968233496441735,23.02550224472692,10
1,4,7,6,28,24.928233496441734,37.31550224472692,3
4,21,39,22,26,16.908233496441735,51.22550224472692,3
3,4,28,18,30,17.058233496441733,50.45550224472692,9
3,4,21,18,23,17.058233496441733,48.72550224472692,6
2,6,43,7,63,23.908233496441735,67.27550224472692,3
3,10,27,17,23,11.118233496441734,32.36550224472692,5
4,4,29,5,47,21.908233496441735,49.39550224472692,9
2,6,41,19,31,19.528233496441732,43.54550224472692,5
4,21,43,24,32,15.088233496441735,52.54550224472692,3
3,5,47,17,39,17.508233496441733,47.59550224472692,3
2,4,14,7,33,23.008233496441736,32.73550224472692,7
1,4,7,5,31,27.908233496441735,34.375502244726924,5
5,21,17,5,7,23.628233496441734,49.36550224472692,5
5,4,7,31,9,29.988233496441733,49.13550224472692,6
5,34,15,30,15,8.908233496441735,55.53550224472692,8
4,4,24,6,45,24.928233496441734,47.16550224472692,9
4,6,29,14,28,10.978233496441735,29.30550224472692,7
1,26,7,15,14,17.798233496441735,56.64550224472692,8
5,13,41,5,34,15.308233496441735,51.42550224472692,2
3,4,30,43,28,41.95823349644173,64.43550224472692,7
2,4,41,5,50,12.908233496441735,55.78550224472692,2
4,19,7,22,14,11.188233496441734,30.37550224472692,8
2,21,7,22,19,15.908233496441735,48.07550224472692,1
2,5,30,26,23,25.098233496441736,36.67550224472692,5
3,4,22,26,23,24.928233496441734,38.18550224472692,6
3,4,25,30,25,28.908233496441735,64.94550224472692,7
2,6,29,7,35,9.908233496441735,34.39550224472692,3
4,4,22,6,26,8.028233496441734,30.135502244726922,8
2,4,30,5,54,27.908233496441735,58.305502244726924,3
7,16,24,5,18,17.328233496441733,56.23550224472692,3
2,4,20,6,29,12.968233496441735,30.135502244726922,10
3,6,51,15,48,12.448233496441734,52.02550224472692,2
4,20,20,21,13,10.908233496441735,31.93550224472692,5
5,33,42,19,34,20.908233496441735,62.47550224472692,2
4,4,32,6,56,27.928233496441734,55.54550224472692,9
5,14,14,14,31,20.938233496441736,31.53550224472692,1
4,5,51,35,50,32.928233496441734,58.78550224472692,7
1,4,7,5,26,22.908233496441735,44.36550224472692,1
5,39,44,40,29,18.908233496441735,67.38550224472692,3
4,21,7,23,16,12.968233496441735,48.02550224472692,8
3,4,27,11,30,10.618233496441734,52.91550224472692,9
1,4,7,5,18,14.908233496441735,55.74550224472692,6
4,4,18,12,21,11.528233496441734,25.53550224472692,8
1,4,7,5,17,13.908233496441735,35.99550224472692,7
4,8,43,18,40,13.398233496441735,44.75550224472692,2
4,4,15,7,17,6.738233496441735,21.15550224472692,8
4,23,59,31,53,13.128233496441736,67.27550224472692,3
7,13,31,22,33,12.158233496441735,37.73550224472692,1
3,4,43,12,38,12.508233496441735,42.64550224472692,2
5,25,15,5,7,26.378233496441734,43.95550224472692,5
5,4,7,14,7,12.908233496441735,55.75550224472692,6
2,4,15,5,23,11.908233496441735,38.09550224472692,4
2,4,23,5,33,13.908233496441735,38.82550224472692,6
3,4,7,27,9,25.998233496441735,41.93550224472692,10
2,12,7,13,21,17.908233496441735,45.34550224472692,1
5,28,16,29,34,21.908233496441735,41.65550224472692,9
1,4,7,7,27,24.008233496441736,31.78550224472692,5
1,18,7,12,12,12.508233496441735,36.835502244726925,8
3,4,31,21,43,23.908233496441735,44.93550224472692,4
4,24,27,22,17,14.348233496441734,49.36550224472692,5
2,10,7,13,21,18.048233496441735,43.38550224472692,9
4,4,17,6,31,17.948233496441734,41.89550224472692,1
1,4,7,7,42,38.968233496441734,44.89550224472692,5
3,4,19,5,31,15.908233496441735,45.78550224472692,4
6,11,27,5,23,11.968233496441735,34.39550224472692,3
3,21,29,22,18,14.908233496441735,42.65550224472692,5
1,4,7,5,21,17.908233496441735,40.70550224472692,9
6,4,25,19,7,26.708233496441736,52.06550224472692,3
3,21,37,25,27,14.348233496441734,49.36550224472692,5
3,5,49,22,39,22.778233496441736,51.22550224472692,3
7,25,34,5,28,25.748233496441735,67.27550224472692,3
6,12,11,5,7,12.848233496441734,36.14550224472692,5
5,13,37,23,43,14.728233496441735,45.78550224472692,4
3,4,20,17,14,17.328233496441733,47.29550224472692,1
5,25,17,23,12,9.738233496441735,42.15550224472692,5
4,21,46,22,33,16.908233496441735,58.34550224472692,2
1,18,7,7,14,17.798233496441735,36.835502244726925,4
1,41,7,5,20,43.12823349644173,60.70550224472692,8
1,4,7,5,18,14.908233496441735,32.10550224472692,7
2,5,29,23,21,22.698233496441734,33.96550224472692,5
6,4,24,22,7,27.948233496441734,59.29550224472692,3
4,4,28,20,33,19.718233496441734,49.39550224472692,4
2,4,15,6,27,15.948233496441734,33.335502244726925,6
4,20,49,34,42,18.668233496441733,61.61550224472692,2
7,4,24,23,7,28.668233496441736,61.61550224472692,3
2,4,15,5,23,11.908233496441735,34.945502244726924,4
4,9,7,9,15,11.968233496441735,19.42550224472692,8
1,4,7,5,17,13.908233496441735,39.15550224472692,1
2,4,44,6,60,19.938233496441736,59.875502244726924,2
2,4,26,7,45,23.008233496441736,54.57550224472692,10
6,24,29,11,25,18.468233496441734,47.59550224472692,3
3,4,19,16,17,15.088233496441735,54.45550224472692,6
4,4,22,18,21,16.948233496441734,25.385502244726922,7
1,38,7,5,19,39.968233496441734,55.055502244726924,4
1,21,7,5,20,25.308233496441733,48.02550224472692,8
4,16,61,29,53,18.328233496441733,70.15550224472693,3
2,4,36,6,59,26.928233496441734,61.61550224472692,2
2,6,16,5,25,13.128233496441736,45.78550224472692,4
4,6,47,34,48,30.928233496441734,55.75550224472692,6
1,4,7,5,27,23.908233496441735,51.33550224472692,6
1,4,7,5,20,16.908233496441735,42.20550224472692,9
4,6,27,22,26,18.938233496441732,31.78550224472692,7
7,8,44,24,38,20.068233496441735,47.59550224472692,1
8,4,19,24,7,26.378233496441734,62.84550224472692,3
1,4,7,5,38,34.90823349644173,49.68550224472692,3
1,4,7,5,17,13.908233496441735,42.75550224472692,1
3,4,57,15,51,15.568233496441735,56.52550224472692,2
1,4,7,5,24,20.908233496441735,47.51550224472692,9
3,4,14,12,13,10.978233496441735,42.97550224472692,6
4,4,26,12,31,12.508233496441735,36.835502244726925,8
2,4,27,6,43,19.938233496441736,53.70550224472692,10
5,23,47,24,40,10.908233496441735,54.38550224472692,3
8,4,15,25,7,25.448233496441734,57.92550224472692,3
1,4,7,5,15,11.908233496441735,33.335502244726925,10
8,4,34,14,7,32.36823349644173,54.38550224472692,3
3,4,28,22,32,21.368233496441736,50.72550224472692,1
4,4,25,6,45,23.928233496441734,52.73550224472692,9
4,6,31,25,30,21.938233496441736,39.59550224472692,6
2,4,30,5,54,27.908233496441735,54.04550224472692,2
4,23,46,27,35,15.308233496441735,58.33550224472692,3
5,16,30,5,21,18.908233496441735,47.59550224472692,3
1,4,7,6,29,25.928233496441734,50.72550224472692,3
4,4,18,6,33,18.938233496441732,46.58550224472692,9
3,9,23,24,20,18.228233496441735,33.125502244726924,5
1,4,7,7,32,28.988233496441733,36.93550224472692,5
4,11,52,29,47,21.628233496441734,58.305502244726924,3
5,4,7,31,8,29.928233496441734,45.23550224472692,6
3,5,44,9,43,7.068233496441735,44.75550224472692,2
5,19,46,5,37,21.398233496441733,61.57550224472692,2
4,4,26,5,38,15.908233496441735,40.42550224472692,9
4,4,18,12,21,11.528233496441734,25.53550224472692,8
2,14,16,5,25,17.358233496441734,51.14550224472692,8
4,10,25,28,31,21.938233496441736,38.77550224472692,4
4,4,27,6,41,17.948233496441734,50.72550224472692,1
6,39,34,31,25,16.638233496441735,74.13550224472692,2
1,4,7,5,36,32.90823349644173,50.71550224472692,3
1,4,7,5,45,41.90823349644173,54.38550224472692,3
3,4,28,25,28,23.908233496441735,52.055502244726924,6
5,4,7,12,7,10.908233496441735,39.59550224472692,6
4,4,40,39,48,38.83823349644173,74.84550224472693,8
1,4,7,5,31,27.908233496441735,55.18550224472692,2
2,20,7,23,23,20.028233496441736,50.72550224472692,1
4,6,43,42,45,38.968233496441734,59.29550224472692,6
2,10,7,11,30,26.908233496441735,52.91550224472692,9
3,4,25,19,26,17.948233496441734,40.46550224472692,7
3,4,17,12,21,11.968233496441735,21.65550224472692,8
2,6,13,5,19,10.228233496441735,32.36550224472692,4
2,4,40,16,33,16.948233496441734,42.20550224472692,5
1,4,7,5,29,25.908233496441735,61.99550224472692,1
4,7,44,8,41,6.908233496441735,45.64550224472692,2
6,11,18,9,18,6.908233496441735,21.185502244726923,8
1,4,7,5,33,29.908233496441735,41.60550224472692,5
1,4,7,5,17,13.908233496441735,47.73550224472692,6
6,16,13,13,13,7.908233496441735,30.59550224472692,8
7,14,19,5,13,15.568233496441735,50.72550224472692,3
5,26,41,27,28,16.908233496441735,55.625502244726924,2
5,22,23,24,48,28.928233496441734,50.72550224472692,1
6,21,36,13,30,14.728233496441735,56.45550224472692,2
1,20,7,5,19,23.908233496441735,44.93550224472692,4
4,37,31,38,19,15.908233496441735,53.63550224472692,5
4,25,51,28,38,17.058233496441733,62.39550224472692,2
3,4,7,13,9,12.158233496441735,25.23550224472692,10
1,4,7,5,14,10.908233496441735,30.53550224472692,1
5,20,27,20,51,27.928233496441734,54.23550224472692,9
2,4,32,5,44,15.908233496441735,50.18550224472692,10
1,4,7,5,16,12.908233496441735,25.53550224472692,10
1,4,7,5,18,14.908233496441735,53.70550224472692,6
3,4,29,19,41,22.348233496441736,42.305502244726924,4
1,16,7,5,16,18.908233496441735,35.99550224472692,4
4,5,50,14,48,12.158233496441735,49.91550224472692,7
3,4,23,13,25,12.158233496441735,44.36550224472692,6
5,13,24,5,17,15.308233496441735,34.945502244726924,2
4,4,14,6,31,20.938233496441736,30.53550224472692,1
1,22,7,12,13,16.438233496441732,45.78550224472692,4
5,26,13,24,13,6.908233496441735,39.59550224472692,8
2,4,36,6,59,26.928233496441734,61.61550224472692,2
4,13,31,14,24,10.908233496441735,34.945502244726924,2
2,5,38,19,31,18.668233496441733,40.42550224472692,5
2,6,32,24,23,23.148233496441733,36.93550224472692,5
3,5,55,17,51,15.608233496441734,55.26550224472692,3
1,4,7,5,32,28.908233496441735,49.805502244726924,2
5,22,19,19,39,24.308233496441733,42.25550224472692,1
1,4,7,7,43,39.968233496441734,61.61550224472692,3
1,4,7,5,21,17.908233496441735,36.42550224472692,9
7,8,58,13,37,25.288233496441734,57.32550224472692,1
2,4,28,5,39,14.908233496441735,39.375502244726924,2
4,4,24,5,41,20.908233496441735,41.93550224472692,9
1,4,7,5,20,16.908233496441735,53.805502244726924,10
3,4,15,22,14,20.938233496441736,33.335502244726925,7
4,9,31,27,39,22.698233496441734,44.36550224472692,4
1,22,7,7,16,22.268233496441734,45.78550224472692,4
3,4,14,12,12,11.188233496441734,34.74550224472692,7
4,21,49,24,44,9.298233496441734,54.38550224472692,2
4,4,27,13,32,13.338233496441735,42.15550224472692,8
5,18,31,19,46,18.908233496441735,55.53550224472692,9
2,4,25,5,41,19.908233496441735,50.98550224472692,7
3,4,7,22,9,21.028233496441736,36.59550224472692,10
2,4,43,6,58,18.938233496441732,63.24550224472692,2
4,4,29,23,30,21.938233496441736,34.74550224472692,6
3,4,7,30,7,28.908233496441735,55.27550224472692,10
2,4,40,6,55,18.938233496441732,58.33550224472692,2
5,26,34,27,25,12.908233496441735,45.19550224472692,3
5,17,35,17,55,23.928233496441734,55.26550224472692,9
1,20,7,11,13,15.568233496441735,37.155502244726925,8
4,4,28,14,33,14.208233496441736,41.77550224472692,4
2,22,7,25,21,18.048233496441735,47.59550224472692,1
5,26,31,27,39,11.908233496441735,52.94550224472692,9
3,4,16,22,13,21.168233496441736,41.89550224472692,9
1,4,7,5,45,41.90823349644173,67.77550224472692,2
5,4,7,46,6,44.91823349644173,66.41550224472692,6
1,4,7,5,20,16.908233496441735,40.24550224472692,9
1,4,7,5,25,21.908233496441735,56.305502244726924,10
2,6,39,7,49,13.908233496441735,50.84550224472692,3
5,12,34,12,59,28.928233496441734,58.14550224472692,9
7,9,50,17,28,26.998233496441735,50.17550224472692,1
3,4,17,5,26,12.908233496441735,36.835502244726925,4
3,20,31,21,19,15.908233496441735,44.01550224472692,5
3,4,14,28,15,26.928233496441734,44.13550224472692,9
1,4,7,5,17,13.908233496441735,38.06550224472692,1
1,26,7,8,18,25.858233496441734,56.14550224472692,8
5,15,33,18,50,21.028233496441736,50.45550224472692,9
1,22,7,14,13,14.728233496441735,45.78550224472692,4
2,28,13,5,19,28.648233496441733,56.52550224472692,4
2,4,45,5,70,28.908233496441735,74.07550224472693,3
4,8,43,18,40,13.398233496441735,44.75550224472692,2
6,20,7,19,17,14.108233496441734,41.77550224472692,8
5,13,25,11,40,19.208233496441736,39.74550224472692,1
4,6,42,34,41,30.928233496441734,51.76550224472692,6
1,4,7,6,28,24.928233496441734,31.93550224472692,5
1,4,7,7,29,25.998233496441735,32.16550224472692,5
3,4,17,22,19,21.028233496441736,34.13550224472692,6
4,6,42,41,41,37.91823349644173,55.74550224472692,7
2,4,29,5,39,13.908233496441735,38.51550224472692,3
6,15,11,5,7,15.608233496441734,41.60550224472692,5
4,20,60,30,54,14.728233496441735,67.77550224472692,2
3,4,25,26,26,24.928233496441734,39.59550224472692,7
1,4,7,5,42,38.90823349644173,66.56550224472693,2
3,4,17,6,22,9.008233496441735,29.385502244726922,8
3,4,30,14,31,12.968233496441735,47.73550224472692,9
4,4,19,19,39,28.318233496441735,42.25550224472692,1
2,5,10,5,13,7.068233496441735,23.89550224472692,8
2,4,30,6,42,15.948233496441734,49.13550224472692,10
5,14,32,5,27,15.088233496441735,38.10550224472692,2
2,12,7,14,17,13.958233496441736,41.67550224472692,9
1,4,7,5,15,11.908233496441735,27.16550224472692,7
2,4,23,5,44,24.908233496441735,51.93550224472692,6
2,4,12,5,17,8.908233496441735,23.89550224472692,8
3,4,17,6,22,9.008233496441735,29.385502244726922,8
1,4,7,5,16,12.908233496441735,36.77550224472692,9
2,4,18,5,29,14.908233496441735,42.305502244726924,4
1,4,7,5,33,29.908233496441735,40.24550224472692,5
1,4,7,5,27,23.908233496441735,41.22550224472692,10
4,13,48,14,41,10.908233496441735,51.42550224472692,2
1,30,7,22,13,14.728233496441735,48.33550224472692,4
2,4,39,5,54,18.908233496441735,54.57550224472692,2
4,6,41,26,40,22.938233496441736,47.73550224472692,6
2,4,41,7,47,10.228233496441735,45.64550224472692,2
4,4,33,16,35,15.088233496441735,39.94550224472692,7
5,4,7,18,5,17.058233496441733,29.385502244726922,6
5,4,7,11,5,10.228233496441735,48.055502244726924,6
5,4,7,27,6,25.928233496441734,40.36550224472692,6
3,4,16,14,16,12.908233496441735,36.85550224472692,9
2,4,18,5,29,14.908233496441735,42.69550224472692,8
3,5,43,8,41,6.738233496441735,41.75550224472692,3
1,39,7,18,13,26.708233496441736,55.74550224472692,4
5,4,7,13,7,11.908233496441735,44.73550224472692,6
3,21,25,27,19,11.718233496441734,38.83550224472692,5
3,4,33,22,47,25.928233496441734,48.99550224472692,4
2,4,44,21,31,24.528233496441736,45.84550224472692,5
3,4,25,17,35,19.528233496441732,35.99550224472692,4
6,33,42,13,36,25.748233496441735,66.82550224472692,3
4,27,17,5,7,28.988233496441733,43.33550224472692,5
1,4,7,5,23,19.908233496441735,47.41550224472692,9
3,4,15,5,24,12.908233496441735,34.60550224472692,8
3,4,57,15,53,14.678233496441734,62.84550224472692,3
4,4,30,5,55,28.908233496441735,55.53550224472692,9
3,4,65,19,56,20.548233496441735,65.20550224472693,3
1,4,7,5,20,16.908233496441735,40.24550224472692,9
3,10,27,17,23,11.118233496441734,32.36550224472692,5
2,4,23,6,45,25.928233496441734,57.19550224472692,7
3,4,32,23,36,22.348233496441736,62.45550224472692,9
1,17,7,5,12,17.838233496441735,25.33550224472692,8
4,4,46,16,48,15.088233496441735,58.33550224472692,6
3,10,27,21,23,14.678233496441734,33.555502244726924,5
4,6,23,17,25,14.108233496441734,27.73550224472692,6
2,4,31,5,46,18.908233496441735,48.48550224472692,3
7,23,35,5,29,23.828233496441737,67.27550224472692,3
4,4,31,7,55,27.988233496441733,64.35550224472692,1
3,4,7,15,7,13.908233496441735,33.39550224472692,10
2,4,42,6,49,10.978233496441735,48.48550224472692,2
1,4,7,5,35,31.908233496441735,67.66550224472692,2
2,4,25,5,31,9.908233496441735,41.14550224472692,6
6,23,24,5,13,25.858233496441734,58.33550224472692,3
5,33,53,34,42,14.908233496441735,66.82550224472692,3
4,12,59,34,53,25.748233496441735,66.82550224472692,3
4,4,23,5,29,9.908233496441735,43.38550224472692,9
6,28,7,29,14,10.908233496441735,45.23550224472692,8
2,20,7,21,27,23.908233496441735,54.23550224472692,9
4,4,33,23,35,22.018233496441734,38.82550224472692,6
3,6,41,19,37,16.558233496441733,46.03550224472692,3
6,18,34,5,26,20.028233496441736,62.47550224472692,2
3,4,19,34,18,32.928233496441734,52.54550224472692,6
4,8,40,34,51,31.218233496441734,58.78550224472692,8
5,27,7,29,17,13.958233496441736,57.41550224472692,8
4,4,18,7,34,20.028233496441736,33.99550224472692,1
5,12,34,12,31,7.068233496441735,39.49550224472692,3
3,4,13,21,17,20.398233496441733,39.15550224472692,9
3,14,25,27,19,17.328233496441733,38.09550224472692,5
3,4,14,23,13,21.938233496441736,48.055502244726924,6
7,4,27,11,7,24.788233496441734,39.49550224472692,3
3,4,35,34,49,36.108233496441734,57.14550224472692,8
4,4,37,15,37,13.908233496441735,45.89550224472692,6
2,4,43,5,50,10.908233496441735,49.27550224472692,3
4,4,28,19,39,21.708233496441736,40.875502244726924,1
3,4,50,13,47,12.448233496441734,49.27550224472692,3
4,17,52,40,44,27.318233496441735,67.38550224472692,3
2,6,36,7,49,16.908233496441735,49.50550224472692,3
2,4,27,7,42,19.038233496441734,42.53550224472692,2
4,4,20,5,39,22.908233496441735,42.20550224472692,9
2,4,27,6,35,11.968233496441735,34.945502244726924,2
1,4,7,5,45,41.90823349644173,62.84550224472692,3
2,5,31,6,45,17.908233496441735,47.16550224472692,3
3,4,7,23,7,21.908233496441735,35.53550224472692,10
1,4,7,5,15,11.908233496441735,33.335502244726925,10
2,4,21,5,43,25.908233496441735,48.25550224472692,7
6,15,38,11,34,10.308233496441735,48.95550224472692,2
6,4,25,19,7,26.708233496441736,52.06550224472692,3
7,11,33,5,28,12.508233496441735,54.57550224472692,2
2,29,7,31,18,14.958233496441736,43.01550224472692,9
3,4,17,24,13,23.328233496441737,34.53550224472692,9
7,18,18,15,18,7.908233496441735,36.835502244726925,8
5,5,38,24,45,23.218233496441734,48.02550224472692,4
1,4,7,7,30,26.998233496441735,47.73550224472692,3
4,6,28,19,35,17.798233496441735,36.835502244726925,4
6,4,26,11,7,23.828233496441737,38.10550224472692,3
1,4,7,5,16,12.908233496441735,25.385502244726922,7
7,18,50,21,40,14.108233496441734,52.15550224472692,1
6,4,38,10,44,11.718233496441734,43.19550224472692,1
2,18,7,19,18,14.908233496441735,40.42550224472692,9
1,4,7,5,23,19.908233496441735,36.59550224472692,10
2,4,15,5,23,11.908233496441735,31.53550224472692,4
5,4,7,28,5,26.998233496441735,43.33550224472692,6
3,5,56,15,50,14.728233496441735,55.54550224472692,2
2,4,39,6,64,28.928233496441734,66.28550224472693,2
4,4,18,5,33,18.908233496441735,40.91550224472692,1
6,26,7,29,14,11.188233496441734,56.64550224472692,8
3,5,59,15,53,14.728233496441735,59.13550224472692,3
6,29,24,11,20,23.328233496441737,47.73550224472692,3
5,6,31,19,35,16.558233496441733,36.835502244726925,4
2,20,7,22,21,17.948233496441734,39.15550224472692,1
4,6,48,26,47,22.938233496441736,60.09550224472692,6
4,4,27,5,41,17.908233496441735,45.49550224472692,9
7,14,25,5,19,15.568233496441735,57.15550224472692,2
4,18,28,31,35,17.798233496441735,43.74550224472692,4
1,4,7,5,25,21.908233496441735,38.42550224472692,1
2,5,40,14,33,14.538233496441736,42.20550224472692,5
2,4,18,7,33,19.038233496441734,39.59550224472692,6
4,5,42,22,41,19.938233496441736,44.44550224472692,7
5,19,7,20,14,10.908233496441735,32.16550224472692,8
3,5,42,21,33,21.398233496441733,44.01550224472692,2
1,4,7,5,45,41.90823349644173,74.88550224472692,2
2,4,35,5,55,23.908233496441735,58.76550224472692,3
3,6,56,19,50,17.328233496441733,62.47550224472692,2
1,4,7,5,18,14.908233496441735,28.36550224472692,10
7,37,13,33,13,8.908233496441735,65.44550224472692,8
5,21,21,20,35,18.048233496441735,39.15550224472692,1
1,4,7,5,13,9.908233496441735,39.59550224472692,6
1,19,7,11,12,14.208233496441736,41.04550224472692,8
4,15,44,18,40,8.378233496441734,48.54550224472692,3
2,4,22,7,33,15.088233496441735,33.39550224472692,10
6,50,7,49,16,13.128233496441736,74.84550224472693,8
4,18,38,19,27,14.908233496441735,47.91550224472692,2
5,21,17,5,7,23.628233496441734,49.36550224472692,5
5,26,43,27,28,18.908233496441735,59.24550224472692,2
3,5,48,15,44,13.758233496441735,50.72550224472692,3
5,4,7,18,7,16.908233496441735,51.33550224472692,6
2,6,17,5,26,13.128233496441736,49.44550224472692,8
3,4,18,27,22,26.268233496441734,45.75550224472692,1
1,25,7,5,16,26.758233496441736,40.53550224472692,4
5,20,31,5,24,21.368233496441736,46.76550224472692,3
2,4,28,5,49,24.908233496441735,52.055502244726924,6
4,14,14,5,7,16.118233496441736,29.705502244726922,5
6,14,44,5,38,15.568233496441735,56.73550224472692,2
4,4,20,11,22,10.228233496441735,21.69550224472692,7
5,4,7,24,7,22.908233496441735,45.53550224472692,6
1,4,7,5,29,25.908233496441735,49.19550224472692,10
8,4,29,22,7,31.708233496441736,67.27550224472692,3
1,4,7,5,25,21.908233496441735,50.18550224472692,6
5,17,19,9,48,34.26823349644173,48.54550224472692,1
7,12,29,5,23,13.908233496441735,59.24550224472692,2
4,4,31,7,37,10.228233496441735,45.78550224472692,4
6,17,27,11,23,11.968233496441735,39.15550224472692,2
1,4,7,5,33,29.908233496441735,41.60550224472692,5
5,19,15,14,15,9.908233496441735,42.69550224472692,8
5,28,53,29,37,19.908233496441735,70.15550224472693,3
2,4,31,7,53,25.998233496441735,60.45550224472692,7
1,4,7,7,37,33.97823349644173,57.96550224472692,3
5,27,53,28,38,18.908233496441735,68.85550224472692,3
6,16,7,17,15,11.908233496441735,30.59550224472692,8
2,4,19,5,33,17.908233496441735,39.94550224472692,7
3,4,15,29,16,27.928233496441734,41.65550224472692,9
3,4,44,11,42,10.228233496441735,47.59550224472692,3
1,25,7,17,12,14.208233496441736,43.81550224472692,4
3,4,68,29,55,31.198233496441734,73.07550224472693,2
4,5,39,24,39,21.908233496441735,45.53550224472692,6
5,12,32,13,29,6.908233496441735,33.695502244726924,2
4,6,49,27,49,23.908233496441735,53.90550224472692,7
2,4,22,5,32,13.908233496441735,37.555502244726924,7
4,22,14,5,7,23.218233496441734,33.96550224472692,5
1,4,7,5,27,23.908233496441735,45.49550224472692,9
4,9,52,14,49,8.908233496441735,52.40550224472692,3
6,4,42,14,7,40.04823349644173,58.16550224472692,3
4,14,52,20,47,10.978233496441735,58.69550224472692,3
3,6,56,34,52,31.198233496441734,66.93550224472692,2
1,21,7,5,20,25.308233496441733,48.99550224472692,4
2,4,21,5,35,17.908233496441735,51.63550224472692,8
6,4,23,25,24,23.928233496441734,31.78550224472692,1
2,6,33,7,45,15.908233496441735,44.82550224472692,3
2,4,43,7,52,13.128233496441736,51.42550224472692,2
1,4,7,5,30,26.908233496441735,50.45550224472692,9
4,19,55,20,46,12.908233496441735,61.57550224472692,2
3,4,21,26,21,24.908233496441735,41.00550224472692,6
5,37,27,5,13,39.75823349644173,62.96550224472692,2
4,4,19,7,26,11.188233496441734,32.36550224472692,1
2,13,7,16,22,19.038233496441734,46.055502244726924,9
4,18,7,17,15,12.158233496441735,42.69550224472692,8
1,4,7,5,24,20.908233496441735,46.055502244726924,9
5,12,32,25,37,16.908233496441735,42.15550224472692,8
6,14,29,9,26,10.618233496441734,37.155502244726925,2
3,4,7,24,8,22.938233496441736,33.125502244726924,10
7,16,23,5,15,18.328233496441733,65.95550224472693,2
5,23,37,15,32,14.208233496441736,48.91550224472692,2
2,4,45,30,37,30.158233496441735,54.57550224472692,5
3,4,7,26,9,25.008233496441736,48.07550224472692,10
3,18,31,22,24,11.528233496441734,43.54550224472692,5
6,11,27,5,23,11.968233496441735,34.39550224472692,3
5,24,22,25,47,28.908233496441735,59.38550224472692,1
4,4,40,19,40,17.908233496441735,47.15550224472692,6
2,19,7,21,13,9.988233496441735,40.89550224472692,9
3,18,31,21,23,12.158233496441735,40.42550224472692,5
8,4,13,26,7,25.748233496441735,61.14550224472692,3
1,22,7,7,16,22.268233496441734,45.78550224472692,4
3,4,23,6,31,11.968233496441735,41.31550224472692,4
4,4,24,7,44,24.008233496441736,58.875502244726924,1
4,5,51,38,51,35.90823349644173,66.41550224472692,6
5,4,7,17,8,15.948233496441734,35.21550224472692,6
6,11,12,5,7,12.508233496441735,35.945502244726924,5
5,4,7,24,7,22.908233496441735,44.36550224472692,6
1,24,7,10,12,19.718233496441734,43.27550224472692,4
1,4,7,5,13,9.908233496441735,40.36550224472692,6
2,4,45,6,70,28.928233496441734,74.88550224472692,2
4,6,35,26,36,22.938233496441736,41.34550224472692,7
5,11,39,5,34,12.508233496441735,47.125502244726924,2
2,4,19,5,37,21.908233496441735,36.585502244726925,10
4,14,44,24,38,14.728233496441735,51.63550224472692,2
7,18,16,15,16,7.908233496441735,35.06550224472692,8
7,16,34,5,30,16.558233496441733,55.26550224472692,3
2,4,35,5,48,16.908233496441735,47.98550224472692,2
4,11,44,12,39,8.908233496441735,47.125502244726924,2
1,4,7,5,23,19.908233496441735,38.82550224472692,6
1,4,7,5,38,34.90823349644173,58.69550224472692,2
6,12,45,9,42,8.908233496441735,52.22550224472692,3
